1|guwahati airport new integrated terminal building construction project (adani airport holdings limited) (706724)|assam|12/2016 (03/2018)|03/2025 (11/2025)|1712 (1712)|2456.07|94
2|c/o nitb imphal airport (airport authority of india [aai]) (706718)|manipur|11/2021 (07/2022)|07/2024 (12/2026)|499 (499)|156.06|42
3|widening of basic strip at western side of runway chainage 80m to 920m i/c slope stabilization measures [balance work] of uphill and improvement of storm water drainage system at pakyong airport, sikkim on design & build basis [epc] with integrated 10 years maintenance. (airport authority of india [aai]) (612793)|sikkim|11/2023 (12/2023)|02/2026 (-)|323.26 (323.26)|38.7|18
4|tikak extension ocp (mis mocoal integration logins) (615820)|assam|07/2022 (07/2022)|07/2031 (-)|159.77 (159.77)|81.47|4
5|tirap ocp (mis mocoal integration logins) (615821)|assam|11/2022 (11/2022)|11/2030 (-)|289.46 (289.46)|105.61|3
6|construction of permanent campus of national institute of technology arunachal pradesh (national institute of technology, arunachal pradesh) (612898)|arunachal pradesh|09/2009 (03/2013)|08/2026 (-)|592.61 (592.61)|550.61|80
7|tezpur university projects (tezpur university) (606112)|assam|05/2019 (06/2021)|11/2023 (12/2025)|153.71 (153.71)|125.03|97
8|construction and developement of national institute of technology meghalaya permanent campus at sohra (national institute of technology, meghalaya) (612885)|meghalaya|09/2009 (09/2014)|03/2022 (07/2025)|494.52 (494.52)|422.07|90
9|construction of permanent campus for nit mizoram at lengpui, aizawl (nit mizoram) (612876)|mizoram|09/2009 (06/2014)|12/2029 (12/2029)|474.23 (474.23)|167.55|4
10|establishment of nit nagaland (nit nagaland) (613013)|nagaland|09/2009 (12/2014)|12/2025 (-)|275.63 (275.63)|261.24|97
11|establishment of permanent campus of nit sikkim at khamdong-gangtok district (nit sikkim) (612883)|sikkim|02/2024 (03/2024)|02/2028 (12/2026)|685.76 (610.76)|121.56|14
12|construction of sikkim university campus phase-i package-ii at yangang, south sikkim (sikkim university) (609736)|sikkim|08/2020 (01/2022)|01/2025 (03/2026)|314.06 (314.06)|238.22|85
13|national sports university [nsu], imphal [manipur] (department of sports & youth affairs) (400081)|manipur|na (01/2022)|08/2024 (11/2025)|906.47 (611.74)|559.27|95
14|240mw heo he project (north eastern electric power corporation limited) (611698)|arunachal pradesh|12/2024 (05/2025)|07/2029 (-)|1938.85 (1938.85)|64.76|3
15|186 mw tato-i h e project (north eastern electric power corporation limited) (611699)|arunachal pradesh|12/2024 (05/2025)|07/2029 (-)|1750.07 (1750.07)|63.73|2
16|dibang multipurpose project (national hydroelectric power corporation limited [nhpc]) (602182)|arunachal pradesh|02/2023 (02/2023)|02/2032 (02/2032)|31876.39 (31876.4)|3776.74|16
17|subansiri lower he project [2000 mw] (national hydroelectric power corporation limited [nhpc]) (602096)|multi-states (arunachal pradesh, assam)|09/2003 (01/2005)|09/2010 (05/2026)|6285.33 (26075.5)|25415.23|97
18|teesta-vi he project, sikkim [500 mw], executed by lanco teesta hydro power limited [a wholly owned subsidiary of nhpc ltd. acquired through nclt] (national hydroelectric power corporation limited [nhpc]) (602181)|sikkim|03/2019 (03/2020)|03/2024 (12/2027)|5748.04 (5748.04)|3887.11|70
19|rangit-iv he project [120 mw] executed by jal power corporation ltd. [jpcl] - a wholly owned subsidiary of nhpc ltd. acquired through nclt (national hydroelectric power corporation limited [nhpc]) (605156)|sikkim|03/2021 (08/2021)|05/2024 (12/2025)|938.29 (1828.11)|1488.78|93
20|north eastern region expansion scheme-xxiii [neres-xxiii] (power grid corporation of india limited [powergrid]) (617375)|arunachal pradesh|08/2025 (08/2025)|02/2028 (-)|209.38 (209.38)|0.04|0
21|comprehensive scheme for strengthening of transmission and distribution [t&d] systems [csst&ds] in arunachal pradesh and sikkim (power grid corporation of india limited [powergrid]) (602223)|multi-states (arunachal pradesh, sikkim)|10/2014 (10/2014)|12/2018 (03/2027)|4754.42 (9129.32)|7778.18|82
22|north eastern region power system improvement project [nerpsip] (power grid corporation of india limited [powergrid]) (607709)|multi-states (assam, manipur, meghalaya, mizoram, nagaland, tripura)|12/2014 (03/2016)|12/2018 (03/2026)|5111.33 (6700)|5410.25|96
23|rajasthan refinery project (ministryofpetroleumnaturalgas) (701263)|arunachal pradesh|10/2017 (10/2017)|10/2022 (03/2026)|43129 (79459)|62888.3|89
24|paradip-numaligarh crude oil pipeline [pncpl] & crude oil import terminal [coit] at paradip (ministry of petroleum & natural gas) (701349)|assam|01/2019 (01/2019)|07/2024 (03/2026)|10228 (11407)|10063.21|88
25|construction of lpg facilities at kamardanga, assam (hindustan petroleum corporation limited) (709754)|assam|03/2023 (03/2023)|07/2027 (07/2027)|156.36 (156.36)|70.91|53
26|setting up of new rail fed pol facility at kamardanga, assam (hindustan petroleum corporation limited [hpcl]) (709755)|assam|03/2023 (03/2023)|07/2027 (07/2027)|384.04 (384.04)|150.78|62
27|lpg bottling plant at mualkhang (ministry of petroleum & natural gas) (617829)|mizoram|07/2024 (07/2024)|11/2027 (11/2027)|225.71 (225.71)|12.81|21
28|grass root rail-fed depot at sekerkote, agartala as resitement of existing dharmanagar depot (indian oil corporation limited [iocl]) (400035)|tripura|06/2022 (06/2022)|09/2025 (06/2026)|656 (656)|519.02|90
29|upgradation of facilities of numaligarh-siliguri product pipeline [nspl] for transportation of additional products from existing 1.72 mmtpa to 5.5 mmtpa (ministry of petroleum & natural gas) (701350)|assam|06/2021 (06/2021)|12/2024 (12/2025)|860 (860)|636.92|99
30|augmentation/revamping of facilities at existing guwahati terminal at betkuchi (ministryofpetroleumnaturalgas) (709776)|assam|04/2022 (04/2022)|09/2026 (09/2026)|277 (323.09)|190.21|70
31|capacity expansion of digboi refinery from 0.65 to 1.0 mmtpa (ministryofpetroleumnaturalgas) (709779)|assam|06/2022 (06/2022)|03/2026 (07/2027)|768 (740)|125.07|46
32|numaligarh refinery expansion project (ministry of petroleum & natural gas) (604791)|assam|07/2020 (07/2020)|07/2024 (12/2025)|12366 (22494)|17836.48|79
33|development of surface facilities for production and evacuation of crude oil and natural gas from nadua and east khagorija (ministry of petroleum & natural gas) (604863)|assam|01/2018 (01/2018)|02/2020 (12/2025)|682.9 (726.93)|491.68|94
34|guwahati refinery expansion [1.0 to 1.2 mmtpa] along with installation of cru, guwahati refinery (ministry of petroleum & natural gas) (607701)|assam|05/2021 (05/2021)|10/2023 (05/2026)|412.3 (577)|451.05|88
35|construction of field gas gathering station at baghjan area for collection, processing & transportation of natural gas to be produced from baghjan field (ministry of petroleum & natural gas) (616858)|assam|12/2020 (12/2020)|03/2024 (12/2025)|430.76 (430.76)|331.99|88
36|pipeline rehabilitation project, phase-ii (ministry of petroleum & natural gas) (617827)|assam|12/2024 (12/2024)|12/2029 (12/2029)|680 (680)|2.24|14
37|coke drum structure package (ministry of petroleum & natural gas) (617836)|assam|12/2022 (12/2022)|12/2025 (12/2025)|635.28 (635.28)|58.68|45
38|pipeline network project rudrasagar (ministry of petroleum & natural gas) (709847)|assam|01/2023 (01/2023)|04/2026 (04/2026)|344.99 (344.99)|220.37|48
39|borholla ggs life extension project [blep] (ministry of petroleum & natural gas) (709850)|assam|09/2023 (09/2023)|05/2026 (05/2026)|198.7 (198.7)|58.92|40
40|dcu revamp project (nrl) (709864)|assam|08/2021 (08/2021)|07/2024 (06/2026)|370 (370)|271.34|66
41|power recovery turbine [prt] in pfccu unit as an energy conservation scheme (nrl) (709865)|assam|04/2023 (04/2023)|12/2024 (12/2025)|293.5 (293.5)|97.22|97
42|north east gas grid (ministry of petroleum & natural gas) (701346)|multi-states (arunachal pradesh, assam, manipur, meghalaya, mizoram, nagaland, sikkim, tripura)|04/2020 (04/2020)|03/2024 (03/2026)|9265 (9265)|6608.95|86
43|augmentation/ revamping of dimapur depot, dimapur (ministryofpetroleumnaturalgas) (709786)|nagaland|08/2023 (08/2023)|11/2027 (11/2027)|227.62 (227.62)|11.41|26
44|creation of gas dehydration facilities, tripura asset (oil and natural gas corporation limited [ongc]) (709837)|tripura|03/2022 (03/2022)|05/2024 (05/2026)|209.33 (131.51)|70.94|66
45|construction of 200 bedded esic hospital with 62 nos staff quarters , beltola (employee's state insurance company [esic]) (612201)|assam|12/2017 (10/2021)|04/2025 (02/2026)|143.23 (154.75)|101.83|94
46|doubling of new bonggigaon to kamakhya via goalpara - 176 km (northeast frontier railway [nfr]) (705572)|assam|09/2016 (09/2016)|03/2026 (03/2026)|4060 (4961)|3729.89|93
47|guwahati-dibrugarh via tinsukia & simaluguri-dibrugarh (central organisation for railway electrification [core]) (706922)|assam|09/2020 (09/2018)|09/2020 (06/2024)|890.36 (889.36)|391.73|89
48|mariani-jorhat, tinsukia-dangri and makum -tiraptrack electrification project (gm/c/ nfr) (706940)|assam|09/2018 (01/2022)|05/2024 (-)|183.99 (183.99)|0|0
49|harmuty-murkongselek branch line electrification project (gm/c/ nfr) (706942)|assam|09/2018 (01/2022)|05/2024 (-)|237.52 (237.52)|0|0
50|jiribam-imphal new line project (northeast frontier railway [nfr]) (705391)|manipur|03/2013 (12/2007)|12/2026 (06/2029)|14323 (21885.9)|15782.48|72
51|murkongselek-pasighat (northeast frontier railway (nfr) - ii) (705401)|multi-states (arunachal pradesh, assam)|02/2011 (03/2023)|03/2025 (05/2026)|435 (1250)|771.1|62
52|dimapur [dhansiri]-sukhobi kohima [zubza] nl [82.5 km] (northeast frontier railway [nfr]) (705392)|multi-states (assam, nagaland)|08/2015 (02/2016)|03/2025 (12/2025)|6663 (6663)|5634.59|81
53|lumding furkating doubling project 140 km (northeast frontier railway [nfr]) (616701)|multi-states (assam, nagaland)|02/2024 (01/2025)|02/2028 (-)|2123.7 (2123.7)|13.74|0
54|sivok-rangpo new rail line (indian railway construction international limited [ircon]) (705432)|sikkim|10/2009 (05/2010)|05/2015 (12/2027)|7877 (11775)|9647.55|89
55|provision of 4g based mobile services in uncovered villages and national highways of meghalaya (department of telecommunications) (701598)|meghalaya|09/2019 (09/2020)|03/2022 (03/2026)|971.96 (971.96)|208.25|99
56|provision of 4g mobile services in uncovered villages of arunachal pradesh and 2 districts of assam (department of telecommunications) (701597)|multi-states (arunachal pradesh, assam)|12/2020 (10/2021)|04/2023 (03/2026)|1255.49 (1255.49)|284.04|92
57|borolia irrigation project (department of water resources, river development & gr) (701370)|assam|04/1996 (12/1996)|12/2022 (03/2026)|256.16 (256.16)|44.7|55
58|thoubal multipurpose project (water resources department-mn) (701400)|manipur|04/1997 (04/1997)|12/2019 (03/2026)|1449.44 (1822.24)|1837.91|98
1|construction of new domestic terminal building building and miscellaneous works including maintenance, operations and aicmc at kadapa airport (airport authority of india [aai]) (612786)|andhra pradesh|03/2023 (01/2024)|01/2026 (03/2026)|265.91 (265.91)|76.65|42
2|construction of new integrated terminal building and associated works including apron to park 3 code e type of aircraft or 6 code c type of aircraft at vijayawada airport. (airport authority of india [aai]) (701107)|andhra pradesh|06/2020 (09/2020)|09/2022 (03/2026)|611.8 (611.8)|523.14|86
3|construction of new domestic terminal building at rajahmundry airport. (airport authority of india [aai]) (701121)|andhra pradesh|12/2022 (08/2023)|08/2025 (03/2026)|347.15 (347.15)|109.62|64
4|guwahati airport new integrated terminal building construction project (adani airport holdings limited) (706724)|assam|12/2016 (03/2018)|03/2025 (11/2025)|1712 (1712)|2456.07|94
5|development of new civil enclave at bihta (airport authority of india [aai]) (612183)|bihar|08/2024 (03/2025)|09/2027 (-)|1413 (1413)|0|1
6|development of new civil enclave and associated works at darbhanga airport (airport authority of india [aai]) (612194)|bihar|07/2024 (07/2024)|07/2026 (-)|911.66 (911.66)|227.32|43
7|construction of new domestic terminal building [phase-i and ii] and other allied structures at jpni airport, patna (airport authority of india [aai]) (701101)|bihar|10/2018 (10/2018)|07/2023 (11/2025)|1216.9 (1216.9)|1137.89|96
8|goa airport terminal building extension project (airport authority of india [aai]) (701105)|goa|11/2017 (12/2019)|12/2021 (01/2026)|255.69 (255.69)|154.3|97
9|development of dholera international greenfield airport , gujarat (airport authority of india [aai]) (701126)|gujarat|06/2022 (07/2022)|06/2026 (06/2026)|1305 (1551)|739.77|68
10|construction of ntb complex including apron, taxi track and other associated civil works and electrical & mechanical installations towards tawi river side at ca jammu. (airport authority of india [aai]) (611047)|jammu and kashmir|07/2022 (07/2023)|06/2026 (06/2026)|861.37 (861.37)|229.1|39
11|construction of new domestic terminal building and miscellaneous works at hubli airport (airport authority of india [aai]) (612787)|karnataka|06/2023 (01/2024)|01/2026 (03/2026)|320.47 (320.47)|89.99|51
12|construction of new domestic terminal building and miscellaneous works at belagavi airport. (airport authority of india [aai]) (612788)|karnataka|06/2023 (02/2024)|01/2026 (02/2026)|322.45 (322.45)|140.51|62
13|development of additional resa on either end on runway 10-28 at calicut airport. construction of embankment with slope protection, drainage system and associated works for additional resa on either end on runway 10-28 (airport authority of india [aai]) (612789)|kerala|06/2023 (02/2024)|09/2025 (03/2026)|484.57 (484.57)|96.26|25
14|construction of terminal building & associated works at leh airport, ladakh (airport authority of india [aai]) (400010)|ladakh|07/2018 (09/2018)|09/2021 (07/2026)|480 (640)|483.12|78
15|c/o nitb imphal airport (airport authority of india [aai]) (706718)|manipur|11/2021 (07/2022)|07/2024 (12/2026)|499 (499)|156.06|42
16|sitc of atm automation system and asmgcs [including smr & mlat] for mumbai, navi mumbai, jewar [earlier mopa, without asmgcs], hial & bial (airport authority of india [aai]) (611570)|multi-states (karnataka, maharashtra, telangana, uttar pradesh)|12/2020 (10/2022)|09/2025 (08/2026)|500.48 (500.48)|339.1|75
17|construction of new passenger terminal building for domestic operations at jodhpur airport. (airport authority of india [aai]) (701127)|rajasthan|05/2022 (04/2023)|11/2024 (01/2026)|480 (480)|323.18|98
18|construction of new integrated passenger terminal building at udaipur airport (airport authority of india [aai]) (701128)|rajasthan|06/2023 (11/2023)|03/2026 (10/2026)|887 (887)|416.67|55
19|widening of basic strip at western side of runway chainage 80m to 920m i/c slope stabilization measures [balance work] of uphill and improvement of storm water drainage system at pakyong airport, sikkim on design & build basis [epc] with integrated 10 years maintenance. (airport authority of india [aai]) (612793)|sikkim|11/2023 (12/2023)|02/2026 (-)|323.26 (323.26)|38.7|18
20|modernization of chennai airport, phase ii, part 2 (airport authority of india [aai]) (611602)|tamil nadu|05/2018 (06/2023)|07/2025 (06/2026)|1207 (1207)|193.59|26
21|construction of new terminal building, second link taxi track, apron expansion, and associated works at prayagraj airport- on design & build basis. (airport authority of india [aai]) (612063)|uttar pradesh|na (08/2023)|11/2024 (10/2025)|219.18 (274.38)|215.51|100
22|development of lal bahadur shastri international airport, varanasi including c/o new terminal building, apron extension, runway extension, ptt and allied works. (airport authority of india [aai]) (701113)|uttar pradesh|07/2024 (07/2024)|07/2027 (07/2027)|2869.65 (2869.65)|384.32|19
23|development of new integrated civil enclave at agra airport (airport authority of india [aai]) (701122)|uttar pradesh|06/2024 (07/2024)|07/2026 (-)|579 (579)|111.83|24
24|development of new civil enclave at bagdogra airport (airport authority of india [aai]) (611495)|west bengal|08/2024 (09/2024)|01/2027 (01/2027)|1549 (1549)|340.78|15
25|re-construction of rigid portions of secondary runway, k and a taxiway and strengthening of c taxiway at nscbi airport kolkata. (airport authority of india [aai]) (612791)|west bengal|04/2023 (12/2023)|02/2025 (08/2026)|328.3 (328.3)|109.61|49
26|tikak extension ocp (mis mocoal integration logins) (615820)|assam|07/2022 (07/2022)|07/2031 (-)|159.77 (159.77)|81.47|4
27|tirap ocp (mis mocoal integration logins) (615821)|assam|11/2022 (11/2022)|11/2030 (-)|289.46 (289.46)|105.61|3
28|porda chimtapani ocp [10 mty] (south eastern coalfields limited [secl]) (400144)|chhattisgarh|12/2020 (12/2020)|03/2029 (-)|2310.12 (2310.12)|88.94|10
29|chhal oc seam iii [6 mty] (south eastern coalfields limited [secl]) (400145)|chhattisgarh|12/2013 (12/2013)|03/2022 (12/2025)|610.63 (610.63)|580.56|85
30|baroud oc expansion [3.0-10.0m (south eastern coalfields limited [secl]) (400149)|chhattisgarh|08/2020 (08/2020)|03/2029 (-)|2309.8 (2309.8)|939.29|50
31|dipka expansion ocp [40 mty] (south eastern coalfields limited [secl]) (400354)|chhattisgarh|12/2020 (12/2020)|03/2029 (-)|5241.4 (5241.4)|2847.64|37
32|gevra oc [70 mty] (south eastern coalfields limited [secl]) (400424)|chhattisgarh|03/2016 (03/2016)|03/2023 (03/2027)|11816.4 (11816.4)|6710.57|78
33|amera oc rce [1.0 mty] (south eastern coalfields limited [secl]) (613798)|chhattisgarh|02/2015 (02/2015)|03/2026 (-)|335.97 (335.97)|88.24|42
34|amgaon oc rce [1.0 mty] (south eastern coalfields limited [secl]) (613799)|chhattisgarh|07/2015 (07/2015)|03/2026 (-)|316.11 (316.11)|188.72|78
35|jagannathpur oc rce project (south eastern coalfields limited [secl]) (613800)|chhattisgarh|07/2016 (07/2016)|03/2025 (03/2026)|459.49 (459.49)|274.35|96
36|mahamaya ocp [1.50 mty] (south eastern coalfields limited [secl]) (613801)|chhattisgarh|05/2018 (05/2018)|03/2026 (03/2028)|410.26 (410.26)|182.83|54
37|katkona ro ug mine (south eastern coalfields limited [secl]) (615191)|chhattisgarh|01/2023 (01/2023)|03/2029 (-)|329.21 (329.21)|61.34|2
38|pelma oc mdo (south eastern coalfields limited [secl]) (616234)|chhattisgarh|10/2022 (10/2022)|03/2033 (-)|1725.04 (1725.04)|15.66|40
39|kusmunda oc expansion project (secl - cil) (617287)|chhattisgarh|11/2024 (11/2024)|03/2030 (-)|4516.88 (4516.88)|782.97|21
40|manikpur oc expansion project (south eastern coalfields limited [secl]) (617288)|chhattisgarh|01/2025 (01/2025)|03/2029 (-)|382.61 (382.61)|113.03|21
41|hura c ocp (ecl - cil) (400018)|jharkhand|08/2022 (08/2022)|03/2029 (-)|859.41 (859.41)|451.93|62
42|konar expansion ocp (ministry of coal) (400073)|jharkhand|01/2022 (01/2022)|03/2032 (-)|799.34 (799.34)|429.65|45
43|karo expansion ocp (ministry of coal) (400074)|jharkhand|01/2022 (01/2022)|03/2029 (-)|908.47 (908.47)|269.26|22
44|sanghmitra oc (ministry of coal) (400136)|jharkhand|03/2024 (03/2024)|03/2032 (-)|2660 (2660)|6.59|11
45|chandragupt ocp (ministry of coal) (400138)|jharkhand|08/2020 (08/2020)|03/2032 (-)|973.5 (973.5)|440.75|24
46|kotre basantpur pachmo ocp (ministry of coal) (400139)|jharkhand|08/2020 (08/2020)|03/2032 (-)|861.06 (625.4)|455.95|42
47|pachwara south coal block (nlc india limited [nlcil]) (400142)|jharkhand|03/2016 (11/2019)|09/2028 (-)|2242.9 (2242.9)|1231.67|74
48|rpr magadh exp ocp (ministry of coal) (400150)|jharkhand|08/2020 (08/2020)|03/2028 (-)|7254.37 (7254.37)|1600.77|38
49|north urimari expansion ocp (ministry of coal) (400151)|jharkhand|07/2021 (07/2021)|03/2029 (-)|778.8 (778.8)|696.05|67
50|epr rohini - karketta ocp (ministry of coal) (400153)|jharkhand|01/2021 (01/2021)|03/2028 (-)|1020.42 (1020.42)|84.74|21
51|epr pundi ocp (ministry of coal) (400154)|jharkhand|11/2020 (11/2020)|03/2027 (-)|713.35 (713.35)|236.58|10
52|epr ashok oc (ministry of coal) (400155)|jharkhand|05/2021 (05/2021)|03/2031 (-)|2898.28 (2898.28)|185.06|24
53|epr amrapali ocp (ministry of coal) (400156)|jharkhand|02/2020 (02/2020)|03/2028 (-)|5136.15 (5136.15)|1189.84|42
54|rajrappa rce ocp (ministry of coal) (400160)|jharkhand|12/2009 (12/2009)|03/2016 (03/2027)|510.85 (510.85)|488.69|76
55|chitra east oc (eastern coal fields limited [ecl]) (400172)|jharkhand|08/2018 (08/2018)|03/2026 (03/2028)|513.99 (513.99)|230.12|51
56|jharkhand-laiyo ocp (ministry of coal) (400352)|jharkhand|08/2020 (08/2020)|03/2031 (-)|764.57 (764.57)|145.81|29
57|moonidih xv seam ug (ministry of coal) (400425)|jharkhand|08/2011 (08/2011)|03/2019 (05/2026)|1230.27 (1230.27)|633.27|82
58|2.5 mtpa patherdih nlw washery (ministry of coal) (611017)|jharkhand|10/2015 (04/2016)|04/2018 (03/2026)|334.27 (334.27)|148.72|48
59|amalagamated ntst kujama ocp 8.5mty (ministry of coal) (611864)|jharkhand|01/2023 (01/2023)|03/2030 (-)|4011.85 (4011.85)|414.41|28
60|muraidih ug project (ministry of coal) (613808)|jharkhand|02/2011 (02/2011)|04/2014 (12/2026)|339.87 (339.87)|191|70
61|tapin south expn (ministry of coal) (615349)|jharkhand|11/2020 (11/2020)|03/2028 (-)|230.41 (230.41)|22.02|20
62|sirka oc (ministry of coal) (615822)|jharkhand|05/2020 (05/2020)|03/2028 (-)|222.82 (222.82)|140.58|53
63|tetariakhar oc (ministry of coal) (615843)|jharkhand|11/2019 (11/2019)|03/2025 (03/2027)|243.52 (243.52)|49.54|29
64|chuperbhita simlong ocp mdo 6 (eastern coal fields limited [ecl]) (616225)|jharkhand|12/2023 (12/2023)|03/2037 (-)|979.08 (979.08)|0|0
65|jarangdih expn. ocp 1.5 mty (ccl - cil) (616236)|jharkhand|02/2020 (02/2020)|03/2029 (-)|414.37 (414.37)|85.6|32
66|block e ocp (ministry of coal) (616253)|jharkhand|03/2024 (03/2024)|03/2029 (-)|5850.83 (5850.83)|20.32|3
67|revised jharia master plan for dealing with fire, subsidence & rehabilitation of affected families in jharia coalfield- reg. (bharat coking coal limited (bccl)) (617416)|jharkhand|06/2025 (07/2025)|12/2028 (-)|5940.47 (5940.47)|1.31|12
68|amadand ocp[4.0mty] (ministry of coal) (400148)|madhya pradesh|03/2016 (03/2016)|03/2021 (03/2027)|869.44 (869.44)|278.42|75
69|rampur batura ocp [4.0mty] (south eastern coalfields limited [secl]) (400152)|madhya pradesh|07/2019 (07/2019)|03/2026 (-)|1248.93 (1248.93)|498.36|44
70|block b expansion [3.5 to 8.0 (northern coalfields limited [ncl]) (400162)|madhya pradesh|07/2019 (07/2019)|03/2023 (03/2027)|998.71 (998.71)|476.83|47
71|nigahi expansion [15 to 25 mtp (northern coalfields limited [ncl]) (400321)|madhya pradesh|11/2020 (11/2020)|03/2025 (03/2028)|1729.68 (1729.68)|841.25|48
72|kanchan oc exp (south eastern coalfields limited [secl]) (613802)|madhya pradesh|12/2014 (12/2014)|03/2026 (-)|371.04 (371.04)|144.61|58
73|jhiria west ocp [1.5 mty] (south eastern coalfields limited [secl]) (613803)|madhya pradesh|01/2024 (01/2024)|03/2029 (-)|366.94 (366.94)|34.1|41
74|rpr tawa-iii ug 0.84 mty (western coalfields limited [wcl]) (613804)|madhya pradesh|12/2021 (12/2021)|03/2027 (-)|314.09 (314.09)|6.84|17
75|amalgamated dhankasa & jamunia (western coalfields limited [wcl]) (615185)|madhya pradesh|09/2022 (09/2022)|03/2027 (-)|399.2 (399.2)|93.52|66
76|rpr of vishnupuri ug to oc (western coalfields limited [wcl]) (615187)|madhya pradesh|11/2022 (11/2022)|03/2029 (-)|220.62 (220.62)|0|11
77|urdhan expansion oc cost plus (western coalfields limited [wcl]) (615194)|madhya pradesh|07/2022 (01/2023)|03/2031 (-)|206.88 (206.88)|27.19|0
78|sharda ug mine (western coalfields limited [wcl]) (615195)|madhya pradesh|07/2022 (09/2023)|03/2028 (-)|166.25 (166.25)|5.12|9
79|gandhigram ug mine (western coalfields limited [wcl]) (615206)|madhya pradesh|08/2019 (08/2019)|03/2026 (-)|414.15 (414.15)|14.41|56
80|bhatadi expansion oc (western coalfields limited [wcl]) (400033)|maharashtra|02/2020 (05/2022)|03/2028 (-)|580.61 (580.61)|80.95|31
81|amalgamated yekona i & yekona (western coalfields limited [wcl]) (400177)|maharashtra|08/2015 (08/2015)|03/2025 (03/2026)|727.28 (727.28)|539.9|80
82|dinesh[makardhokra-iii] oc (western coalfields limited [wcl]) (400178)|maharashtra|02/2020 (02/2020)|03/2027 (-)|822.88 (822.88)|622.29|34
83|dhuptala oc [sasti ug to oc ] (western coalfields limited [wcl]) (400353)|maharashtra|02/2019 (10/2021)|03/2028 (-)|711.01 (711.01)|169.24|19
84|saoner ug mine -1 expansion 1. (western coalfields limited [wcl]) (615184)|maharashtra|01/2022 (01/2022)|03/2028 (-)|228.64 (228.64)|143.48|68
85|sasti expansion opencast (western coalfields limited [wcl]) (615186)|maharashtra|08/2020 (08/2020)|03/2026 (-)|319.04 (319.04)|91.6|20
86|new majri ug to oc 3 mty cost (western coalfields limited [wcl]) (615188)|maharashtra|05/2019 (09/2022)|03/2027 (-)|402.27 (402.27)|60.07|24
87|makardhokra expn oc 4.9 mty (western coalfields limited [wcl]) (615189)|maharashtra|06/2022 (06/2022)|03/2026 (-)|361.87 (361.87)|77.54|11
88|singhori deep oc min 2.0 mty (western coalfields limited [wcl]) (615190)|maharashtra|05/2022 (05/2022)|03/2029 (-)|335.75 (335.75)|26.98|6
89|gokul extension oc mine (western coalfields limited [wcl]) (615192)|maharashtra|04/2021 (04/2021)|03/2026 (-)|309.58 (309.58)|45.87|8
90|kolgaon expansion deep oc mine (western coalfields limited [wcl]) (615199)|maharashtra|01/2023 (09/2023)|03/2027 (-)|198.71 (198.71)|10.55|2
91|ballarpur north west oc mine (western coalfields limited [wcl]) (615330)|maharashtra|12/2022 (12/2022)|03/2029 (-)|360.81 (360.81)|0.02|4
92|gadegaon oc 3 mty (western coalfields limited [wcl]) (615331)|maharashtra|10/2023 (10/2023)|03/2030 (-)|497.41 (497.41)|0.08|0
93|ghonsa expansion deep oc mine (western coalfields limited [wcl]) (615914)|maharashtra|03/2021 (03/2021)|03/2029 (-)|184.71 (184.71)|14.48|5
94|amlg gauri pauni expansion oc (western coalfields limited [wcl]) (615916)|maharashtra|04/2024 (04/2024)|03/2030 (-)|1225.21 (1225.21)|80.14|2
95|gaurideep/gauri central ocp 7. (western coalfields limited [wcl]) (615917)|maharashtra|08/2023 (06/2024)|03/2030 (-)|973.07 (973.07)|0.67|0
96|rpr of bhanegaon oc (western coalfields limited [wcl]) (615918)|maharashtra|02/2017 (09/2022)|03/2028 (-)|405.2 (405.2)|12.39|7
97|n. extn. mungoli nirguda d ocp (western coalfields limited [wcl]) (615919)|maharashtra|06/2024 (06/2024)|03/2029 (-)|1024.91 (1024.91)|175.93|0
98|niljai expansion deep ocp (western coalfields limited [wcl]) (615982)|maharashtra|08/2016 (08/2016)|03/2022 (03/2026)|319.75 (319.75)|185.91|79
99|ukni deep oc mine -cost plus (western coalfields limited [wcl]) (616044)|maharashtra|11/2018 (01/2019)|03/2021 (03/2026)|237.06 (237.06)|165.76|87
100|amalgamated inder-kamptee deep (western coalfields limited [wcl]) (616050)|maharashtra|09/2018 (09/2018)|03/2024 (03/2026)|235.9 (235.9)|131.81|98
101|adasa ug to oc mine (western coalfields limited [wcl]) (616223)|maharashtra|11/2018 (11/2018)|03/2024 (03/2026)|316 (316)|208.63|86
102|amal gondegaon ghatrohana expn (western coalfields limited [wcl]) (616229)|maharashtra|09/2024 (09/2024)|03/2029 (-)|668.54 (668.54)|1.19|0
103|waghoda ug mine [1.02 mty] (western coalfields limited [wcl]) (617233)|maharashtra|01/2024 (01/2025)|03/2030 (-)|379.3 (379.3)|0|0
104|kolarpimpri expansion oc [2.5 (western coalfields limited [wcl]) (617278)|maharashtra|06/2024 (02/2025)|03/2030 (-)|630.37 (630.37)|0|0
105|master plan for jharia and raniganj coalfields (bharat coking coal limited [bccl]) (400313)|multi-states (jharkhand, west bengal)|08/2009 (08/2009)|08/2019 (12/2028)|2661.73 (2661.73)|792.45|43
106|bina kakri amalgamation expans (northern coalfields limited [ncl]) (400369)|multi-states (madhya pradesh, uttar pradesh)|08/2020 (08/2020)|03/2024 (03/2027)|836.42 (836.42)|812.73|89
107|khadia expansion [10 to 16 mtp (northern coalfields limited [ncl]) (615183)|multi-states (madhya pradesh, uttar pradesh)|06/2021 (06/2021)|03/2025 (03/2027)|491.67 (491.67)|247.06|50
108|subhadra ocp (mahanadi coalfields limited [mcl]) (400165)|odisha|05/2021 (05/2021)|04/2032 (-)|1693.81 (1693.81)|1324.37|42
109|siarmal ocp (mahanadi coalfields limited [mcl]) (400166)|odisha|02/2021 (02/2021)|03/2029 (-)|5194.95 (5194.95)|3460.35|57
110|balaram expansion ocp (mahanadi coalfields limited (mcl)) (400183)|odisha|06/2020 (08/2020)|03/2029 (-)|3504.21 (3504.21)|924.23|53
111|gopalji kaniha ocp [10 to 30 m (mcl - cil) (400185)|odisha|04/2022 (04/2022)|03/2030 (-)|8416.19 (6107.87)|1742.12|17
112|integrated lakhanpur-belpahar- (mahanadi coalfields limited [mcl]) (400187)|odisha|05/2018 (05/2018)|03/2027 (-)|2434.75 (2434.75)|1840.93|71
113|bharatpur re-organization ocp (mahanadi coalfields limited [mcl]) (400392)|odisha|11/2018 (11/2018)|03/2029 (-)|2838.86 (2838.86)|1673.58|48
114|basundhara west extension open (mcl - cil) (615193)|odisha|05/2014 (05/2014)|03/2019 (03/2029)|479.15 (479.15)|274.63|64
115|naini coal mine (singareni collieries company limited [sccl]) (615857)|odisha|03/2020 (03/2020)|03/2026 (-)|494.3 (494.3)|491.33|80
116|integrated kulda garjanbahal o (mahanadi coalfields limited [mcl]) (616226)|odisha|04/2023 (04/2023)|03/2033 (-)|3563.5 (3563.5)|592.57|3
117|bhubaneswari expn ocp 50 mty (mcl - cil) (616231)|odisha|03/2024 (03/2024)|03/2033 (-)|5366.27 (5366.27)|468.15|29
118|hingula ii oc expn ph iii 15 m (mcl - cil) (616232)|odisha|11/2022 (11/2022)|03/2029 (-)|1561.85 (1561.85)|272.99|24
119|balabhadra ocp (mcl - cil) (616233)|odisha|04/2023 (04/2023)|03/2030 (-)|978.44 (978.44)|212.94|12
120|jawahar khani open cast mine (singareni collieries company limited [sccl]) (615818)|telangana|12/2021 (12/2021)|03/2025 (03/2027)|297.88 (297.88)|46.95|20
121|kalyanikhani opencast project (singareni collieries company limited [sccl]) (615858)|telangana|03/2016 (05/2017)|03/2026 (-)|384.32 (384.32)|284.06|75
122|kakathiya khani opencast - iii project phase - i (singareni collieries company limited [sccl]) (615859)|telangana|03/2017 (05/2017)|03/2026 (-)|413.84 (413.84)|397.55|79
123|godavarikhani coal mine - 5 (singareni collieries company limited [sccl]) (615860)|telangana|07/2019 (05/2019)|03/2025 (03/2026)|607.04 (607.04)|191.78|71
124|indaram opencast project (singareni collieries company limited [sccl]) (615861)|telangana|08/2017 (12/2022)|03/2025 (03/2026)|424.81 (424.81)|405|80
125|goleti opencast mine (singareni collieries company limited [sccl]) (615862)|telangana|07/2021 (08/2021)|03/2026 (-)|345.6 (345.6)|76.19|21
126|venkatesh khani coal mine (singareni collieries company limited [sccl]) (615863)|telangana|10/2020 (06/2020)|03/2026 (-)|484.5 (484.5)|477.14|97
127|ramagundam oc-ii extension project (singareni collieries company limited [sccl]) (615864)|telangana|11/2015 (06/2015)|03/2026 (-)|489.62 (489.62)|405.54|77
128|kakatiyakhani oc - 2 project (singareni collieries company limited [sccl]) (615865)|telangana|08/2017 (09/2017)|03/2025 (03/2026)|442.42 (442.42)|230.28|63
129|mohanpur expansion oc -phase i (eastern coal fields limited [ecl]) (400173)|west bengal|11/2020 (11/2020)|03/2026 (03/2030)|888.99 (888.99)|117.17|30
130|bonjemehari expansion ocp (eastern coal fields limited [ecl]) (400180)|west bengal|08/2021 (08/2021)|03/2026 (03/2030)|570.11 (570.11)|82.77|16
131|nakrakonda kumardih- b ocp (eastern coal fields limited [ecl]) (400181)|west bengal|08/2018 (08/2018)|03/2029 (-)|502.68 (502.67)|71.34|26
132|siduli [oc & ug] (ecl - cil) (400182)|west bengal|05/2018 (05/2018)|03/2027 (03/2030)|535.18 (535.17)|5.28|14
133|tilaboni ug (eastern coal fields limited [ecl]) (400186)|west bengal|01/2023 (01/2023)|03/2029 (-)|749.08 (749.07)|52.86|10
134|jhanjra expansion ug (eastern coal fields limited [ecl]) (400312)|west bengal|04/2020 (04/2020)|03/2029 (-)|1210.12 (1210.12)|542.09|44
135|sonepur bazari expansion ocp [ (eastern coal fields limited [ecl]) (400315)|west bengal|07/2021 (07/2021)|03/2029 (-)|5365.88 (5365.88)|586.07|17
136|2.0 mtpa bhojudih nlw washery (ministry of coal) (611016)|west bengal|12/2015 (03/2019)|09/2020 (12/2025)|384.57 (384.57)|357.14|97
137|itapara ocp (eastern coal fields limited [ecl]) (612816)|west bengal|12/2023 (12/2023)|03/2030 (-)|929.1 (929.1)|69.49|7
138|shyamsundarpur ug including sa (eastern coal fields limited [ecl]) (613793)|west bengal|04/2020 (04/2020)|03/2026 (03/2028)|483.65 (483.65)|60.99|12
139|parasea-belbaid ug project (eastern coal fields limited [ecl]) (613794)|west bengal|01/2023 (01/2023)|03/2028 (-)|389.1 (389.1)|132.48|21
140|parascole jambad ocp (eastern coal fields limited [ecl]) (616230)|west bengal|11/2024 (11/2024)|03/2037 (-)|1193.55 (1193.55)|9.53|0
141|50 mw wind power project (nlc india limited [nlcil]) (617299)|gujarat|07/2022 (01/2024)|06/2025 (01/2026)|383.84 (383.84)|319.71|47
142|600 mw khavda solar power project (nlc india limited [nlcil]) (617730)|gujarat|08/2023 (06/2024)|06/2026 (-)|3335.85 (3335.85)|738.34|22
143|nlc talabira thermal power project (nlc india limited [nlcil]) (400231)|odisha|01/2017 (01/2024)|03/2030 (-)|27212.96 (27213)|2550.76|1
144|300 mw spp part of 510 mw cpsu scheme (nlc india limited [nlcil]) (612819)|rajasthan|07/2022 (03/2023)|09/2024 (12/2025)|1813 (1813)|1393.34|86
145|50 mw solar pp minedout area (nlc india limited [nlcil]) (615327)|tamil nadu|08/2023 (02/2024)|03/2025 (12/2025)|218.03 (218.03)|164.7|75
146|ghatampur thermal power plant 3 x 660 mw (nlc india limited [nlcil]) (400259)|uttar pradesh|07/2016 (08/2016)|11/2020 (03/2026)|17237.8 (21780.9)|20711.46|93
147|dharamjaigarh-korba (railway) (400203)|chhattisgarh|05/2018 (03/2017)|12/2026 (08/2026)|1686.22 (1686.22)|439.98|42
148|shivpur-kathautia new rail [bg] line [49 km] [package ii of tori-shivpur-kathautia line] (ministry of coal) (400416)|jharkhand|02/2018 (05/2022)|06/2025 (06/2026)|1799.64 (2564.34)|1489.74|64
149|tubed coal mine (damodar valley corporation) (400192)|jharkhand|07/2016 (10/2016)|05/2026 (05/2026)|1581 (1581)|598.62|36
150|badam coal mining project of ntpc (national thermal power corporation [ntpc]) (603293)|jharkhand|02/2019 (09/2019)|12/2056 (04/2027)|502 (784)|388.29|59
151|dibang multipurpose project (national hydroelectric power corporation limited [nhpc]) (602182)|arunachal pradesh|02/2023 (02/2023)|02/2032 (02/2032)|31876.39 (31876.4)|3776.74|16
152|240mw heo he project (north eastern electric power corporation limited) (611698)|arunachal pradesh|12/2024 (05/2025)|07/2029 (-)|1938.85 (1938.85)|64.76|3
153|186 mw tato-i h e project (north eastern electric power corporation limited) (611699)|arunachal pradesh|12/2024 (05/2025)|07/2029 (-)|1750.07 (1750.07)|63.73|2
154|buxar thermal power project [1320 mw] (satluj jal vidyut nigam [sjvn] thermal limited) (602579)|bihar|03/2019 (06/2019)|01/2024 (12/2025)|10439.09 (13756.6)|12691.85|93
155|lara super thermal power project stage-ii [2 x 800 mw] (national thermal power corporation [ntpc]) (611930)|chhattisgarh|08/2023 (08/2023)|06/2028 (-)|15530 (16106)|3131.26|19
156|sipat super thermal power project, stage-iii [1x800 mw] (national thermal power corporation [ntpc]) (617188)|chhattisgarh|09/2024 (09/2024)|09/2029 (-)|9791 (9791)|963.88|8
157|bagodara solar power project (satluj jal vidyut nigam [sjvn] thermal limited) (709747)|gujarat|03/2021 (05/2021)|12/2025 (12/2025)|339.35 (339.35)|317.59|51
158|dhaulasidh hydro electric project [66 mw] (satluj jal vidyut nigam [sjvn] thermal limited) (602582)|himachal pradesh|10/2020 (05/2021)|11/2025 (03/2027)|687.97 (1561.21)|997.55|71
159|luhri stage-i hydro electric project [210 mw] (satluj jal vidyut nigam [sjvn] thermal limited) (602593)|himachal pradesh|11/2020 (11/2020)|01/2026 (02/2030)|1810.56 (4681.64)|1818.61|51
160|382 mw sunni dam hep (satluj jal vidyut nigam [sjvn] thermal limited) (602633)|himachal pradesh|na (04/2018)|03/2027 (-)|2615 (2615)|495.57|0.5
161|sunni dam hydro electric project [382 mw] (satluj jal vidyut nigam [sjvn] thermal limited) (611586)|himachal pradesh|01/2023 (01/2023)|04/2028 (12/2029)|2614.51 (4540.71)|1015.36|30
162|pakal dul [drangdhuran] hydroelectric project, 1000 mw (national hydroelectric power corporation limited [nhpc]) (602525)|jammu and kashmir|10/2014 (02/2018)|04/2020 (12/2026)|8112.12 (12728)|7785.72|76
163|kiru he project (national hydroelectric power corporation limited [nhpc]) (602532)|jammu and kashmir|03/2019 (02/2020)|09/2023 (12/2026)|4287.59 (5409)|3186.98|73
164|ratle he project - 850 mw, ratle hydroelectric power corporation limited. (national hydroelectric power corporation limited [nhpc]) (602535)|jammu and kashmir|02/2021 (01/2022)|02/2026 (11/2028)|5281.94 (5281.94)|1298.42|26
165|kwar he project (national hydroelectric power corporation limited [nhpc]) (605155)|jammu and kashmir|05/2022 (11/2022)|11/2026 (03/2028)|4526.12 (4526.12)|1140.08|25
166|patratu thermal power station expansion project phase-i [3x800 mw] (national thermal power corporation [ntpc]) (400261)|jharkhand|11/2017 (11/2017)|03/2023 (11/2026)|18668 (20302)|17928.61|86
167|koderma thermal power station phase ii [2x800 mw] at koderma, jharkhand (damodar valley corporation) (611509)|jharkhand|04/2023 (11/2024)|03/2029 (-)|14358 (14358)|1450.04|4
168|subansiri lower he project [2000 mw] (national hydroelectric power corporation limited [nhpc]) (602096)|multi-states (arunachal pradesh, assam)|09/2003 (01/2005)|09/2010 (05/2026)|6285.33 (26075.5)|25415.23|97
169|talcher thermal power station stage iii [2 x 660 mw] expansion (national thermal power corporation [ntpc]) (602961)|odisha|08/2022 (09/2022)|05/2027 (03/2028)|11843.75 (12543)|5042.25|43
170|bikaner solar power project (satluj jal vidyut nigam [sjvn] thermal limited) (709748)|rajasthan|10/2021 (05/2022)|04/2024 (12/2025)|5491.89 (5491.89)|5376.34|92
171|teesta-vi he project, sikkim [500 mw], executed by lanco teesta hydro power limited [a wholly owned subsidiary of nhpc ltd. acquired through nclt] (national hydroelectric power corporation limited [nhpc]) (602181)|sikkim|03/2019 (03/2020)|03/2024 (12/2027)|5748.04 (5748.04)|3887.11|70
172|rangit-iv he project [120 mw] executed by jal power corporation ltd. [jpcl] - a wholly owned subsidiary of nhpc ltd. acquired through nclt (national hydroelectric power corporation limited [nhpc]) (605156)|sikkim|03/2021 (08/2021)|05/2024 (12/2025)|938.29 (1828.11)|1488.78|93
173|khurja super thermal power plant [2x660 mw] (thdc india limited) (602194)|uttar pradesh|03/2019 (08/2019)|02/2024 (09/2025)|11089.42 (13276.2)|12951.99|100
174|singrauli super thermal power project, stage-iii [2x800 mw] (national thermal power corporation [ntpc]) (612142)|uttar pradesh|03/2024 (03/2024)|02/2030 (-)|17195 (17195)|2211.69|13
175|tapovan-vishnugad hep [4x130 mw] (national thermal power corporation [ntpc]) (602185)|uttarakhand|11/2006 (11/2006)|03/2013 (04/2029)|2978 (10907.3)|7291|77
176|tehri pumped storage plant project [4x250 mw] (thdc india limited) (602193)|uttarakhand|07/2006 (06/2011)|06/2022 (01/2026)|4825.6 (8339)|8169.51|98
177|vishnugad pipalkoti hydro electric project [444 mw] (thdc india limited) (602195)|uttarakhand|08/2008 (01/2014)|12/2022 (03/2027)|3860.35 (6823.72)|5328.31|73
178|raghunathpur thermal power station phase ii [2x660 mw] at raghunathpur, purulia, west bengal (damodar valley corporation) (400062)|west bengal|01/2023 (02/2025)|06/2029 (-)|17673 (17673)|1458.01|2
179|rammam-iii hepp [3x40 mw] (national thermal power corporation [ntpc]) (602184)|west bengal|09/2014 (09/2014)|09/2019 (03/2029)|1381.84 (2865.56)|1393.94|51
180|installation of fgd for 4x210 & 2x250 mw mtps u 1-6 (damodar valley corporation) (602538)|west bengal|06/2019 (02/2021)|01/2024 (12/2025)|1037 (1106)|1111.01|93
181|transmission scheme for solar energy zone in ananthpuram 2500mw and kurnool 1000mw (power grid corporation of india limited [powergrid]) (611967)|andhra pradesh|09/2023 (09/2023)|09/2025 (03/2026)|1248.69 (1248.69)|1023.92|90
182|augmentation of 1x1500 mva 3rd 765/400 kv transformation capacity at kurnool new substation (power grid corporation of india limited [powergrid]) (612856)|andhra pradesh|05/2023 (12/2023)|09/2025 (01/2026)|163.61 (163.61)|88.34|82
183|transmission system strengthening at kurnool- iii ps for integration of additional re generation projects [powergrid kurnool iii ps re transmission limited] (power grid corporation of india limited [powergrid]) (617183)|andhra pradesh|03/2025 (03/2025)|12/2027 (-)|2886 (2886)|141.7|7
184|north eastern region expansion scheme-xxiii [neres-xxiii] (power grid corporation of india limited [powergrid]) (617375)|arunachal pradesh|08/2025 (08/2025)|02/2028 (-)|209.38 (209.38)|0.04|0
185|transmission scheme for evacuation of 4.5gw re injection at khavda ps under phase ii- part c (power grid corporation of india limited [powergrid]) (611657)|gujarat|03/2023 (03/2023)|03/2025 (12/2025)|2820.99 (2820.99)|2783.19|95
186|transmission system for evacuation of additional 7 gw re power from khavda re park under phase-iii part b [vataman transmission limited] (power grid corporation of india limited [powergrid]) (612139)|gujarat|12/2023 (12/2023)|12/2025 (12/2026)|3751.82 (3751.82)|2025.98|32
187|transmission system for evacuation of power from potential renewable energy zone in khavda area of gujarat under phase iv [7 gw] part e3 (power grid corporation of india limited [powergrid]) (612151)|gujarat|07/2023 (07/2023)|07/2025 (03/2026)|334 (334)|207.08|78
188|transmission system for evacuation of power from potential energy renewable zone in khavda area of gujarat under ph-iv [7gw] part e2 (power grid corporation of india limited [powergrid]) (612855)|gujarat|05/2024 (05/2024)|05/2026 (06/2026)|679 (679)|142.59|30
189|augmentation of transformation capacity at jam khambhaliya ps [gis] [spv name powergrid jam khambhaliya transmission limited] (power grid corporation of india limited [powergrid]) (615342)|gujarat|10/2024 (10/2024)|07/2026 (-)|329 (329)|13.17|3
190|provision of dynamic reactive compensation at khavda pooling station 1 [kps1] and khavda pooling station 3 [kps3] (power grid corporation of india limited [powergrid]) (615343)|gujarat|11/2024 (11/2024)|11/2026 (-)|501 (501)|8.11|2
191|transmission system for evacuation of power from potential renewable energy zone in khavda area of gujarat under phase-iv [7gw] part b [spv name powergrid south olpad transmission limited] (power grid corporation of india limited [powergrid]) (615345)|gujarat|10/2024 (10/2024)|10/2026 (03/2027)|4766 (4766)|762.56|10
192|augmentation of transformation capacity at kps1 [gis] and kps2 [gis] [phase-v part b1 and part b2 scheme] [spv name- powergrid kps1 and 2 augmentation transmission limited] (power grid corporation of india limited [powergrid]) (617069)|gujarat|02/2025 (02/2025)|02/2027 (-)|466 (466)|23.99|1
193|augmentation of banaskantha [raghanesda] ps [gis] [powergrid banaskantha transco limited] (power grid corporation of india limited [powergrid]) (617182)|gujarat|03/2025 (03/2025)|03/2027 (-)|172 (172)|17.27|18
194|augmentation of transformation capacity at bhuj-ii ps [gis] (power grid corporation of india limited [powergrid]) (617391)|gujarat|02/2025 (02/2025)|11/2026 (03/2027)|488.29 (488.29)|0.22|0
195|jamnagar transmission limited (adani transmission limited) (617405)|gujarat|na (10/2024)|10/2026 (-)|4000 (4000)|0|0
196|provision of ict augmentation & bus reactor at bhuj-ii ps (power grid corporation of india limited [powergrid]) (617801)|gujarat|03/2025 (03/2025)|12/2026 (03/2027)|581.74 (581.74)|0.2|0
197|implementation of lilo of both circuits of 400kv vindhyachal ps-sasan d/c line at hindalco switchyard (power grid corporation of india limited [powergrid]) (617272)|haryana|06/2024 (06/2024)|12/2026 (-)|370 (370)|22.2|6
198|transmission scheme for evacuation of power from ratle hep [850 mw] & kiru [624 mw] part b (power grid corporation of india limited [powergrid]) (617179)|jammu and kashmir|07/2024 (07/2024)|07/2026 (03/2027)|218.6 (218.6)|2.61|0
199|implementation of transmission systems in the state of jharkhand consisting of 400/220/132/33 kv transmission lines and substations under jharkhand consultancy project (power grid corporation of india limited [powergrid]) (617326)|jharkhand|02/2012 (02/2012)|03/2026 (-)|1842.25 (1842.25)|1648.05|95
200|transmission scheme for integration of renewable energy zone [phase ii] in koppal ii [phase a&b] and gadag ii[phase a] in karnataka [powergrid koppal gadag transmission limited] (power grid corporation of india limited [powergrid]) (612140)|karnataka|12/2023 (12/2023)|12/2025 (06/2026)|2889.39 (2889.39)|1733.63|61
201|system strengthening at koppal-ii and gadagii for integration of re generation projects [spv name powergrid koppal gadag augmentation transmission limited] (power grid corporation of india limited [powergrid]) (616672)|karnataka|01/2025 (01/2025)|06/2027 (-)|1354 (1354)|44|1
202|augmentation of transformation capacity by 3x500 mva, 400/220 kv icts [6th-8th] and 1x1500 mva, 765/400 kv ict [4th] at bidar ps [spv name- powergrid bidar augmentation transmission limited] (power grid corporation of india limited [powergrid]) (617068)|karnataka|02/2025 (02/2025)|06/2027 (-)|288 (288)|7.41|1
203|transmission scheme for integration of davanagere/ chitradurga and bellary rez in karnataka [powergrid chitradurga bellary rez transmission limited] (power grid corporation of india limited [powergrid]) (617184)|karnataka|03/2025 (03/2025)|09/2027 (-)|3453 (3453)|62.15|1
204|transmission system strengthening at davanagere for integration of re generation [spv name - powergrid davanagere power transmission limited] (power grid corporation of india limited [powergrid]) (617803)|karnataka|09/2025 (09/2025)|09/2027 (-)|379 (379)|6.97|0
205|transmission system for evacuation of power from rajasthan rez ph-iv [part-2 5.5gw] [jaisalmer/barmer complex] part h1 [powergrid kurawar transmission limited] (power grid corporation of india limited [powergrid]) (615344)|madhya pradesh|10/2024 (10/2024)|10/2026 (03/2027)|3674 (3674)|808.28|18
206|transmission system for evacuation of power from rajasthan rez ph-iv [part-2 5.5 gw] [jaisalmer/barmer complex] part c [spv name powergrid mandsaur transmission limited] (power grid corporation of india limited [powergrid]) (615346)|madhya pradesh|08/2024 (08/2024)|08/2026 (12/2026)|2708 (2708)|1056.12|44
207|transmission system for evacuation of power from mahan energen limited generating station in madhya pradesh [spv name - powergrid mel power transmission limited] (power grid corporation of india limited [powergrid]) (617279)|madhya pradesh|06/2025 (06/2025)|12/2027 (-)|558 (558)|33.48|1
208|augmentation of transformation capacity and implementation of line bays at mandsaur s/s for re interconnection [spv name- powergrid mandsaur i re transmission limited] (power grid corporation of india limited [powergrid]) (617802)|madhya pradesh|10/2025 (10/2025)|03/2028 (-)|319 (319)|0.1|0
209|transmission system for evacuation of power from potential re zone in khavda area of gujarat under phase iv 7gw-part e4 (power grid corporation of india limited [powergrid]) (611966)|maharashtra|11/2023 (11/2023)|07/2025 (03/2026)|224.41 (224.41)|89.66|44
210|transmission system for integration of kurnool-iv rez phase-i [for 4.5 gw] [powergrid kurnool-iv transmission limited] (power grid corporation of india limited [powergrid]) (617185)|multi-states (andhra pradesh, karnataka)|03/2025 (03/2025)|03/2027 (-)|5550 (5550)|333|1
211|transmission system for integration of ananthapur 2 rez phase 1 for 4.5 gw. spv name anantapuram 2 rez transmission ltd (sterlite power) (617806)|multi-states (andhra pradesh, karnataka)|08/2024 (03/2025)|03/2027 (-)|4535.99 (4535.99)|208.88|26
212|transmission system for kurnool wind energy zone/ solar energy zone part-a and part-b (power grid corporation of india limited [powergrid]) (900808)|multi-states (andhra pradesh, telangana)|11/2022 (03/2023)|11/2024 (01/2026)|3546.94 (3546.94)|3404.59|98
213|comprehensive scheme for strengthening of transmission and distribution [t&d] systems [csst&ds] in arunachal pradesh and sikkim (power grid corporation of india limited [powergrid]) (602223)|multi-states (arunachal pradesh, sikkim)|10/2014 (10/2014)|12/2018 (03/2027)|4754.42 (9129.32)|7778.18|82
214|north eastern region power system improvement project [nerpsip] (power grid corporation of india limited [powergrid]) (607709)|multi-states (assam, manipur, meghalaya, mizoram, nagaland, tripura)|12/2014 (03/2016)|12/2018 (03/2026)|5111.33 (6700)|5410.25|96
215|eastern region expansion scheme-43 [eres-43] (power grid corporation of india limited [powergrid]) (617271)|multi-states (bihar, odisha, west bengal)|09/2024 (09/2024)|03/2026 (06/2026)|342.69 (342.69)|0.71|0
216|inter-regional [nr-wr] transmission system strengthening to relieve the loading of 765 kv vindhyachal-varanasi d/c line (power grid corporation of india limited [powergrid]) (617807)|multi-states (bihar, uttar pradesh)|10/2025 (10/2025)|10/2027 (-)|2368 (2368)|0.1|0
217|eastern region expansion scheme-44 [eres-44] (power grid corporation of india limited [powergrid]) (617270)|multi-states (bihar, west bengal)|11/2024 (11/2024)|05/2026 (06/2026)|408.94 (408.94)|0.32|0
218|transmission network expansion in gujarat to increase its atc from ists part b (power grid corporation of india limited [powergrid]) (400005)|multi-states (dadra & nagar haveli and daman & diu, gujarat, maharashtra)|01/2022 (07/2022)|06/2023 (12/2025)|4546.26 (4546.26)|4318.95|94
219|transmission system for evacuation of power from rez in rajasthan 20gw under phase-iii part j (power grid corporation of india limited [powergrid]) (611735)|multi-states (delhi, rajasthan)|12/2022 (12/2022)|03/2025 (07/2026)|331 (331)|139.02|37
220|transmission scheme for evacuation of power from rez in rajasthan [20 gw] under phase-iii part d [sikar khetri transmission ltd] (power grid corporation of india limited [powergrid]) (612132)|multi-states (delhi, rajasthan)|02/2024 (02/2024)|08/2025 (06/2026)|2000 (2000)|1528.4|72
221|transmission system for evacuation of power from potential renewable energy zone in khavda area of gujarat under phase-v [8 gw] part a [spv name powergrid west central transmission limited] (power grid corporation of india limited [powergrid]) (615347)|multi-states (gujarat, maharashtra)|11/2024 (11/2024)|05/2029 (-)|24819 (24819)|1985.98|3
222|transmission system for evacuation of power from rajasthan rez ph-iv [part- 3/6gw] [bikaner complex] part a [spv name powergrid bikaner iv transmission limited] (power grid corporation of india limited [powergrid]) (615339)|multi-states (haryana, punjab, rajasthan)|11/2024 (11/2024)|11/2026 (03/2027)|5969 (5969)|698.04|11
223|transmission system for evacuation of power from rajasthan rez ph-iv [part-3/ 6 gw] [bikaner complex] part b [spv name powergrid siwani transmission limited] (power grid corporation of india limited [powergrid]) (615340)|multi-states (haryana, rajasthan)|11/2024 (11/2024)|11/2026 (03/2027)|5357 (5357)|666.56|17
224|inter-regional strengthening between sr grid and wr grid (power grid corporation of india limited [powergrid]) (617808)|multi-states (karnataka, maharashtra)|10/2025 (10/2025)|10/2027 (-)|1007 (1007)|0.1|0
225|transmission scheme for solar energy zone in bidar [2500 mw], karnataka [bidar transmission ltd] (power grid corporation of india limited [powergrid]) (612138)|multi-states (karnataka, telangana)|02/2024 (02/2024)|02/2026 (06/2026)|2147.62 (2147.62)|1505.69|71
226|transmission system for evacuation of power from rajasthan rez ph-iv [part-2 5.5 gw] [jaisalmer/barmer complex] part d [spv name powergrid beawar mandsaur transmission limited] (power grid corporation of india limited [powergrid]) (615333)|multi-states (madhya pradesh, rajasthan)|08/2024 (08/2024)|08/2026 (-)|2227 (2227)|801.72|25
227|transmission system for evacuation of power from rajasthan rez ph-iv [part-2 5.5 gw] [jaisalmer/barmer complex] part e [spv name powergrid mewar transmission limited] (power grid corporation of india limited [powergrid]) (615334)|multi-states (madhya pradesh, rajasthan)|08/2024 (08/2024)|08/2026 (03/2027)|3251 (3251)|1137.85|28
228|rajasthan rez ph-v [part-1- 4 gw] [sirohi/nagaur] complex [rajasthan v power transmission limited] (power grid corporation of india limited [powergrid]) (617186)|multi-states (madhya pradesh, rajasthan)|03/2025 (03/2025)|03/2027 (-)|5028 (5028)|319.73|5
229|transmission system for evacuation of power from rajasthan rez ph-iv [part-1] [bikaner complex] part d [neemrana bareilly transmission ltd] (power grid corporation of india limited [powergrid]) (612133)|multi-states (rajasthan, uttar pradesh)|12/2023 (12/2023)|12/2025 (06/2026)|2056 (2056)|1603.68|64
230|transmission system for evacuation of power from rajasthan rez ph-iv [part-4 3.5 gw] part a [spv name powergrid ghiror transmission limited] (power grid corporation of india limited [powergrid]) (616670)|multi-states (rajasthan, uttar pradesh)|12/2024 (12/2024)|12/2026 (03/2027)|5846 (5846)|566.68|11
231|transmission system strengthening scheme for evacuation of power from solar energy zones in rajasthan[8.1 gw] under phase-ii- part e (power grid corporation of india limited [powergrid]) (611659)|rajasthan|03/2023 (03/2023)|09/2024 (12/2025)|1433.28 (1433)|1418.67|98
232|transmission system for evacuation of power from rez in rajasthan 20gw under phase iii- part e2 (power grid corporation of india limited [powergrid]) (611947)|rajasthan|11/2023 (11/2023)|06/2025 (03/2026)|428.3 (428.3)|308.38|80
233|transmission system for evacuation of power from rez in rajasthan 20 gw under phase-iii part h (power grid corporation of india limited [powergrid]) (611948)|rajasthan|10/2023 (10/2023)|04/2025 (01/2026)|2211.29 (2211.29)|1975.34|92
234|transmission system for evacuation of power from rez in rajasthan 20 gw under phase-iii part c1 (power grid corporation of india limited [powergrid]) (611949)|rajasthan|10/2023 (10/2023)|04/2025 (03/2026)|1796.02 (1796.02)|1580.49|92
235|transmission system for evacuation of power from rez in rajasthan 20 gw under phase-iii part b1 (power grid corporation of india limited [powergrid]) (611950)|rajasthan|09/2023 (09/2023)|04/2025 (12/2025)|2190.54 (2190.54)|2000.84|96
236|transmission system for evacuation of power from rez in rajasthan 20gw under phase-iii part e1 (power grid corporation of india limited [powergrid]) (611951)|rajasthan|12/2021 (08/2023)|02/2025 (12/2025)|688.74 (688.74)|668|98
237|transmission system for evacuation of power from rajasthan rez ph-iv [part-1] [bikaner complex] part a [bikaner neemrana transmission ltd] (power grid corporation of india limited [powergrid]) (612134)|rajasthan|12/2023 (12/2023)|12/2025 (06/2026)|2998.34 (2998.34)|2098.83|60
238|transmission system for evacuation of power from rajasthan rez ph-iv [part-2 5.5 gw][jaisalmer/barmer complex] part b [spv name powergrid sirohi transmission limited] (power grid corporation of india limited [powergrid]) (615332)|rajasthan|08/2024 (08/2024)|08/2026 (12/2026)|3279 (3279)|1040.75|29
239|transmission system strengthening for interconnections of bhadla-iii & bikaner iii complex [spv name powergrid bhadla bikaner transmission limited] (power grid corporation of india limited [powergrid]) (615335)|rajasthan|08/2024 (08/2024)|08/2026 (12/2026)|1382 (1382)|201.08|12
240|additional transmission system for evacuation of power from bhadla-iii ps as part of rajasthan rez phase iii scheme [20 gw] [spv name powergrid bhadla-iii power transmission limited] (power grid corporation of india limited [powergrid]) (615337)|rajasthan|08/2024 (08/2024)|02/2026 (03/2026)|369 (369)|113.89|30
241|transmission system for evacuation of power from rajasthan rez ph -iv [part-2 5.5 gw] [jaisalmer/barmer complex] part f [spv name powergrid barmer i transmission limited] (power grid corporation of india limited [powergrid]) (615338)|rajasthan|11/2024 (11/2024)|11/2026 (06/2027)|2735 (2735)|533.05|17
242|augmentation at fatehgarh-ii ps, fatehgarh-iv ps [section-ii] and barmer-i ps [powergrid fatehgarh barmer augmentation transmission limited] (power grid corporation of india limited [powergrid]) (617181)|rajasthan|03/2025 (03/2025)|12/2026 (03/2027)|404 (404)|16.16|1
243|transmission system under ists for evacuation of power from kudankulam unit-3&4 [2x1000 mw] [spv name powergrid kudankulam tarnsmission limited] (power grid corporation of india limited [powergrid]) (616671)|tamil nadu|01/2025 (01/2025)|12/2026 (12/2026)|548 (548)|65.46|11
244|transmission system for strengthening to facilitate evacuation of power from bhadla/bikaner complex (power grid corporation of india limited [powergrid]) (617269)|uttar pradesh|12/2024 (12/2024)|06/2026 (08/2026)|212.81 (212.81)|2.1|0
245|construction of one tower of office complex and another tower of residential quarters consisting of 10nos. type-v, 10nos. type-vi & 1no.type-vii quarters i/c internal water supply, sanitary installation and all development and bulk services, horticulture works on epc mode-i basis i/c comprehensive operation and maintenance of civil, e&m services for 7 years after completion of original construction work for ranga reddy, secunderabad, medchal, auditi, audit-ii commissionerates of central tax at khajaguda, serilingampally, hyderabad. (central public works department - cpwd) (617412)|telangana|03/2024 (11/2024)|09/2027 (-)|644 (644)|108.53|9
246|chennai metro rail phase-ii development project (chennai metro rail limited [cmrl]) (702668)|tamil nadu|10/2024 (11/2020)|08/2029 (-)|63246 (63246)|29336|47
247|integrated command control center [iccc] - construction and development of integrated command control center with security, surveillance, itms, connecting port, ship service, smart solid waste management, smart public transport system (ministry of housing and urban affairs) (707229)|andaman & nicobar|07/2021 (11/2021)|05/2023 (-)|209.88 (209.88)|0|70
248|redevelopment of seven general pool residential accommodation [gpra] colonies in delhi (national buildings construction corporation [nbcc]) (400188)|delhi|07/2016 (05/2018)|12/2025 (12/2025)|32850 (32850)|0|0
249|rehablitation in junavadaj area smart city project (ministry of housing and urban affairs) (701719)|gujarat|02/2016 (06/2016)|07/2022 (-)|539 (539)|39.63|50
250|green building development project (ministry of housing and urban affairs) (701766)|uttarakhand|11/2019 (08/2019)|11/2023 (-)|150.97 (150.97)|18.95|31
251|patna metro rail project (patna metro rail corporation ltd. [pmrcl]) (702627)|bihar|02/2019 (02/2019)|02/2024 (06/2027)|13365.77 (13365.8)|4670.21|48
252|delhi metro rail phase-iv [2 corridors] (delhi metro rail corporation limited [dmrc]) (617207)|delhi|03/2024 (03/2024)|03/2029 (-)|8399.81 (8399.81)|55.92|0
253|dmrts phase - iv [3 priority corridors] (delhi metro rail corporation limited [dmrc]) (702632)|delhi|07/2019 (07/2019)|03/2025 (03/2026)|24948.65 (24948.7)|18022.09|73
254|surat metro rail project (gujarat metro rail corporation limited [gmrcl]) (702630)|gujarat|03/2019 (04/2019)|03/2024 (06/2026)|12020.32 (12020.3)|8040.59|73
255|ahmedabad metro rail project, phase-ii (gujarat metro rail corporation limited [gmrcl]) (702631)|gujarat|03/2019 (03/2019)|03/2024 (12/2025)|5384.17 (5384.17)|4332.87|93
256|ahmedabad metro rail project [phase-i] (gujarat metro rail corporation limited [gmrcl]) (702639)|gujarat|11/2014 (02/2015)|03/2018 (01/2026)|10773 (12924.5)|12216.37|99
257|construction of bangalore metro rail project phase 2. (bengaluru metro rail) (702635)|karnataka|02/2014 (02/2016)|03/2021 (09/2026)|26405.14 (30695.1)|29667.97|95
258|construction bangalore metro rail project phase-2a & 2b (bengaluru metro rail) (702665)|karnataka|06/2021 (01/2019)|06/2026 (06/2026)|14788.1 (14788.1)|9048.22|59
259|kochi metro rail phase 2 development project (cspcc projects) (702664)|kerala|11/2022 (11/2022)|11/2026 (11/2026)|1957.05 (1957.05)|477.04|21
260|bhopal metro rail project (madhya pradesh metro rail co limited [mpmrcl]) (702625)|madhya pradesh|11/2018 (11/2018)|11/2022 (06/2028)|6941.4 (6941.4)|3715.92|49
261|indore metro rail project (madhya pradesh metro rail co limited [mpmrcl]) (702626)|madhya pradesh|11/2018 (11/2018)|11/2022 (12/2028)|7500.8 (7500.8)|4293.14|58
262|pcmc to nigdi- extension of north south corridor of phase-1 (maharashtra metro rail corporation limited [mmrcl]) (617225)|maharashtra|10/2023 (10/2023)|01/2027 (-)|910.18 (910.18)|167.3|28
263|pune metro phase-1 extension line towards south from swargate to katraj (maharashtra metro rail corporation limited [mmrcl]) (617226)|maharashtra|09/2024 (09/2024)|03/2029 (-)|2954.53 (2954.53)|23.12|4
264|thane integral ring metro rail project (maharashtra metro rail corporation limited [mmrcl]) (617327)|maharashtra|09/2024 (09/2024)|09/2029 (-)|12200.1 (12200.1)|8.7|4
265|pune metro rail project phase-2 corridor 2a vanaz to chandani chowk and corridor 2b ramwadi to wagholi/vitthalwadi (maharashtra metro rail corporation limited [mmrcl]) (618971)|maharashtra|07/2025 (07/2025)|07/2029 (-)|3626.24 (3626.24)|0.41|0
266|new suburba station development project (ministry of housing and urban affairs) (701745)|maharashtra|04/2018 (03/2019)|07/2022 (-)|262.76 (262.76)|17.62|6
267|kalyan station precinct imporvement project (ministry of housing and urban affairs) (701991)|maharashtra|04/2018 (07/2020)|07/2023 (-)|600 (600)|272.42|70
268|mumbai metro line 3 (mumbai metro rail corporation limited [mmrc]) (702637)|maharashtra|07/2013 (06/2016)|03/2023 (08/2025)|23136 (37276)|32562.27|96
269|nagpur metro rail phase ii development project (maharashtra metro rail corporation limited [mmrcl]) (702658)|maharashtra|12/2022 (12/2022)|12/2027 (-)|6708 (6708)|1346.18|30
270|delhi metro rail phase-iv [rithala - kundli corridor] (delhi metro rail corporation limited [dmrc]) (617206)|multi-states (delhi, haryana)|01/2025 (01/2025)|01/2029 (-)|6230.99 (6230.99)|72.41|0
271|delhi-ghaziabad-meerut regional rapid transit system [rrts] corridor (national capital region transport corporation [ncrtc]) (702633)|multi-states (delhi, uttar pradesh)|03/2019 (03/2019)|06/2025 (12/2025)|30274 (30274)|27060.65|96
272|kanpur metro rail project (uttar pradesh metro rail corporation [upmrc]) (702628)|uttar pradesh|05/2019 (11/2019)|05/2024 (03/2027)|11076.48 (11076.5)|9084.56|76
273|agra metro rail project (uttar pradesh metro rail corporation [upmrc]) (702629)|uttar pradesh|05/2019 (12/2020)|05/2024 (06/2027)|8379.62 (8379.62)|6059.58|64
274|esr - 8 nos., distribution system - 216 km, new house service connections - 38760 nos. upgrading of feeder mains, pumping station etc. - phase ii (ministry of housing & urban affairs) (702674)|andhra pradesh|02/2017 (07/2018)|03/2023 (01/2026)|172.22 (172.22)|88.86|82
275|muzaffarpur storm water drainage phase-i project (ministry of housing & urban affairs) (702699)|bihar|11/2016 (02/2019)|10/2023 (01/2026)|158.78 (158.78)|60.5|83
276|storm water drainag development project (ministry of housing and urban affairs) (702355)|dadra & nagar haveli and daman & diu|08/2020 (12/2021)|03/2024 (-)|210 (210)|0|20
277|upgradation of sewerage system in gandhinagar city (ministry of housing and urban affairs) (707267)|gujarat|07/2020 (03/2021)|06/2023 (-)|200 (200)|100|10
278|sewerage management scheme part-3 implementation (ministry of housing & urban affairs) (702734)|haryana|03/2017 (11/2017)|09/2023 (03/2026)|278.01 (278.01)|218.89|88
279|sewerage management scheme part-3 implementation (ministry of housing & urban affairs) (702735)|haryana|03/2017 (10/2018)|03/2023 (01/2026)|213.19 (213.19)|168.14|91
280|dhanbad water supply infrastructure project (ministry of housing & urban affairs) (702741)|jharkhand|02/2017 (12/2018)|03/2023 (03/2026)|216.55 (216.55)|129.16|74
281|saap-3 water supply infrastructure saap-3 project (ministry of housing & urban affairs) (702742)|jharkhand|02/2017 (12/2018)|10/2023 (03/2026)|159.31 (159.31)|87.5|66
282|augmentation and strenghthning of urban water supply phase 1 - saap 3 (ministry of housing & urban affairs) (702746)|jharkhand|02/2017 (12/2018)|03/2023 (03/2026)|278.28 (278.28)|186.5|79
283|belgavi improvement in sewerage system project (ministry of housing & urban affairs) (702760)|karnataka|12/2015 (10/2016)|07/2023 (12/2025)|162.73 (162.73)|85.71|80
284|24/7 water supply under amrut for davanagere (ministry of housing & urban affairs) (702764)|karnataka|11/2016 (01/2018)|03/2023 (12/2025)|174.96 (174.96)|93.18|65
285|indore water supply infrastructure project (ministry of housing & urban affairs) (702793)|madhya pradesh|12/2016 (11/2017)|03/2023 (12/2025)|287.17 (287.17)|252.5|99
286|jabalpur sewerage management and treatment infrastructure project (ministry of housing & urban affairs) (702798)|madhya pradesh|10/2018 (12/2017)|03/2023 (12/2025)|362.31 (362.31)|322.31|93
287|satna sewerage management and treatment infrastructure project (ministry of housing & urban affairs) (702808)|madhya pradesh|11/2015 (12/2016)|03/2024 (12/2025)|191.56 (215.89)|191.79|86
288|singrauli sewerage management and treatment infrastructure project (ministry of housing & urban affairs) (702810)|madhya pradesh|05/2016 (11/2017)|03/2023 (12/2025)|402.01 (402.01)|357.68|90
289|kalyan-dombivali water supply infrastructure project (ministry of housing & urban affairs) (702833)|maharashtra|07/2016 (09/2019)|10/2023 (12/2025)|194.2 (194.2)|130.6|70
290|mira-bhayandar water supply infrastructure project (ministry of housing & urban affairs) (702840)|maharashtra|11/2016 (08/2018)|03/2023 (12/2025)|204.55 (204.55)|186.13|99
291|nagpur water supply infrastructure project (ministry of housing & urban affairs) (702842)|maharashtra|12/2015 (08/2018)|03/2023 (12/2025)|273.78 (273.78)|266.11|99
292|pune water supply infrastructure project (ministry of housing & urban affairs) (702851)|maharashtra|03/2017 (07/2017)|03/2023 (10/2025)|235.95 (235.95)|184.98|92
293|solapur sewerage management infrastructure project (ministry of housing & urban affairs) (702854)|maharashtra|03/2017 (04/2018)|03/2023 (12/2025)|180.24 (180.24)|155.01|91
294|jalandhar water supply infrastructure project (ministry of housing & urban affairs) (703021)|punjab|11/2016 (08/2020)|08/2023 (03/2026)|258.53 (258.53)|161.02|58
295|patiala water supply infrastructure part-2 project (ministry of housing & urban affairs) (703057)|punjab|11/2016 (08/2020)|10/2023 (12/2025)|287 (287)|213.64|99
296|jaunpur sewerage management infrastructure project (ministry of housing & urban affairs) (702948)|uttar pradesh|03/2017 (08/2019)|06/2023 (12/2025)|235.73 (235.73)|205.84|87
297|jhansi water supply infrastructure phase-ii project (ministry of housing & urban affairs) (702949)|uttar pradesh|03/2017 (06/2019)|07/2023 (12/2025)|561.74 (561.74)|485.91|93
298|construction of basement + ground floor+ 10 storeyed building for state of the art director general, gsi building at plot no.gn-40, sector-v, salt lake, kolkata (central public works department (cpwd)) (617280)|west bengal|04/2019 (02/2020)|08/2026 (-)|255.37 (255.37)|85.9|46
299|expansion of malanjkhand copper project (hindustan copper limited [hcl]) (400426)|madhya pradesh|09/2011 (04/2015)|04/2020 (04/2026)|1856.36 (1856.36)|947.42|82
300|expansion of alumina refinery plant with addition of 5th stream having capacity enhancement of 1.0 million tonee per annum (national aluminium company limited [nalco]) (400141)|odisha|04/2017 (04/2017)|12/2022 (09/2025)|4103 (5677.4)|4310.44|79
301|pottangi bauxite mines project (national aluminium company limited [nalco]) (400299)|odisha|05/2018 (05/2018)|03/2025 (05/2026)|1381 (1960.77)|650.04|51
302|conversion of flat bottom settlers and washers with a single train of hrds and dcws in streams 1 and (ministry of mines) (709830)|odisha|na (04/2017)|11/2026 (-)|355 (581)|163.55|12
303|sourcing of bauxite arrangement for 5th stream alumina refinery from south block mining lease of panchpatmaili mines (national aluminium company limited [nalco]) (709831)|odisha|11/2017 (11/2019)|05/2025 (06/2026)|483 (483)|414.75|91
304|25.5 mw wind power project at kayathar in tamilnadu (national aluminium company limited [nalco]) (709832)|tamil nadu|09/2017 (12/2017)|03/2025 (03/2026)|166 (166)|135|65
305|construction of permanent campus of central tribal university of andhra pradesh phase-1 (central tribal university of andhra pradesh) (613008)|andhra pradesh|09/2019 (12/2023)|06/2027 (-)|305 (305)|19.96|32
306|construction of permanent campus of national institute of technology arunachal pradesh (national institute of technology, arunachal pradesh) (612898)|arunachal pradesh|09/2009 (03/2013)|08/2026 (-)|592.61 (592.61)|550.61|80
307|tezpur university projects (tezpur university) (606112)|assam|05/2019 (06/2021)|11/2023 (12/2025)|153.71 (153.71)|125.03|97
308|additional campus of nitpatna (nit patna) (606013)|bihar|07/2022 (08/2022)|07/2024 (01/2026)|499.21 (499.21)|444.87|97
309|phase b of construction of permanent campus of iit bhilai (indian institute of technology, bhilai) (617877)|chhattisgarh|05/2025 (06/2025)|10/2028 (-)|1188.97 (1188.97)|0|0
310|phase 1b - construction of academic block, hostel, residential tower, directors residence and external development works at national institute of technology, delhi campus on engineering, procurement and construction basis (national institute of technology delhi) (612851)|delhi|09/2009 (11/2022)|09/2025 (01/2026)|333.49 (336.42)|296.45|97
311|delhi university eastern campus at surajmal vihar (delhi university) (616886)|delhi|09/2024 (03/2025)|10/2026 (-)|373 (373)|28.63|20
312|construction of permanent campus of central university of gujarat at village kundhela, dist. vadodara, gujarat. (central university of gujarat) (612916)|gujarat|12/2020 (02/2021)|03/2025 (03/2026)|490.63 (490.63)|314.51|81
313|establishment of permanent campus phase 1 of iim sirmaur (indian institute of management, sirmaur) (602099)|himachal pradesh|09/2018 (08/2020)|10/2023 (02/2026)|392.51 (454.78)|327.78|94
314|hostel blocks & dining hall block (indian institute of technology, mandi) (612128)|himachal pradesh|03/2023 (03/2024)|03/2026 (03/2026)|166.66 (166.66)|85.92|75
315|construction of permanent campus of central university of himachal pradesh at dehra, district - kangra, [h.p.] on engineering. procurement and construction [epc mode 1] basis. (central university, himachal pradesh) (612894)|himachal pradesh|03/2021 (08/2022)|11/2024 (11/2025)|251.98 (300.45)|183.56|81
316|construction of permanent campus for iim jammu phase-1 at jagti, nagrota, jammu, j&k (indian institute of management, jammu) (602098)|jammu and kashmir|03/2019 (10/2020)|06/2023 (11/2025)|424.93 (500.91)|484.52|96
317|additional infrastructure at iisc bangalore-rcc monolithic for men hostel s14, women hostel s11 , postdoctoral hostel s12 2 block , international hostel s 12 , d&e block s 12 2 block fr. (iisc bangalore) (610940)|karnataka|08/2021 (08/2021)|03/2024 (12/2025)|420.41 (420.41)|367.76|99
318|construction of permanent campus for iit palakkad under phase 1a (indian institute of technology palakkad) (606431)|kerala|07/2017 (03/2020)|06/2022 (06/2026)|1006.45 (1217.4)|652.05|76
319|phase b of construction of permanent campus of iit palakkad (indian institute of technology palakkad) (617878)|kerala|05/2025 (01/2026)|10/2028 (-)|1527 (1527)|0|0
320|phase iii a works at iit indore [03 hostels, 01 studio apartment, 01 housing, heavy & sophisticated lab complex, academic pod and infrastructure for center of excellence] (indian institute of technology, indore) (611957)|madhya pradesh|12/2023 (04/2024)|02/2027 (-)|496.28 (496.28)|38.62|37
321|hostel 4 -earlier known as hostel 20 (indian institute of technology, bombay) (612135)|maharashtra|09/2022 (12/2023)|09/2025 (12/2025)|182.33 (182.33)|158.23|99
322|construction and developement of national institute of technology meghalaya permanent campus at sohra (national institute of technology, meghalaya) (612885)|meghalaya|09/2009 (09/2014)|03/2022 (07/2025)|494.52 (494.52)|422.07|90
323|construction of permanent campus for nit mizoram at lengpui, aizawl (nit mizoram) (612876)|mizoram|09/2009 (06/2014)|12/2029 (12/2029)|474.23 (474.23)|167.55|4
324|establishment of nit nagaland (nit nagaland) (613013)|nagaland|09/2009 (12/2014)|12/2025 (-)|275.63 (275.63)|261.24|97
325|iiser berhampur (indian institutes of science education and research, behrampur) (610315)|odisha|10/2018 (09/2019)|03/2021 (06/2026)|1229.32 (843.09)|835.6|97
326|establishment of nit puducherry permanent campus [phase-i and phase-ii] (national institute of technology, puducherry) (612877)|puducherry|09/2009 (07/2013)|12/2024 (08/2025)|618.34 (544.34)|529.94|96
327|construction of permanent campus of indian institute of management [iim] amritsar, punjab, phase-i (indian intitue of management, amritsar) (605292)|punjab|10/2019 (07/2020)|06/2023 (12/2025)|348.31 (348.31)|290.39|91
328|construction of girls hostel 400 seater, boys hostel 600 seater, academic block, international hostel 100 seater, vc residence and purchase of equipment (central university of punjab) (617221)|punjab|08/2024 (04/2025)|10/2027 (-)|210.99 (210.99)|20.89|13
329|construction of sikkim university campus phase-i package-ii at yangang, south sikkim (sikkim university) (609736)|sikkim|08/2020 (01/2022)|01/2025 (03/2026)|314.06 (314.06)|238.22|85
330|establishment of permanent campus of nit sikkim at khamdong-gangtok district (nit sikkim) (612883)|sikkim|02/2024 (03/2024)|02/2028 (12/2026)|685.76 (610.76)|121.56|14
331|construction of precast housing and hostels at iit hyderabad (indian institute of technology, hyderabad) (609996)|telangana|09/2022 (11/2022)|10/2024 (01/2026)|262 (262)|194.13|80
332|banaras hindu university [ kayakalp of institute of medical sciences] (banaras hindu university) (606479)|uttar pradesh|06/2020 (06/2020)|09/2022 (03/2026)|246 (246)|199.71|97
333|construction & development of infrastructural facilities in the main campus of nit uttarakhand at sumari, pauri garhwal (national institute of technology uttarakhand) (611963)|uttarakhand|06/2020 (04/2024)|09/2027 (-)|650.85 (650.85)|195.52|37
334|hefa projects on development of student hostels, playgrounds, departmental buildings, class room complex and other campus facilities in iit kharagpur (indian institute of technology, kharagpur) (609019)|west bengal|06/2018 (04/2019)|03/2023 (03/2026)|500 (442)|390.6|89
335|national sports university [nsu], imphal [manipur] (department of sports & youth affairs) (400081)|manipur|na (01/2022)|08/2024 (11/2025)|906.47 (611.74)|559.27|95
336|construction of aviation fuel farm facilities at bhogapuram airport (ministry of petroleum & natural gas) (616235)|andhra pradesh|08/2024 (08/2024)|03/2026 (03/2026)|240 (240)|72.26|83
337|construction of lpg facilities at kamardanga, assam (hindustan petroleum corporation limited) (709754)|assam|03/2023 (03/2023)|07/2027 (07/2027)|156.36 (156.36)|70.91|53
338|setting up of new rail fed pol facility at kamardanga, assam (hindustan petroleum corporation limited [hpcl]) (709755)|assam|03/2023 (03/2023)|07/2027 (07/2027)|384.04 (384.04)|150.78|62
339|capacity augmentation of kandla lpg import terminal [klit] from 0.6 mmtpa to 2.5 mmtpa (ministry of petroleum & natural gas) (617839)|gujarat|05/2023 (05/2023)|07/2026 (-)|356.86 (356.86)|12.6|51
340|setting up a common user petroleum terminal at jammu, j&k for resitement of existing psu omc's depots from jammu city (bharat petroleum corporation limited [bpcl]) (400235)|jammu and kashmir|04/2023 (04/2023)|03/2025 (01/2026)|676.89 (715.89)|559.45|87
341|andheri residential towers, mumbai (ministry of petroleum & natural gas) (604833)|maharashtra|06/2017 (06/2017)|05/2025 (06/2026)|281.35 (389.67)|243.11|54
342|lpg bottling plant at mualkhang (ministry of petroleum & natural gas) (617829)|mizoram|07/2024 (07/2024)|11/2027 (11/2027)|225.71 (225.71)|12.81|21
343|srikakulam angul gas pipeline project (ministry of petroleum & natural gas) (701343)|multi-states (andhra pradesh, odisha)|09/2019 (09/2019)|07/2022 (12/2025)|2658.34 (2810)|2282.98|96
344|rajasthan refinery project (ministryofpetroleumnaturalgas) (701263)|multi-states (arunachal pradesh, gujarat, rajasthan)|10/2017 (10/2017)|10/2022 (03/2026)|43129 (79459)|62888.3|89
345|paradip-numaligarh crude oil pipeline [pncpl] & crude oil import terminal [coit] at paradip (ministry of petroleum & natural gas) (701349)|multi-states (assam, bihar, jharkhand, odisha, west bengal)|01/2019 (01/2019)|07/2024 (03/2026)|10228 (11407)|10063.21|88
346|new mundra panipat crude oil pipeline (ministry of petroleum & natural gas) (400078)|multi-states (gujarat, haryana, rajasthan)|12/2021 (12/2021)|12/2024 (06/2026)|9028 (9028)|7357.45|86
347|kandla gorakhpur lpg pipeline (ministry of petroleum & natural gas) (400012)|multi-states (gujarat, madhya pradesh, uttar pradesh)|12/2018 (12/2018)|12/2021 (12/2025)|10088 (10088)|8135.69|93
348|multi product pipeline from irugur to devangonthi (department of water resources, river development & gr) (400301)|multi-states (karnataka, tamil nadu)|11/2012 (11/2012)|02/2017 (09/2026)|678 (1732)|838.07|74
349|petrochemical evacuation marketing terminal at barmer, rajasthan (hindustan petroleum corporation limited [hpcl]) (709759)|rajasthan|12/2023 (12/2023)|12/2026 (12/2026)|461.05 (461.05)|153.07|67
350|laying of pol pipelines in common corridor for proposed grass root terminal at vallur [chennai] (ministry of petroleum & natural gas) (400043)|tamil nadu|01/2022 (01/2022)|05/2026 (05/2026)|829 (829)|338.15|67
351|grass root pol terminal at vallur, chennai (indian oil corporation limited [iocl]) (400077)|tamil nadu|01/2022 (01/2022)|12/2024 (03/2026)|827 (887.71)|649.51|90
352|grass root rail-fed depot at sekerkote, agartala as resitement of existing dharmanagar depot (indian oil corporation limited [iocl]) (400035)|tripura|06/2022 (06/2022)|09/2025 (06/2026)|656 (656)|519.02|90
353|grass-root terminal at mirzapur, uttar pradesh (ministry of petroleum & natural gas) (604852)|uttar pradesh|09/2022 (09/2022)|11/2026 (11/2026)|980.45 (980.45)|234.6|58
354|kg-dwn-98/2 cluster - ii development project - nelp block (oil and natural gas corporation limited [ongc]) (400120)|andhra pradesh|03/2016 (03/2016)|06/2020 (06/2026)|34012 (34012)|32250|96
355|hp-coat [crude to olefins and aromatics technology] demo unit at visakh refinery (hindustan petroleum corporation limited) (709752)|andhra pradesh|09/2021 (09/2021)|06/2024 (03/2026)|160 (220)|99.49|79
356|city gas distribution project at kurnool, guntur & prakasam districts (ministryofpetroleumnaturalgas) (709766)|andhra pradesh|03/2022 (03/2022)|03/2030 (03/2030)|1420 (1420)|168.51|6
357|numaligarh refinery expansion project (ministry of petroleum & natural gas) (604791)|assam|07/2020 (07/2020)|07/2024 (12/2025)|12366 (22494)|17836.48|79
358|development of surface facilities for production and evacuation of crude oil and natural gas from nadua and east khagorija (ministry of petroleum & natural gas) (604863)|assam|01/2018 (01/2018)|02/2020 (12/2025)|682.9 (726.93)|491.68|94
359|guwahati refinery expansion [1.0 to 1.2 mmtpa] along with installation of cru, guwahati refinery (ministry of petroleum & natural gas) (607701)|assam|05/2021 (05/2021)|10/2023 (05/2026)|412.3 (577)|451.05|88
360|construction of field gas gathering station at baghjan area for collection, processing & transportation of natural gas to be produced from baghjan field (ministry of petroleum & natural gas) (616858)|assam|12/2020 (12/2020)|03/2024 (12/2025)|430.76 (430.76)|331.99|88
361|pipeline rehabilitation project, phase-ii (ministry of petroleum & natural gas) (617827)|assam|12/2024 (12/2024)|12/2029 (12/2029)|680 (680)|2.24|14
362|coke drum structure package (ministry of petroleum & natural gas) (617836)|assam|12/2022 (12/2022)|12/2025 (12/2025)|635.28 (635.28)|58.68|45
363|augmentation/revamping of facilities at existing guwahati terminal at betkuchi (ministryofpetroleumnaturalgas) (709776)|assam|04/2022 (04/2022)|09/2026 (09/2026)|277 (323.09)|190.21|70
364|capacity expansion of digboi refinery from 0.65 to 1.0 mmtpa (ministryofpetroleumnaturalgas) (709779)|assam|06/2022 (06/2022)|03/2026 (07/2027)|768 (740)|125.07|46
365|pipeline network project rudrasagar (ministry of petroleum & natural gas) (709847)|assam|01/2023 (01/2023)|04/2026 (04/2026)|344.99 (344.99)|220.37|48
366|borholla ggs life extension project [blep] (ministry of petroleum & natural gas) (709850)|assam|09/2023 (09/2023)|05/2026 (05/2026)|198.7 (198.7)|58.92|40
367|dcu revamp project (nrl) (709864)|assam|08/2021 (08/2021)|07/2024 (06/2026)|370 (370)|271.34|66
368|power recovery turbine [prt] in pfccu unit as an energy conservation scheme (nrl) (709865)|assam|04/2023 (04/2023)|12/2024 (12/2025)|293.5 (293.5)|97.22|97
369|setting up of lpg plant with rail unloading facility at hathua, dist. gopalganj, bihar (ministryofpetroleumnaturalgas) (617304)|bihar|10/2023 (10/2023)|03/2027 (03/2027)|340.15 (340.15)|116.08|34
370|barauni refinery capacity expansion from 6.0 to 9.0 mmtpa (ministry of petroleum & natural gas) (701324)|bihar|01/2020 (01/2020)|04/2023 (08/2026)|14810 (16724)|12327.39|88
371|installation of bitumen manufacturing unit along with allied facilities at barauni refinery (ministryofpetroleumnaturalgas) (709777)|bihar|01/2022 (01/2022)|04/2025 (10/2026)|389.35 (340)|77.72|50
372|city gas distribution projects at darbhanga, madhubani, supaul, sitamarhi and sheohar districts (bharat petroleum corporation limited [bpcl]) (709792)|bihar|12/2022 (12/2022)|03/2030 (03/2030)|3638 (3638)|428.18|29
373|city gas distribution projects at gopalganj, siwan, west champaran, east champaran and deoria districts (bharat petroleum corporation limited [bpcl]) (709793)|bihar|12/2022 (12/2022)|06/2030 (06/2030)|3919 (3919)|431.68|21
374|city gas distribution [cgd] project in kondagaon, bastar, sukma, narayanpur, bijapur & dantewada ga (ministry of petroleum & natural gas) (617819)|chhattisgarh|06/2022 (06/2022)|06/2030 (06/2030)|557.04 (557.04)|8.33|2
375|redevelopment of sobhasan complex (oil and natural gas corporation limited [ongc]) (400087)|gujarat|08/2021 (08/2021)|02/2026 (02/2026)|885.63 (1286.67)|876.84|80
376|redevelopment of santhal field [onshore-mehsana asset] (oil and natural gas corporation limited [ongc]) (400167)|gujarat|02/2017 (02/2017)|03/2026 (03/2026)|1162.56 (1162.56)|1140.98|95
377|redevelopment of linch field (oil and natural gas corporation limited [ongc]) (400169)|gujarat|04/2021 (04/2021)|03/2025 (03/2026)|631.03 (860.04)|572.91|87
378|petrochemical and lube integration project at gujarat refinery (ministry of petroleum & natural gas) (701329)|gujarat|09/2020 (09/2020)|08/2024 (06/2026)|18936 (17825)|12940.13|85
379|installation of new biturox unit along with allied facilities at gujarat refinery (ministryofpetroleumnaturalgas) (709778)|gujarat|01/2022 (01/2022)|08/2025 (09/2026)|328.29 (287)|172.32|67
380|commercial polymer flooding project in bechraji field (oil and natural gas corporation limited [ongc]) (709838)|gujarat|01/2022 (01/2022)|11/2024 (05/2027)|621.4 (739.02)|137.74|24
381|restoration of gas terminal, phase-i [part-a], hazira (oil and natural gas corporation limited [ongc]) (709840)|gujarat|05/2022 (05/2022)|02/2025 (12/2025)|249.43 (249.43)|210.42|95
382|old pipe line replacement [oprp] group-a (oil and natural gas corporation limited [ongc]) (709841)|gujarat|07/2021 (07/2021)|07/2025 (03/2026)|173.03 (169.84)|154.84|89
383|kalol redevelopment project, ahmedabad asset (oil and natural gas corporation limited [ongc]) (709842)|gujarat|08/2022 (08/2022)|03/2027 (03/2027)|1487.41 (1487.41)|937.75|62
384|revamping of sv stations, gas terminal & kribhco terminal (oil and natural gas corporation limited [ongc]) (709845)|gujarat|11/2022 (11/2022)|08/2026 (08/2026)|837.34 (837.34)|301.21|57
385|indian oil technology development and deployment centre at r&d campus-ii, faridabad (ministry of petroleum & natural gas) (604853)|haryana|06/2019 (06/2019)|12/2022 (10/2026)|2281.94 (3200)|1850.35|64
386|poly butadiene rubber plant at panipat (indian oil corporation limited [iocl]) (611917)|haryana|03/2022 (03/2022)|03/2025 (06/2026)|1459 (2531.44)|1418.65|77
387|capacity expansion of panipat refinery from 15 to 25 mmtpa (ministry of petroleum & natural gas) (701289)|haryana|02/2021 (02/2021)|09/2024 (06/2026)|34627 (36225)|27366.2|91
388|installation of multiple effect evaporator [mee] for etp-1, 2 & 4 of panipat refinery and petrochemical complex. (ministryofpetroleumnaturalgas) (709783)|haryana|12/2020 (12/2020)|06/2023 (06/2026)|165.13 (247.69)|143.78|77
389|city gas distribution project at jammu, udhampur, reasi, samba and kathua districts (ministryofpetroleumnaturalgas) (709773)|jammu and kashmir|03/2022 (03/2022)|03/2032 (03/2032)|538 (538)|4.11|0
390|development of jharia cbm block [phase-1] (oil and natural gas corporation limited [ongc]) (610984)|jharkhand|11/2019 (11/2019)|01/2024 (03/2026)|431 (431)|227|61
391|laying of natural gas pipeline from hazaribagh to ranchi [hrpl] (ministryofpetroleumnaturalgas) (709785)|jharkhand|02/2023 (02/2023)|02/2026 (02/2026)|202.07 (202.07)|61.67|50
392|power system upgradation project (mangalore refinary and petrochemicals limited) (612790)|karnataka|10/2023 (10/2023)|11/2025 (05/2026)|385 (385)|164.35|72
393|demo bio-atf project (ministry of petroleum & natural gas) (616879)|karnataka|03/2024 (03/2024)|01/2027 (01/2027)|364 (364)|39.1|22
394|revamping/ augmentation of facilities at existing port terminal at mangalore (ministry of petroleum & natural gas) (709774)|karnataka|01/2022 (01/2022)|12/2025 (06/2027)|463 (500.62)|290.86|75
395|augmentation of cckpl and idpl pipelines capacity along with setting up of palakkad top (ministry of petroleum & natural gas) (617838)|kerala|09/2024 (09/2024)|08/2028 (08/2028)|1130 (1130)|173.9|20
396|replacement and extension of jetty pipelines [rejp] at kr (bharat petroleum corporation limited [bpcl]) (709790)|kerala|03/2023 (03/2023)|03/2026 (03/2026)|621.87 (621.87)|211.67|91
397|setting up polypropylene unit at kochi refinery (ministryofpetroleumnaturalgas) (709799)|kerala|12/2023 (12/2023)|10/2027 (10/2027)|4460 (4460)|351.85|18
398|c2/c3 vijaipur pata pipeline (ministry of petroleum & natural gas) (617830)|madhya pradesh|05/2024 (05/2024)|01/2027 (-)|1792 (1792)|261.13|38
399|ethylene cracker project at bina refinery including downstream petrochemical plants and expansion of refinery (ministryofpetroleumnaturalgas) (709798)|madhya pradesh|05/2023 (05/2023)|05/2028 (05/2028)|43367 (43367)|2033|17
400|debottlenecking and augmentation of cryogenic facilities at uran lpg import terminal (department of water resources, river development & gr) (400158)|maharashtra|04/2021 (04/2021)|02/2024 (12/2025)|1164.69 (1629.86)|1012.27|90
401|500 kta pdhpp project, usar (ministry of petroleum & natural gas) (400168)|maharashtra|04/2021 (04/2021)|04/2025 (06/2026)|8797 (11256)|7212.88|87
402|construction of lube oil blending plant at rasayani (ministry of petroleum & natural gas) (610985)|maharashtra|05/2022 (05/2022)|12/2023 (12/2025)|423.39 (526.26)|326.5|88
403|lube modernization & bottom upgradation project at mumbai refinery (ministry of petroleum and natural gas) (616933)|maharashtra|12/2024 (12/2024)|03/2028 (03/2028)|4679 (4679)|213.91|6
404|hp tdae unit in mumbai refinery (hindustan petroleum corporation limited) (709760)|maharashtra|06/2024 (06/2024)|04/2026 (04/2026)|240 (240)|70.12|62
405|city gas distribution project at beed, jalgaon and jalna districts (ministryofpetroleumnaturalgas) (709771)|maharashtra|03/2022 (03/2022)|09/2031 (09/2031)|865 (865)|73.18|3
406|construction of additional tankages and allied facilities at jnpt terminal (ministryofpetroleumnaturalgas) (709780)|maharashtra|04/2022 (04/2022)|08/2026 (08/2026)|341.43 (436.14)|289.92|55
407|atf pipeline from jawaharlal nehru port trust to navi mumbai international airport (indian oil corporation limited [iocl]) (709782)|maharashtra|08/2022 (08/2022)|08/2025 (03/2026)|165 (165)|94.28|79
408|installation of independent de- aromatized solvents [das] production facilities at mr (bharat petroleum corporation limited [bpcl]) (709789)|maharashtra|03/2023 (03/2023)|07/2025 (02/2026)|405 (343)|227.3|95
409|pol & lobs installations with receipt pipelines at rasayani (bharat petroleum corporation limited [bpcl]) (709797)|maharashtra|05/2023 (05/2023)|05/2026 (05/2026)|2585 (2585)|788.46|67
410|part replacement pipeline project [prpp] (oil and natural gas corporation limited [ongc]) (709846)|maharashtra|11/2022 (11/2022)|05/2024 (01/2026)|1219.48 (1145.1)|745|90
411|visakh raipur pipeline project (ministry of petroleum and natural gas) (616254)|multi-states (andhra pradesh, chhattisgarh, odisha)|09/2024 (09/2024)|09/2027 (09/2027)|2212 (2212)|22.57|14
412|north east gas grid (ministry of petroleum & natural gas) (701346)|multi-states (arunachal pradesh, assam, manipur, meghalaya, mizoram, nagaland, sikkim, tripura, west bengal)|04/2020 (04/2020)|03/2024 (03/2026)|9265 (9265)|6608.95|86
413|upgradation of facilities of numaligarh-siliguri product pipeline [nspl] for transportation of additional products from existing 1.72 mmtpa to 5.5 mmtpa (ministry of petroleum & natural gas) (701350)|multi-states (assam, west bengal)|06/2021 (06/2021)|12/2024 (12/2025)|860 (860)|636.92|99
414|cgd project in banka, dumka, godda, jamtara, pakur, sahibganj ga id 11a.02 (hindustan petroleum corporation limited) (709757)|multi-states (bihar, jharkhand)|06/2022 (06/2022)|06/2030 (06/2030)|1377 (1377)|347.15|31
415|mumbai nagpur jharsuguda pipeline project (ministry of petroleum & natural gas) (701354)|multi-states (chhattisgarh, madhya pradesh, maharashtra, odisha)|06/2020 (06/2020)|05/2023 (12/2025)|7844.25 (8255)|6710.1|97
416|mehsana-bhatinda & bhatinda-jammu natural gas pipeline (ministry of petroleum & natural gas) (701330)|multi-states (gujarat, haryana, punjab, rajasthan)|07/2011 (07/2011)|06/2024 (12/2025)|7392 (7392)|6320|90
417|gurdaspur jammu pipeline (gas authority of india limited [gail]) (612853)|multi-states (jammu and kashmir, punjab)|07/2023 (07/2023)|07/2026 (07/2026)|521.9 (521.9)|233.4|42
418|kochi - koottanad - bangalore - mangalore pipeline phase-ii (ministry of petroleum & natural gas) (701228)|multi-states (karnataka, kerala, tamil nadu)|06/2009 (06/2009)|12/2012 (12/2025)|2915 (5909)|4531.49|95
419|city gas distribution maharashtra natural gas limited (ministry of petroleum & natural gas) (701338)|multi-states (karnataka, maharashtra)|01/2006 (01/2006)|06/2031 (06/2031)|5535 (5535)|4011.77|0
420|dhamra haldia pipeline project (ministry of petroleum & natural gas) (701344)|multi-states (odisha, west bengal)|03/2020 (03/2020)|11/2022 (12/2025)|1030.65 (1125)|879.9|90
421|city gas distribution projects at fazilka [except area already authorized], ganganagar and hanumangarh districts (bharat petroleum corporation limited [bpcl]) (709794)|multi-states (punjab, rajasthan)|12/2022 (12/2022)|06/2030 (06/2030)|3207 (3207)|366.34|26
422|augmentation/ revamping of dimapur depot, dimapur (ministryofpetroleumnaturalgas) (709786)|nagaland|08/2023 (08/2023)|11/2027 (11/2027)|227.62 (227.62)|11.41|26
423|integrated para xylene [px] and purified terephthalic acid [pta] project at paradip refinery (ministry of petroleum & natural gas) (604859)|odisha|07/2020 (07/2020)|01/2024 (08/2026)|13805 (11783)|8552.2|91
424|city gas distribution [cgd] project in gajapati, kandhamal, boudh, & sonepur ga (ministry of petroleum & natural gas) (617818)|odisha|02/2022 (02/2022)|02/2030 (02/2030)|514.91 (514.91)|22.2|4
425|cuf pol depot at sadashibpur [meramundali], odisha (ministryofpetroleumnaturalgas) (709800)|odisha|04/2021 (04/2021)|03/2026 (03/2026)|393.54 (393.54)|123.06|52
426|life extension of 48 well platforms of mumbai high & heera fields (oil and natural gas corporation limited [ongc]) (400119)|offshore|12/2015 (12/2015)|04/2018 (03/2026)|3190.69 (3375.9)|3122.39|90
427|prp-viii [group-a] (ministry of petroleum & natural gas) (616950)|offshore|09/2024 (09/2024)|02/2026 (05/2026)|1486.4 (1486.4)|272.3|24
428|daman upside development project (oil and natural gas corporation limited [ongc]) (709839)|offshore|06/2022 (06/2022)|10/2025 (02/2026)|4144.41 (6406.9)|4694.85|90
429|mhn tcpp pgc bgc project [mtpbp] (ministry of petroleum & natural gas) (709848)|offshore|06/2022 (06/2022)|05/2026 (05/2026)|2329.45 (2354.23)|1148.9|61
430|prp-viii group b [nh & bs asset] (ministry of petroleum & natural gas) (709849)|offshore|06/2024 (06/2024)|02/2026 (05/2026)|2379.84 (3165.53)|1806.9|70
431|integrated development of 4 contract areas under dsf-ii (ministry of petroleum & natural gas) (709851)|offshore|05/2023 (05/2023)|04/2027 (04/2027)|6183.79 (6183.79)|697.67|24
432|2g ethanol biorefinery at bathinda (hindustan petroleum corporation limited [hpcl]) (400171)|punjab|05/2020 (05/2020)|02/2023 (03/2026)|1421.46 (1421.46)|1207.72|95
433|city gas distribution project at pathankot district (ministryofpetroleumnaturalgas) (709770)|punjab|03/2022 (03/2022)|09/2033 (09/2033)|151 (151)|8.77|2
434|cbr 9 mmtpa project (chennai petroleum corporation limited [cpcl]) (604795)|tamil nadu|09/2021 (09/2021)|06/2025 (10/2028)|31580 (36354)|1397.8|10
435|laying of new 28 inch desal water pipeline and 10 inch reject water pipeline between cpcl manali refinery and cpcl desalination plant at ennore (chennai petroleum corporation limited [cpcl]) (709750)|tamil nadu|01/2024 (01/2024)|09/2025 (12/2025)|205 (205)|66.22|52
436|city gas distribution projects at the nilgiris and erode districts (bharat petroleum corporation limited [bpcl]) (709796)|tamil nadu|12/2022 (12/2022)|03/2030 (03/2030)|3685 (3685)|250.98|21
437|atf pipeline from bpcls malkapur pol installation to hyderabad international airport (ministryofpetroleumnaturalgas) (617822)|telangana|na (03/2025)|09/2027 (-)|215 (215)|0|10
438|creation of gas dehydration facilities, tripura asset (oil and natural gas corporation limited [ongc]) (709837)|tripura|03/2022 (03/2022)|05/2024 (05/2026)|209.33 (131.51)|70.94|66
439|pp project, pata (gas authority of india limited [gail]) (400161)|uttar pradesh|03/2019 (03/2019)|01/2024 (12/2025)|910.56 (1299.02)|1051|99
440|revamping / augmentation of facilities at mathura bitumen plant (ministryofpetroleumnaturalgas) (709781)|uttar pradesh|04/2022 (04/2022)|06/2027 (12/2026)|260.12 (260.12)|10.38|33
441|city gas distribution projects at lakhimpur kheri , sitapur, bahraich, shravasti,balrampur, siddharth nagar & maharajganj districts (bharat petroleum corporation limited [bpcl]) (709795)|uttar pradesh|12/2022 (12/2022)|06/2030 (06/2030)|16654 (16654)|630.34|12
442|durgapur - haldia pipeline [section-3b of jhbdpl project] (ministry of petroleum & natural gas) (617302)|west bengal|03/2017 (03/2017)|12/2020 (12/2025)|1740 (2493.15)|2304.3|91
443|siliguri-jhapa pipeline project (indian oil corporation limited (iocl)) (617828)|west bengal|09/2024 (09/2024)|03/2029 (03/2029)|267 (267)|1.37|7
444|siliguri marketing terminal [smt] capacity augmentation project (ministry of petroleum & natural gas) (617837)|west bengal|11/2021 (11/2021)|12/2025 (12/2025)|484 (484)|282.21|79
445|haldia panagarh pipeline project (hindustan petroleum corporation limited) (709753)|west bengal|11/2022 (11/2022)|11/2025 (05/2026)|1010 (1010)|699.07|87
446|cgd project in malda, birbhum, murshidabad, dakshin dinajpur ga id 11a.03 (hindustan petroleum corporation limited) (709758)|west bengal|06/2022 (06/2022)|06/2030 (06/2030)|2628 (2628)|348.91|30
447|city gas distribution project at east mednipore, west mednipore & jhargram districts (ministryofpetroleumnaturalgas) (709772)|west bengal|03/2022 (03/2022)|06/2031 (06/2031)|609 (609)|58.09|2
448|city gas distribution projects at alipurduar and cooch behar (bharat petroleum corporation limited [bpcl]) (709791)|west bengal|12/2022 (12/2022)|03/2030 (03/2030)|1017 (1017)|199.62|40
449|setting up it infrastructure including network security and hosting at aiims, new delhi (pmssy and institute of national importance) (617882)|delhi|09/2025 (09/2025)|09/2026 (-)|358.19 (358.19)|0|0
450|redevelopment of residential colonies at ayur vigyan nagar and west ansari nagar campuses of aiims, new delhi (pmssy and institute of national importance) (617883)|delhi|10/2016 (06/2022)|06/2027 (-)|4441 (4441)|24.68|61
451|aiims majra rewari haryana (pmssy and institute of national importance) (701173)|haryana|02/2019 (02/2019)|12/2026 (12/2026)|1299 (1646.43)|349.41|45
452|aiims kashmir at awantipora jammu & kashmir (pmssy and institute of national importance) (701167)|jammu and kashmir|01/2019 (03/2019)|12/2025 (06/2026)|1828 (2160.84)|1354.55|2
453|aiims bibinagar (pmssy and institute of national importance) (701171)|telangana|12/2018 (07/2022)|06/2026 (06/2026)|1028 (1365.95)|818.46|85
454|construction of 350 beds + 50 super specialty beds esic hospital sheelanagar, visakhapatnam, andhra pradesh (employee's state insurance company [esic]) (612167)|andhra pradesh|02/2021 (04/2023)|10/2025 (01/2026)|384.27 (384.27)|105|40
455|construction of 200 bedded esic hospital with 62 nos staff quarters , beltola (employee's state insurance company [esic]) (612201)|assam|12/2017 (10/2021)|04/2025 (02/2026)|143.23 (154.75)|101.83|94
456|c/o construction of 200 bedded [up-gradable to 300 bedded] esi hospital at surat gujarat. (employee's state insurance company [esic]) (612185)|gujarat|06/2019 (03/2021)|06/2025 (01/2026)|209.36 (209.36)|185.96|98
457|350 bedded [upgradable to 500 beds] esi hospital at sanand (employee's state insurance company [esic]) (612186)|gujarat|06/2022 (04/2023)|03/2026 (05/2027)|558.12 (558.12)|60.66|8
458|demolition, construction and upgradation of esi hospital, kalol, gujarat from 50 beds to 150 beds. (employee's state insurance company [esic]) (612211)|gujarat|08/2022 (10/2023)|10/2025 (06/2026)|205.87 (205.87)|31.49|18
459|construction of 100 bedded esic hospital & 32 nos. of staff qtrs at ompura j&k. (employee's state insurance company [esic]) (612239)|jammu and kashmir|09/2019 (12/2021)|09/2024 (12/2025)|131.05 (164.93)|162.05|99
460|construction of 200 bed esi hospital at bommasandra, karnataka (employee's state insurance company [esic]) (612745)|karnataka|02/2015 (10/2024)|01/2027 (-)|278 (278)|27.8|0
461|construction of 100 bed esi hospital and staff quarters [32 nos.] at harohalli, karnataka (employee's state insurance company [esic]) (612748)|karnataka|07/2019 (03/2025)|02/2027 (-)|150.92 (150.92)|0|0
462|construction of 200 bedded [upgradable to 500 bedded including 50 beds of sst] esic hospital at bibewadi, pune (employee's state insurance company [esic]) (612188)|maharashtra|05/2018 (03/2023)|09/2025 (02/2026)|429.25 (429.25)|282.09|70
463|construction of 200 bedded esic hospital at butibori, nagpur, maharashtra. (employee's state insurance company [esic]) (612213)|maharashtra|10/2013 (08/2022)|08/2025 (09/2026)|194.93 (196.7)|114.39|62
464|upgradation & extension of esic hospital and construction of pg hostel / staff housing for esic hospital at andheri, mumbai (employee's state insurance company [esic]) (616691)|maharashtra|12/2008 (06/2009)|08/2025 (12/2025)|260.13 (260.13)|210.12|89
465|construction of 100 bedded esi hospital at duburi, odisha. (employee's state insurance company [esic]) (612513)|odisha|12/2010 (02/2025)|06/2027 (-)|164.6 (164.6)|16.4|7
466|construction of 100 bedded esic hospital building and 32 nos residential quarters at vallam vadangal, sipcot, sriperumbudur (employee's state insurance company [esic]) (612178)|tamil nadu|02/2015 (03/2023)|06/2025 (01/2026)|152.95 (177.01)|107.83|99
467|construction of 300 bedded hospital at haridwar (employee's state insurance company [esic]) (612259)|uttarakhand|02/2021 (12/2021)|10/2024 (03/2026)|102.4 (297.63)|321.82|80
468|establishment of 600 bed super specialty hospital with optional development of medical college and further expansion on ppp basis. (mumbai port trust [mpt]) (708662)|maharashtra|08/2019 (01/2022)|06/2026 (12/2027)|693 (693)|58|11
469|jal marg vikas project (inland waterways authority of india [iwai]) (701565)|multi-states (bihar, jharkhand, uttar pradesh, west bengal)|01/2018 (02/2018)|12/2023 (12/2025)|5369.18 (5061.15)|3577.42|73
470|fairway development in west bengal farakka - kahelgaon (inland waterways authority of india [iwai]) (611142)|offshore|01/2018 (08/2018)|07/2023 (04/2024)|177 (197)|383.41|100
471|development of container terminal at tuna-tekra, deendayal port on bot basis under ppp mode (deendayal port trust) (609424)|gujarat|10/2022 (03/2024)|03/2027 (-)|4243.64 (4243.64)|817.98|34
472|construction of oil jetty no.8 at old kandla through internal resources (deendayal port trust [dpt]) (701568)|gujarat|02/2018 (02/2021)|02/2023 (07/2024)|100 (225.85)|186.47|90
473|replacement and revamping of pipeline projects in oil jetty area, kandla (deendayal port trust [dpt]) (701570)|gujarat|09/2021 (09/2021)|09/2023 (03/2025)|171 (211.61)|137.51|71
474|mechanization of berth no.14 for handling containers and other cargo on dbfot basis - phase ii (new mangalore port authority) (617804)|karnataka|12/2023 (06/2024)|03/2027 (-)|153.23 (153.23)|24|33
475|rewas port project (reliance industries ltd) (400382)|maharashtra|12/2019 (01/2020)|03/2023 (-)|6000 (6000)|5999.89|88
476|setting up of a floating storage and regasification unit [fsru] - mumbai (mumbai port trust [mpt]) (701586)|maharashtra|11/2020 (04/2021)|11/2026 (11/2026)|900 (900)|65|0
477|deepening and optimization of inner harbour facilities including development of western dock on bot basis to handle cape size vessels (paradip port trust [ppt]) (701574)|odisha|05/2022 (01/2023)|12/2027 (10/2028)|3004.63 (3004.63)|1277.52|50
478|berth no. 2 [previously berth 3] of hdc mechanization project (haldia dock complex, syama prasad mookerjee port authority) (701576)|west bengal|11/2022 (03/2023)|09/2025 (01/2026)|298.26 (298.26)|457.85|99
479|shalukkhali liquid cargo handling facility development project (haldia dock complex, syama prasad mookerjee port authority) (701577)|west bengal|01/2022 (08/2022)|08/2025 (-)|253.65 (253.65)|9.28|0
480|national maritime heritage complex [nmhc] phase-i (indian port rail & ropeway corporation ltd. [iprcl]) (707215)|gujarat|02/2019 (01/2022)|03/2024 (09/2025)|573 (1238.05)|515.97|70
481|capacity expansion of deposit-14 and 14 nmz at kirandul (national mineral development corporation limited [nmdc]) (615202)|chhattisgarh|08/2021 (07/2022)|12/2028 (03/2028)|1700 (1756.2)|142.16|7
482|replacement of hot leveller no.1 of plate mill at bhilai steel plant (steel authority of india limited [sail]) (617243)|chhattisgarh|07/2024 (08/2024)|07/2026 (-)|198.62 (198.62)|20.98|20
483|replacement of converter vessels, trunnion rings, support system & installation of secondary emission at bhilai steel plant (steel authority of india limited [sail]) (617255)|chhattisgarh|10/2023 (12/2023)|06/2026 (-)|471.83 (471.83)|161.45|51
484|rebuilding of coke oven battery no.7 & 8 at bhilai steel plant (steel authority of india limited [sail]) (617256)|chhattisgarh|11/2023 (01/2024)|10/2025 (03/2026)|884.1 (884.1)|530.05|82
485|nmdc slurry pipeline project phase-1 (national mineral development corporation limited [nmdc]) (706811)|chhattisgarh|11/2015 (09/2020)|06/2023 (12/2025)|2907 (5427)|3243.55|90
486|screening plant-iii at kirandul (national mineral development corporation limited [nmdc]) (709826)|chhattisgarh|na (10/2021)|01/2026 (-)|2718.84 (2718.84)|1396.9|78
487|construction of residential towers at biom kirandul complex (national mineral development corporation limited [nmdc]) (709827)|chhattisgarh|na (10/2022)|12/2025 (-)|349.75 (349.75)|299.39|94
488|new sinter plant at bsl, sail (steel authority of india limited [sail]) (400174)|jharkhand|03/2015 (10/2015)|10/2017 (06/2027)|1034.01 (1752.3)|885.61|53
489|replacement of existing grinders in crm-i & ii at bokaro steel plant (steel authority of india limited [sail]) (617249)|jharkhand|01/2025 (02/2025)|01/2027 (-)|211.94 (211.94)|20.54|16
490|secondary emission control in converters of sms-ii at bokaro steel plant (steel authority of india limited [sail]) (617250)|jharkhand|01/2025 (02/2025)|10/2026 (-)|207.13 (207.13)|15.76|11
491|revamping of old sub-systems of blast furnace 3 at bokaro steel plant (steel authority of india limited [sail]) (617253)|jharkhand|08/2023 (03/2023)|07/2025 (11/2025)|513.82 (513.82)|310.02|76
492|replacement of remaining 04 sets of battery cyclones with 04 nos. of esps in sinter plant-1 at bokaro steel plant (steel authority of india limited [sail]) (617254)|jharkhand|03/2024 (04/2024)|06/2026 (-)|260.37 (260.37)|58.19|25
493|rebuilding of coke oven battery no.6 at bokaro steel plant (steel authority of india limited [sail]) (617257)|jharkhand|11/2023 (12/2023)|11/2026 (-)|627.31 (627.31)|169.38|49
494|construction of screening plant-ii for donimalai and kumaraswamy iron ore mining complex of nmdc limited at ballari dt, karnataka. (national mineral development corporation limited [nmdc]) (400121)|karnataka|11/2014 (06/2024)|08/2026 (-)|1043.63 (1043.63)|320.8|40
495|installation of 4th slab caster along with its auxiliaries and a new ladle furnace in sms-ii at rourkela steel plant (steel authority of india limited [sail]) (400065)|odisha|01/2022 (02/2022)|05/2025 (09/2025)|1105.23 (1105.23)|790.11|100
496|rebuilding of cob 4 at durgapur steel plant (steel authority of india limited [sail]) (612781)|west bengal|09/2023 (09/2023)|12/2026 (-)|916.78 (916.78)|154.56|21
497|installation of new bar mill at durgapur steel plant (steel authority of india limited [sail]) (617242)|west bengal|07/2024 (08/2024)|06/2027 (-)|2115.44 (2115.44)|257.17|37
498|up-gradation of blast furnace no. 3 at durgapur steel plant (steel authority of india limited [sail]) (617246)|west bengal|09/2024 (08/2024)|06/2026 (-)|758.09 (758.09)|95.38|8
499|third ladle furnace in secondary refinery unit at iisco steel plant (steel authority of india limited [sail]) (617248)|west bengal|11/2024 (12/2024)|07/2026 (-)|227.96 (227.96)|27.2|34
500|revamping of air pollution control systems of sp-1 at durgapur steel plant (steel authority of india limited [sail]) (617251)|west bengal|07/2024 (12/2024)|05/2026 (-)|196.4 (196.4)|11.72|6
501|stamp charge battery no.12 battery proper at iisco steel plant (steel authority of india limited [sail]) (617338)|west bengal|01/2025 (02/2025)|07/2028 (-)|2518.39 (2518.39)|210.51|8
502|nadikudi - srikalahasti new line (south central railway [scr] - ii) (400298)|andhra pradesh|03/2012 (12/2016)|05/2027 (03/2028)|2312 (5932)|2421.35|54
503|malugur- palasamudram new line project [17.975 km] (south western railway [swr] - ii) (611615)|andhra pradesh|09/2022 (07/2026)|11/2027 (12/2027)|342 (342)|0|0
504|gooty-pendekallu doubling 29.225 km (south central railway [scr] - ii) (611752)|andhra pradesh|03/2023 (06/2023)|03/2027 (03/2027)|351.83 (351.83)|18|25
505|guntakal west-mallappa gate rail over rail - ror track (south central railway [scr] - ii) (611754)|andhra pradesh|07/2023 (07/2023)|07/2026 (-)|293.3 (293.3)|0|0
506|kurnool - setting up facilities for coach midlife rehabilitation workshop (wpo/patna) (611927)|andhra pradesh|01/2014 (10/2017)|12/2023 (-)|560.72 (560.72)|276.66|65
507|flyover between pendurthi and simhachalam north to avoid surface crossing at simhachalam 7.135 km pb 73 of 2023 24 nr (east coast railway [ecor] - ii) (612827)|andhra pradesh|04/2023 (05/2024)|04/2027 (-)|183.65 (183.65)|5.15|11
508|3rd & 4th line between vadlapudi -gate jn. cabin and tie line between gate junction to gangavaram port (east coast railway [ecor] - ii) (616697)|andhra pradesh|04/2023 (03/2024)|06/2026 (-)|154.28 (154.28)|20.58|32
509|tiupati katpadi 104.39 kms (south central railway [scr] - ii) (617210)|andhra pradesh|04/2025 (04/2025)|03/2029 (-)|1215.56 (1215.56)|0.1|0
510|3rd line between gudur renigunta 83.17 km (south central railway [scr] - ii) (617216)|andhra pradesh|10/2024 (10/2024)|03/2027 (-)|877.34 (877.34)|29.04|0
511|kurnool coach midlife rehabilitation project (wpo/patna) (705253)|andhra pradesh|05/2016 (07/2014)|12/2020 (-)|563 (563)|120|0
512|kotapalli - narasapur new line (south central railway [scr] - ii) (705436)|andhra pradesh|03/2009 (09/2013)|03/2028 (03/2028)|2501 (2501)|1320.81|29
513|guntur-guntakal doubling project (south central railway [scr] - ii) (705633)|andhra pradesh|03/2017 (11/2017)|12/2025 (12/2026)|3733 (4295)|4475.93|93
514|vijaywada-gudur 3rd line (rvnl - ii) (705648)|andhra pradesh|08/2016 (04/2018)|11/2024 (12/2025)|6654 (6654)|5922|90
515|penukonda - dharmavaram doubling project [41.5 km] (south western railway [swr] - ii) (705789)|andhra pradesh|06/2018 (12/2018)|03/2026 (03/2026)|307.66 (307.66)|276.34|85
516|doubling of new bonggigaon to kamakhya via goalpara - 176 km (northeast frontier railway [nfr]) (705572)|assam|09/2016 (09/2016)|03/2026 (03/2026)|4060 (4961)|3729.89|93
517|guwahati-dibrugarh via tinsukia & simaluguri-dibrugarh (central organisation for railway electrification [core]) (706922)|assam|09/2020 (09/2018)|09/2020 (06/2024)|890.36 (889.36)|391.73|89
518|mariani-jorhat, tinsukia-dangri and makum -tiraptrack electrification project (gm/c/ nfr) (706940)|assam|09/2018 (01/2022)|05/2024 (-)|183.99 (183.99)|0|0
519|harmuty-murkongselek branch line electrification project (gm/c/ nfr) (706942)|assam|09/2018 (01/2022)|05/2024 (-)|237.52 (237.52)|0|0
520|sakri -hasanpur [via harnagar - kusheshwar asthan] new railway line (east central railway [ecr] - i) (400254)|bihar|12/2023 (08/1997)|12/2024 (03/2027)|735.2 (735.2)|588.66|84
521|construction of bulb line at nabinagar ankorah of east central railway (east central railway [ecr] - i) (617231)|bihar|06/2024 (06/2024)|06/2028 (-)|611.74 (611.74)|0|0
522|jhajha-batai new line project (east central railway [ecr] - i) (617373)|bihar|03/2023 (03/2023)|03/2027 (-)|588.18 (588.18)|3.05|0
523|bakhtiyarpur-rajgir-tilaiya [single line section]104km (east central railway (ecr) - ii) (617824)|bihar|10/2025 (10/2025)|10/2029 (-)|2017.38 (2017.38)|0|0
524|khagaria-kusheshwar asthan [42km] new line project (east central railway [ecr] - i) (705364)|bihar|04/2019 (12/1998)|12/2024 (03/2027)|614 (1384.16)|487.99|55
525|hajipur-sagauli new line (east central railway [ecr] - i) (705366)|bihar|10/2007 (10/2004)|03/2020 (12/2026)|2067 (2087)|2015.02|74
526|araria supaul new bg line (east central railway [ecr] - i) (705368)|bihar|06/2018 (03/2009)|03/2024 (01/2027)|1605 (2514)|1604.02|40
527|fatuha-islampur incl. mm for extn.of nl from neora to daniawan , daniawan to biharsharif, biharsharif to barbigha , barbigha to shekhpura (east central railway [ecr] - i) (705373)|bihar|08/2002 (03/2002)|03/2023 (08/2025)|1473 (2882)|2538.21|95
528|jogbani-biratnagar new rail line project (indian railway construction international limited [ircon]) (705450)|bihar|06/2010 (01/2011)|03/2022 (12/2026)|402 (486)|367.54|86
529|samastipur-darbhanga doubling railway project (east central railway [ecr] - i) (705526)|bihar|11/2015 (12/2015)|03/2025 (10/2025)|519 (519)|380.73|85
530|sagauli-valmiknagar (east central railway [ecr] - i) (705527)|bihar|03/2018 (03/2017)|12/2025 (12/2025)|1216 (2222)|2074.54|92
531|muzaffarpur-sugauli (east central railway [ecr] - i) (705528)|bihar|03/2018 (03/2017)|06/2024 (02/2026)|1586 (1586)|1471.11|99
532|rampur dumra-tal-rajendrapul additional bridge and railway line doubling (indian railway construction international limited [ircon]) (706759)|bihar|03/2016 (05/2017)|12/2024 (12/2025)|2373.64 (1700.24)|1427.78|97
533|barauni-bachwara [16 km] - 3rd & 4th line incl. barauni yard remodelling [32 km] (east central railway [ecr] - i) (706860)|bihar|10/2022 (08/2025)|08/2025 (10/2026)|645 (645)|27.98|55
534|jhajha - batia (east central railway [ecr] - i) (900874)|bihar|03/2023 (03/2023)|03/2028 (01/2030)|588.18 (588.18)|0.82|0
535|kharsia-dharamjaygarh with spur line [east corridor-phase 1] (indian railway construction international limited [ircon]) (400220)|chhattisgarh|03/2016 (01/2014)|09/2018 (03/2026)|3055 (3438)|2624.33|94
536|doubling of kirandul-jagdalpur line [150 km] (east coast railway [ecor] - ii) (400291)|chhattisgarh|02/2013 (03/2013)|03/2020 (12/2025)|1589 (1798)|1576.81|94
537|gauge conversion of kendri-dhamtari including abhanpur - rajim branch line 67.20 kms - 2nd material modification to raipur titlagarh doubling. (secr) (602792)|chhattisgarh|07/2011 (05/2021)|02/2025 (03/2026)|1171 (1171)|377.41|100
538|4th line between nipania bhatapara 14.4 km (south east central railway [secr] - ii) (612815)|chhattisgarh|12/2022 (05/2024)|03/2027 (-)|170.49 (170.49)|1.34|5
539|dharamjaigarh-korba 63 km (cerl) (613003)|chhattisgarh|08/2023 (07/2022)|08/2026 (-)|1686.26 (1686.26)|288.83|18.5
540|kharsia- naya raipur-parmalkasa 5th and 6th line [278km] (cao/c/secr) (617200)|chhattisgarh|04/2025 (04/2025)|03/2031 (-)|7853.84 (7853.84)|0|0
541|dallirajhara - rowghat new rail line project, phase-i (rail vikas nigam limited) (617374)|chhattisgarh|na (11/2009)|03/2025 (02/2026)|1516.45 (1881.26)|2053.12|94
542|dallirajhra- rowghat new railway line - phase i [95 km] (rail vikas nigam limited) (705433)|chhattisgarh|07/2009 (12/2009)|09/2025 (12/2025)|1628 (1628)|1440.85|82
543|gevra road-pendra road new railway line [135 km] (indian railway construction international limited [ircon]) (705444)|chhattisgarh|04/2014 (04/2014)|03/2022 (12/2025)|4970 (7448.52)|4696.68|75
544|boridand - ambikapur doubling line project (south east central railway [secr] - ii) (706854)|chhattisgarh|06/2022 (04/2022)|06/2030 (06/2030)|1376 (1576.72)|139.49|21
545|4th line - bhatapara-hathband [8.8 km] [pb-72/nr/2022-23] (secr) (709815)|chhattisgarh|09/2022 (05/2024)|01/2027 (12/2027)|177.03 (177.03)|0|3
546|4th line - bhilai-bhilai nagar [8.8 km] [pb-72/nr/2022-23] (secr) (709816)|chhattisgarh|09/2022 (05/2024)|02/2027 (02/2027)|177.34 (177.34)|1.64|6
547|4th line - dadhapara-belha [9.2 km] [pb-72/nr/2022-23] (secr) (709817)|chhattisgarh|09/2022 (05/2024)|11/2026 (11/2026)|169.06 (169.06)|18.37|60
548|4th line rajnandgaon-dongarhgarh [31.2 km] [pb-72/nr/2022-23] (secr) (709818)|chhattisgarh|09/2022 (05/2024)|01/2027 (01/2027)|328.34 (328.34)|57.3|27
549|3rd and 4th line - saragbundia and madwarani (secr) (709819)|chhattisgarh|09/2022 (05/2025)|12/2026 (12/2026)|167.64 (167.64)|0.11|4
550|redevelopment of new delhi railway station and construction of associated infrastructure (rail land development authority) (613785)|delhi|01/2023 (06/2024)|12/2028 (-)|4744 (4744)|129.61|1
551|development of new bijwasan railway terminal (northern railways) (617379)|delhi|02/2008 (03/2013)|03/2020 (12/2025)|446.21 (446.21)|521.74|80
552|north region video surveillance project (rcil) (705298)|delhi|06/2020 (04/2023)|03/2024 (-)|274.39 (274.39)|0|0
553|anand vihar-tilak bridge 3rd & 4th line (cao/c/nr) (705583)|delhi|03/2013 (03/2013)|03/2023 (12/2027)|667 (667)|289.26|63
554|provision of work-site tampers [wst] railway project (edtk[mc]/rb) (705694)|delhi|01/2016 (01/2016)|12/2023 (01/2026)|187.72 (187.72)|141.91|100
555|wst machine procurement project (edtk[mc]/rb) (705708)|delhi|06/2018 (06/2018)|03/2024 (12/2027)|176 (176)|0|0
556|pct machine procurement project (edtk[mc]/rb) (705710)|delhi|04/2019 (04/2019)|04/2024 (06/2027)|336 (336)|74.32|85
557|rbmv machine procurement project (edtk[mc]/rb) (705712)|delhi|10/2019 (10/2019)|06/2024 (12/2027)|480 (480)|20.65|27
558|srgm machine procurement project (edtk[mc]/rb) (705717)|delhi|10/2019 (10/2019)|12/2023 (03/2026)|440 (440)|390.03|90
559|wst machine procurement project (edtk[mc]/rb) (705720)|delhi|12/2019 (12/2019)|04/2024 (12/2026)|384 (384)|0|0
560|dts machine procurement project (edtk[mc]/rb) (705721)|delhi|12/2019 (12/2019)|12/2024 (12/2030)|447.6 (447.6)|0|0
561|brm machine procurement project (edtk[mc]/rb) (705722)|delhi|09/2019 (09/2019)|06/2024 (12/2027)|210 (210)|0.02|0
562|track machine procurement project (edtk[mc]/rb) (705726)|delhi|04/2020 (04/2020)|03/2025 (01/2028)|6339 (6339)|4201.26|62
563|kosamba umarpada 70 km (pce/wr) (611918)|gujarat|07/2023 (07/2022)|03/2027 (-)|468 (468)|20.28|8
564|adraj moti vijapur 40 kms (western railway (wr) - ii) (611937)|gujarat|05/2022 (05/2022)|05/2026 (12/2025)|417.53 (417.53)|502.23|90
565|new broad gauge line between naliya to jakhau port (western railway (wr) - ii) (611943)|gujarat|02/2023 (02/2023)|01/2028 (01/2028)|410.26 (410.26)|7|5
566|quadrupling between gandhidham adipur with y connection at adipur for providing direct entry towards mundra port and bhuj and high level platform at gopalpur 11kms (western railway (wr) - ii) (611944)|gujarat|02/2023 (02/2023)|03/2026 (01/2026)|152.44 (152.44)|102.65|85
567|petlad bhadran 23 kms (western railway) (611945)|gujarat|05/2022 (05/2022)|05/2030 (05/2030)|307.11 (307.11)|13.59|17
568|samlaya timba road 54 km (pce/wr) (611970)|gujarat|02/2023 (02/2023)|03/2030 (03/2030)|670.17 (670.17)|45.02|12
569|samni jambusar 24 km (pce/wr) (611971)|gujarat|05/2022 (05/2022)|03/2030 (03/2030)|350 (349.93)|67.73|31
570|western railway samakhiali gandhidham quadrupiling 53 kms (western railway (wr) - ii) (611974)|gujarat|08/2023 (08/2023)|12/2026 (06/2027)|1430 (1430)|230.24|21
571|dahod creation of infrastructure facilities for 9000 hp electric locomotives manufacturing at (pce/wr) (611977)|gujarat|05/2022 (02/2023)|02/2025 (-)|487 (487)|108.69|0
572|dahod rolling stock workshop provision of infrastructure for cbs at (pce/wr) (611978)|gujarat|11/2022 (03/2023)|03/2025 (-)|158 (158)|47.31|0
573|sabarmati setting up of maintenance facilities for train sets phase ii (western railway (wr) - ii) (611979)|gujarat|01/2023 (04/2023)|06/2025 (03/2026)|250 (250)|103.21|60
574|4th line between barejadi nandej-sanand-ahmedabad bypass (western railway (wr) - ii) (612072)|gujarat|02/2023 (02/2023)|03/2027 (07/2028)|961.67 (961.67)|359.61|18
575|redevelopment of ahmedabad railway station and associated infrastructure on engineering, procurement and construction mode (rail land development authority) (613786)|gujarat|01/2023 (11/2023)|03/2028 (-)|2379 (2379)|753.62|22
576|miyagam-karjan-dabhoi-samlaya [gc] (western railway [wr] - ii) (705458)|gujarat|01/2017 (01/2017)|03/2021 (12/2026)|483.88 (1039.13)|621.61|41
577|modasa-shamlaji road railway line project (western railway (wr) - ii) (706757)|gujarat|09/2012 (04/2008)|03/2025 (03/2027)|262 (262)|337.67|63
578|rajkot - kanalus doubling project [111.2 kms] (western railway (wr) - ii) (706763)|gujarat|10/2021 (12/2021)|10/2026 (10/2026)|1080.58 (1080.58)|829.85|80
579|nadiad-petlad [37.26 km] (railway) (709812)|gujarat|05/2022 (10/2023)|06/2030 (06/2030)|461.91 (461.91)|93.31|8
580|new bg line intersection [5 nos] between geratpur-sanand & botad-ahmedabad [16.51 km] (western railway (wr) - ii) (709813)|gujarat|10/2022 (07/2025)|06/2028 (10/2027)|437.21 (437.21)|19.37|18
581|bhiwani - dobh bahali doubling project [42.30 km] (north western railway [nwr]) (611884)|haryana|02/2023 (02/2023)|02/2028 (02/2028)|471 (471)|219.67|66
582|doubling between pradhankunta-patherih-bhojudih of east central railway (east central railway [ecr] - i) (617372)|jharkhand|11/2022 (11/2022)|12/2025 (-)|349.22 (349.22)|108.89|70
583|koderma-arigada doubling 133.38 km of east central railway (east central railway [ecr] - i) (617832)|jharkhand|06/2025 (06/2025)|12/2029 (-)|2887.11 (2887.11)|0|0
584|gomoh - flyover for dn trains (east central railway [ecr] - i) (705765)|jharkhand|01/2018 (01/2018)|03/2026 (03/2026)|686 (686)|578.93|59
585|lodhma - piska - link line bypassing hatia/ranchi with y connection (south eastern railway [ser] - i) (705785)|jharkhand|08/2021 (03/2019)|06/2026 (05/2027)|473 (473)|288.72|5
586|pradhan kuntha jn line doubling project (east central railway [ecr] - i) (706837)|jharkhand|11/2022 (11/2022)|11/2027 (11/2027)|349.22 (349.22)|108.89|62
587|construction of new bg line between hassan to belur [27 km] (south western railway [swr] - ii) (400023)|karnataka|03/2019 (12/2025)|04/2028 (04/2027)|749 (749)|0|0
588|yeshvanthpur - channasandra doubling project [21.70 km] (karnataka rail infrastructure development company limited [k-ride]) (703585)|karnataka|04/2019 (10/2019)|03/2024 (03/2026)|314.1 (683.57)|152.31|53
589|new railway line between ginigera and raichur [165.57 km] (south western railway [swr] - ii) (705434)|karnataka|03/2008 (05/2009)|03/2019 (03/2027)|2565 (3034.98)|2108.54|66
590|gadag-wadi new railway line [257 km] (south western railway [swr] - ii) (705490)|karnataka|04/2013 (08/2017)|03/2027 (12/2027)|2842 (6700)|1419.19|30
591|kadur - chickamagalur - sakleshpur [93km] (south western railway [swr] - ii) (705492)|karnataka|01/2014 (11/2016)|06/2025 (12/2025)|825 (825)|705.64|83
592|bagalkot-kudachi new railway line [142 km] (south western railway [swr] - ii) (705495)|karnataka|10/2013 (11/2012)|03/2027 (01/2027)|1378 (1649)|729.34|35
593|tumkur-chitradurga-davangere new rail line project [191 km] (south western railway [swr] - ii) (705496)|karnataka|10/2013 (01/2017)|03/2019 (12/2027)|1876 (1876)|461.98|14
594|bangalore-whitefield-bangalore city-krishnarajapuram [23.08 km] - quadrupling (south western railway [swr] - ii) (705663)|karnataka|02/2018 (06/2022)|02/2026 (02/2026)|493 (493)|252.45|82
595|shimoga - shikaripura - ranebennur [96 km] (south western railway [swr] - ii) (705761)|karnataka|09/2019 (02/2023)|12/2027 (06/2028)|1454 (1454)|72.26|11
596|belgaum-dharwad via kittur [73.10km] (south western railway [swr] - ii) (706835)|karnataka|09/2020 (03/2025)|12/2027 (03/2029)|1591 (1591)|0.38|0
597|kumbalam-turavur doubling project [15.59 km] (ministry of railways) (705638)|kerala|04/2023 (04/2023)|03/2027 (03/2027)|813 (802.8)|72.62|19
598|ernakulam-kumbalam doubling project [7.71 km] (sr-ers) (705639)|kerala|04/2023 (04/2023)|03/2028 (02/2027)|601 (595.39)|292.67|20
599|lalitpur-satna, rewa-singrauli & mahoba-khajuraho (north central railway) (705480)|madhya pradesh|01/2007 (03/1998)|03/2027 (12/2027)|8914 (8914)|6447.32|73
600|katni - bina third railway line [279 km] (west central railway wcr i) (705651)|madhya pradesh|06/2016 (01/2017)|03/2022 (12/2025)|2478.23 (4127.23)|3332.06|95
601|satna-rewa railway line doubling project (west central railway [wcr] - ii) (705659)|madhya pradesh|11/2015 (08/2017)|03/2026 (03/2026)|500 (584)|565.66|82
602|doubling of katni - singrauli railway line [261 km] (indian railway construction international limited [ircon]) (705660)|madhya pradesh|03/2016 (03/2017)|12/2025 (12/2025)|2445 (4377)|3242.32|100
603|katni grade separator/bye pass (indian railway construction international limited [ircon]) (705661)|madhya pradesh|03/2016 (09/2017)|09/2024 (03/2026)|1248 (1248)|1662.02|95
604|indore - budni new railway line [198 kms] (rvnl - ii) (705763)|madhya pradesh|08/2019 (10/2020)|09/2030 (09/2030)|7474 (7474)|1841.69|25
605|nimach-ratlam doubling [133 km] (western railway [wr] - ii) (705933)|madhya pradesh|10/2021 (10/2021)|10/2027 (10/2027)|1095.88 (1095.88)|1067.49|89
606|dhule [borvihir] - nardana new line [50.60 kms] (central railway) (400019)|maharashtra|01/2019 (04/2023)|12/2026 (09/2027)|492.76 (1170.83)|288.08|17
607|wardha-nanded via yavatmal new bg line (central railway [cr] - ii) (400271)|maharashtra|12/2017 (04/2008)|03/2025 (12/2026)|3445 (3445)|3002.93|50
608|aurangabad-ankai - doubling project 98.25 km (south central railway [scr] - ii) (611751)|maharashtra|05/2023 (05/2023)|03/2027 (-)|960.64 (960.64)|555.02|1
609|redevelopment of chhatrapati shivaji maharaj terminus [csmt] and construction of associated infrastructure (rail land development authority) (613015)|maharashtra|04/2023 (07/2023)|03/2027 (-)|1813 (1813)|614.86|17
610|gondia-balharshah [chanda fort] doubling [240 km] (south east central railway) (617201)|maharashtra|04/2025 (04/2025)|03/2031 (-)|4373.04 (4373.04)|0.29|0
611|doubling between parbhani parli vaijanath stations 64.71 km (south central railway [scr] - ii) (617215)|maharashtra|12/2023 (12/2023)|03/2028 (-)|769.93 (769.93)|25.4|0
612|babupeth - sasti new rail line [13.114 kms] (centralrailway) (617361)|maharashtra|10/2024 (10/2024)|03/2028 (-)|362.81 (362.81)|0.47|0
613|double chord line between nilaje-kopar (centralrailway) (617364)|maharashtra|01/2025 (01/2025)|07/2028 (-)|338.33 (205)|6.39|0
614|western region video surveillance project (rcil) (705300)|maharashtra|06/2020 (04/2023)|12/2023 (-)|227.59 (227.59)|0|0
615|ahmednagar - beed - parli - vaijnath new broad gauge line railway project [261.3 km] (central railway [cr] - ii) (705356)|maharashtra|01/1999 (10/2002)|03/2026 (03/2026)|2538.67 (4957.27)|5140.63|98
616|baramati lonand new line project (central railway) (705357)|maharashtra|03/2016 (03/1999)|03/2027 (03/2027)|138.48 (1843.9)|850.75|51
617|wadsa-gadchiroli (south east central railway) (705479)|maharashtra|05/2017 (03/2012)|03/2027 (03/2027)|1886 (1886)|728.36|53
618|3rd line kalyan - kasara [67.35 kilometres] (central railway) (705498)|maharashtra|09/2015 (09/2015)|12/2026 (12/2026)|792.89 (1395.79)|981.36|52
619|3rd line wardha - sewagram - nagpur (central railway [cr] - ii) (705500)|maharashtra|09/2015 (05/2016)|12/2025 (12/2025)|540.02 (944.24)|783.01|83
620|3rd line wardha - ballarshah [132 kilometres] (central railway [cr] - ii) (705502)|maharashtra|03/2016 (12/2016)|12/2025 (02/2026)|1384.72 (2033.59)|1713.23|80
621|pune - miraj-londa [467 kilometres] (central railway) (705503)|maharashtra|06/2016 (06/2016)|02/2025 (08/2025)|4027.53 (4872.52)|4969.74|100
622|doubling of daund manmad line [247.6 km] (central railway) (705504)|maharashtra|10/2017 (03/2017)|12/2025 (03/2026)|2081.27 (3267.06)|2874.47|92
623|4th line wardha - nagpur [78.7 kilometres] (central railway [cr] - ii) (705505)|maharashtra|04/2017 (05/2018)|12/2025 (02/2026)|637.95 (1341.28)|1012.82|83
624|3rd line manmad - jalgaon [160 kilometres] (central railway [cr] - ii) (705506)|maharashtra|05/2017 (04/2018)|12/2024 (08/2025)|1035.16 (1558.75)|1726.94|95
625|solapur-tuljapur-osmanabad (central railway) (705735)|maharashtra|08/2018 (12/2023)|03/2027 (03/2028)|904.92 (3295.74)|1154.89|12
626|nagpur- nagbhir railway line gauge conversion project (mridc) (705799)|maharashtra|10/2019 (04/2020)|12/2025 (12/2025)|1400 (1400)|1472|80
627|mumbai urban transport project [mutp] - phase ii (mumbai rail vikas corporation ltd.[mrvc]) (706779)|maharashtra|05/2008 (04/2008)|03/2014 (12/2027)|8087 (8087)|7364|87
628|mumbai urban transport project [mutp] phase-iiia (mumbai rail vikas corporation ltd.[mrvc]) (706780)|maharashtra|04/2019 (04/2019)|12/2027 (12/2027)|33690 (33690)|2805|16
629|mumbai urban transport project phase-iii (mumbai rail vikas corporation ltd.[mrvc]) (706781)|maharashtra|11/2016 (12/2016)|03/2022 (12/2026)|10947 (10947)|5588.85|65
630|pachora-jamner with extension upto malkapur ng to bg (cr) (709808)|maharashtra|08/2022 (01/2022)|08/2027 (03/2028)|955.39 (2093.82)|130.42|11
631|jiribam-imphal new line project (northeast frontier railway [nfr]) (705391)|manipur|03/2013 (12/2007)|12/2026 (06/2029)|14323 (21885.9)|15782.48|72
632|marikuppam - kuppam new line project [23.70 km] (south western railway [swr] - ii) (705491)|multi-states (andhra pradesh, karnataka)|04/2012 (10/2018)|06/2026 (06/2026)|297 (297)|135.5|20
633|rayadurg-tumkur via kalyandurg new line [207 km] (south western railway [swr] - ii) (705494)|multi-states (andhra pradesh, karnataka)|03/2008 (07/2010)|09/2015 (02/2028)|2496 (2496)|1787.43|70
634|renigunta, wadi & gooty bypass railway project (south central railway [scr] - i) (705610)|multi-states (andhra pradesh, karnataka)|04/2016 (04/2016)|12/2025 (12/2025)|302 (543)|381|50
635|doubling between mudkhed medchal & mahbubnagar dhone section 417.88 km (south central railway [scr] - ii) (617212)|multi-states (andhra pradesh, maharashtra, telangana)|08/2023 (08/2023)|03/2029 (-)|4686.09 (4686.09)|778.34|1
636|vizianagaram - titlagarh 3rd line [272 km including by - pass line of 7.68 km] (rvnl - ii) (400253)|multi-states (andhra pradesh, odisha)|06/2016 (11/2016)|12/2025 (12/2025)|4803 (6669.91)|5722.01|89
637|doubling of kottavalasa-koraput rail line [189 km] (east coast railway [ecor] - ii) (705512)|multi-states (andhra pradesh, odisha)|12/2015 (01/2016)|03/2022 (03/2028)|2500 (2500)|2037.7|71
638|vizianagaram-sambhalpur 3rd line project (rvnl) (705520)|multi-states (andhra pradesh, odisha)|06/2016 (12/2016)|03/2025 (-)|4803.16 (4803.16)|2979.23|0
639|tindivanam-nagari new line project [184.5 km] (ministry of railways) (400275)|multi-states (andhra pradesh, tamil nadu)|07/2008 (10/2008)|09/2025 (03/2028)|3631 (3631)|1113.53|18
640|doubling between motumari vishnupuram - 88.81 km and rail over rail - ror at motumari - 10.877 km (south central railway [scr] - ii) (616857)|multi-states (andhra pradesh, telangana)|02/2024 (03/2025)|03/2029 (-)|1595.55 (1595.55)|14.45|1
641|doubling of guntur bibinagar 239 km (south central railway [scr] - ii) (617211)|multi-states (andhra pradesh, telangana)|08/2023 (08/2023)|03/2029 (-)|2853.23 (2853.23)|75.78|1
642|rail connectivity to errupalem amravati namburu 57 km (south central railway [scr] - ii) (617214)|multi-states (andhra pradesh, telangana)|11/2024 (11/2024)|03/2027 (-)|2047.4 (2047.4)|14.49|0
643|kazipet-vijayawada 3rd line with electrification [220 km] (south central railway [scr] - ii) (705612)|multi-states (andhra pradesh, telangana)|03/2013 (08/2014)|02/2025 (12/2025)|1953 (3363)|3625.29|94
644|vijayawada - kazipet byepass line (south central railway [scr] - ii) (705632)|multi-states (andhra pradesh, telangana)|04/2016 (04/2016)|01/2025 (12/2025)|647 (904)|973.78|93
645|murkongselek-pasighat (northeast frontier railway (nfr) - ii) (705401)|multi-states (arunachal pradesh, assam)|02/2011 (03/2023)|03/2025 (05/2026)|435 (1250)|771.1|62
646|lumding furkating doubling project 140 km (northeast frontier railway [nfr]) (616701)|multi-states (assam, nagaland)|02/2024 (01/2025)|02/2028 (-)|2123.7 (2123.7)|13.74|0
647|dimapur [dhansiri]-sukhobi kohima [zubza] nl [82.5 km] (northeast frontier railway [nfr]) (705392)|multi-states (assam, nagaland)|08/2015 (02/2016)|03/2025 (12/2025)|6663 (6663)|5634.59|81
648|new delhi- howrah speed booster[160kmph] project (pce/ncr) (705794)|multi-states (bihar, delhi, jharkhand, uttar pradesh, west bengal)|09/2019 (09/2019)|03/2024 (-)|6684.81 (6684.81)|127.03|0
649|third railway line between patratu-sonnagar [281 kms] (rvnl - ii) (400234)|multi-states (bihar, jharkhand)|11/2016 (08/2018)|03/2026 (07/2026)|8975 (8975)|4950|88
650|multi tracking of son nagar-andal 374.53 rkm & 814.38 tkm (east central railway [ecr] - i) (616699)|multi-states (bihar, jharkhand)|08/2023 (08/2023)|03/2028 (-)|12333.57 (12333.6)|420.86|13
651|koderma-tilaiya new line (east central railway [ecr] - i) (705375)|multi-states (bihar, jharkhand)|11/2004 (03/2002)|02/2025 (02/2026)|1626 (2486.62)|2122.42|94
652|pirpainti - jasidih [100.52 km] new bg line (eastern railway [er] - i) (705385)|multi-states (bihar, jharkhand)|03/2014 (03/2022)|03/2028 (03/2028)|2555 (2555)|784.18|49
653|ner provision of automatic block signalling on gorakhpur cantt[excl] chhapra gramin & burhwal jn [excl] sitapur jn section of high density routes (north eastern railway [ner]) (611669)|multi-states (bihar, uttar pradesh)|na (06/2023)|03/2027 (-)|380.47 (380.47)|24.53|0
654|gorakhpur-valmikinagar doubling project (ner) (617224)|multi-states (bihar, uttar pradesh)|08/2023 (03/2024)|12/2027 (-)|1120 (1120)|269.67|26
655|chhapra-ballia patch doubling (north eastern railway [ner]) (705562)|multi-states (bihar, uttar pradesh)|03/2013 (12/2015)|02/2025 (03/2026)|963 (1046)|912.16|95
656|katihar - kumedpur doubling line project (gm/c/ nfr) (706844)|multi-states (bihar, west bengal)|08/2022 ()|08/2027 (08/2027)|942 (942)|356|45
657|rajnandgaon - nagpur [kalumna] third railway line [228.30 km] (south east central railway [secr] - ii) (705617)|multi-states (chhattisgarh, maharashtra)|09/2016 (12/2016)|12/2024 (06/2026)|3545 (3545)|3518.69|96
658|sardega -bhalumuda new double line [37.24 km] (secr) (617390)|multi-states (chhattisgarh, odisha)|09/2024 (09/2024)|03/2028 (-)|1281.81 (1281.81)|128|2
659|jagdalpur-koraput (east coast railway [ecor] - ii) (705511)|multi-states (chhattisgarh, odisha)|12/2015 (03/2016)|03/2024 (12/2026)|1547 (1547)|1336.83|91
660|jharsuguda-bilaspur fourth railway line [206 km] (secr) (705616)|multi-states (chhattisgarh, odisha)|09/2016 (09/2016)|10/2024 (03/2026)|2140 (2979)|2189.75|93
661|mumbai-ahmedabad high speed rail project- 508 km (national high speed rail corporation [nhsrc]) (705728)|multi-states (dadra & nagar haveli and daman & diu, gujarat, maharashtra)|03/2015 (09/2017)|08/2027 (12/2029)|108000 (108000)|84199.89|55
662|new delhi- mumbai speed booster[160kmph] project (pce/wr) (705793)|multi-states (delhi, gujarat, madhya pradesh, maharashtra, rajasthan)|09/2019 (09/2019)|03/2024 (-)|6806.44 (6806.44)|135.65|0
663|hospet - tinaighat - vasco rail doubling project (rvnl - ii) (705650)|multi-states (goa, karnataka)|03/2010 (07/2012)|03/2027 (12/2027)|5060 (5060)|5246.91|86
664|hospet-hubli-vasco da gama line electrification project (rvnl) (706950)|multi-states (goa, karnataka)|07/2015 (05/2018)|03/2023 (03/2024)|744.49 (1122.62)|969.05|95
665|western dedicated freight corridor (dfccil) (705237)|multi-states (gujarat, haryana, maharashtra, rajasthan, uttar pradesh)|02/2008 (01/2012)|03/2022 (12/2025)|51101 (124005)|124623|96
666|new line dahod-indore via sardarpur, jabuwa and dhar (western railway [wr] - ii) (705453)|multi-states (gujarat, madhya pradesh)|06/2012 (06/2012)|02/2027 (02/2027)|456.07 (3516.77)|3725.91|50
667|chhota udaipur - dhar new line project [157 km] (western railway [wr] - ii) (705454)|multi-states (gujarat, madhya pradesh)|11/2008 (01/2014)|12/2025 (12/2025)|1794 (1794)|1815.94|80
668|mumbai central virar vadodara ahmedabaad train protection system 500 rkm (western railway) (611452)|multi-states (gujarat, maharashtra)|09/2019 (03/2023)|12/2025 (12/2026)|311 (311)|263.42|93
669|taranga hill-abu road via ambaji (north western railway [nwr]) (400022)|multi-states (gujarat, rajasthan)|07/2022 (07/2022)|07/2030 (07/2030)|2798 (2798)|2037.04|17
670|luni- samdari- bhildi doubling (north western railway [nwr]) (616842)|multi-states (gujarat, rajasthan)|02/2024 (02/2024)|07/2027 (-)|3085.59 (3085.59)|363.31|13
671|chandigarh-baddi new rail line- 36 km (northen railway [nr]) (705424)|multi-states (haryana, himachal pradesh)|02/2018 (02/2018)|12/2026 (12/2026)|1540 (1540.13)|539.29|35
672|rewari - kathuwas doubling project [27.72 km] (north western railway [nwr]) (611861)|multi-states (haryana, rajasthan)|02/2023 (12/2022)|06/2027 (06/2027)|352 (352)|275.26|66
673|nangal dam-talwara new broad gauge line [84 km] and taking over siding mukerian-talwara [29 km] (northen railway [nr]) (705410)|multi-states (himachal pradesh, punjab)|03/1983 (05/1985)|12/2025 (12/2027)|2018 (2018)|2259.62|82
674|bhanupalli-bilaspur-beri new railway line project (rvnl - ii) (705428)|multi-states (himachal pradesh, punjab)|03/2009 (04/2015)|12/2026 (12/2027)|13447 (13447)|7008.64|61
675|doubling of hatia [ranchi]-bondamunda rail line - 159 km (south eastern railway - jh) (705628)|multi-states (jharkhand, odisha)|03/2016 (02/2017)|06/2025 (06/2026)|3029 (3029.04)|2525.28|87
676|buramara-chakulia new line [59.96 km] (south eastern railway [ser] - i) (616588)|multi-states (jharkhand, odisha, west bengal)|08/2024 (12/2024)|12/2029 (-)|1459.13 (1459.13)|3.33|0
677|chandil - anara - damodar - 3rd line [121.26 km] (cao/c/ser) (616227)|multi-states (jharkhand, west bengal)|09/2024 (07/2025)|09/2029 (-)|1932.01 (1932.01)|0.3|0
678|kharagpur-adityapur third rail line- 132 km (rvnl - i) (705668)|multi-states (jharkhand, west bengal)|09/2016 (01/2018)|03/2025 (12/2025)|3250 (3250)|3176.46|97
679|hotgi-kudgi-gadag doubling project (south western railway [swr] - ii) (705662)|multi-states (karnataka, maharashtra)|04/2014 (01/2016)|12/2024 (03/2026)|1878 (2459)|2684.67|92
680|baiyyappanahalli - hosur doubling project [48 km] (karnataka rail infrastructure development company limited [k-ride]) (703586)|multi-states (karnataka, tamil nadu)|04/2019 (02/2019)|03/2024 (01/2026)|498.7 (748.7)|630.41|86
681|trivandrum- kanyakumari (southern railway (sr) - i) (705635)|multi-states (kerala, tamil nadu)|08/2017 (03/2016)|03/2025 (12/2026)|1432 (3785.45)|2505.8|50
682|ratlam-mhow-khandwa-akola gauge conversion (western railway [wr] - ii) (705457)|multi-states (madhya pradesh, maharashtra)|04/2008 (03/2010)|03/2027 (09/2028)|1656.25 (6499.86)|4445.82|81
683|itarsi - nagpur third railway line [280 km] (central railway (cr) - ii) (705507)|multi-states (madhya pradesh, maharashtra)|09/2016 (09/2016)|03/2027 (12/2027)|2449.91 (2506.68)|1937.22|55
684|ratlam- dungarpur via banswara new line project (north western railway [nwr]) (617406)|multi-states (madhya pradesh, rajasthan)|10/2015 (05/2023)|03/2028 (-)|2417.24 (2417.24)|6.79|8
685|gwalior - seopurkala with extension to kota [gauge conversion] (north central railway) (705419)|multi-states (madhya pradesh, rajasthan)|03/2011 (07/2018)|03/2025 (02/2026)|2913 (2913)|2120.66|85
686|ramganjmandi-bhopal new line project [262 km] (west central railway [wcr] - ii) (705481)|multi-states (madhya pradesh, rajasthan)|03/2001 (10/2004)|12/2025 (12/2027)|3032 (5073)|3764.11|70
687|nimach-badi sadri new rail line project (western railway [wr] - ii) (705764)|multi-states (madhya pradesh, rajasthan)|04/2017 (09/2021)|03/2026 (06/2026)|495 (825)|130.09|57
688|mathura-jhansi third railway line [274 km] (rvnl - ii) (705667)|multi-states (madhya pradesh, rajasthan, uttar pradesh)|12/2015 (03/2018)|12/2024 (12/2026)|5961 (5961)|4990.85|94
689|jhansi - bina third railway line [153 km] (cao/c/ncr) (705598)|multi-states (madhya pradesh, uttar pradesh)|09/2016 (03/2018)|03/2022 (03/2026)|2002 (2002)|1831.86|93
690|jhansi-khairar-manikpur & khirar-bhimsen (north central railway) (705608)|multi-states (madhya pradesh, uttar pradesh)|03/2018 (04/2019)|03/2026 (03/2026)|4330 (4330)|2456.1|62
691|third line [new] between kazipet - balharshah with electrification [201.04 km] (south central railway [scr] - ii) (705613)|multi-states (maharashtra, telangana)|09/2016 (10/2016)|01/2025 (11/2025)|2595 (3071)|3409.31|94
692|narayangarh-bhadrak 3rd line (south eastern railway [ser] - i) (705629)|multi-states (odisha, west bengal)|03/2019 (03/2017)|12/2025 (06/2026)|2400 (3425.32)|2344.37|66
693|nagapattinam-tiruturaipundi and karaikal-peralam new line (ministry of railways) (400223)|multi-states (puducherry, tamil nadu)|07/2008 (01/2019)|03/2027 (03/2028)|713 (981)|598.38|80
694|sivok-rangpo new rail line (indian railway construction international limited [ircon]) (705432)|multi-states (sikkim, west bengal)|10/2009 (05/2010)|05/2015 (12/2027)|7877 (11775)|9647.55|89
695|sainthia, sitarampur, mughalsarai, allahabad & etawah - bypass line project (eastern railway [er] - i) (602797)|multi-states (uttar pradesh, west bengal)|08/2017 (12/2017)|03/2027 (03/2027)|461.64 (461.64)|193.39|8
696|proposed 6 nos road over bridge [rob] at different locations under mcl talcher under deposit scheme. (east coast railway [ecor] - ii) (400045)|odisha|08/2022 (07/2022)|03/2025 (01/2025)|168.32 (168.32)|69.85|82
697|brundamal-jharsuguda- flyover connection for joining downline (east coast railway [ecor] - ii) (400232)|odisha|01/2014 (01/2014)|12/2026 (12/2026)|297 (297)|209.57|45
698|3rd & 4th line between sarla - sason [8 km] [pb 73/2023-24/nr] (east coast railway [ecor] - ii) (612834)|odisha|04/2023 (04/2023)|12/2025 (-)|252 (252)|91.45|65
699|bangriposi-gorumahisani new line [ 85.60 km ] (cao/c/ser) (616586)|odisha|08/2024 (09/2025)|12/2029 (-)|2269.49 (2269.49)|4.08|0
700|badampahar-kendujhargarh new line [82.06 km] (cao/c/ser) (616587)|odisha|08/2024 (09/2025)|12/2029 (-)|1875.72 (1875.72)|1.04|0
701|paradeep - badabandha 3rd & 4th line / 18.51kms (east coast railway [ecor] - ii) (616695)|odisha|08/2023 (04/2025)|11/2028 (-)|300.15 (300.15)|0|0
702|khurda-bolangir new broad gauge rail link [301km] (east coast railway [ecor] - ii) (705358)|odisha|03/1994 (03/2001)|12/2026 (12/2026)|3792 (5089)|5194.05|89
703|talcher-bimlagarh new railway line (east coast railway [ecor] - ii) (705359)|odisha|03/2004 (12/2004)|03/2025 (03/2027)|1928 (1928)|1972.31|49
704|bhadrak-nergundi third line (east coast railway [ecor] - ii) (705510)|odisha|10/2015 (04/2015)|11/2024 (01/2026)|1284 (1284)|1298|80
705|koraput - singapur railway doubling (east coast railway [ecor] - ii) (705513)|odisha|12/2015 (12/2015)|12/2027 (03/2028)|2362 (2362)|1834.53|70
706|jarapada- budhapank with flyover at talcher road 3rd and 4th line (east coast railway [ecor] - ii) (705514)|odisha|11/2015 (12/2015)|11/2018 (03/2026)|1000 (810.02)|421.59|58
707|3rd & 4th railway line project from salegaon to budhapank via rajathgarh. (east coast railway [ecor] - ii) (705515)|odisha|07/2013 (12/2015)|03/2026 (03/2026)|1173 (2092)|1971|80
708|jeypore-navarangpur new rail line project (east coast railway [ecor] - ii) (705741)|odisha|07/2017 (04/2023)|07/2028 (12/2029)|748 (748)|12.76|1
709|jeypore-malkanagiri new railway line project (east coast railway [ecor] - ii) (705742)|odisha|02/2018 (12/2023)|07/2033 (07/2033)|2344 (2344)|490.13|20
710|khurda road - balangir electrification of railway track project (ministry of railways) (706898)|odisha|09/2018 (09/2019)|03/2021 (-)|267.61 (267.61)|0|0
711|gandhamardan iron ore mines to goaldih station/12.76kms (east coast railway [ecor] - ii) (709811)|odisha|09/2022 (05/2025)|09/2027 (09/2027)|190 (189.93)|0|0
712|jaynagar-bijalpura, incl. extn. bet, bijalpura-bardibas [nepal] (east central railway [ecr] - i) (705362)|offshore|08/2015 (03/2011)|03/2022 (03/2026)|819 (819)|580.51|75
713|ludhiana- killa raipur railway doubling project (railway) (705783)|punjab|03/2019 (12/2022)|03/2025 (03/2026)|237.64 (238)|134.48|50
714|dedicated test track for rdso phase ii (north western railway [nwr]) (611614)|rajasthan|11/2021 (11/2021)|11/2026 (11/2026)|819.48 (967.06)|471|86
715|devgarh madariya - nathdwara gauge conversion [82.54 km] part of marwar - mavli gauge conversion [152 km] (north western railway [nwr]) (611849)|rajasthan|01/2023 (01/2023)|06/2028 (06/2028)|968.92 (968.92)|151.53|52
716|maintenance cum workshop depot for vande bharat sleeper trains as per conditions under wta 527 (wpo/patna) (611929)|rajasthan|09/2022 (06/2023)|12/2024 (-)|166.86 (166.86)|0|0
717|pushkar- merta city new line (north western railway [nwr]) (616841)|rajasthan|02/2024 (02/2024)|12/2026 (-)|799.64 (799.64)|14.64|4
718|ajmer- chanderiya doubling (north western railway [nwr]) (616843)|rajasthan|02/2024 (02/2024)|06/2027 (-)|1634.79 (1634.79)|140.65|7
719|sadulpur - churu doubling project (north western railway [nwr]) (617403)|rajasthan|01/2024 (01/2024)|06/2026 (-)|468.64 (468.64)|128.6|52
720|pokhran - ramdevra new line (north western railway [nwr]) (617404)|rajasthan|04/2025 (04/2025)|03/2028 (-)|189.21 (189.21)|0|0
721|nathdwara- nathdwara town nl (north western railway [nwr]) (617408)|rajasthan|03/2019 (04/2024)|03/2027 (-)|166.33 (166.33)|83.34|2
722|dholpur - sirmuttra gauge conversion (north central railway) (705482)|rajasthan|03/2022 (04/2020)|02/2019 (02/2027)|747 (747)|431.82|44
723|gudha-thatha mithri construction of railway track project (north western railway [nwr]) (705752)|rajasthan|04/2019 (04/2019)|11/2026 (11/2026)|819.48 (967.06)|393.06|99
724|sawai madhopur-jaipur railway line project (north western railway [nwr]) (705912)|rajasthan|02/2024 (04/2023)|03/2027 (-)|1203.89 (1203.89)|109.85|13
725|agra fort-bandikui doubling line project (cao/c/ncr) (705919)|rajasthan|06/2022 (02/2021)|06/2027 (06/2027)|1390 (1390)|123|25
726|sawaimadhopur bye pass line project (north western railway [nwr]) (706866)|rajasthan|12/2022 (01/2023)|03/2026 (05/2027)|304 (304)|53|46
727|ph ii extension of mrts from velachery to st thomas mount (ministry of railways) (400280)|tamil nadu|11/2007 (11/2008)|07/2025 (09/2025)|734 (734.01)|475.73|99
728|redevelopment of chennai egmore station (ministry of railways) (613002)|tamil nadu|05/2022 (10/2022)|03/2026 (-)|842 (842)|340|0
729|coach production factory upgradation project (cpm/icf) (705244)|tamil nadu|12/2017 (07/2018)|12/2021 (-)|520 (520)|192.25|0
730|doubling between bhadrachalam road and dornakal (south central railway [scr] - ii) (616856)|telangana|08/2023 (04/2025)|04/2029 (-)|770.12 (770.12)|16.34|0
731|railway manufacturing unit (south central railway [scr] - ii) (617409)|telangana|07/2016 (02/2023)|12/2026 (-)|521.36 (521.36)|420|58
732|kazipet wagon overhauling project (rvnl) (705252)|telangana|09/2017 (07/2017)|12/2023 (-)|385 (385)|0|0
733|manoharabad-kothapalli new rail line [151 km] (south central railway [scr] - ii) (705437)|telangana|07/2016 (01/2017)|03/2027 (12/2027)|1160 (2781)|2116.77|71
734|bahraich-shravasti-balrampur-siddharthnagar -santkabir nagar (north eastern railway [ner]) (400204)|uttar pradesh|10/2018 (03/2017)|10/2030 (10/2030)|4939.78 (4939.78)|1253.71|8
735|sahjanwa-dohrighat (north eastern railway [ner]) (400205)|uttar pradesh|08/2019 (03/2017)|03/2029 (03/2029)|1319.75 (1319.75)|485.96|3
736|anandnagar - ghugli via maharajganj new line 52.7 km (construction ner) (617252)|uttar pradesh|10/2023 (11/2023)|03/2028 (-)|958.27 (958.27)|454.36|23
737|chunar-chopan doubling project (north central railway) (617284)|uttar pradesh|08/2023 (01/2025)|03/2028 (-)|1423.96 (1423.96)|58.77|5
738|surface triangle line bet. bhadura stn and new crossing stn karma (east central railway [ecr] - i) (617333)|uttar pradesh|10/2022 (05/2024)|02/2027 (-)|199.96 (199.96)|0|0
739|doubling between jaunpur jn - zaffarabad 6.28 km (m/s src company infra private limited) (617370)|uttar pradesh|03/2023 (02/2025)|01/2027 (-)|180.66 (180.66)|4|12
740|burhwal gonda 3rd line (north eastern railway [ner]) (705567)|uttar pradesh|11/2017 (07/2019)|03/2025 (01/2026)|1016 (1118)|1435.86|88
741|janghai-pratapgarh- amethi (cao/c/ii/nr) (705588)|uttar pradesh|11/2017 (03/2017)|03/2025 (03/2026)|722 (1194)|1567|70
742|lalitpur-birari with flyover at lalitpur- 16 km (north central railway) (705766)|uttar pradesh|03/2017 (11/2017)|12/2024 (01/2026)|304.44 (356)|234.88|80
743|allahabad-bamhrauli flyover construction & 4th railway line project (north central railway) (705771)|uttar pradesh|04/2019 (10/2020)|03/2026 (03/2026)|494 (494)|333|70
744|mughalsarai-allahabad, 3rd line (north central railway) (705772)|uttar pradesh|12/2015 (03/2016)|12/2026 (03/2027)|2649 (2649.44)|1688.13|65
745|aligarh -daud khan flyover construction & 3rd railway line project (cao/c/ncr) (705774)|uttar pradesh|04/2019 (09/2020)|01/2025 (03/2027)|758 (779.49)|412.67|73
746|bhandai - flyover for etawah bound down train- 10 km (north central railway (ncr) - ii) (705777)|uttar pradesh|07/2020 (04/2021)|02/2026 (02/2027)|250.18 (250.18)|115.68|8
747|phephna-indara, mau-shahganj doubling excluding indara-mau (rvnl - i) (705779)|uttar pradesh|05/2017 (10/2019)|12/2024 (03/2026)|1178 (1777)|1489.5|85
748|bhatni-aurnihar with electrification excluding indara-mau (rvnl - i) (705780)|uttar pradesh|03/2018 (03/2017)|12/2024 (12/2025)|2529 (2529.46)|2051.69|94
749|barabanki-malhaur 3rd & 4th railway line project (cao/c/nr) (705782)|uttar pradesh|01/2019 (04/2017)|03/2025 (03/2026)|407 (407)|317|75
750|janghai-phaphamau doubling rail line project (rvnl) (705784)|uttar pradesh|11/2018 (03/2020)|03/2025 (03/2025)|357 (978.77)|579|95
751|rishikesh-karnaprayag new rail line- 125 km (rvnl - i) (705429)|uttarakhand|11/2016 (08/2018)|12/2025 (03/2027)|38953 (38953)|24645.15|65
752|kalinarayanpur-krishnanagar doubling alongwith krishnanagar - chapra new line and naihati-ranaghat 3rd line. (eastern railway [er] - i) (400247)|west bengal|07/2015 (11/2005)|02/2027 (02/2027)|1000 (1000)|1053.99|69
753|tarakeshwar-bishnupur new line [82.47 km] (eastern railway [er] - i) (400273)|west bengal|03/2001 (02/2008)|03/2019 (02/2026)|1189 (1542)|1330.49|91
754|dum dum airport-new garia via rajarhat-construction of metro railway (rvnl - ii) (400277)|west bengal|03/2010 (10/2011)|12/2025 (03/2026)|8964 (8964)|8316.32|81
755|construction of balurghat-hilli new bg line (northeast frontier railway [nfr]) (612096)|west bengal|12/2010 (12/2010)|03/2027 (03/2027)|1209 (1181.57)|405.31|9
756|ser upgradation of maintenance infrastructure at shalimar into vande bharat chair car maintenance cum workshop depot. (south eastern railway - jh) (617345)|west bengal|03/2024 (12/2024)|10/2026 (-)|226.87 (226.87)|21.22|20
757|joka-bbd bag new metro project (rvnl - ii) (705730)|west bengal|03/2010 (04/2010)|12/2026 (12/2029)|4835 (10362)|4672.28|51
758|noapara-barasat via bimanbandar - construction of metro railway [18 km] (metro railway, kolkata) (706776)|west bengal|11/2010 (03/2010)|08/2026 (03/2029)|4830 (4830)|2764.13|32
759|baranagar-barrackpore and dakshineshwar- construction of metro railway (rvnl - ii) (706777)|west bengal|03/2010 (03/2010)|12/2026 (12/2025)|2298 (2734)|393.01|17
760|krishnapatnam node - phase 1 - roads and services development (national industrial corridor development corporation) (701658)|andhra pradesh|12/2020 (02/2024)|02/2028 (-)|2139.44 (2139.44)|503.39|24
761|tumakuru node - phase 1 - roads and services development (national highways & infrastructure development corporation ltd. [nhidcl]) (701657)|karnataka|12/2020 (02/2023)|09/2026 (-)|1701.81 (1701.81)|153.26|14
762|setting up of physical infrastructure for the national institute of communication finance [nicf] at ghitorni (national communication academy - finance (erstwhile nicf)) (709859)|delhi|10/2014 (04/2018)|02/2020 (10/2025)|248.2 (248.2)|236.91|98
763|provision of 4g based mobile services in uncovered villages and national highways of meghalaya (department of telecommunications) (701598)|meghalaya|09/2019 (09/2020)|03/2022 (03/2026)|971.96 (971.96)|208.25|99
764|mobile connectivity in left wing extremism [lwe] affected areas-phase 1 upgradation (department of telecommunications [dot]) (617413)|multi-states (andhra pradesh, bihar, chhattisgarh, jharkhand, madhya pradesh, maharashtra, odisha, telangana, uttar pradesh, west bengal)|04/2022 (05/2024)|05/2025 (03/2026)|1884.6 (1884.6)|100|87
765|mobile connectivity in left wing extremism [lwe] affected areas-phase2 (department of telecommunications [dot]) (701599)|multi-states (andhra pradesh, bihar, chhattisgarh, jharkhand, madhya pradesh, maharashtra, odisha, telangana, uttar pradesh, west bengal)|na (09/2021)|03/2023 (03/2026)|1577.57 (1577.57)|628.29|87
766|provision of 4g based mobile services in 7,287 uncovered villages of 44 aspirational district across 5 states of andhra pradesh, chhattisgarh, jharkhand, maharashtra & odisha (department of telecommunications [dot]) (701602)|multi-states (andhra pradesh, chhattisgarh, jharkhand, maharashtra, odisha)|11/2021 (05/2022)|11/2023 (05/2026)|3685 (3685)|1203.48|82
767|provision of 4g mobile services in uncovered villages of arunachal pradesh and 2 districts of assam (department of telecommunications) (701597)|multi-states (arunachal pradesh, assam)|12/2020 (10/2021)|04/2023 (03/2026)|1255.49 (1255.49)|284.04|92
768|354 uncovered villages scheme (department of telecommunications [dot]) (701600)|multi-states (bihar, gujarat, himachal pradesh, jammu and kashmir, ladakh, rajasthan, uttar pradesh)|12/2019 (04/2020)|10/2021 (08/2025)|336.89 (301.13)|235.96|100
769|502 aspirational district scheme in four states - bihar, madhya pradesh, rajastha and uttar pradesh (department of telecommunications [dot]) (704495)|multi-states (bihar, madhya pradesh, rajasthan, uttar pradesh)|na (03/2021)|03/2022 (12/2025)|421.65 (228.94)|142.01|97
770|phase-i of consolidation of existing cdr data centers and nib-p3 data centers with state of the art (bsnl) (709749)|multi-states (maharashtra, telangana)|03/2020 (03/2020)|06/2021 (12/2025)|461.42 (461.42)|166.02|81
771|saturation 4g mobile coverage of uncovered villages through usof (department of telecommunications [dot]) (400013)|pan india|07/2022 (07/2022)|06/2024 (03/2026)|26316 (30620)|9791.8|78
772|4g services by bsnl (department of telecommunications [dot]) (701593)|pan india|11/2020 (11/2020)|03/2024 (03/2026)|28466 (19592)|8471.19|97
773|bharatnet (department of telecommunications [dot]) (706775)|pan india|07/2017 (10/2011)|08/2023 (03/2027)|61109 (188000)|46431.54|81
774|mpls-ip based access and aggregation network [maan] in bsnl along with test and measuring equipment (bsnl) (709856)|pan india|05/2023 (05/2023)|08/2024 (11/2025)|645.13 (645.13)|377.59|92
775|planning, engineering, supply, installation, testing, commissioning, integration & annual maintenance of 4g mobile network at 1 lakh sites on pan india basis including mumbai & delhi lsa on turnkey basis under phase ix.2 project. (bsnl) (709857)|pan india|05/2023 (06/2023)|06/2025 (03/2026)|24544.55 (24544.5)|8472.04|97
776|optical transport network [otn] ph-4 in bsnl (bsnl) (709858)|pan india|02/2024 (02/2024)|08/2025 (11/2025)|810.99 (810.99)|786.86|100
777|interception and diversion and stp works in bhagalpur under hybrid annuity based ppp mode-namami gange programme (national mission for clean ganga) (616600)|bihar|10/2017 (03/2022)|02/2025 (12/2025)|413.29 (413.29)|126.67|97
778|sewage treatment plant 100mld and sewerage network 288 km in digha-patna under hybrid annuity based ppp mode-namami gange programme (national mission for clean ganga) (616611)|bihar|08/2017 (07/2019)|12/2025 (-)|824 (824)|396.71|56
779|sewage treatment plant 50mld and sewerage network 150 km in kankarbagh- patna under hybrid annuity based ppp mode-namami gange programme (national mission for clean ganga) (616612)|bihar|08/2017 (07/2019)|12/2025 (-)|578.89 (578.89)|171.79|54
780|sewer network, sps and stp at begusarai (national mission for clean ganga) (616615)|bihar|03/2010 (03/2018)|04/2025 (12/2025)|230.06 (230.06)|261.82|97
781|sewer networks, sps and stp at hajipur (national mission for clean ganga) (616616)|bihar|03/2010 (03/2018)|06/2025 (12/2025)|305.19 (305.19)|346.46|95
782|interception & diversion with rehabilitation of sewerage scheme at agra under hybrid annuity based ppp model-namami gange programme (national mission for clean ganga) (616594)|uttar pradesh|05/2020 (04/2023)|04/2025 (12/2025)|842.25 (842.25)|208.64|77
783|pollution abatement works for river kali meerut under meerut municipality interception & diversion with stp (national mission for clean ganga) (616605)|uttar pradesh|05/2020 (11/2024)|12/2024 (05/2027)|690.71 (690.71)|34.79|38
784|pollution abatement works for river ganga at hooghly chinsurah- municipal town interception & diversion with stp (national mission for clean ganga) (616604)|west bengal|05/2018 (12/2021)|03/2025 (12/2025)|154.73 (154.73)|96.17|92
785|sardar gouthu latchanna thotapalli barrage project (water resources-ap) (400100)|andhra pradesh|04/2005 (01/2006)|12/2019 (06/2026)|353.05 (1023.24)|869.11|95
786|gundlakamma project (water resources-ap) (400101)|andhra pradesh|04/2005 (04/2005)|12/2019 (03/2027)|397.41 (697.39)|619.09|98
787|polavaram irrigation project (water resources-ap) (701415)|andhra pradesh|01/2009 (11/2009)|04/2022 (03/2026)|10151.04 (55548.9)|25291.59|84
788|borolia irrigation project (department of water resources, river development & gr) (701370)|assam|04/1996 (12/1996)|12/2022 (03/2026)|256.16 (256.16)|44.7|55
789|punpun barrage project (water resources-br) (400104)|bihar|04/2007 (04/2007)|12/2019 (03/2026)|571.07 (658.12)|447.68|44
790|kelo irrigation project (water resources-ct) (400111)|chhattisgarh|04/2008 (04/2008)|12/2019 (06/2026)|459.97 (727.04)|616.93|72
791|kudali irrigation project (department of water resources, river development & gr) (701399)|chhattisgarh|04/2009 (12/2009)|12/2025 (-)|382.29 (382.29)|239.03|86
792|sardar sarovar cadwm project (narmada and water resources, water supply and kalpsar department-gj) (400097)|gujarat|04/2017 (04/2017)|12/2019 (03/2026)|5021.76 (6670.31)|4957.08|90
793|sardar sarovar project (narmada and water resources, water supply and kalpsar department-gj) (701372)|gujarat|04/1996 (04/1996)|12/2019 (03/2026)|20718.17 (33412.5)|31860.86|93
794|subernarekha multipurpose project, jharkhand (department of water resources-jh) (701376)|jharkhand|04/2011 (01/2012)|12/2019 (03/2026)|3807.77 (9579.58)|5790.29|70
795|upper tunga irrigation project (water resources-ka) (701377)|karnataka|04/2014 (04/2014)|12/2019 (03/2026)|770.16 (1606.07)|1515.32|99
796|omkareshwar cadwm project (water resource-mp) (400096)|madhya pradesh|04/2017 (04/2017)|12/2019 (03/2026)|648.09 (648.09)|203.06|49
797|bargi diversion project phase - iv [km. 154 to km 197] (water resources-mp) (400115)|madhya pradesh|04/2008 (01/2009)|12/2019 (03/2026)|751.03 (893.35)|783.1|75
798|bargi diversion project phase - iii [km. 104 to km 154] (water resources-mp) (400116)|madhya pradesh|04/2007 (04/2007)|12/2019 (03/2026)|1229.15 (1399.7)|1937.25|80
799|gosikhurd cadwm project (department of water resources-mh - ii) (400095)|maharashtra|04/2017 (04/2017)|12/2019 (06/2026)|743.73 (743.73)|365.86|52
800|urmodi irrigation project (department of water resources-mh - ii) (400105)|maharashtra|04/2017 (04/2018)|06/2022 (12/2026)|580.79 (895.81)|713.46|76
801|sulwade-jamphal-kanoli lift irrigation scheme (department of water resources-mh - ii) (400107)|maharashtra|04/2017 (02/2019)|06/2023 (06/2027)|2407.67 (2407.67)|2579.27|80
802|purna barrage-2 [ner dhamana] medium irrigation project (department of water resources-mh - ii) (400109)|maharashtra|04/2017 (04/2018)|06/2020 (06/2026)|848.07 (888.43)|690.49|69
803|jigaon irrigation project (department of water resources-mh - ii) (400112)|maharashtra|04/2017 (04/2018)|06/2028 (-)|7222.95 (7222.95)|9035.2|90
804|bodwad parisar sinchan yojna (department of water resources-mh) (617422)|maharashtra|05/2002 (01/2017)|07/2027 (-)|1923.81 (1923.81)|1770.13|49
805|waghur project (department of water resources-mh - ii) (701383)|maharashtra|04/1996 (04/1996)|12/2019 (03/2026)|1058.99 (1758.51)|1557.64|89
806|gosikhurd project (department of water resources-mh - ii) (701386)|maharashtra|04/2008 (04/2008)|12/2019 (06/2028)|7196.47 (12770.1)|13837.78|72
807|aruna medium irrigation project (department of water resources-mh - ii) (701391)|maharashtra|04/2009 (01/2010)|12/2019 (12/2025)|210.45 (1472.14)|1705.83|97
808|lower pedhi project (department of water resources-mh - ii) (701396)|maharashtra|04/2008 (04/2008)|12/2019 (06/2026)|255.97 (1480.7)|1324.98|65
809|nardave medium irrigation project (department of water resources-mh - ii) (701398)|maharashtra|04/2009 (04/2009)|12/2019 (06/2026)|211.46 (781.85)|623.5|72
810|thoubal multipurpose project (water resources department-mn) (701400)|manipur|04/1997 (04/1997)|12/2019 (03/2026)|1449.44 (1822.24)|1837.91|98
811|north koel reservoir project (department of water resources, river development & gr) (701412)|multi-states (bihar, jharkhand)|08/2017 (01/2021)|03/2021 (03/2026)|1622.27 (2430.76)|151.04|32
812|integrated anandpur barrage project (water resources-or) (603945)|odisha|04/1997 (01/1998)|12/2019 (06/2026)|567.03 (2990.05)|2715.12|62
813|kanupur irrigation project (irrigation and cad-tg) (701404)|odisha|04/2003 (01/2004)|12/2019 (06/2026)|989.43 (2301.28)|2712.75|79
814|relining of rajasthan feeder and sirhind feeder canal (department of water resources-pb) (701410)|punjab|02/2016 (04/2018)|06/2021 (06/2026)|1441.26 (2462.16)|3012.69|80
815|shahpur kandi dam project (department of water resources-pb) (701411)|punjab|02/2010 (04/2018)|06/2022 (10/2025)|2285.81 (2715.7)|2169.72|88
816|sri ram sagar project stage - ii (irrigation and cad-tg) (400102)|telangana|04/2005 (04/2005)|12/2019 (03/2026)|736.13 (949.87)|940.7|96
817|indiramma flood flow canal project (irrigation and cad-tg) (400103)|telangana|04/2005 (01/2006)|12/2019 (12/2026)|1331.3 (5940.09)|4491.08|92
818|j. chokka rao devadula lift irrigation scheme (irrigation and cad-tg) (701405)|telangana|04/2006 (04/2006)|12/2019 (12/2025)|8200.71 (14730)|4664.8|87
819|rajiv bhima lift irrigation scheme (irrigation and cad-tg) (701406)|telangana|04/2007 (01/2008)|12/2019 (03/2026)|1402 (2509.66)|1839.76|100
820|saryu nahar cadwm project (irrigation & water resources-up) (400093)|uttar pradesh|04/2017 (04/2017)|12/2019 (03/2026)|1672.7 (1672.7)|22.24|1
821|morna [gureghar] irrigation project (department of water resources, river development & gr) (701395)|uttar pradesh|04/2007 (12/2007)|12/2025 (-)|219.9 (219.9)|115.2|31
822|madhya ganga canal phase-ii (irrigation & water resources-up) (701408)|uttar pradesh|04/2008 (04/2008)|12/2019 (12/2025)|1060.67 (4417.21)|4552.44|82
823|jamrani dam multipurpose project (irrigation-uk) (613787)|uttarakhand|10/2023 (11/2023)|06/2029 (-)|2584.1 (2584.1)|968.52|16
