1|guwahati airport new integrated terminal building construction project (adani airport holdings limited) (706724)|assam|12/2016 (03/2018)|03/2025 (06/2026)|1712 (2520)|2627.39|98
2|c/o nitb imphal airport (airport authority of india [aai]) (706718)|manipur|11/2021 (07/2022)|07/2024 (12/2026)|499 (499)|201.99|50.69
3|widening of basic strip at western side of runway chainage 80m to 920m i/c slope stabilization measures [balance work] of uphill and improvement of storm water drainage system at pakyong airport, sikkim on design & build basis [epc] with integrated 10 years maintenance. (airport authority of india [aai]) (612793)|sikkim|11/2023 (12/2023)|06/2026 (06/2027)|323.26 (323.26)|80.84|34.25
4|tikak extension ocp (mis mocoal integration logins) (615820)|assam|07/2022 (07/2022)|07/2031 (-)|159.77 (159.77)|111.47|88.18
5|tirap ocp (mis mocoal integration logins) (615821)|assam|11/2022 (11/2022)|11/2030 (-)|289.46 (289.46)|105.61|3.26
6|construction of permanent campus of national institute of technology arunachal pradesh (national institute of technology, arunachal pradesh) (612898)|arunachal pradesh|09/2009 (03/2013)|08/2026 (08/2024)|592.61 (592.61)|551.3|80
7|tezpur university projects (tezpur university) (606112)|assam|05/2019 (06/2021)|11/2023 (12/2025)|153.71 (153.71)|137.84|97.7
8|construction and developement of national institute of technology meghalaya permanent campus at sohra (national institute of technology, meghalaya) (612885)|meghalaya|09/2009 (09/2014)|03/2022 (10/2026)|494.52 (429.7)|368.98|95
9|construction of permanent campus for nit mizoram at lengpui, aizawl (nit mizoram) (612876)|mizoram|09/2009 (06/2014)|12/2029 (03/2022)|474.23 (474.23)|167.55|4
10|establishment of nit nagaland (nit nagaland) (613013)|nagaland|09/2009 (12/2014)|12/2025 (-)|275.63 (275.63)|263.25|98
11|construction of sikkim university campus phase-i package-ii at yangang, south sikkim (sikkim university) (609736)|sikkim|08/2020 (01/2022)|01/2025 (03/2026)|314.06 (314.06)|292|95
12|establishment of permanent campus of nit sikkim at khamdong-gangtok district (nit sikkim) (612883)|sikkim|02/2024 (03/2024)|02/2028 (12/2026)|685.76 (610.76)|283.56|34.5
13|national sports university [nsu], imphal [manipur] (department of sports & youth affairs) (400081)|manipur|na (01/2022)|08/2024 (08/2026)|906.47 (611.74)|574.12|97
14|dibang multipurpose project (national hydroelectric power corporation limited [nhpc]) (602182)|arunachal pradesh|02/2023 (02/2023)|02/2032 (02/2032)|31876.39 (31876.4)|4593.04|17.43
15|kalai-ii hydro electric project [1200 mw] (thdc india limited) (619311)|arunachal pradesh|04/2026 (04/2026)|10/2032 (-)|14105.83 (14105.8)|187.16|0
16|240mw heo he project (north eastern electric power corporation limited) (611698)|arunachal pradesh|12/2024 (05/2025)|07/2029 (-)|1938.85 (1938.85)|96.94|4.95
17|186 mw tato-i h e project (north eastern electric power corporation limited) (611699)|arunachal pradesh|12/2024 (05/2025)|07/2029 (-)|1750.07 (1750.07)|73.91|5.04
18|700 mw tato-ii he project (north eastern electric power corporation limited) (611716)|arunachal pradesh|09/2025 (09/2025)|09/2031 (-)|8146.21 (8146.21)|243.25|6.41
19|subansiri lower he project [2000 mw] (national hydroelectric power corporation limited [nhpc]) (602096)|multi-states (assam, arunachal pradesh)|09/2003 (01/2005)|09/2010 (05/2026)|6285.33 (26075.5)|26150.32|97.64
20|teesta-vi he project, sikkim [500 mw], executed by lanco teesta hydro power limited [a wholly owned subsidiary of nhpc ltd. acquired through nclt] (national hydroelectric power corporation limited [nhpc]) (602181)|sikkim|03/2019 (03/2020)|03/2024 (12/2027)|5748.04 (5748.04)|4356.15|72.51
21|rangit-iv he project [120 mw] executed by jal power corporation ltd. [jpcl] - a wholly owned subsidiary of nhpc ltd. acquired through nclt (national hydroelectric power corporation limited [nhpc]) (605156)|sikkim|03/2021 (08/2021)|05/2024 (12/2025)|938.29 (1828.11)|1625.93|96.53
22|north eastern region expansion scheme-xxiii [neres-xxiii] (power grid corporation of india limited [powergrid]) (617375)|arunachal pradesh|08/2025 (08/2025)|02/2028 (-)|209.38 (209.38)|3.14|1.5
23|comprehensive scheme for strengthening of transmission and distribution [t&d] systems [csst&ds] in arunachal pradesh and sikkim (power grid corporation of india limited [powergrid]) (602223)|multi-states (arunachal pradesh, sikkim)|10/2014 (10/2014)|12/2018 (03/2027)|4754.42 (9129.32)|8069.4|83.4
24|north eastern region power system improvement project [nerpsip] (power grid corporation of india limited [powergrid]) (607709)|multi-states (mizoram, manipur, tripura, assam, meghalaya, nagaland)|12/2014 (03/2016)|12/2018 (03/2027)|5111.33 (6700)|5577.75|98.5
25|setting up of new rail fed pol facility at kamardanga, assam (hindustan petroleum corporation limited [hpcl]) (709755)|assam|03/2023 (03/2023)|07/2027 (07/2027)|384.04 (384.04)|216.85|82.4
26|construction of lpg facilities at kamardanga, assam (hindustan petroleum corporation limited) (709754)|assam|03/2023 (03/2023)|07/2027 (07/2027)|156.36 (156.36)|102.07|75.5
27|paradip-numaligarh crude oil pipeline [pncpl] & crude oil import terminal [coit] at paradip (ministry of petroleum & natural gas) (701349)|assam|01/2019 (01/2019)|07/2024 (10/2026)|10228 (11407)|10912.42|92.4
28|lpg bottling plant at mualkhang (ministry of petroleum & natural gas) (617829)|mizoram|07/2024 (07/2024)|10/2028 (11/2027)|225.71 (225.71)|22.78|32
29|grass root rail-fed depot at sekerkote, agartala as resitement of existing dharmanagar depot (indian oil corporation limited [iocl]) (400035)|tripura|06/2022 (06/2022)|09/2025 (06/2026)|656 (656)|537.17|97
30|power recovery turbine [prt] in pfccu unit as an energy conservation scheme (nrl) (709865)|assam|04/2023 (04/2023)|12/2024 (09/2026)|293.5 (293.5)|81.84|99
31|dcu revamp project (nrl) (709864)|assam|08/2021 (08/2021)|07/2024 (10/2026)|370 (370)|281.31|76.3
32|borholla ggs life extension project [blep] (ministry of petroleum & natural gas) (709850)|assam|09/2023 (09/2023)|05/2026 (09/2026)|198.7 (198.7)|96.22|55.7
33|pipeline network project rudrasagar (ministry of petroleum & natural gas) (709847)|assam|01/2023 (01/2023)|04/2026 (04/2027)|481.03 (481.03)|235.37|54.1
34|numaligarh refinery expansion project (ministry of petroleum & natural gas) (604791)|assam|07/2020 (07/2020)|07/2024 (03/2027)|12366 (22494)|19522.33|84.6
35|development of surface facilities for production and evacuation of crude oil and natural gas from nadua and east khagorija (ministry of petroleum & natural gas) (604863)|assam|01/2018 (01/2018)|02/2020 (06/2026)|682.9 (726.93)|598.62|94.3
36|capacity expansion of digboi refinery from 0.65 to 1.0 mmtpa (ministryofpetroleumnaturalgas) (709779)|assam|06/2022 (06/2022)|03/2026 (07/2027)|768 (740)|174.5|56
37|guwahati refinery expansion [1.0 to 1.2 mmtpa] along with installation of cru, guwahati refinery (ministry of petroleum & natural gas) (607701)|assam|05/2021 (05/2021)|10/2023 (05/2026)|412.3 (577)|457.64|94.9
38|augmentation/revamping of facilities at existing guwahati terminal at betkuchi (ministryofpetroleumnaturalgas) (709776)|assam|04/2022 (04/2022)|09/2026 (09/2026)|277 (323.09)|226.36|81.2
39|construction of field gas gathering station at baghjan area for collection, processing & transportation of natural gas to be produced from baghjan field (ministry of petroleum & natural gas) (616858)|assam|12/2020 (12/2020)|03/2024 (06/2026)|430.76 (430.76)|346.97|92.4
40|pipeline rehabilitation project, phase-ii (ministry of petroleum & natural gas) (617827)|assam|12/2024 (12/2024)|12/2029 (12/2029)|680 (680)|8.19|24
41|coke drum structure package (ministry of petroleum & natural gas) (617836)|assam|12/2022 (12/2022)|12/2025 (09/2026)|635.28 (635.28)|453.66|60.6
42|group gathering station, lakwagaon (ministry of petroleum & natural gas) (619316)|assam|10/2025 (10/2025)|10/2027 (10/2027)|495.59 (495.59)|18.04|5.7
43|north east gas grid (ministry of petroleum & natural gas) (701346)|multi-states (arunachal pradesh, meghalaya, assam, nagaland, sikkim, tripura, mizoram, manipur)|04/2020 (04/2020)|03/2024 (07/2026)|9265 (9265)|6877.97|87.6
44|augmentation/ revamping of dimapur depot, dimapur (ministryofpetroleumnaturalgas) (709786)|nagaland|08/2023 (08/2023)|11/2027 (11/2027)|227.62 (227.62)|25.94|41
45|creation of gas dehydration facilities, tripura asset (oil and natural gas corporation limited [ongc]) (709837)|tripura|03/2022 (03/2022)|05/2024 (08/2026)|209.33 (131.51)|78.98|68.9
46|establishment of new gmc gangtok (medical education, ministry of health and family welfare) (707039)|sikkim|10/2018 (12/2018)|12/2026 (-)|250 (635.21)|666.21|92
47|construction of 200 bedded esic hospital with 62 nos staff quarters , beltola (employee's state insurance company [esic]) (612201)|assam|12/2017 (10/2021)|04/2025 (06/2026)|143.23 (154.75)|130.08|98
48|doubling of new bonggigaon to kamakhya via goalpara - 176 km (northeast frontier railway [nfr]) (705572)|assam|09/2016 (09/2016)|03/2026 (03/2026)|4060 (4961)|3797.35|95.13
49|guwahati-dibrugarh via tinsukia & simaluguri-dibrugarh (central organisation for railway electrification [core]) (706922)|assam|09/2020 (09/2018)|09/2020 (06/2024)|890.36 (889.36)|391.73|89
50|mariani-jorhat, tinsukia-dangri and makum -tiraptrack electrification project (gm/c/ nfr) (706940)|assam|09/2018 (01/2022)|05/2024 (-)|183.99 (183.99)|0|0
51|harmuty-murkongselek branch line electrification project (gm/c/ nfr) (706942)|assam|09/2018 (01/2022)|05/2024 (-)|237.52 (237.52)|0|0
52|furkating-new tinsukia[194 km] (northeast frontier railway [nfr]) (618986)|assam|09/2025 (09/2025)|06/2029 (-)|3633.58 (3633.58)|0|0
53|jiribam-imphal new line project (northeast frontier railway [nfr]) (705391)|manipur|03/2013 (12/2007)|12/2026 (06/2029)|14323 (21885.9)|16020.78|72.1
54|byrnihat-shillong new rail line- 108 km (northeast frontier railway [nfr]) (705396)|meghalaya|04/2011 (03/2010)|03/2021 (03/2027)|8324.28 (8342.28)|266.12|2.04
55|murkongselek-pasighat (northeast frontier railway [nfr] - ii) (705401)|multi-states (arunachal pradesh, assam)|02/2011 (03/2023)|03/2025 (12/2026)|435 (1250)|853|68
56|dimapur [dhansiri]-sukhobi kohima [zubza] nl [82.5 km] (northeast frontier railway [nfr] - ii) (705392)|multi-states (assam, nagaland)|08/2015 (02/2016)|03/2025 (12/2029)|6663 (6663)|6282.3|43
57|tetlia-byrnihat new railway line (northeast frontier railway [nfr]) (705394)|multi-states (meghalaya, assam)|08/2010 (03/2007)|11/2011 (06/2027)|1304.62 (1304.62)|1254.47|86.16
58|lumding furkating doubling project 140 km (northeast frontier railway [nfr]) (616701)|multi-states (nagaland, assam)|02/2024 (01/2025)|02/2028 (-)|2123.7 (2123.7)|121.34|10
59|sivok-rangpo new rail line (indian railway construction international limited [ircon]) (705432)|sikkim|10/2009 (05/2010)|05/2015 (12/2027)|7877 (11775)|10770.42|93
60|construction of 2-lane road of potin to pangin section of nh-13 from km 163.59 to km 206.66 package-5 on epc mode in the state of arunachal pradesh under arunachal pradesh package of roads and highways of sardp-ne [job no sardp-ne/p-p/pkg-a/nh-13/ar.pr./pwd/2018-19/116] (morth) (617892)|arunachal pradesh|03/2019 (11/2020)|11/2023 (05/2026)|450.65 (450.65)|308.61|96.61
61|4-laning of itanagar to bandardewa section of nh-415from km 40430 to km 51735 package-bon epc mode in the state of arunachal pradesh job no. 415/ar. p/2020-21/031 (morth) (618033)|arunachal pradesh|06/2020 (12/2021)|12/2024 (07/2026)|496.47 (496.47)|165.43|51.37
62|lmprovement and widening to 2 lane with paved shoulder of nh-15 old nh-52 from existing km 770.600 design km 24.819 to existing km 805.750 design km 59.885 kamlang t-junction to chowkham, existing length 35.150 km, design length-35.066 km in the state of arunachal pradesh on epc mode pkg-2 (nhidcl) (619014)|arunachal pradesh|12/2023 (02/2026)|02/2028 (-)|316.73 (316.73)|0|0
63|construction of 2-laning with hard shoulders of demwe-brahmakund section of nh-13 from ch.0.00 km to 18.464 km on epc under sardp-ne nho-ne - balance work (nhidcl) (618445)|arunachal pradesh|08/2020 (06/2025)|12/2027 (12/2027)|353.9 (353.9)|0|17.91
64|construction of intermediate lane with hard shoulder of hunli to hayuliang package-iii from design km 60.000 to km 121.500 design length 61.500 km, greenfield section of frontier highway nh-913 in the state of arunachal pradesh on epc mode pkg-3 (nhidcl) (618401)|arunachal pradesh|02/2024 (07/2025)|07/2028 (07/2028)|1418.67 (1418.67)|0|1.7
65|construction of intermediate lane with hard shoulder of hunli to hayuliang from design km 0.000 to km 53.000 design length 53.000 km, greenfield section of frontier highway nh-913 in the state of arunachal pradesh on epc mode package-i (nhidcl) (618402)|arunachal pradesh|02/2024 (03/2025)|02/2028 (03/2028)|1262.43 (1262.43)|233.81|16.75
66|construction of intermediate lane road with hard shoulder from design km 0.000 to km 17.387 total length 17.387 km of hunli to ithun bridge section on nh-913 frontier highway in state of arunachal pradesh on epc mode under nho-ne (nhidcl) (618403)|arunachal pradesh|02/2024 (01/2025)|01/2027 (01/2027)|275.5 (275.5)|0|49.23
67|construction of lntermediate lane road with hard shoulder from design chainage km 0.000 to km 53.040 existing length68.500 km & total design length 53.04 km of tato to monigong section of nh-913 frontier highway on nafra bomdila to vijaynagar along china border in state of arunachal pradesh on epc mode (nhidcl) (618404)|arunachal pradesh|12/2023 (05/2025)|11/2027 (11/2027)|625.61 (625.61)|0|21.37
68|construction of intermediate lane of pango to jorging road from 0000 to design km design km 40000 design length 40.00 km, pkg-l, greenfield alignment in the state of arunachal pradesh on epc mode pkg-1 (nhidcl) (618405)|arunachal pradesh|01/2024 (01/2025)|07/2027 (07/2027)|898.19 (898.19)|0|39.1
69|roing-hunli road greenfield alignment project (nhidcl) (618434)|arunachal pradesh|02/2017 (03/2018)|03/2022 (06/2026)|1718.59 (1718.59)|178.83|82.04
70|construction of balance work of 2-lane with ps of joram koloriang road from existing km122.600 to km138.00 [design km108.724 to km123.714] in arunachal pradesh on epc mode under sardp-ne pkg-7 (nhidcl) (618433)|arunachal pradesh|02/2017 (10/2020)|04/2022 (04/2026)|184.89 (184.89)|0|99.69
71|construction of balance work of 2-lane with ps of joram-koloriang road nh- 713 on epc basis from design km 44.989 to km 61.547 existing km 50.050 to km 70.000 in the state of arunachal pradesh under sardp-ne pkg-3 (nhidcl) (618432)|arunachal pradesh|02/2017 (10/2020)|04/2022 (07/2023)|228.72 (228.72)|0|99.52
72|construction of balance work of the 4-laning of the section from jorhat to jhanji of nh-37 old from km 453.000 to km 490.800, under sardp- ne , under epc mode in the state of assam pkg-iv structures & toll plaza (nhidcl) (618444)|assam|01/2024 (02/2024)|08/2024 (-)|279.01 (279.01)|0|94.73
73|earthwork in formation, road work, construction of bridges, blanketing, p. way linking works including supply of p. way fittings and track ballast in connection with construction of railway siding from jogighopa railway station to mmlp at jogighopa from ch. 00 to 3760 on item rate basis package -3, railway siding from jogighopa railway station to mmlp (nhidcl) (618454)|assam|02/2020 (12/2020)|06/2022 (09/2024)|693.97 (693.97)|37.6|93.23
74|development of external trunk connectivity and internal infrastructure works at multi model logistics parkmmlp at jogighopa in the state of assam on epc mode package-i road and utility works (nhidcl) (618455)|assam|02/2020 (09/2020)|04/2022 (09/2024)|693.97 (693.97)|296.96|100
75|6l standalone flyovers at raha, demow, borghat, kathiatali junctions and rob at jagiroad on stretches of nh 36 and nh 27 (national highways authority of india [nhai]) (618576)|assam|03/2022 (12/2022)|06/2024 (-)|280.75 (255.53)|211.79|99.04
76|guwahati ring road in the state of assam (national highways authority of india [nhai]) (618934)|assam|08/2024 (01/2026)|01/2030 (01/2030)|5729.47 (5729.47)|3.15|0
77|2l with es of yagyi - kalewa section from milepost 40/0 to milepost 115/5 in myanmar (national highways authority of india [nhai]) (618958)|assam|12/2017 (05/2018)|06/2023 (07/2027)|1200.14 (1200.14)|0|52
78|construction of 4-lane bridge including approaches over river brahmaputra between dhubri on north bank,assam and phulbari on south bank,meghalaya on nh-127b under jica oda loan assistance phase-iii (nhidcl) (618373)|assam|05/2019 (12/2020)|09/2028 (09/2028)|4997.04 (4997.04)|2808.4|74.36
79|widening / improvement to 4-lane with paved shoulder configuration of existing single lane road from kachukhana harichara paglagaunj to dhubri - phulbari bridge approach package-ii of srirampur - dhubri section of nh-127b from existing km 28.050 to km 55.060 design km 27.650 to km 54.154, design length26.504 km under jica oda loan assistance phase-v [srirampur - dhubri pkg-2] (nhidcl) (618372)|assam|03/2022 (01/2023)|01/2025 (06/2025)|909.02 (909.02)|638.5|100
80|widening/improvement to 4-lane with paved shoulder configuration of existing single lane road from srirampur near bhairiguri village to kachukhana harichara paglagaunj package-i of srirampur - dhubri section of nh-127b from existing km 0.000 to km 28.050 design km 0.000 to km 27.650, design length27.650 km under jica oda loan assistance phase-v -balance work (nhidcl) (618371)|assam|03/2022 (11/2024)|11/2026 (11/2026)|613.89 (613.89)|260.02|78.09
81|construction of balance work of the 4-laning of the section from jorhat to jhanji of nh-37 old from km 463.00 to km 477.000 14.000 km, under sardp- ne under epc mode in the state of assam pkg-ii road works (nhidcl) (618443)|assam|01/2024 (02/2024)|08/2024 (-)|438.44 (438.44)|0|95.86
82|construction of balance work of the 4-laning of the section from jorhat to jhanji of nh-37 old from km 477.000 to km 490800 13.800 km, under sardp- ne under epc mode in the state of assam pkg-iii road works (nhidcl) (618442)|assam|01/2024 (02/2024)|08/2024 (-)|358.72 (358.72)|0.07|99.05
83|construction of balance work of 4-laning of the section from jhanji to demow of nh-37 old from km 490.800 to km 501.800 11.000 km, under sardp- ne under epc mode in the state of assam pkg-i road works (nhidcl) (618441)|assam|01/2016 (10/2024)|09/2025 (-)|467.79 (476.5)|72.13|0
84|construction of balance work of 4-laning of the section from jhanji to demow of nh-37 old from km 490.800 to km 534.800, under sardp- ne on epc mode in the state of assam pkg- iv structures & toll plaza (nhidcl) (618440)|assam|01/2016 (10/2024)|10/2025 (-)|187.09 (100.22)|0|0
85|construction of balance work of 4-laning of the section from jorhat to jhanji of nh-37 old from km 453000 to km 463000 10.000 km, under sardp- ne under epc mode in the state of assam pkg-i road works (nhidcl) (618439)|assam|01/2024 (02/2024)|08/2024 (-)|478.3 (478.3)|0|96.79
86|construction of balance work of 4-laning of the section from jhanji to demow of nh-37 old from km 501.800 to km 514.800 13.000 km, under sardp- ne under epc mode in the state of assam pkg-ii road works (nhidcl) (619013)|assam|10/2014 (10/2024)|01/2026 (-)|508.76 (542.87)|58.12|47.34
87|construction of 4-lane badarpur bypass from design chainage km 27300 at crossing with nh-6 old nh-44 near siddeswar pt.-i village to design chainage km 38600 on nh-37 old nh-44 at kandigram chaita village on silchar - churaibari stretch in the state of assam on epc mode under bharatmala pariyojana in economic corridors silchar- churaibari pkg-3 (nhidcl) (619057)|assam|02/2023 (02/2024)|08/2026 (08/2026)|574.26 (574.26)|316.32|71.09
88|4-laning of nh-37 section between demow to end of moran bypass from km. 534.800 to km. 561.700 including emergency landing facility elf under sardp-ne, phase 'a' in the state of assam on epc mode (nhidcl) (618438)|assam|01/2016 (01/2023)|07/2024 (08/2025)|385.57 (385.57)|145.89|100
89|construction of balance work of 4-laning of nh-37 section between end of moran bypass to bogibeel junction near lapetketa km. 561.700-km. 580.875 under sardp-ne, phase 'a' in the state of assam on epc mode pkg-i road works & toll plaza (nhidcl) (618437)|assam|01/2016 (09/2024)|03/2025 (08/2025)|274.34 (274.34)|90.6|100
90|construction of balance work of 4-laning of the section from jhanji to demow of nh-37 old from km 514.800 to km 534.800 20.000 km, under sardp- ne under epc mode in the state of assam pkg-iii road works (nhidcl) (619060)|assam|10/2014 (10/2024)|09/2025 (-)|344.71 (619.7)|46.37|62.9
91|balance work of 4l of narimbanglojatinga junction- harangajoroad section from km 0.000 to km 49.230 of nh-27 (nhai) (619089)|assam|03/2022 (01/2023)|01/2026 (06/2026)|1909.98 (2745.74)|1307.33|93.08
92|4-laning of jamugurihat to end of biswanath chariali by-pass from km 182.000 to km 208.000 of nh-52 on epc mode in state of assam under sardp-ne (nhidcl) (618436)|assam|03/2015 (12/2016)|06/2019 (07/2025)|599 (599)|405.02|100
93|4-laning from rangagara to kaliabor tiniali from km 297.00 to km 315.315 of nh-37 on epc basis under sardp-ne in state of assam (nhidcl) (618435)|assam|01/2016 (10/2017)|04/2020 (06/2026)|386.51 (386.51)|352.16|97.13
94|construction of 4 lane gauripur bypass starting bfrom km 852.56 of nh- 31dumardoha pt-ii and terminating at km 862.17 baladmara via. khudimari pt.- ii, fulkumari, charaldanga, sajuakuti,geramari pt.-iii and finally meeting at km 862.17 of nh-17new/ nh-31old in the state of assam under epc mode job no. 31/as/ 2023-24/265 (morth) (617896)|assam|03/2024 (04/2025)|10/2026 (10/2026)|421.15 (421.15)|0|17.9
95|construction of mangaldoi bypass nh-15 starting at ch 26400 and terminating at ch 41505 under rangia nh division l 15.105 km in the state of assam. job no. 15/as/2021-22/234 (morth) (617895)|assam|03/2022 (04/2023)|04/2025 (12/2026)|535.03 (535.03)|161.56|70.71
96|wideinig & upgradation to 2-lanes with paved shoulders road from tamenglong to mahur nh-137 in the state of assam starting from km 96.870 near jiri river to km 116.550 near hangrum package-7 on epc mode package7 (nhidcl) (618354)|assam|12/2023 (03/2024)|03/2026 (06/2026)|846.82 (846.82)|0|85.29
97|widening & upgradation to 2-lanes with paved shoulders road from tamenglong to mahur nh-137 in the state of assam starting from km 116.480 near hangrum to km 136.500 near hejaichak package-8 on epc mode under nho-ne package 8 (nhidcl) (618353)|assam|03/2023 (08/2023)|08/2025 (06/2026)|904.04 (904.04)|520.05|85.2
98|widening & upgradation to 2 lanes with paved shoulders road from tamenglong to mahur nh-137 in the state of assam starting from km 136.500 near hejaichak to km 156.489 near p. leikul package-9 on epc mode under nho-ne package- 9 (nhidcl) (618352)|assam|03/2023 (08/2023)|08/2025 (06/2026)|860.37 (614.43)|528.46|87.5
99|widening & upgradation to 2 lanes with paved shoulders road from tamenglong to mahur nh-137 in the state of assam starting from km 156.489 near p. leikul to km 176.410 near borowapu on epc mode under nho-ne assam portion package-10 (nhidcl) (618351)|assam|03/2023 (08/2023)|08/2025 (06/2026)|890.33 (693.15)|569.61|81.9
100|construction of 2 lane barpeta bypass from km 77900baradi to km 86150 deurikuchi length8.25km on nh-427 in the state of assam under epc modejob no.427/as/2022-23/245 (morth) (618034)|assam|03/2023 (02/2025)|08/2026 (08/2026)|173.65 (173.65)|8.07|20
101|construction of new 2 lane with paved shoulders of nh standards from km 0.080 to km 11.690 l11.610 km in majuli and from km 19.715 to km 27.484 l 7.769 km in jorhat on the newly declared nh 715k and construction of 1.10 km flyover on nh-715 with its approaches and service roads l1.10 km, total length 20.479 km in the state of assam job no. 715k/as/2023-24/256 (morth) (618159)|assam|02/2024 (09/2025)|03/2027 (03/2027)|382.1 (382.1)|25.58|0
102|construction of 2 lane major bridge including approaches over brahmaputra between majuli on north bank and jorhat on south bank from km. 11.690 to km. 19.715 length of bridge 6,812.5m package - ii on nh-715k in the state of assam job no. 715/as/2020-21/213 (morth) (618160)|assam|03/2025 (12/2025)|12/2027 (12/2027)|1019.17 (1019.17)|0|1.82
103|4-l bilasipara-guwahati package-10 (nhidcl) (618282)|assam|03/2023 (12/2023)|06/2026 (03/2027)|1264.9 (1264.9)|469.24|56.91
104|4-l bilasipara-guwahati package-9 (nhidcl) (618283)|assam|03/2023 (12/2023)|06/2026 (03/2027)|1000.27 (1000.27)|416.11|50.92
105|widening/improvement to 4-lane with paved shoulder from km 99930 to km 143680 design chainage 96000 to 139750 of paikan to dhupdhara sahar of bilasipura-guwahati road on nh-17 in the state of assam on epc mode under bharatmala pariyojana in economic corridors project length 43.750km under nho-ne package-8 (nhidcl) (618284)|assam|03/2023 (12/2023)|12/2026 (12/2026)|1457.59 (1457.59)|793.68|79.46
106|widening/improvement to 4 -lane with paved shoulder from ch. 88.000km to ch.99.930 km design ch.84.100km to ch.96.000 km of sagunbashi forest near nichinta to starting of krishnai bypass section of bilasipura guwahati road nh 17 on epc package-7 (nhidcl) (618285)|assam|03/2021 (10/2023)|10/2025 (01/2026)|286.72 (286.72)|186.64|100
107|construction of new 2-lane bridge with its approaches from km 0000 to km 4385 across river brahmaputra on nh-17 at jogighopa in assam on epc mode (nhidcl) (618286)|assam|09/2021 (11/2021)|11/2024 (12/2026)|746.76 (746.76)|410.28|76.47
108|widening/improvement to 4-lane with paved shoulder from ch. 25.633 km to ch. 52.470 km design ch. 21.850 km to ch.48.670 km for package-2 of bilasipura- guwahati road nh-17 section near mowatari, before chapar bypass to tulungia junction with nh-17 in the state of assam on ham mode under nho- ne package-2 (nhidcl) (618287)|assam|11/2023 (12/2024)|06/2027 (06/2027)|1338.61 (1338.61)|0|12.45
109|widening/lmprovement to 4-lane with paved shoulder from ch.5.580 km to ch.25.633 km design ch.0.000 km to ch.17.737km km 901.100 to km 921.145 of old nh-31 of bilasipara- guwahati road nh-17 section near chirakuta to near mowatari, before chapar bypass in the state ol assam on ham mode package-1 (nhidcl) (618288)|assam|02/2024 (02/2025)|08/2027 (08/2027)|1081.15 (1081.15)|0|28.74
110|construction and up gradation to 4-lane of existing two lane with paved shoulder from hapachara to tulungia road of nh-117 of existing km 0.00 to km 14.050 and design km 0.000 to km 14.660 under bmp on epc mode (nhidcl) (618289)|assam|03/2020 (06/2020)|12/2022 (03/2026)|224.85 (224.85)|204.31|97.76
111|construction of 4-lane panchgram bypass from design chainage km 15500 on nh-37 old nh-53 at kalinagar pt.-i village to design chainage km 27300 at crossing with nh-6 old nh-44 near siddeswar pt.-i village on silchar - churaibari stretch in the state of assam on epc mode under bharatmala pariyojana in economic corridors silchar- churaibari package-2 (nhidcl) (618308)|assam|03/2023 (08/2024)|02/2027 (02/2027)|676.18 (728.97)|0|57.17
112|widening/lmprovement to 4-laning and greenfield alignment with paved shoulder of silchar-badarpur churaibari section of nh-37 & nh-8 from design chainage 38.600 end point of proposed badarpur bypass to km. 62.800 start point of proposed nilambazar/cheragi bypass in the state of assam on ham mode package-4 (nhidcl) (618309)|assam|02/2024 (08/2025)|08/2027 (08/2027)|1319.55 (1319.55)|0|14.6
113|widening/lmprovement to 4-l of karimgani - sutarkandi section of nh 37 from design ch 0020 start of proposed karimganj bypass from nh -8 to design chainage km 14380 near sutarkandi spur connectivity to indo/bangladesh border on silchar-churaibari in the state of assam on ham mode package-7 (nhidcl) (618310)|assam|02/2024 (02/2025)|02/2027 (02/2027)|791.79 (791.79)|0.06|40.4
114|widening/lmprovement to 4-lane with paved shoulder for existing as well as greenfield alignment of badarpur churaibari section of nh-8 from design chainage 87.700 chandkhira to km. 106.500 churaibari section assam-tripura border in the state of assam on ham mode package-6 (nhidcl) (618311)|assam|03/2024 (03/2025)|03/2027 (03/2027)|870 (870)|0|31.83
115|widening/lmprovement to 4-lane with paved shoulder from existing road and greenfield alignment form design ch. 62.800 start of proposed nilambazar/cheragi bypass to design ch. 87.700 near chandkhira village of nh-8 on silchar-churaibari in the state of assam on ham mode package-5 (nhidcl) (618312)|assam|02/2024 (04/2025)|10/2027 (10/2027)|1258.13 (1258.13)|0|11
116|widening/lmprovement of existing 2 lane to 4-laning of karimganj-silchar section of nh-37 from design ch 0.000 near silchar isbt to design ch 15.970 near kalinagar pt i on nh-37 in assam on ham mode pkg-1 (nhidcl) (618313)|assam|03/2024 (09/2025)|09/2027 (09/2027)|1181.55 (1181.55)|0|0
117|4-laning of dhanehari lailapur / vairengte section from existing chainage km 12920 to km 43000 of nh 306 design chainage km 20000 to km 49360 on silchar - vairengte sairang road in the state of assam under bharatmala pariyojna on epc mode. project length 29.360 km under nho-ne package-2 (nhidcl) (618314)|assam|03/2023 (02/2024)|08/2026 (08/2026)|1716.21 (1716.21)|918.32|79.34
118|4-laning of silchar - dhanehari section from existing chainage km 263800 of nh 37 to km 12920 of nh 306 design chainage km 0000 to km 20000 on silchar - vairengte - sairang road in the state of assam under bharatmala pariyojna on epc mode package-1 (nhidcl) (618315)|assam|02/2023 (01/2024)|07/2026 (07/2026)|1256.9 (1256.9)|550.91|55.46
119|dillai to lahorijan package-7 (nhidcl) (618325)|assam|11/2021 (01/2023)|07/2024 (12/2025)|204.1 (204.1)|0|0
120|widening/improvement to 4-lane with paved shoulder from km 38500 to km 51246 design chainage 38500 to 50959 with proposed daboka bypass of daboka-parokhaowa of nh 29 on epc under nho-ne package-1 (nhidcl) (618326)|assam|01/2023 (11/2023)|11/2025 (05/2026)|516.88 (516.88)|0|97.96
121|widening/improvement to 4-lane with paved shoulder from km 113300 to km 146230 design chainage 113830 to 145712 of kwaram taro village - dillai section in assam on epc package-6 (nhidcl) (618327)|assam|09/2021 (07/2022)|07/2024 (03/2025)|625.64 (625.64)|0|0
122|construction of 4/6 laning from existing km 159.400 of nh-36 to existing km 102.500 of nh-39 and upto end point of assam portion [design km 118.050 to design km 132.375] total new alignment length of 14.325 km of daboka - dimapur section dimapur bypass in the state of assam under sardp-ne 'phase-a' on epc mode assam portion (nhidcl) (618330)|assam|03/2018 (11/2019)|11/2022 (09/2025)|511.02 (511.02)|647.21|100
123|lmprovement to 4-lane with paved shoulder from existing km 260000 design ch.4560 km to existing km ch.233000 d. ch.24560 of silchar near nutan dayapur village - budha nagar section length-20.00 km of nh-37 under package silchar-jiribam pkg-1 in the state of assam on ham mode (nhidcl) (618331)|assam|01/2024 (01/2025)|01/2028 (01/2028)|957.95 (957.95)|149.51|36.56
124|widening/improvement to 2-lane lane with paved shoulder from km 16900 bogapani to km 27150 golai goan on existing dibrugarh to ledo section with proposed digboi bypass green field and brownfield 2-laneps of nh-315 old nh-38 in tinsukia district under nho- ne package-4 (nhidcl) (618339)|assam|01/2023 (12/2023)|12/2026 (-)|356.65 (356.65)|0|20.45
125|widening/improvement to 4-lane with paved shoulder from km 626030 nalani hulla gaon to km 650450 chotahapjan on existing tinsukhia -makum bypass of nh-15 old nh-37 and strengthening of existing nh-315 old nh-38 from km 0000 chotahapjan to km 16900 bogapani section 2-lane ps in assam on epcmode under nho-ne package-3 (nhidcl) (618340)|assam|01/2023 (05/2023)|05/2025 (07/2026)|458.59 (458.59)|217.2|83.39
126|widening to 2 lane with paved shoulder of lmphal to jiribam section of nh-37 from design ch. from km 169570 near nungkao vlllage under tamenglong district to km 205974 near jiribam bridge under jiribam district under nho-ne pkg-7 (nhidcl) (618333)|manipur|01/2023 (12/2023)|12/2025 (06/2026)|760.16 (760.16)|414.38|90.52
127|widening to 2 lane with paved shoulder of lmphal to jiribam section of nh-37 from design ch. from km 131.280 to km 169.570 on epc mode in manipur under nho-tsp pkg-6 (nhidcl) (618334)|manipur|12/2021 (02/2023)|02/2025 (05/2026)|504.76 (504.76)|308.06|95
128|widening to 2 lane with paved shoulder of lmphal to jiribam section of nh-37 from design ch. from km 101280 near khongsang village to km 131280 near puilon kambiron village on epc mode in manipur pkg-5 (nhidcl) (618335)|manipur|12/2021 (11/2022)|05/2024 (06/2026)|410.68 (410.68)|339.14|89.95
129|widening to 2 -lane with paved shoulder of imphal to jiribam section of nh-37 from design chainage 66.110 km to 101.280 km existing chainage km 67.496 to km 103.557 on epc mode in manipur pkg-4 (nhidcl) (618336)|manipur|09/2021 (06/2022)|12/2023 (07/2026)|579.63 (579.63)|377.13|84.86
130|construction of 2 -lane with paved shoulders road from tamenglong to mahur nh-137 starting from km 80.630 near mandeu to km 96.870 near jiri river on epc mode package-6 (nhidcl) (618358)|manipur|09/2021 (11/2021)|05/2023 (12/2025)|311.18 (311.18)|230.69|86.73
131|construction of 2 -lane with paved shoulders road from tamenglong to mahur nh-137 in manipur starting from km 54.180 near azuram to km 80.630 near mandeu on epc mode package 5 (nhidcl) (618357)|manipur|09/2021 (11/2021)|05/2023 (01/2026)|477.86 (477.86)|330.1|84.87
132|construction of 2 -lane with paved shoulders road from tamenglong to mahur in the state of manipur from km 31.430 at old tamenglong to km 43.480 ending near phelong on epc mode package-3 (nhidcl) (618356)|manipur|03/2021 (06/2021)|12/2022 (04/2026)|234.08 (234.08)|196.29|100
133|construction of of 2 -lane with paved shoulders road from tamenglong-tousem- lisang-mahur road nh-137 starting near dialong village from km 10.000 at dialong to km 31.430 near old tamenglong , near barak river on epc mode package-2 (nhidcl) (618355)|manipur|07/2021 (09/2021)|03/2023 (03/2026)|483.87 (483.87)|361.96|95.28
134|widening/improvement to 2 lane with earthen shoulder of choithar to marrem khullen section of nh-202 of imphal ukhrul jessami economic corridor from design chainage km 53.110 to km 95.700 in the state of manipur on epc mode under bharatmala pariyojana, under nho-ne package-5 (nhidcl) (618306)|manipur|03/2023 (05/2025)|03/2027 (05/2027)|564.05 (564.05)|72.58|14.08
135|widening/improvement to 2 lane with earthen shoulder of marrem khullen to jessami section of nh-202 of imphal - ukhrul - jessami economic corridor from design chainage km 95.700 to km 140.180 in the state of manipur on epc mode under bharatmala pariyojana under nho-ne package-6 (nhidcl) (618305)|manipur|03/2023 (12/2024)|12/2026 (12/2026)|554.66 (554.66)|201.52|22.55
136|widening/improvement to 2 lane with earthen shoulder of jessami to laynen bridge nagaland border section of nh-29 of imphal -ukhrul - jessami economic corridor from km 0.000 to km 11.009 in the state of manipur on epc mode under bharatmala pariyojana, under nho-ne package-7 (nhidcl) (618304)|manipur|03/2023 (12/2024)|06/2026 (10/2026)|164.89 (164.89)|125.76|23.56
137|widening/improvement to 2-lane with earthen shoulder of yaingangpokpi - finch corner road section of nh-202 from km 0.000 to km 16.900 of nh-202 in the state of manipur on epc mode package-1 (nhidcl) (618303)|manipur|03/2020 (07/2020)|06/2022 (04/2026)|222.77 (222.77)|0|88.85
138|widening/improvement to 2-lane with earthen shoulder of yaingangpokpi - finch corner road section of nh-202 from km 16.900 to km 30.970 of nh-202 in the state of manipur on epc mode package-2 (nhidcl) (618302)|manipur|03/2020 (07/2020)|06/2022 (06/2026)|256.04 (256.04)|0|97.12
139|widening/improvement of existing 2-lane to 4-lane divided highway from kuraopokpi to sekmai section of imphal-kohima road design ch. km 287.00 to 297.700 of nh-39 new nh-02 in state of manipur on epc mode pkg-5a (nhidcl) (618301)|manipur|09/2020 (02/2025)|08/2026 (08/2026)|228.97 (228.97)|33.76|48.16
140|improvement/up-gradation of existing 2-lane road to 4-lane divided highway from taphukuki to daili section of imphal-kohima road nh-02 design chainage from km 262175 to km 274610 in the state of manipur on epc mode pkg-4a (nhidcl) (618300)|manipur|09/2020 (10/2020)|04/2022 (08/2026)|379.39 (379.39)|301.89|91.31
141|improvement/up-gradation of existing 2-lane road to 4-lane divided highway from daili to kuraopokpi section of imphal-kohima road nh-02 design chainage from km 274610 to km 287000 in the state of manipur on epc mode pkg-4b (nhidcl) (618299)|manipur|09/2020 (12/2024)|06/2026 (06/2026)|268.98 (268.98)|0|55.15
142|construction of 2-laning with hard shoulder of ukhrul tolloi - tadubi section of nh-102a from design chainage km 9450 to km 50850 in the state of manipur on epc mode under nho-ne package-2 (nhidcl) (618387)|manipur|03/2023 (03/2024)|03/2026 (04/2026)|578.98 (578.98)|249.29|79.5
143|construction of 2-laning with hard shoulder road of ukhrul - tolloi - tadubi section of nh-102a from design chainage 50.850 km to 81.870 km in the state of manipur on epc mode under nho-tsp package -3 (nhidcl) (618388)|manipur|09/2021 (07/2023)|01/2025 (07/2026)|315.56 (315.56)|227.98|90.91
144|construction of 2-laning with hard shoulder road of ukhrul - tolloi - tadubi section of nh-102a from design chainage 81.870 km to 105.825 km in the state of manipur on epc mode under nho-tsp package -4 (nhidcl) (618389)|manipur|09/2021 (08/2022)|02/2024 (05/2026)|310.76 (310.76)|247.28|96.8
145|widening/improvement of existing 2-lane road to 4-lane divided highway from sekmai to nilakuthi section of imphal-kohima road design chainage from km 297700 to km 308729 of nh-39 new nh-02 in state of manipur on epc mode pkg-5b (nhidcl) (618298)|manipur|03/2021 (07/2021)|01/2023 (06/2026)|211.7 (211.7)|227.95|90.96
146|widening to 2 -lane with paved shoulder of imphal to jiribam section of nh-37 from design chainage 33.000 km to 66.390 km existing chainage from km 33.395 to km 67.496 on epc mode in manipur pkg-3 (nhidcl) (618337)|manipur|03/2021 (09/2021)|03/2023 (03/2026)|467 (467)|568.72|86.33
147|widening to 2-lane with paved shoulder of imphal to jiribam section of nh-37 from design chainage 15.940 km to 33.120 km existing chainage km 15.946 to km 33.395 total length17.180 km in the state of manipur on epc mode pkg-2 - balance works & rectification works (nhidcl) (618338)|manipur|03/2021 (03/2025)|03/2026 (05/2026)|195.14 (195.14)|0|76.18
148|balance work of widening to 2 two lane with hard shoulder of churachandpur to tuivai section of nh-102b from design chainage km 118850 to km 130000 package-4a in the state of manipur on epc mode (nhidcl) (618349)|manipur|04/2020 (08/2025)|08/2026 (08/2026)|204.12 (204.12)|0|21.39
149|balance work of widening to 2 two lane with hard shoulder of churachandpur to tuivai section of nh-102b from km 130.000 to km 141.029 package-4b in the state of manipur on epc mode (nhidcl) (618348)|manipur|06/2020 (11/2025)|11/2026 (11/2026)|177.76 (177.76)|1.41|0.97
150|improvement of existing road to 2 laning with hard shoulders of maram-peren section package-1b, length- 17.660 km from design chainage 22.340 km to 40.000 km on nh-129a in the state of manipur on epc mode (nhidcl) (618415)|manipur|02/2021 (06/2021)|12/2022 (03/2026)|188.36 (188.36)|0|100
151|improvement of existing road to 2 laning with hard shoulders of maram -peren section package-1a, length- 22.340km from design chainage 0.000 km to 22.340 km on nh-129a in the state of manipur on epc mode (nhidcl) (618416)|manipur|02/2021 (06/2021)|12/2022 (07/2026)|226.32 (226.32)|179.09|74.58
152|widening to 2-lane with hard shoulder of churachandpur to tuivai section of nh- 102b from km 13.747 to km 32.835 in the state of manipur on epc mode under nho package-1b (nhidcl) (618347)|manipur|04/2020 (07/2020)|06/2022 (03/2026)|241.52 (241.52)|152.85|96.54
153|widening to 2-lane with hard shoulder of churachandpur to tuivai section of nh- 102b from km 32.835 to km 48.587 in the state of manipur on epc mode under nho package-2a (nhidcl) (618346)|manipur|04/2020 (07/2020)|06/2022 (03/2026)|232.99 (232.99)|149.21|96.35
154|widening to 2-lane with hard shoulder of churachandpur to tuivai section from km 48.587 to km 69.875 in the state of manipur on epc mode under nho package-2b (nhidcl) (618345)|manipur|06/2020 (08/2020)|08/2022 (05/2026)|365.53 (365.53)|187.39|85.09
155|widening to 2-lane with hard shoulder of churachandpur to tuivai section of nh- 102b from design chainage 69.875 km to 121.769 km in the state of manipur on epc mode package-3 (nhidcl) (618344)|manipur|03/2021 (08/2021)|08/2023 (12/2026)|673.27 (673.27)|500.96|82.93
156|rehabilitation and up-gradation of nongstoin wahkaji section of project road km 0000 to km 43060 to intermediate lane with earthern shoulder under sardp-ne phase-a in the state of meghalaya on epc mode. job no- sardp- ne ong-don-maw/mg/2020-21/294 (morth) (617885)|meghalaya|08/2020 (02/2022)|08/2023 (05/2026)|302.88 (302.88)|182.58|99.1
157|construction of 2-lane with paved shoulder of shillong western bypass starting from nh-06 near ladumsaw existing km 60.900 of old nh-40 to nh106 old nh- 44e, km 0000 to km 12800 package-i under sardp-ne phase a in the state of meghalaya on epc mode greenfield alignment (nhidcl) (618421)|meghalaya|03/2023 (09/2024)|09/2026 (09/2026)|620.3 (620.3)|215.93|68.85
158|improvement and widening two lannig with paved shoulder of nh 127b from km 31.500 goeragre to km 63.224 package-ii in state of meghalaya (morth) (618076)|meghalaya|12/2023 (05/2025)|05/2027 (-)|504 (350.67)|0|2.5
159|improvement and widening of national highway no. 127b darugiri - songsak - williamnagar junction section to two lane with paved shoulder from design km 0000 to km 36635 design length 36.635 km existing km 112000 to km 151060 of nh-1278 under bharatmala pariyojana lot-1 pkg-1b meghalaya portion (nhidcl) (618294)|meghalaya|03/2023 (09/2025)|09/2027 (09/2027)|801.07 (801.07)|64.53|24.13
160|improvement/widening of new nh-217 dainadubi-darugiri section to two lane with paved shoulder in meghalaya from design km 0000 to km 40840 existing km 8600 to km 53000 of old nh-62 under bmp lot-1 pkg-1b meghalaya portion (nhidcl) (618295)|meghalaya|03/2023 (03/2025)|03/2027 (03/2027)|705.83 (705.83)|0|38.75
161|construction of 2 lane with paved shoulder of shillong western bypass starting from nh-06 near ladumsaw existing km 60.900 of old nh-40 to nh-106 old nh- 44e, package-ii km 12800 to km 24700 under sardp-ne phase a in the state of meghalaya on epc mode (nhidcl) (618420)|meghalaya|03/2023 (09/2024)|09/2026 (09/2026)|686.03 (686.03)|228.79|46.51
162|construction of 2-lane with paved shoulders of shillong western bypass starting from nh-06 near ladumsaw existing km 60.900 of old nh40 to nh106 old nh 44e package-iii, from km 24700 to km 38256 under sardp-ne phase a in the state of meghalaya on epc mode greenfield alignment (nhidcl) (618419)|meghalaya|03/2023 (09/2024)|09/2026 (09/2026)|562.48 (562.48)|85.88|50.91
163|rehabilitation and up gradation of nongstoin-rambrai-kyrshai road up to meghalaya-assam border from km 0.335 to km 34.039 to 2-lane under nho - ne in the state of meghalaya package-1 (nhidcl) (618418)|meghalaya|09/2021 (05/2022)|05/2024 (05/2026)|359.86 (359.86)|214.12|80.49
164|improvement/widening to 2-l with paved shoulder/ 4-laning of nh-40 section from km 151330 to km 163400 design km 63.530 to km 71.520 including dawki bridge of length 368 m between shillong-dawki under jica oda loan assistance phase-ii pkg-5 -balance work (nhidcl) (618374)|meghalaya|07/2020 (05/2024)|11/2026 (11/2026)|284.21 (284.21)|0|38.77
165|improvement/widening to 2-lane with paved shoulder from design km 45.760 to km 63.530 between shillong-dawki under jica oda loan assistance phase-ii - balance work pkg-4 (nhidcl) (618375)|meghalaya|07/2020 (04/2024)|04/2026 (10/2026)|445.51 (445.51)|42.32|49.05
166|improvement/widening to 2-lane with paved shoulder between shillong-dawki road up to bangladesh border from design km 10.670 to km 37.550 under jica oda loan assistance phase-ii -balance work-pkg-2 (nhidcl) (618376)|meghalaya|07/2020 (02/2024)|08/2026 (12/2026)|525.67 (525.67)|0|49.31
167|improvement/widening to 2-l with paved shoulder/4-l from km 81740 to km 93490 design km 0000 to km 10670 of nh-40 new nh-106 & 206 section & 4-l from design km 0.00 to km 0.930 of nh-44 section between shillong-dawki under jica oda loan assistance phase-ii -balance work pkg-1 (nhidcl) (618377)|meghalaya|07/2020 (10/2023)|10/2025 (05/2026)|351.12 (351.12)|0|93.06
168|4-laning of vairengte - chhimluang section package-3 of nh-306 from existing chainage km 43000 to km 59700 design chainage km 46000 to km 60850 on silchar - vairengte- sairang road in the state of mizoram under bharatmala pariyojna under nho-ne. package-1&2 in assam state (nhidcl) (618316)|mizoram|12/2021 (07/2025)|01/2027 (12/2026)|491.39 (491.39)|32.46|17.86
169|4-laning of chhimluang-kolasib from section pkg-4 of nh-306 & nh-6 existing chainage km 59700 to km 86000 design chainage km 61000 to km 77500 on silchar-vairengte-sairang road in the state of mizoram under bharatmala pariyojna on epc mode vairengte - sairang pkg-4 (nhidcl) (618317)|mizoram|12/2021 (07/2025)|01/2027 (12/2026)|561.91 (561.91)|0|17.12
170|4-laning of kolasib - sethawn section package-5 of nh-6 from existing chainage km 86000 to km 107850 design chainage km 77500 to km 95500 on silchar - vairengte - sairang road under bharatmala pariyojna on epc mode under nho-ne vairengte - sairang pkg-5 (nhidcl) (618318)|mizoram|11/2021 (07/2025)|07/2027 (06/2027)|720.4 (720.4)|40.29|11.86
171|4-laning of sethawn - n. kawnpui section package-6 of nh-6 from existing chainage km 107850 to km 126315 design chainage km 95500 to km 111850 on silchar-vairengte- sairang road, vairengte - sairang pkg-6 (nhidcl) (618319)|mizoram|12/2021 (07/2025)|01/2027 (12/2026)|595.65 (595.65)|21.02|6.72
172|construction of 4-laning of n. kawnpui n. mualvum mualkhang via khamrang village section package-7 of nh-6 from existing chainage km 127200 to km 142000 design chainage km 111850 to km 123400 on silchar - vairengte - sairang road in the state of mizoram on epc mode (nhidcl) (618320)|mizoram|02/2024 (10/2025)|10/2028 (-)|866.32 (866.32)|0|18.9
173|construction of 4-laning of west serawlg-sairang section of nh-6 from existing chainage km 142000 to km 158900 design chainage km 123400 to km 136260 on silchar - vairengte - sairang road in the state of mizoram under bharatmala pariyojna on epc mode under nho-ne package-8 (nhidcl) (618321)|mizoram|02/2024 (11/2025)|11/2028 (-)|875.79 (875.79)|0|13.95
174|construction of twin tube uni-directional aizawl bypass tunnel of 2.5 km and its approaches of 2.1 km from km 10.600 to km 15.200 on sarrang - phaibawk section of nh-6 in the state of mizoram on epc mode under nho-ne package- 2 (nhidcl) (618323)|mizoram|01/2024 (12/2025)|12/2028 (-)|1313.28 (1313.28)|0|0
175|construction of 2-lane aizawl bypass from km 15.200 to km 34.500 package-3 on sairang - phaibawk section of nh-6 in the state of mizoram under bharatmala pariyojna on epc mode under nho-ne (nhidcl) (618324)|mizoram|02/2023 (10/2025)|11/2028 (-)|720.72 (720.72)|0|15.1
176|up-gradation to 2-lane with paved shoulders of ngopa - pawlrang section of nh 102b of aizawl - imphal economic corridor from existing chainage km 32.796 to km 72.030 [design chainage km 31.280 to km 68.170] in the state of mizoram under bharatmala pariyojna on epc mode under nho-ne package-2 keifang- tuivai pkg-2 (nhidcl) (618341)|mizoram|09/2021 (09/2023)|02/2025 (06/2026)|523.78 (523.78)|394.29|95.31
177|rehabilitation and upgradation to 2 lane with paved shoulder of economic corridor of nh-6 from design chaiange km 0.000 to km 13.510 package-1 in the state of mizoram under bharatmala pariyojana on epc mode (nhidcl) (618342)|mizoram|03/2020 (07/2020)|06/2022 (06/2024)|206.9 (206.9)|0|0
178|rehabilitation and up gradation to 2-lane with paved shoulder of keifang section economic corridor of nh-06 from existing chainage km 30050 keifang to km 50360 keifang, design chainage km 27400 to km 45040 pkgiii in the state of mizoram under bharatmala pariyojna on epc mode seling-dulte - iii (nhidcl) (618343)|mizoram|03/2020 (07/2020)|06/2022 (12/2024)|292.23 (292.23)|0|0
179|construction of 2-laning with hard shoulder of lunglei to chhumkhum from design chainage km 0.000 to km 37.420 of nh-302 [lunglei-tlabung] package- a (nhidcl) (618362)|mizoram|03/2021 (06/2021)|12/2022 (06/2026)|698.45 (698.45)|556.91|64.78
180|construction of 2-laning with hard shoulder configuration of chhumkhum to tlabung from design chainage km 37.420 to km 74.950 of nh-302 in mizoram under bharatmala pariyojana on epc mode [pkg-b] (nhidcl) (618363)|mizoram|06/2021 (07/2021)|01/2023 (12/2026)|740.58 (740.58)|430.45|61.34
181|up-gradation to 2 lane with paved shoutders of pawlrang - rulchawm section- of nh-102b of aizawl - imphal economic corridor from existing chainage km 72.030 to km 104.129 including 2.459 km re-alignment section from tuivai river to rulchawm connecting km 48.150 of nh-6 [design chainage km 68.170 to km 98.579] in the state of mizoram under bharatmala pariyojna on epc mode under nho-ne package-3 keifang- tuivai pkg-3 (nhidcl) (619010)|mizoram|12/2021 (11/2023)|05/2025 (07/2025)|500.88 (500.88)|305.45|75.35
182|widening and up-gradation to 2- lane with paved shoulder configuration and geometric improvement from km. 208. 000 to km 250.000 package-5 on aizawl tuipang section of nh-54 in the state of mizoram package-5 (nhidcl) (618379)|mizoram|09/2019 (10/2019)|04/2023 (-)|752.89 (752.89)|125.62|95.35
183|2-laning of zorinpui - longmasu section of nh-502a from km 0.000 to km 28.244 in the state of mizoram on epc mode under nho-ne, stretch of imbr (nhidcl) (618452)|mizoram|02/2023 (12/2024)|12/2026 (07/2027)|781.85 (781.85)|20.64|4.71
184|widening and up-gradation to 2- lane with paved shoulder configuration and geometric improvement from km. 166. 000 to km 208.000 package-4 on aizawl tuipang section of nh-54 in the state of mizoram package-4 (nhidcl) (618384)|mizoram|09/2019 (10/2019)|04/2023 (04/2025)|899.45 (899.45)|191.59|99.88
185|widening and up-gradation to 2- lane with paved shoulder configuration and geometric improvement from km. 125. 000 to km 166 package-3 on aizawl tuipang section of nh-54 in the state of mizoram package-3 (nhidcl) (618380)|mizoram|09/2019 (10/2019)|04/2023 (04/2025)|867.09 (867.09)|159.47|97.51
186|widening and up-gradation to 2-lane with paved shoulder configuration and geometric improvements from km 339.00 to km 380.00 siaha on aizawl-tuipang section under jica oda loan assistance phase-i package-8 (nhidcl) (618383)|mizoram|09/2019 (03/2020)|09/2023 (06/2025)|637.06 (637.06)|101.89|99.82
187|widening and up-gradation to 2-lane with paved shoulder configuration and geometric improvements from km 298.00 to km 339.00 on aizawl-tuipang section under jica oda loan assistance phase-i package-7 (nhidcl) (618382)|mizoram|09/2019 (10/2020)|04/2024 (05/2025)|605.76 (750.32)|0.01|100
188|widening and up-gradation to 2-lane with paved shoulder configuration and geometric improvements from km 250.00 lunglei to km 298.00 on aizawl- tuipang section under jica oda loan assistance phase-i package-6 (nhidcl) (618381)|mizoram|09/2019 (12/2019)|06/2023 (05/2025)|768.76 (768.76)|168.78|98.73
189|widening/improvement to 4-lane with paved shoulder from km 55000 nagabang gamsuk to km 82514 oyan in the state of assam and arunachal pradesh on epc mode under bharatmala pariyojna of length 27.514 km package-3 (nhidcl) (618359)|multi-states (arunachal pradesh, assam)|03/2023 (09/2024)|03/2027 (03/2027)|665.47 (665.47)|295.3|96.7
190|widening to existing single lane /intermediate lane to 2 lane from km185.00 to km 220.00 of nh-61 new nh-02 in the state of nagaland. (morth) (618072)|nagaland|03/2021 (07/2022)|07/2024 (03/2026)|297.25 (297.25)|149.19|100
191|construction of 2-lane with hard shoulders of merangkong-tamlu-mon road wakching twon portion on epc basis from existing chainage km 59000 to km 73640 [design km. 59000 to km, 72450] design length - 13.450 km under sardp-ne package-v balance work (nhidcl) (618422)|nagaland|03/2021 (09/2023)|09/2025 (04/2026)|161.73 (161.73)|14.12|99.5
192|construction of 2-lane with paved shoulder of kohima- bypass road connecting nh-39new nh-02, nh-150new nh-02, nh-61new nh-29, nh-39new nh-02 from design km 32.00 to design km 43.454design length-11.454 km in the state of nagaland under sardp-ne on epc mode package-iv (nhidcl) (618290)|nagaland|07/2020 (10/2020)|04/2022 (12/2026)|202.36 (202.36)|94.2|45.52
193|construction of 2-lane with paved shoulder of kohima-bypass road connecting nh- 39 new nh-02, nh150new nh-02, nh7-61 new nh-29 and nh-39 new nh-02 from design km 21.000 to km 32.268 [design length11.268 km] in the state of nagaland under sardp-ne on epc mode package- 3 (nhidcl) (618291)|nagaland|07/2020 (06/2023)|06/2025 (12/2026)|159.85 (342.29)|84.22|37.38
194|construction of 2-lane with paved shoulder of kohima-bypass road connecting new nh-02 and new nh-29 from design km 10.500 to design km 21.000 [design length- 10.500 km] including tunnel of 500m at ch. 11.000 in the state of nagaland under sardp-ne on epc mode package-2 (nhidcl) (618292)|nagaland|07/2020 (10/2020)|10/2022 (06/2026)|277.44 (277.44)|192.45|69.82
195|construction of 2-lane with paved shoulder of kohima-bypass road connecting nh-39new nh-02, nh-150new nh-02, nh-61new nh-29 and nh-39new nh-02 from design km 0.00 to km 10.500 in the state of nagaland under sardp-ne on epc mode package-1 -balance work (nhidcl) (618293)|nagaland|07/2020 (11/2023)|11/2026 (11/2026)|232.29 (350.88)|12.48|25.61
196|construction of 2-lane with hard shoulders of merangkong-tamlu-mon mtm road from existing km 20.456 to km 41.065 design km. 20 to km. 40.0 design length-20.000 km in the state of nagaland under sardp-ne phase-a pkg-2 balance work (nhidcl) (618423)|nagaland|03/2018 (08/2023)|08/2025 (03/2026)|215.79 (215.79)|28.64|100
197|balance work of construction of 2-lane with hard shoulder of kohima - jessami road on nh-29 old nh-150 from existing km 98.380 near chizami vill. to km120.367 nagaland/manipur border [design km 95.700 to design km 117.200] [design length 21.500 km] in the state of nagaland under bharatmala pariyojna on epc mode package-v under nho (nhidcl) (618296)|nagaland|03/2020 (11/2023)|11/2025 (05/2026)|330.8 (330.8)|0|93.04
198|construction of 2-lane with hard shoulder of kohima - jessami road on nh-29 old nh-150 from existing km 30.474 near kidwema road chakahabama to existing km 53.220 near kikruma village design km 29.60 to km 51.50 design length-21.90 km in the state of nagaland under bharatmala pariyojna on epc mode under nho package-ii -balance work (nhidcl) (618297)|nagaland|03/2020 (01/2024)|01/2026 (12/2026)|355.79 (355.79)|0|40.88
199|construction of balance work for 2-lane with hard shoulder of peren- dimapur section on nh-129a from design km 126.775 to km 146.208 length 19.433 km in the state of nagaland on epc mode under nho-tsp package-ii (nhidcl) (618414)|nagaland|01/2021 (09/2023)|09/2025 (09/2025)|258.52 (258.52)|60.72|96.53
200|construction of 2 laning with hard shoulder of peren-dimapur section on nh 129a from design km 146.208 to km 163.592 length- 17.384 km in the state of nagaland on epc mode under nho-tsp package-iii (nhidcl) (618413)|nagaland|02/2021 (06/2023)|06/2025 (06/2026)|177.77 (199.02)|0|93.37
201|4-laning of balance work of dimapur-kohima road from design km 152.490 to km 166.700 existing km 156.000 to km 172.900 excluding dimapur & kohima bypass under sardp-ne package-iii (nhidcl) (618328)|nagaland|03/2016 (09/2023)|09/2025 (-)|562.98 (794.75)|119.71|82.59
202|construction of 4/6 laning from km 132.375 to km 153.058 total new alignment length of 20.683 km of daboka-dimapur section dimapur bypass nagaland portion of nh-36 & 39 in the state of nagaland on epc basis under phasea of sardp-ne (nhidcl) (618329)|nagaland|02/2017 (09/2017)|09/2020 (02/2023)|819.39 (819.39)|0|0
203|widening of existing single lane / intermediate lane road to 2 lane from km 101 to km 125 of nh 61 (morth) (617886)|nagaland|06/2020 (06/2024)|06/2026 (12/2026)|252.2 (252.2)|0|44.46
204|widening of existing single lane to intermediate lane road from mokokchung to chare via dikhu in the state of nagaland on epc mode (morth) (618002)|nagaland|02/2021 (06/2023)|06/2025 (-)|192.93 (192.93)|99.65|0
205|widening to 2 lane with hard shoulder of akegwo-avangkhu section of nh-202k for package-i design chainage 0000 km to 34795 km, in the state of nagaland on epc mode under nh o-ne (nhidcl) (618364)|nagaland|12/2022 (08/2023)|02/2026 (02/2026)|430.24 (430.24)|0|87
206|widening to 2 lane with hard shoulder of akegwo-avangkhu section of nh-202k for package-iii design chainage 69875 km to 106816 km in the state of nagaland on epc mode under nho-ne (nhidcl) (618365)|nagaland|12/2022 (08/2023)|02/2026 (02/2026)|497.18 (497.18)|0|85.67
207|widening to 2 lane with hard shoulder of akegwo-avangkhu section of nh-202k for package-ii design chainage 34795 km to 69875 km in the state of nagaland on epc mode under nho-ne (nhidcl) (618366)|nagaland|12/2022 (08/2023)|02/2026 (02/2026)|442.54 (442.54)|0|54.66
208|construction of 2-lane with hard shoulders of merangkong-tamlu-mon road on epc basis from existing road km. 76.640 to km 98.065 design chainage km. 63.800 to km. 86.835 design length-23.035 km in the state of nagaland under sardp-ne pkg-iv balance work (nhidcl) (619059)|nagaland|03/2018 (09/2023)|09/2025 (12/2026)|323.98 (323.98)|70.46|75.05
209|construction & upgradation of existing road to 2-lane with paved shoulder from new rolep bridge at km 37.600 to chochenpheri at km 52.00 in the section of rongli to chochenpheri of nh 717b pkg-ii c (nhidcl) (618446)|sikkim|10/2020 (05/2021)|05/2024 (06/2026)|493.42 (478.79)|0|77.07
210|realignment of nh-717a from design ch.0.00 km 77.800 of nh-10 to design ch.2.00 km 3.100 of nh-717a with two lane paved shoulder including major bridge of 680 m in the state of sikkim on epc mode-cos work (nhidcl) (618428)|sikkim|01/2021 (04/2021)|04/2023 (05/2026)|264.84 (380.94)|61.11|97.57
211|construction/up gradation of existing road to 2 lane with paved shoulder including geometric improvement from ranipool to pakyong balance work from km 2.000 to 16.167 of nh-717-a on epc basis under sardp-ne phase a in the state of sikkim (nhidcl) (618426)|sikkim|03/2018 (01/2023)|07/2024 (12/2026)|264.84 (380.94)|0|85.15
212|construction of 2-laning with paved shoulder of new greenfield alignment from helipad near menla at km 82000 to menla at km 94030 of rhenock-menla spur nh-717b package-iiib on epc basis under sardp-ne phase 'a' in the state of sikkim. (nhidcl) (618447)|sikkim|01/2021 (02/2021)|02/2024 (05/2026)|410.6 (379.3)|0|81.83
213|construction of 2-laning with paved shoulder of new greenfield alignment from chochenpheri at km 52000 to helipad near menla at km 82000 of rhenock- menla spur nh-717b package-iiia on epc basis under sardp-ne phase 'a' in the state of sikkim. (nhidcl) (618448)|sikkim|10/2020 (12/2020)|12/2023 (10/2026)|816.79 (786.6)|32.28|60.88
214|construction & upgradation of existing road to 2-lane with paved shoulder from km27.200 end of rongli bypass to km37.600new rolep bridge of rhenok-menla spur nh-717b on epc mode under sardp-ne phase-a in sikkim pkg-ii b (nhidcl) (618449)|sikkim|07/2020 (10/2020)|04/2023 (09/2026)|230.45 (244.91)|0|80.46
215|rehabilitation & upgradation of existing road to 2-lane with paved shoulder including geometric improvement of section from start of rabangla km33.600 to km58.840 under sardp-ne phase a pkg- iv (nhidcl) (618450)|sikkim|07/2020 (10/2020)|05/2022 (06/2026)|292.8 (292.8)|1.91|65.1
216|construction of two lane with paved shoulder gangtok bypass road from ranipool to burtuk ch 0.00 km to 23.316 l23.316 km in the state of sikkim (morth) (618071)|sikkim|10/2021 (05/2022)|05/2024 (06/2026)|385.15 (342.89)|0|90
217|improvement & widening of existing nh-08 to 4-lane with paved shoulder from champak nagar to khayerpur section design km 242500 to km 261610 in the state of tripura on epc basis under nho-ne (nhidcl) (618350)|tripura|12/2023 (09/2024)|09/2026 (03/2027)|920.66 (920.66)|0|43.8
218|rehabilitation and up-gradation of road from design km 25.250 to km 36.460 total lengh 11.210 km of kailashahar-kurti bridge section on nh-208a to 2-lane with paved shoulder on epc basis under nho package-iii- balance work (nhidcl) (618385)|tripura|02/2020 (09/2024)|03/2026 (03/2026)|174.43 (174.43)|0|41.9
219|rehabilitation & upgradation of road from km 0.00 to km 18.600 total length- 18.600 km of kumarghat-kailashahar section on nh-208 to 2-lane with paved shoulder on epc bais under nho (nhidcl) (618386)|tripura|02/2020 (07/2020)|01/2022 (10/2024)|277.5 (302.03)|0|0
220|melaghar-srimantapur section on nh-08 spur from km 23 to km 34.500 11.5 km and overlay from km 20.30 to km 22.00 1.7 km total length 13.2 km (nhidcl) (618411)|tripura|01/2023 (05/2023)|11/2024 (06/2026)|195.95 (195.95)|86.26|69.78
221|construction of 4-lane with paved shoulder agartala bypass western side, length 25.402 km connecting nh-8 near amtali to nh-108b near lembuchhera in the state of tripura on epc basis under nho-ne (nhidcl) (618417)|tripura|03/2023 (03/2024)|03/2027 (03/2027)|2026.05 (2026.05)|292.55|9.2
222|improvement and widening to 2-lane with paved shoulder of road from design km 72.000 pati chhari to design km 107.654 harina total length 35.654 km on teliamura to harina section of nh 208 in the state of tripura on epc mode under jica oda loan phase vi package-4 (nhidcl) (618367)|tripura|01/2024 (12/2024)|12/2026 (12/2026)|726.9 (726.9)|194.74|8.65
223|improvement and widening to 2-lane with paved shoulder of road from design km 36.000 rangamati to design km 72.000 pati chhari total length 36.000 km on teliamura to harina section of nh 208 in the state of tripura on epc mode under jica oda loan phase vi package-3 (nhidcl) (618368)|tripura|01/2024 (09/2024)|09/2026 (09/2026)|670.9 (670.9)|0|14
224|improvement and widening to 2-lane with paved shoulder of road from existing km 438.170 khowai chowmuhani to existing km 439.410 south pulinpur of nh- 08 and from design km 0.000 south pulinpur to design km 36.00 near rangamati of nh 208 on khowai teliamura- harina section total length 37.24 in the state of tripura on epc mode under jica oda loan phase vi package-2 (nhidcl) (618369)|tripura|01/2024 (09/2024)|09/2026 (09/2026)|657.21 (657.21)|0|57.95
225|improvement and widening to 2-lane with paved shoulder of road from km 101.300 to km 127.319 total length 26.019 km i.e. the khowai teliamura- amarpur-harina-sabroom section of nh 208 in the state of tripura on epc under jica oda loan phase vi package-1 (nhidcl) (618370)|tripura|01/2024 (07/2024)|07/2026 (12/2026)|431.78 (431.78)|0|58.12
226|provision of 4g based mobile services in uncovered villages and national highways of meghalaya (department of telecommunications) (701598)|meghalaya|09/2019 (09/2020)|03/2022 (06/2026)|971.96 (971.96)|232.79|99.84
227|provision of 4g mobile services in uncovered villages of arunachal pradesh and 2 districts of assam (department of telecommunications) (701597)|multi-states (assam, arunachal pradesh)|12/2020 (10/2021)|04/2023 (03/2026)|1255.49 (1255.49)|332.43|99.43
228|borolia irrigation project (department of water resources, river development & gr) (701370)|assam|04/1996 (12/1996)|12/2022 (03/2026)|256.16 (256.16)|44.7|55.44
229|thoubal multipurpose project (water resources department-mn) (701400)|manipur|04/1997 (04/1997)|12/2019 (03/2026)|1449.44 (1822.24)|1837.91|98.9
1|construction of new domestic terminal building building and miscellaneous works including maintenance, operations and aicmc at kadapa airport (airport authority of india [aai]) (612786) (n04000106) (-)|andhra pradesh|03/2023 (01/2024)|01/2026 (07/2026)|265.91 (265.91)|129.07|65
2|construction of new integrated terminal building and associated works including apron to park 3 code e type of aircraft or 6 code c type of aircraft at vijayawada airport. (airport authority of india [aai]) (701107) (n04000091) (4353)|andhra pradesh|06/2020 (09/2020)|09/2022 (10/2026)|611.8 (611.8)|523.14|87.2
3|construction of new domestic terminal building at rajahmundry airport. (airport authority of india [aai]) (701121) (n04000103) (-)|andhra pradesh|12/2022 (08/2023)|08/2025 (06/2026)|347.15 (347.15)|170.79|90
4|guwahati airport new integrated terminal building construction project (adani airport holdings limited) (706724) (n04000083) (9925)|assam|12/2016 (03/2018)|03/2025 (06/2026)|1712 (2520)|2627.39|98
5|development of new civil enclave at bihta (airport authority of india [aai]) (612183) (-) (9918)|bihar|08/2024 (04/2025)|03/2027 (-)|1413 (1413)|7.64|1.28
6|development of new civil enclave and associated works at darbhanga airport (airport authority of india [aai]) (612194) (n04000112) (9917)|bihar|07/2024 (07/2024)|07/2026 (11/2026)|911.66 (911.66)|374.49|65
7|construction of new domestic terminal building [phase-i and ii] and other allied structures at jpni airport, patna (airport authority of india [aai]) (701101) (n04000082) (4356)|bihar|10/2018 (10/2018)|05/2026 (05/2026)|1216.9 (1216.9)|1200.67|98.22
8|goa airport terminal building extension project (airport authority of india [aai]) (701105) (n04000095) (4831)|goa|11/2017 (12/2019)|12/2021 (04/2026)|255.69 (255.69)|156.7|100
9|development of keshod airport. (airport authority of india [aai]) (619054) (-) (-)|gujarat|01/2024 (07/2025)|01/2027 (-)|363.1 (363.1)|87.88|33.13
10|development of dholera international greenfield airport , gujarat (airport authority of india [aai]) (701126) (n04000099) (3366)|gujarat|06/2022 (07/2022)|06/2026 (06/2026)|1305 (1551)|896.82|82
11|construction of ntb complex including apron, taxi track and other associated civil works and electrical & mechanical installations towards tawi river side at ca jammu. (airport authority of india [aai]) (611047) (n04000107) (9921)|jammu and kashmir|10/2023 (12/2023)|06/2026 (11/2026)|861.37 (861.37)|319.5|51.35
12|construction of new domestic terminal building and miscellaneous works at hubli airport (airport authority of india [aai]) (612787) (n04000108) (-)|karnataka|06/2023 (01/2024)|01/2026 (06/2026)|320.47 (320.47)|148.68|77
13|construction of new domestic terminal building and miscellaneous works at belagavi airport. (airport authority of india [aai]) (612788) (n04000105) (-)|karnataka|06/2023 (02/2024)|02/2026 (06/2026)|322.45 (322.45)|204.5|87
14|development of additional resa on either end on runway 10-28 at calicut airport. construction of embankment with slope protection, drainage system and associated works for additional resa on either end on runway 10-28 (airport authority of india [aai]) (612789) (n04000111) (-)|kerala|06/2023 (02/2024)|09/2025 (12/2026)|484.57 (484.57)|204.6|59
15|construction of terminal building & associated works at leh airport, ladakh (airport authority of india [aai]) (400010) (n04000078) (4665)|ladakh|07/2018 (09/2018)|09/2021 (07/2026)|480 (640)|501.81|78.9
16|c/o nitb imphal airport (airport authority of india [aai]) (706718) (n04000100) (-)|manipur|11/2021 (07/2022)|07/2024 (12/2026)|499 (499)|201.99|50.69
17|sitc of atm automation system and asmgcs [including smr & mlat] for mumbai, navi mumbai, jewar [earlier mopa, without asmgcs], hial & bial (airport authority of india [aai]) (611570) (-) (-)|multi-states (karnataka, maharashtra, telangana, uttar pradesh)|12/2020 (10/2022)|09/2025 (08/2026)|500.48 (500.48)|381.2|78
18|development of new greenfield airport at bundi, kota rajasthan. (airport authority of india [aai]) (618977) (-) (10781)|rajasthan|08/2025 (10/2025)|10/2027 (11/2027)|1507 (1507)|40.4|12.8
19|construction of new passenger terminal building for domestic operations at jodhpur airport. (airport authority of india [aai]) (701127) (n04000101) (-)|rajasthan|06/2022 (05/2023)|03/2026 (04/2026)|480 (480)|339.96|97.35
20|construction of new integrated passenger terminal building at udaipur airport (airport authority of india [aai]) (701128) (n04000104) (4363)|rajasthan|06/2023 (11/2023)|03/2026 (09/2026)|887 (887)|523.61|68.71
21|widening of basic strip at western side of runway chainage 80m to 920m i/c slope stabilization measures [balance work] of uphill and improvement of storm water drainage system at pakyong airport, sikkim on design & build basis [epc] with integrated 10 years maintenance. (airport authority of india [aai]) (612793) (n04000110) (-)|sikkim|11/2023 (12/2023)|06/2026 (06/2027)|323.26 (323.26)|80.84|34.25
22|modernization of chennai airport, phase ii, part 2 (airport authority of india [aai]) (611602) (-) (5163)|tamil nadu|05/2018 (06/2023)|07/2025 (12/2026)|1207 (1207)|289.5|38
23|development of lal bahadur shastri international airport, varanasi including c/o new terminal building, apron extension, runway extension, ptt and allied works. (airport authority of india [aai]) (701113) (n04000114) (9932)|uttar pradesh|07/2024 (07/2024)|07/2027 (07/2027)|2869.65 (2869.65)|572.04|27
24|development of new integrated civil enclave at agra airport (airport authority of india [aai]) (701122) (n04000113) (9931)|uttar pradesh|06/2024 (07/2024)|07/2026 (11/2026)|579 (579)|197.61|40.03
25|development of new civil enclave at bagdogra airport (airport authority of india [aai]) (611495) (n04000115) (9920)|west bengal|08/2024 (09/2024)|03/2027 (01/2027)|1549 (1549)|441.41|34.6
26|re-construction of rigid portions of secondary runway, k and a taxiway and strengthening of c taxiway at nscbi airport kolkata. (airport authority of india [aai]) (612791) (n04000109) (-)|west bengal|03/2023 (12/2023)|10/2025 (08/2026)|328.3 (328.3)|139.77|64.5
27|tikak extension ocp (mis mocoal integration logins) (615820) (n06000290) (-)|assam|07/2022 (07/2022)|07/2031 (-)|159.77 (159.77)|111.47|88.18
28|tirap ocp (mis mocoal integration logins) (615821) (n06000291) (-)|assam|11/2022 (11/2022)|11/2030 (-)|289.46 (289.46)|105.61|3.26
29|porda chimtapani ocp [10 mty] (south eastern coalfields limited [secl]) (400144) (n06000199) (3122)|chhattisgarh|12/2020 (12/2020)|03/2029 (-)|2310.12 (2310.12)|113.83|11.81
30|baroud oc expansion [3.0-10.0m (south eastern coalfields limited [secl]) (400149) (n06000197) (3107)|chhattisgarh|08/2020 (08/2020)|03/2029 (-)|2309.8 (2309.8)|993.79|55.95
31|dipka expansion ocp [40 mty] (south eastern coalfields limited [secl]) (400354) (n06000200) (771)|chhattisgarh|12/2020 (12/2020)|03/2029 (-)|5241.4 (5241.4)|2910.11|38
32|gevra oc [70 mty] (south eastern coalfields limited [secl]) (400424) (060100093) (192)|chhattisgarh|03/2016 (03/2016)|03/2023 (03/2027)|11816.4 (11816.4)|6905.46|78.48
33|amera oc rce [1.0 mty] (south eastern coalfields limited [secl]) (613798) (n06000123) (-)|chhattisgarh|02/2015 (02/2015)|03/2026 (-)|335.97 (335.97)|90.88|42.47
34|amgaon oc rce [1.0 mty] (south eastern coalfields limited [secl]) (613799) (n06000135) (-)|chhattisgarh|07/2015 (07/2015)|03/2026 (-)|316.11 (316.11)|191.5|78.86
35|jagannathpur oc rce project (south eastern coalfields limited [secl]) (613800) (n06000232) (-)|chhattisgarh|07/2016 (07/2016)|03/2025 (03/2027)|459.49 (459.49)|276.8|96.15
36|mahamaya ocp [1.50 mty] (south eastern coalfields limited [secl]) (613801) (n06000164) (-)|chhattisgarh|05/2018 (05/2018)|03/2026 (03/2028)|410.26 (410.26)|187.63|54.6
37|katkona ro ug mine (south eastern coalfields limited [secl]) (615191) (n06000274) (-)|chhattisgarh|01/2023 (01/2023)|03/2029 (-)|329.21 (329.21)|62.03|2.01
38|pelma oc mdo (south eastern coalfields limited [secl]) (616234) (n06000045) (7367)|chhattisgarh|10/2022 (10/2022)|03/2033 (-)|1725.04 (1725.04)|16.71|40.34
39|kusmunda oc expansion project (secl - cil) (617287) (-) (9611)|chhattisgarh|11/2024 (11/2024)|03/2030 (-)|4516.88 (4516.88)|817.06|22
40|manikpur oc expansion project (south eastern coalfields limited [secl]) (617288) (-) (-)|chhattisgarh|01/2025 (01/2025)|03/2029 (-)|382.61 (382.61)|116.09|21.29
41|rpr for durgapur ocp 10 mty (secl - cil) (619171) (-) (11842)|chhattisgarh|09/2025 (09/2025)|03/2032 (-)|2415.91 (2415.91)|2.35|0.01
42|madannagar ocp 12 mty - mdo (secl - cil) (619172) (-) (11856)|chhattisgarh|12/2024 (12/2024)|03/2029 (-)|1859.19 (1859.19)|0.45|0
43|hura c ocp (ecl - cil) (400018) (n06000275) (4585)|jharkhand|08/2022 (08/2022)|03/2029 (-)|859.41 (859.41)|455.25|63.22
44|konar expansion ocp (ministry of coal) (400073) (n06000245) (4077)|jharkhand|01/2022 (01/2022)|03/2032 (-)|799.34 (799.34)|433.64|53.47
45|karo expansion ocp (ministry of coal) (400074) (n06000246) (4074)|jharkhand|01/2022 (01/2022)|03/2029 (-)|908.47 (908.47)|289.45|23.57
46|sanghmitra oc (ministry of coal) (400136) (-) (3190)|jharkhand|03/2024 (03/2024)|03/2032 (-)|2660 (2660)|16.1|16.77
47|chandragupt ocp (ministry of coal) (400138) (n06000238) (3188)|jharkhand|08/2020 (08/2020)|03/2032 (-)|973.5 (973.5)|440.75|24.86
48|kotre basantpur pachmo ocp (ministry of coal) (400139) (n06000237) (3183)|jharkhand|08/2020 (08/2020)|03/2032 (-)|861.06 (625.4)|455.95|47.95
49|pachwara south coal block (nlc india limited [nlcil]) (400142) (n06000193) (3135)|jharkhand|03/2016 (11/2019)|09/2028 (-)|2242.9 (2242.9)|1365.83|87
50|rpr magadh exp ocp (ministry of coal) (400150) (n06000216) (3105)|jharkhand|08/2020 (08/2020)|03/2028 (-)|7254.37 (7254.37)|1688.4|40.21
51|north urimari expansion ocp (ministry of coal) (400151) (n06000218) (3103)|jharkhand|07/2021 (07/2021)|03/2029 (-)|778.8 (778.8)|605.7|71.38
52|epr rohini - karketta ocp (ministry of coal) (400153) (n06000243) (3100)|jharkhand|01/2021 (01/2021)|03/2028 (-)|1020.42 (1020.42)|84.94|22.84
53|epr pundi ocp (ministry of coal) (400154) (n06000242) (3099)|jharkhand|11/2020 (11/2020)|03/2027 (-)|713.35 (713.35)|236.58|10.19
54|epr ashok oc (ministry of coal) (400155) (n06000247) (3098)|jharkhand|05/2021 (05/2021)|03/2031 (-)|2898.28 (2898.28)|185.19|28.85
55|epr amrapali ocp (ministry of coal) (400156) (n06000217) (3091)|jharkhand|02/2020 (02/2020)|03/2028 (-)|5136.15 (5136.15)|1326.01|44.45
56|rajrappa rce ocp (ministry of coal) (400160) (n06000087) (3084)|jharkhand|12/2009 (12/2009)|03/2016 (03/2027)|510.85 (510.85)|488.71|78.25
57|chitra east oc (eastern coal fields limited [ecl]) (400172) (n06000169) (3032)|jharkhand|08/2018 (08/2018)|03/2026 (03/2028)|513.99 (513.99)|239.88|53.03
58|jharkhand-laiyo ocp (ministry of coal) (400352) (n06000240) (778)|jharkhand|08/2020 (08/2020)|03/2031 (-)|764.57 (764.57)|145.81|32.23
59|moonidih xv seam ug (bharat coking coal limited (bccl)) (400425) (n06000098) (189)|jharkhand|08/2011 (08/2011)|03/2019 (08/2026)|1230.27 (1230.27)|709.81|82.45
60|2.5 mtpa patherdih nlw washery (ministry of coal) (611017) (n06000194) (4836)|jharkhand|10/2015 (04/2016)|04/2018 (12/2026)|334.27 (334.27)|162.75|51.81
61|amalagamated ntst kujama ocp 8.5mty (bharat coking coal limited (bccl)) (611864) (n06000273) (5366)|jharkhand|01/2023 (01/2023)|03/2030 (-)|4011.85 (4011.85)|414.93|29.7
62|muraidih ug project (bharat coking coal limited (bccl)) (613808) (n06000096) (-)|jharkhand|02/2011 (02/2011)|04/2014 (12/2026)|339.87 (339.87)|191|70.47
63|tapin south expn (ministry of coal) (615349) (n06000241) (-)|jharkhand|11/2020 (11/2020)|03/2028 (-)|230.41 (230.41)|22.02|22.76
64|sirka oc (ministry of coal) (615822) (n06000239) (-)|jharkhand|05/2020 (05/2020)|03/2028 (-)|222.82 (222.82)|140.72|63.52
65|tetariakhar oc (ministry of coal) (615843) (n06000186) (-)|jharkhand|11/2019 (11/2019)|03/2025 (03/2027)|243.52 (243.52)|50.82|31.27
66|chuperbhita simlong ocp mdo 6 (eastern coal fields limited [ecl]) (616225) (n06000280) (6880)|jharkhand|12/2023 (12/2023)|03/2037 (-)|979.08 (979.08)|0|0.05
67|jarangdih expn. ocp 1.5 mty (ccl - cil) (616236) (n06000295) (-)|jharkhand|02/2020 (02/2020)|03/2029 (-)|414.37 (414.37)|85.6|34.18
68|block e ocp (ministry of coal) (616253) (n06000287) (7368)|jharkhand|03/2024 (03/2024)|03/2029 (-)|5850.83 (5850.83)|20.32|4.17
69|revised jharia master plan for dealing with fire, subsidence & rehabilitation of affected families in jharia coalfield- reg. (bharat coking coal limited [bccl]) (617416) (-) (9943)|jharkhand|06/2025 (07/2025)|12/2028 (-)|5940.47 (5940.47)|262.83|26
70|north dhadu western part ocp (nlc india limited [nlcil]) (617764) (-) (9968)|jharkhand|10/2023 (12/2023)|03/2029 (-)|1354.2 (1354.2)|141.98|40
71|amadand ocp[4.0mty] (ministry of coal) (400148) (n06000148) (3111)|madhya pradesh|03/2016 (03/2016)|03/2021 (03/2027)|869.44 (869.44)|325.4|75.15
72|block b expansion [3.5 to 8.0 (northern coalfields limited [ncl]) (400162) (n06000184) (3059)|madhya pradesh|07/2019 (07/2019)|03/2023 (03/2027)|998.71 (998.71)|518.17|50
73|nigahi expansion [15 to 25 mtp (northern coalfields limited [ncl]) (400321) (n06000196) (943)|madhya pradesh|11/2020 (11/2020)|03/2025 (03/2028)|1729.68 (1729.68)|929.02|48.76
74|kanchan oc exp (south eastern coalfields limited [secl]) (613802) (n06000125) (-)|madhya pradesh|12/2014 (12/2014)|03/2026 (03/2028)|371.04 (371.04)|148.87|58.2
75|jhiria west ocp [1.5 mty] (south eastern coalfields limited [secl]) (613803) (n06000166) (-)|madhya pradesh|01/2024 (01/2024)|03/2029 (-)|366.94 (366.94)|35.57|41.29
76|rpr tawa-iii ug 0.84 mty (western coalfields limited [wcl]) (613804) (n06000250) (-)|madhya pradesh|12/2021 (12/2021)|03/2027 (-)|314.09 (314.09)|17.89|17.78
77|amalgamated dhankasa & jamunia (western coalfields limited [wcl]) (615185) (n06000257) (-)|madhya pradesh|09/2022 (09/2022)|03/2027 (-)|399.2 (399.2)|100.03|67.13
78|rpr of vishnupuri ug to oc (western coalfields limited [wcl]) (615187) (n06000260) (-)|madhya pradesh|11/2022 (11/2022)|03/2029 (-)|220.62 (220.62)|0|11.2
79|urdhan expansion oc cost plus (western coalfields limited [wcl]) (615194) (n06000265) (-)|madhya pradesh|07/2022 (01/2023)|03/2031 (-)|206.88 (206.88)|27.32|2.02
80|sharda ug mine (western coalfields limited [wcl]) (615195) (n06000266) (-)|madhya pradesh|07/2022 (09/2023)|03/2028 (-)|166.25 (166.25)|5.19|9.39
81|gandhigram ug mine (western coalfields limited [wcl]) (615206) (n06000183) (-)|madhya pradesh|08/2019 (08/2019)|03/2026 (-)|414.15 (414.15)|22.11|56.88
82|jayant expn. [20 to 38 mtpa] (northern coalfields limited [ncl]) (619032) (-) (11593)|madhya pradesh|02/2025 (02/2025)|03/2032 (-)|25560.48 (25560.5)|126.68|1.32
83|rpr for rampur batura ocp (secl - cil) (619053) (-) (11612)|madhya pradesh|05/2025 (05/2025)|03/2030 (-)|1604.69 (1604.69)|74.71|0.3
84|bhatadi expansion oc (western coalfields limited [wcl]) (400033) (n06000254) (4376)|maharashtra|02/2020 (05/2022)|03/2028 (-)|580.61 (580.61)|112.17|33.91
85|amalgamated yekona i & yekona (western coalfields limited [wcl]) (400177) (n06000132) (3012)|maharashtra|08/2015 (08/2015)|03/2025 (03/2026)|727.28 (727.28)|563.25|80.77
86|dinesh[makardhokra-iii] oc (western coalfields limited [wcl]) (400178) (n06000222) (3008)|maharashtra|02/2020 (02/2020)|03/2027 (-)|822.88 (822.88)|652.67|40.54
87|dhuptala oc [sasti ug to oc ] (western coalfields limited [wcl]) (400353) (n06000209) (776)|maharashtra|02/2019 (10/2021)|03/2028 (-)|711.01 (711.01)|174.62|19.02
88|saoner ug mine -1 expansion 1. (western coalfields limited [wcl]) (615184) (n06000251) (-)|maharashtra|01/2022 (01/2022)|03/2028 (-)|228.64 (228.64)|150.47|69.33
89|sasti expansion opencast (western coalfields limited [wcl]) (615186) (n06000206) (-)|maharashtra|08/2020 (08/2020)|03/2026 (-)|319.04 (319.04)|111.17|32.21
90|new majri ug to oc 3 mty cost (western coalfields limited [wcl]) (615188) (n06000255) (-)|maharashtra|05/2019 (09/2022)|03/2027 (-)|402.27 (402.27)|67.11|24.17
91|makardhokra expn oc 4.9 mty (western coalfields limited [wcl]) (615189) (n06000253) (-)|maharashtra|06/2022 (06/2022)|03/2026 (-)|361.87 (361.87)|96.64|12.2
92|singhori deep oc min 2.0 mty (western coalfields limited [wcl]) (615190) (n06000252) (-)|maharashtra|05/2022 (05/2022)|03/2029 (-)|335.75 (335.75)|49.75|9.57
93|gokul extension oc mine (western coalfields limited [wcl]) (615192) (n06000264) (-)|maharashtra|04/2021 (04/2021)|03/2026 (-)|309.58 (309.58)|57.46|8.44
94|kolgaon expansion deep oc mine (western coalfields limited [wcl]) (615199) (n06000267) (-)|maharashtra|01/2023 (09/2023)|03/2027 (-)|198.71 (198.71)|23.54|2.82
95|ballarpur north west oc mine (western coalfields limited [wcl]) (615330) (n06000282) (-)|maharashtra|12/2022 (12/2022)|03/2029 (-)|360.81 (360.81)|3.84|5.17
96|gadegaon oc 3 mty (western coalfields limited [wcl]) (615331) (-) (-)|maharashtra|10/2023 (10/2023)|03/2030 (-)|497.41 (497.41)|27.55|2.19
97|ghonsa expansion deep oc mine (western coalfields limited [wcl]) (615914) (n06000205) (-)|maharashtra|03/2021 (03/2021)|03/2029 (-)|184.71 (184.71)|15.72|12.83
98|amlg gauri pauni expansion oc (western coalfields limited [wcl]) (615916) (n06000271) (7361)|maharashtra|04/2024 (04/2024)|03/2030 (-)|1225.21 (1225.21)|88.88|4.21
99|gaurideep/gauri central ocp 7. (western coalfields limited [wcl]) (615917) (n06000278) (7362)|maharashtra|08/2023 (06/2024)|03/2030 (-)|973.07 (973.07)|1.55|2.31
100|rpr of bhanegaon oc (western coalfields limited [wcl]) (615918) (n06000256) (-)|maharashtra|02/2017 (09/2022)|03/2028 (-)|405.2 (405.2)|35.03|15.95
101|n. extn. mungoli nirguda d ocp (western coalfields limited [wcl]) (615919) (n06000283) (7363)|maharashtra|06/2024 (06/2024)|03/2029 (-)|1024.91 (1024.91)|217.01|27.92
102|niljai expansion deep ocp (western coalfields limited [wcl]) (615982) (n06000154) (-)|maharashtra|08/2016 (08/2016)|03/2022 (03/2026)|319.75 (319.75)|196.86|79.83
103|ukni deep oc mine -cost plus (western coalfields limited [wcl]) (616044) (n06000179) (764)|maharashtra|11/2018 (01/2019)|03/2021 (03/2026)|237.06 (237.06)|166.87|93.51
104|amalgamated inder-kamptee deep (western coalfields limited [wcl]) (616050) (n06000226) (-)|maharashtra|09/2018 (09/2018)|03/2024 (03/2026)|235.9 (235.9)|127.42|98.97
105|adasa ug to oc mine (western coalfields limited [wcl]) (616223) (n06000219) (-)|maharashtra|11/2018 (11/2018)|03/2024 (03/2026)|316 (316)|209.35|86.49
106|amal gondegaon ghatrohana expn (western coalfields limited [wcl]) (616229) (n06000284) (7364)|maharashtra|09/2024 (09/2024)|03/2029 (-)|668.54 (668.54)|2.94|2.52
107|waghoda ug mine [1.02 mty] (western coalfields limited [wcl]) (617233) (n06000293) (-)|maharashtra|01/2024 (01/2025)|03/2030 (-)|379.3 (379.3)|0|0.01
108|kolarpimpri expansion oc [2.5 (western coalfields limited [wcl]) (617278) (n06000294) (9897)|maharashtra|06/2024 (02/2025)|03/2030 (-)|630.37 (630.37)|0.61|0.35
109|saoner-iii expn ug mine 1.54 (western coalfields limited [wcl]) (619055) (-) (-)|maharashtra|08/2025 (08/2025)|03/2032 (-)|444.42 (444.42)|0|0
110|bina kakri amalgamation expans (northern coalfields limited [ncl]) (400369) (n06000192) (612)|multi-states (madhya pradesh, uttar pradesh)|08/2020 (08/2020)|03/2024 (03/2027)|836.42 (836.42)|835.34|89.9
111|khadia expansion [10 to 16 mtp (northern coalfields limited [ncl]) (615183) (n06000208) (7021)|multi-states (madhya pradesh, uttar pradesh)|06/2021 (06/2021)|03/2025 (03/2027)|491.67 (491.67)|276.75|55.57
112|subhadra ocp (mahanadi coalfields limited [mcl]) (400165) (n06000249) (3048)|odisha|05/2021 (05/2021)|04/2032 (-)|1693.81 (1693.81)|1329.14|45.57
113|siarmal ocp (mahanadi coalfields limited [mcl]) (400166) (n06000113) (3045)|odisha|02/2021 (02/2021)|03/2029 (-)|5194.95 (5194.95)|3490.38|59.5
114|balaram expansion ocp (mahanadi coalfields limited [mcl]) (400183) (n06000230) (2997)|odisha|08/2020 (08/2020)|03/2029 (-)|3504.21 (3504.21)|958|57.15
115|gopalji kaniha ocp [10 to 30 m (mcl - cil) (400185) (n06000229) (2994)|odisha|04/2022 (04/2022)|03/2030 (-)|8416.19 (6107.87)|1771.98|34.54
116|integrated lakhanpur-belpahar- (mahanadi coalfields limited [mcl]) (400187) (n06000167) (2986)|odisha|05/2018 (05/2018)|03/2027 (-)|2434.75 (2434.75)|2002.75|79.05
117|bharatpur re-organization ocp (mahanadi coalfields limited [mcl]) (400392) (n06000171) (501)|odisha|11/2018 (11/2018)|03/2029 (-)|2838.86 (2838.86)|1711.38|52
118|basundhara west extension open (mcl - cil) (615193) (n06000112) (7760)|odisha|05/2014 (05/2014)|03/2019 (03/2029)|479.15 (479.15)|281.57|67.58
119|naini coal mine (singareni collieries company limited [sccl]) (615857) (n06000203) (-)|odisha|03/2020 (03/2020)|03/2026 (-)|494.3 (494.3)|491.33|80
120|integrated kulda garjanbahal o (mahanadi coalfields limited [mcl]) (616226) (n06000289) (7097)|odisha|04/2023 (04/2023)|03/2033 (-)|3563.5 (3563.5)|672.78|6.18
121|bhubaneswari expn ocp 50 mty (mcl - cil) (616231) (n06000286) (9687)|odisha|03/2024 (03/2024)|03/2033 (-)|5366.27 (5366.27)|477.39|32.47
122|hingula ii oc expn ph iii 15 m (mcl - cil) (616232) (n06000285) (7365)|odisha|11/2022 (11/2022)|03/2029 (-)|1561.85 (1561.85)|279.32|29.19
123|balabhadra ocp (mcl - cil) (616233) (n06000288) (7366)|odisha|04/2023 (04/2023)|03/2030 (-)|978.44 (978.44)|251.55|15.24
124|talabira ii & iii ocp - fmc (nlc india limited [nlcil]) (618982) (-) (10777)|odisha|10/2022 (05/2023)|06/2026 (-)|522.45 (522.45)|324.74|72.65
125|jawahar khani open cast mine (singareni collieries company limited [sccl]) (615818) (n06000259) (-)|telangana|12/2021 (12/2021)|03/2025 (03/2027)|297.88 (297.88)|47.48|20
126|kalyanikhani opencast project (singareni collieries company limited [sccl]) (615858) (n06000213) (-)|telangana|03/2016 (05/2017)|03/2026 (-)|384.32 (384.32)|291.01|75
127|godavarikhani coal mine - 5 (singareni collieries company limited [sccl]) (615860) (n06000202) (9915)|telangana|07/2019 (05/2019)|03/2025 (03/2026)|607.04 (607.04)|200.06|71
128|indaram opencast project (singareni collieries company limited [sccl]) (615861) (n06000211) (-)|telangana|08/2017 (12/2022)|03/2025 (03/2026)|424.81 (424.81)|406.81|81
129|goleti opencast mine (singareni collieries company limited [sccl]) (615862) (n06000258) (-)|telangana|07/2021 (08/2021)|03/2026 (-)|345.6 (345.6)|111.15|32
130|venkatesh khani coal mine (singareni collieries company limited [sccl]) (615863) (n06000204) (-)|telangana|10/2020 (06/2020)|03/2026 (-)|484.5 (484.5)|477.14|97
131|kakatiyakhani oc - 2 project (singareni collieries company limited [sccl]) (615865) (n06000214) (-)|telangana|08/2017 (09/2017)|03/2025 (03/2026)|442.42 (442.42)|252.26|63
132|mohanpur expansion oc -phase i (eastern coal fields limited [ecl]) (400173) (n06000236) (3029)|west bengal|11/2020 (11/2020)|03/2026 (03/2030)|888.99 (888.99)|142.55|31.52
133|bonjemehari expansion ocp (eastern coal fields limited [ecl]) (400180) (n06000244) (3004)|west bengal|08/2021 (08/2021)|03/2026 (03/2030)|570.11 (570.11)|88.78|17.1
134|nakrakonda kumardih- b ocp (eastern coal fields limited [ecl]) (400181) (n06000170) (3001)|west bengal|08/2018 (08/2018)|03/2029 (-)|502.68 (502.67)|83.8|27.52
135|siduli [oc & ug] (ecl - cil) (400182) (n06000165) (2998)|west bengal|05/2018 (05/2018)|03/2027 (03/2030)|535.18 (535.17)|5.74|14.61
136|tilaboni ug (eastern coal fields limited [ecl]) (400186) (n06000276) (2989)|west bengal|01/2023 (01/2023)|03/2029 (-)|749.08 (749.07)|53.88|11.9
137|jhanjra expansion ug (eastern coal fields limited [ecl]) (400312) (n06000223) (995)|west bengal|04/2020 (04/2020)|03/2029 (-)|1210.12 (1210.12)|619.6|45.48
138|sonepur bazari expansion ocp [ (eastern coal fields limited [ecl]) (400315) (n06000220) (966)|west bengal|07/2021 (07/2021)|03/2029 (-)|5365.88 (5365.88)|623.88|18.47
139|2.0 mtpa bhojudih nlw washery (ministry of coal) (611016) (n06000195) (4835)|west bengal|12/2015 (03/2019)|09/2020 (05/2026)|384.57 (384.57)|363.14|97.6
140|itapara ocp (eastern coal fields limited [ecl]) (612816) (n06000272) (5529)|west bengal|12/2023 (12/2023)|03/2030 (-)|929.1 (929.1)|71.23|8.35
141|shyamsundarpur ug including sa (eastern coal fields limited [ecl]) (613793) (n06000191) (-)|west bengal|04/2020 (04/2020)|03/2026 (03/2028)|483.65 (483.65)|77.79|16.79
142|parasea-belbaid ug project (eastern coal fields limited [ecl]) (613794) (n06000277) (-)|west bengal|01/2023 (01/2023)|03/2028 (-)|389.1 (389.1)|132.48|22.13
143|parascole jambad ocp (eastern coal fields limited [ecl]) (616230) (n06000281) (6881)|west bengal|11/2024 (11/2024)|03/2037 (-)|1193.55 (1193.55)|11.42|0.22
144|50 mw wind power project (nlc india limited [nlcil]) (617299) (n06000292) (-)|gujarat|07/2022 (01/2024)|06/2025 (01/2026)|383.84 (383.84)|328.56|51
145|600 mw khavda solar power project (nlc india limited [nlcil]) (617730) (-) (10775)|gujarat|08/2023 (06/2024)|06/2026 (-)|3335.85 (3335.85)|2171.16|40
146|200 mw spp part of 510 mw cpsu scheme (nlc india limited [nlcil]) (618991) (-) (10796)|gujarat|07/2022 (03/2024)|12/2026 (-)|1221.41 (1221.41)|64.03|0
147|100 mw spp part of seci 150 mw hybrid (nlc india limited [nlcil]) (618992) (-) (-)|gujarat|07/2022 (04/2024)|12/2026 (-)|480.68 (480.68)|2.62|1.2
148|nlc talabira thermal power project (nlc india limited [nlcil]) (400231) (n06000270) (2059)|odisha|01/2017 (01/2024)|03/2030 (-)|27212.96 (27213)|3454.06|2.1
149|300 mw spp part of 510 mw cpsu scheme (nlc india limited [nlcil]) (612819) (n06000269) (5525)|rajasthan|07/2022 (03/2023)|09/2024 (12/2025)|1813 (1813)|1753.07|100
150|810 mw solar power project - rajasthan (nlc india limited [nlcil]) (618981) (-) (10776)|rajasthan|10/2024 (09/2025)|03/2028 (-)|4147.07 (4147.07)|224.77|0
151|50 mw solar pp minedout area (nlc india limited [nlcil]) (615327) (n06000279) (-)|tamil nadu|08/2023 (02/2024)|03/2025 (12/2025)|218.03 (218.03)|169.95|100
152|ghatampur thermal power plant 3 x 660 mw (nlc india limited [nlcil]) (400259) (n06000152) (1665)|uttar pradesh|07/2016 (08/2016)|11/2020 (03/2026)|17237.8 (21780.9)|21237.52|95.68
153|dharamjaigarh-korba (railway) (400203) (-) (2277)|chhattisgarh|05/2018 (03/2017)|12/2026 (08/2026)|1686.22 (2438.53)|625.77|43.5
154|shivpur-kathautia new rail [bg] line [49 km] [package ii of tori-shivpur-kathautia line] (ministry of coal) (400416) (-) (371)|jharkhand|02/2018 (05/2022)|06/2025 (06/2026)|1799.64 (2564.34)|1713.19|71
155|tubed coal mine (damodar valley corporation) (400192) (-) (2418)|jharkhand|07/2016 (10/2016)|05/2026 (05/2026)|1581 (1581)|601.03|36
156|badam coal mining project of ntpc (national thermal power corporation [ntpc]) (603293) (n18000367) (2576)|jharkhand|02/2019 (09/2019)|12/2056 (04/2027)|502 (784)|471.08|67.86
157|dibang multipurpose project (national hydroelectric power corporation limited [nhpc]) (602182) (n18000362) (4934)|arunachal pradesh|02/2023 (02/2023)|02/2032 (02/2032)|31876.39 (31876.4)|4593.04|17.43
158|240mw heo he project (north eastern electric power corporation limited) (611698) (-) (7620)|arunachal pradesh|12/2024 (05/2025)|07/2029 (-)|1938.85 (1938.85)|96.94|4.95
159|186 mw tato-i h e project (north eastern electric power corporation limited) (611699) (-) (7621)|arunachal pradesh|12/2024 (05/2025)|07/2029 (-)|1750.07 (1750.07)|73.91|5.04
160|700 mw tato-ii he project (north eastern electric power corporation limited) (611716) (-) (9690)|arunachal pradesh|09/2025 (09/2025)|09/2031 (-)|8146.21 (8146.21)|243.25|6.41
161|kalai-ii hydro electric project [1200 mw] (thdc india limited) (619311) (-) (12136)|arunachal pradesh|04/2026 (04/2026)|10/2032 (-)|14105.83 (14105.8)|187.16|0
162|buxar thermal power project [1320 mw] (satluj jal vidyut nigam [sjvn] thermal limited) (602579) (n18000194) (2361)|bihar|03/2019 (06/2019)|01/2024 (05/2026)|10439.09 (13756.6)|13370.07|94.33
163|nabinagar super thermal power project, stage-ii [3x800 mw] (national thermal power corporation [ntpc]) (619051) (-) (-)|bihar|11/2024 (03/2025)|07/2030 (-)|29948 (29948)|2676.55|10.17
164|lara super thermal power project stage-ii [2 x 800 mw] (national thermal power corporation [ntpc]) (611930) (n18000381) (5493)|chhattisgarh|08/2023 (08/2023)|06/2028 (09/2028)|15530 (16106)|4787.3|28.6
165|sipat super thermal power project, stage-iii [1x800 mw] (national thermal power corporation [ntpc]) (617188) (-) (9706)|chhattisgarh|09/2024 (09/2024)|09/2029 (-)|9791 (9791)|1619.63|18.91
166|bagodara solar power project (satluj jal vidyut nigam [sjvn] thermal limited) (709747) (n18000297) (-)|gujarat|03/2021 (05/2021)|12/2025 (12/2025)|339.35 (339.35)|370|51.86
167|dhaulasidh hydro electric project [66 mw] (satluj jal vidyut nigam [sjvn] thermal limited) (602582) (n18000291) (2370)|himachal pradesh|10/2020 (05/2021)|11/2025 (03/2027)|687.97 (1561.21)|1107.31|77.51
168|luhri stage-i hydro electric project [210 mw] (satluj jal vidyut nigam [sjvn] thermal limited) (602593) (n18000279) (2367)|himachal pradesh|11/2020 (11/2020)|01/2026 (02/2030)|1810.56 (4681.64)|1924.48|51.32
169|sunni dam hydro electric project [382 mw] (satluj jal vidyut nigam [sjvn] thermal limited) (611586) (n18000344) (5062)|himachal pradesh|01/2023 (01/2023)|04/2028 (12/2029)|2614.51 (4925.87)|1083.85|33.98
170|pakal dul [drangdhuran] hydroelectric project, 1000 mw (national hydroelectric power corporation limited [nhpc]) (602525) (n18000172) (1425)|jammu and kashmir|10/2014 (02/2018)|04/2020 (12/2026)|8112.12 (12728)|9114.12|80.5
171|kiru he project (national hydroelectric power corporation limited [nhpc]) (602532) (n18000278) (2412)|jammu and kashmir|03/2019 (02/2020)|09/2023 (12/2026)|4287.59 (5409)|3733.26|83.46
172|ratle he project - 850 mw, ratle hydroelectric power corporation limited. (national hydroelectric power corporation limited [nhpc]) (602535) (n18000324) (2421)|jammu and kashmir|02/2021 (01/2022)|02/2026 (11/2028)|5281.94 (5281.94)|1566.39|29.85
173|kwar he project (national hydroelectric power corporation limited [nhpc]) (605155) (n18000363) (4177)|jammu and kashmir|05/2022 (11/2022)|11/2026 (03/2028)|4526.12 (4526.12)|1569.55|34.21
174|patratu thermal power station expansion project phase-i [3x800 mw] (national thermal power corporation [ntpc]) (400261) (n18000275) (1639)|jharkhand|11/2017 (11/2017)|03/2023 (02/2027)|18668 (20302)|18690|88.74
175|koderma thermal power station phase ii [2x800 mw] at koderma, jharkhand (damodar valley corporation) (611509) (-) (7414)|jharkhand|04/2023 (11/2024)|03/2029 (-)|14358 (14358)|1890.03|11
176|gadarwara super thermal power project, stage-ii [2x800 mw] (national thermal power corporation [ntpc]) (618976) (-) (10793)|madhya pradesh|11/2024 (05/2025)|03/2030 (-)|20446 (20446)|1721.18|7.5
177|subansiri lower he project [2000 mw] (national hydroelectric power corporation limited [nhpc]) (602096) (180100221) (2415)|multi-states (arunachal pradesh, assam)|09/2003 (01/2005)|09/2010 (05/2026)|6285.33 (26075.5)|26150.32|97.64
178|talcher thermal power station stage iii [2 x 660 mw] expansion (national thermal power corporation [ntpc]) (602961) (n18000364) (3450)|odisha|08/2022 (09/2022)|05/2027 (03/2028)|11843.75 (12543)|6454.35|50.2
179|darlipali super thermal power project, stage-ii [1x800 mw] (national thermal power corporation [ntpc]) (619056) (-) (-)|odisha|11/2025 (11/2025)|01/2031 (-)|11131 (11131)|460.85|1.95
180|teesta-vi he project, sikkim [500 mw], executed by lanco teesta hydro power limited [a wholly owned subsidiary of nhpc ltd. acquired through nclt] (national hydroelectric power corporation limited [nhpc]) (602181) (n18000325) (2419)|sikkim|03/2019 (03/2020)|03/2024 (12/2027)|5748.04 (5748.04)|4356.15|72.51
181|rangit-iv he project [120 mw] executed by jal power corporation ltd. [jpcl] - a wholly owned subsidiary of nhpc ltd. acquired through nclt (national hydroelectric power corporation limited [nhpc]) (605156) (n18000326) (2408)|sikkim|03/2021 (08/2021)|05/2024 (12/2025)|938.29 (1828.11)|1625.93|96.53
182|singrauli super thermal power project, stage-iii [2x800 mw] (national thermal power corporation [ntpc]) (612142) (n18000382) (7569)|uttar pradesh|03/2024 (03/2024)|02/2030 (-)|17195 (17195)|3306.21|19.8
183|tapovan-vishnugad hep [4x130 mw] (national thermal power corporation [ntpc]) (602185) (n18000014) (1452)|uttarakhand|11/2006 (11/2006)|03/2013 (04/2029)|2978 (10907.3)|7715.24|77
184|vishnugad pipalkoti hydro electric project [444 mw] (thdc india limited) (602195) (n18000042) (157)|uttarakhand|08/2008 (01/2014)|12/2022 (09/2027)|3860.35 (6405.08)|5429.35|80
185|raghunathpur thermal power station phase ii [2x660 mw] at raghunathpur, purulia, west bengal (damodar valley corporation) (400062) (-) (4195)|west bengal|01/2023 (02/2025)|06/2029 (-)|17673 (17673)|1950.25|9.4
186|rammam-iii hepp [3x40 mw] (national thermal power corporation [ntpc]) (602184) (n18000178) (1453)|west bengal|09/2014 (09/2014)|09/2019 (03/2029)|1381.84 (2865.56)|1568.56|55.06
187|installation of fgd for 4x210 & 2x250 mw mtps u 1-6 (damodar valley corporation) (602538) (-) (2463)|west bengal|06/2019 (02/2021)|01/2024 (05/2026)|1037 (1106)|1133.78|96
188|transmission scheme for solar energy zone in ananthpuram 2500mw and kurnool 1000mw (power grid corporation of india limited [powergrid]) (611967) (n18000380) (5451)|andhra pradesh|09/2023 (09/2023)|09/2025 (05/2026)|823 (823)|798.31|98.34
189|transmission system strengthening at kurnool- iii ps for integration of additional re generation projects [powergrid kurnool iii ps re transmission limited] (power grid corporation of india limited [powergrid]) (617183) (n18000416) (7488)|andhra pradesh|03/2025 (03/2025)|12/2027 (-)|2886 (2886)|721.48|26.19
190|north eastern region expansion scheme-xxiii [neres-xxiii] (power grid corporation of india limited [powergrid]) (617375) (-) (-)|arunachal pradesh|08/2025 (08/2025)|02/2028 (-)|209.38 (209.38)|3.14|1.5
191|transmission system for evacuation of power from rez in rajasthan [20 gw] under phase-iii part-d phase-ii (power grid corporation of india limited [powergrid]) (615336) (-) (11862)|delhi|11/2023 (10/2024)|02/2026 (12/2026)|284 (284)|22.72|7.75
192|transmission system for evacuation of additional 7 gw re power from khavda re park under phase-iii part b [vataman transmission limited] (power grid corporation of india limited [powergrid]) (612139) (n18000384) (5494)|gujarat|12/2023 (12/2023)|12/2025 (12/2026)|4231 (4231)|2538.6|62
193|transmission system for evacuation of power from potential energy renewable zone in khavda area of gujarat under ph-iv [7gw] part e2 (power grid corporation of india limited [powergrid]) (612855) (n18000390) (5537)|gujarat|05/2024 (05/2024)|05/2026 (06/2026)|697 (697)|369.41|56
194|augmentation of transformation capacity at jam khambhaliya ps [gis] [spv name powergrid jam khambhaliya transmission limited] (power grid corporation of india limited [powergrid]) (615342) (n18000398) (-)|gujarat|10/2024 (10/2024)|07/2026 (04/2027)|329 (329)|36.19|13.5
195|provision of dynamic reactive compensation at khavda pooling station 1 [kps1] and khavda pooling station 3 [kps3] (power grid corporation of india limited [powergrid]) (615343) (n18000402) (6259)|gujarat|11/2024 (11/2024)|11/2026 (-)|501 (501)|25.05|6
196|transmission system for evacuation of power from potential renewable energy zone in khavda area of gujarat under phase-iv [7gw] part b [spv name powergrid south olpad transmission limited] (power grid corporation of india limited [powergrid]) (615345) (n18000400) (6261)|gujarat|10/2024 (10/2024)|10/2026 (10/2027)|4766 (4766)|1239.16|27.59
197|augmentation of transformation capacity at kps1 [gis] and kps2 [gis] [phase-v part b1 and part b2 scheme] [spv name- powergrid kps1 and 2 augmentation transmission limited] (power grid corporation of india limited [powergrid]) (617069) (n18000411) (-)|gujarat|02/2025 (02/2025)|02/2027 (-)|466 (466)|93.2|22.5
198|augmentation of banaskantha [raghanesda] ps [gis] [powergrid banaskantha transco limited] (power grid corporation of india limited [powergrid]) (617182) (n18000412) (-)|gujarat|03/2025 (03/2025)|03/2027 (-)|172 (172)|58.48|36
199|augmentation of transformation capacity at bhuj-ii ps [gis] (power grid corporation of india limited [powergrid]) (617391) (-) (-)|gujarat|02/2025 (02/2025)|11/2026 (06/2027)|488.29 (488.29)|5.86|1.5
200|jamnagar transmission limited (adani transmission limited) (617405) (-) (9765)|gujarat|na (10/2024)|10/2026 (-)|4000 (4000)|537|18
201|provision of ict augmentation & bus reactor at bhuj-ii ps (power grid corporation of india limited [powergrid]) (617801) (-) (9955)|gujarat|03/2025 (03/2025)|12/2026 (06/2027)|581.74 (581.74)|7.08|1.5
202|kpsiii hvdc transmission limited (adani transmission limited) (619026) (-) (11610)|gujarat|na (12/2025)|12/2029 (-)|19000 (19000)|20|1
203|transmission system for reliable power supply to dholera (power grid corporation of india limited [powergrid]) (619029) (-) (-)|gujarat|09/2024 (09/2024)|03/2026 (12/2026)|319.42 (319.42)|51.1|18
204|khavda iva power transmission limited (adani transmission limited) (619049) (-) (12526)|gujarat|08/2024 (08/2024)|08/2026 (-)|4500 (4500)|2263.7|58
205|transmission scheme for evacuation of power from ratle hep [850 mw] & kiru [624 mw] part b (power grid corporation of india limited [powergrid]) (617179) (n18000417) (-)|jammu and kashmir|07/2024 (07/2024)|07/2026 (06/2027)|218.6 (218.6)|3.72|1.7
206|implementation of transmission systems in the state of jharkhand consisting of 400/220/132/33 kv transmission lines and substations under jharkhand consultancy project (power grid corporation of india limited [powergrid]) (617326) (-) (9893)|jharkhand|02/2012 (02/2012)|03/2026 (08/2026)|1842.25 (1842.25)|1648.05|96
207|transmission scheme for integration of renewable energy zone [phase ii] in koppal ii [phase a&b] and gadag ii[phase a] in karnataka [powergrid koppal gadag transmission limited] (power grid corporation of india limited [powergrid]) (612140) (n18000385) (5495)|karnataka|12/2023 (12/2023)|12/2025 (09/2026)|4445 (4445)|3733.8|86
208|system strengthening at koppal-ii and gadagii for integration of re generation projects [spv name powergrid koppal gadag augmentation transmission limited] (power grid corporation of india limited [powergrid]) (616672) (n18000409) (7054)|karnataka|01/2025 (01/2025)|06/2027 (-)|1354 (1354)|270.8|22.5
209|augmentation of transformation capacity by 3x500 mva, 400/220 kv icts [6th-8th] and 1x1500 mva, 765/400 kv ict [4th] at bidar ps [spv name- powergrid bidar augmentation transmission limited] (power grid corporation of india limited [powergrid]) (617068) (n18000410) (-)|karnataka|02/2025 (02/2025)|06/2027 (-)|288 (288)|20.16|7.2
210|transmission scheme for integration of davanagere/ chitradurga and bellary rez in karnataka [powergrid chitradurga bellary rez transmission limited] (power grid corporation of india limited [powergrid]) (617184) (n18000419) (7489)|karnataka|03/2025 (03/2025)|09/2027 (-)|3453 (3453)|414.36|13.41
211|transmission system strengthening at davanagere for integration of re generation [spv name - powergrid davanagere power transmission limited] (power grid corporation of india limited [powergrid]) (617803) (-) (-)|karnataka|09/2025 (09/2025)|09/2027 (-)|379 (379)|17.06|2.5
212|transmission system strengthening for integration of additional re potential at davanagere [0.25 gw] and bellary [2.75 gw] (power grid corporation of india limited [powergrid]) (619228) (-) (11953)|karnataka|02/2026 (02/2026)|02/2028 (-)|1111 (1111)|5.5|1
213|augmentation of 1x500 mva 400/220kv ict [3rd] at thrissur vsc hvdc station in kerala (power grid corporation of india limited [powergrid]) (619028) (-) (-)|kerala|08/2025 (08/2025)|08/2027 (-)|173.14 (173.14)|2.08|1.5
214|transmission system for evacuation of power from rajasthan rez ph-iv [part-2 5.5gw] [jaisalmer/barmer complex] part h1 [powergrid kurawar transmission limited] (power grid corporation of india limited [powergrid]) (615344) (n18000399) (6260)|madhya pradesh|10/2024 (10/2024)|10/2026 (06/2027)|3674 (3674)|1396.12|39.24
215|transmission system for evacuation of power from rajasthan rez ph-iv [part-2 5.5 gw] [jaisalmer/barmer complex] part c [spv name powergrid mandsaur transmission limited] (power grid corporation of india limited [powergrid]) (615346) (n18000392) (6262)|madhya pradesh|08/2024 (08/2024)|08/2026 (02/2027)|2708 (2708)|1489.4|57.8
216|implementation of lilo of both circuits of 400kv vindhyachal ps-sasan d/c line at hindalco switchyard (power grid corporation of india limited [powergrid]) (617272) (n18000420) (-)|madhya pradesh|06/2024 (06/2024)|12/2026 (-)|370 (370)|114.7|35.03
217|transmission system for evacuation of power from mahan energen limited generating station in madhya pradesh [spv name - powergrid mel power transmission limited] (power grid corporation of india limited [powergrid]) (617279) (-) (7643)|madhya pradesh|06/2025 (06/2025)|12/2027 (-)|558 (558)|50.22|9.75
218|augmentation of transformation capacity and implementation of line bays at mandsaur s/s for re interconnection [spv name- powergrid mandsaur i re transmission limited] (power grid corporation of india limited [powergrid]) (617802) (-) (-)|madhya pradesh|10/2025 (10/2025)|03/2028 (-)|319 (319)|12.76|2.5
219|mahan transmission limited (adani transmission limited) (619024) (-) (11556)|madhya pradesh|03/2025 (03/2025)|04/2027 (-)|3125.32 (3125.32)|286.79|17
220|transmission system for evacuation of power from potential re zone in khavda area of gujarat under phase iv 7gw-part e4 (power grid corporation of india limited [powergrid]) (611966) (n18000377) (-)|maharashtra|11/2023 (11/2023)|07/2025 (04/2026)|224.41 (224.41)|206.45|94.8
221|wrnes talegaon power transmission limited (adani transmission limited) (619027) (-) (11611)|maharashtra|na (05/2025)|01/2028 (-)|2000 (2000)|36|5
222|network expansion scheme in maharashtra for removal of transmission constraints in pune region-i [765/400kv ais pune east] (power grid corporation of india limited [powergrid]) (619227) (-) (11952)|maharashtra|03/2026 (03/2026)|03/2028 (-)|1420 (1420)|2.84|0.5
223|transmission system for integration of kurnool-iv rez phase-i [for 4.5 gw] [powergrid kurnool-iv transmission limited] (power grid corporation of india limited [powergrid]) (617185) (n18000413) (7490)|multi-states (andhra pradesh, karnataka)|03/2025 (03/2025)|03/2027 (09/2027)|5550 (5550)|943.5|17.86
224|transmission system for integration of ananthapur 2 rez phase 1 for 4.5 gw. spv name anantapuram 2 rez transmission ltd (sterlite power) (617806) (-) (9970)|multi-states (andhra pradesh, karnataka)|08/2024 (03/2025)|03/2027 (-)|4535.99 (4535.99)|677.57|40
225|inter-regional strengthening between sr grid and er grid (power grid corporation of india limited [powergrid]) (619030) (-) (11590)|multi-states (andhra pradesh, odisha)|02/2026 (02/2026)|08/2028 (-)|2722.5 (2722.5)|13.4|1
226|transmission system for kurnool wind energy zone/ solar energy zone part-a and part-b (power grid corporation of india limited [powergrid]) (900808) (n18000352) (5224)|multi-states (andhra pradesh, telangana)|11/2022 (03/2023)|11/2024 (05/2026)|3546.94 (3546.94)|3532.75|99.69
227|comprehensive scheme for strengthening of transmission and distribution [t&d] systems [csst&ds] in arunachal pradesh and sikkim (power grid corporation of india limited [powergrid]) (602223) (n18000249) (1648)|multi-states (arunachal pradesh, sikkim)|10/2014 (10/2014)|12/2018 (03/2027)|4754.42 (9129.32)|8069.4|83.4
228|north eastern region power system improvement project [nerpsip] (power grid corporation of india limited [powergrid]) (607709) (n18000250) (1625)|multi-states (assam, manipur, meghalaya, mizoram, nagaland, tripura)|12/2014 (03/2016)|12/2018 (03/2027)|5111.33 (6700)|5577.75|98.5
229|eastern region expansion scheme-43 [eres-43] (power grid corporation of india limited [powergrid]) (617271) (n18000421) (-)|multi-states (bihar, odisha, west bengal)|09/2024 (09/2024)|03/2026 (09/2026)|342.69 (342.69)|102.8|29.73
230|inter-regional [nr-wr] transmission system strengthening to relieve the loading of 765 kv vindhyachal-varanasi d/c line (power grid corporation of india limited [powergrid]) (617807) (-) (10787)|multi-states (bihar, uttar pradesh)|10/2025 (10/2025)|10/2027 (-)|2368 (2368)|35.52|2
231|eastern region expansion scheme-44 [eres-44] (power grid corporation of india limited [powergrid]) (617270) (n18000422) (-)|multi-states (bihar, west bengal)|11/2024 (11/2024)|05/2026 (06/2027)|408.94 (408.94)|6.13|1.5
232|transmission network expansion in gujarat to increase its atc from ists part b (power grid corporation of india limited [powergrid]) (400005) (n18000337) (4690)|multi-states (dadra & nagar haveli and daman & diu, gujarat, maharashtra)|01/2022 (07/2022)|06/2023 (05/2026)|4546.26 (4546.26)|4528.07|99.9
233|transmission system for evacuation of power from rez in rajasthan 20gw under phase-iii part j (power grid corporation of india limited [powergrid]) (611735) (n18000378) (-)|multi-states (delhi, rajasthan)|12/2022 (12/2022)|03/2025 (12/2026)|331 (331)|197.71|56.75
234|transmission scheme for evacuation of power from rez in rajasthan [20 gw] under phase-iii part d phase i [sikar khetri transmission ltd] (power grid corporation of india limited [powergrid]) (612132) (n18000389) (5489)|multi-states (delhi, rajasthan)|02/2024 (02/2024)|08/2025 (09/2026)|2423 (2423)|2035.32|85.45
235|transmission system for evacuation of power from potential renewable energy zone in khavda area of gujarat under phase-v [8 gw] part a [spv name powergrid west central transmission limited] (power grid corporation of india limited [powergrid]) (615347) (n18000405) (6263)|multi-states (gujarat, maharashtra)|11/2024 (11/2024)|05/2029 (-)|24819 (24819)|2481.9|9.67
236|transmission system for evacuation of power from rajasthan rez ph-iv [part- 3/6gw] [bikaner complex] part a [spv name powergrid bikaner iv transmission limited] (power grid corporation of india limited [powergrid]) (615339) (n18000403) (6257)|multi-states (haryana, punjab, rajasthan)|11/2024 (11/2024)|11/2026 (04/2027)|5969 (5969)|1313.18|24.07
237|transmission system for evacuation of power from rajasthan rez ph-iv [part-3/ 6 gw] [bikaner complex] part b [spv name powergrid siwani transmission limited] (power grid corporation of india limited [powergrid]) (615340) (n18000404) (6258)|multi-states (haryana, rajasthan)|11/2024 (11/2024)|11/2026 (06/2027)|5357 (5357)|1446.39|28.27
238|inter-regional strengthening between sr grid and wr grid (power grid corporation of india limited [powergrid]) (617808) (-) (10788)|multi-states (karnataka, maharashtra)|10/2025 (10/2025)|10/2027 (-)|1007 (1007)|20.14|2.5
239|transmission scheme for solar energy zone in bidar [2500 mw], karnataka [bidar transmission ltd] (power grid corporation of india limited [powergrid]) (612138) (n18000388) (5500)|multi-states (karnataka, telangana)|02/2024 (02/2024)|02/2026 (06/2026)|1368 (1368)|1190.16|89.46
240|transmission system for evacuation of power from rajasthan rez ph-iv [part-2 5.5 gw] [jaisalmer/barmer complex] part d [spv name powergrid beawar mandsaur transmission limited] (power grid corporation of india limited [powergrid]) (615333) (n18000393) (6252)|multi-states (madhya pradesh, rajasthan)|08/2024 (08/2024)|08/2026 (12/2026)|2227 (2227)|979.88|38.74
241|transmission system for evacuation of power from rajasthan rez ph-iv [part-2 5.5 gw] [jaisalmer/barmer complex] part e [spv name powergrid mewar transmission limited] (power grid corporation of india limited [powergrid]) (615334) (n18000394) (6253)|multi-states (madhya pradesh, rajasthan)|08/2024 (08/2024)|08/2026 (04/2027)|3251 (3251)|1592.99|39.4
242|rajasthan rez ph-v [part-1- 4 gw] [sirohi/nagaur] complex [rajasthan v power transmission limited] (power grid corporation of india limited [powergrid]) (617186) (n18000414) (7491)|multi-states (madhya pradesh, rajasthan)|03/2025 (03/2025)|03/2027 (06/2027)|5028 (5028)|1054.2|24.07
243|rajasthan part i power transmission limited (adani transmission limited) (619025) (-) (11607)|multi-states (madhya pradesh, rajasthan, uttar pradesh)|01/2025 (01/2025)|07/2029 (-)|25000 (25000)|230.05|2
244|transmission system for evacuation of power from rajasthan rez ph-iv [part-1] [bikaner complex] part d [neemrana bareilly transmission ltd] (power grid corporation of india limited [powergrid]) (612133) (n18000387) (5490)|multi-states (rajasthan, uttar pradesh)|12/2023 (12/2023)|12/2025 (12/2026)|3271 (3271)|2731.28|72.16
245|transmission system for evacuation of power from rajasthan rez ph-iv [part-4 3.5 gw] part a [spv name powergrid ghiror transmission limited] (power grid corporation of india limited [powergrid]) (616670) (n18000407) (7052)|multi-states (rajasthan, uttar pradesh)|12/2024 (12/2024)|12/2026 (06/2027)|5846 (5846)|1636.88|31.37
246|transmission system for evacuation of power from rez in rajasthan 20gw under phase iii- part e2 (power grid corporation of india limited [powergrid]) (611947) (n18000379) (-)|rajasthan|11/2023 (11/2023)|06/2025 (06/2026)|428.3 (428.3)|415.45|98.4
247|transmission system for evacuation of power from rez in rajasthan 20 gw under phase-iii part h (power grid corporation of india limited [powergrid]) (611948) (n18000374) (5434)|rajasthan|10/2023 (10/2023)|04/2025 (06/2026)|1910 (1910)|1851.81|98.33
248|transmission system for evacuation of power from rez in rajasthan 20 gw under phase-iii part c1 (power grid corporation of india limited [powergrid]) (611949) (n18000375) (5435)|rajasthan|10/2023 (10/2023)|04/2025 (05/2026)|1160 (1160)|1136.8|99
249|transmission system for evacuation of power from rajasthan rez ph-iv [part-1] [bikaner complex] part a [bikaner neemrana transmission ltd] (power grid corporation of india limited [powergrid]) (612134) (n18000386) (5491)|rajasthan|12/2023 (12/2023)|12/2025 (12/2026)|4741 (4741)|3650.57|72.22
250|transmission system for evacuation of power from rajasthan rez ph-iv [part-2 5.5 gw][jaisalmer/barmer complex] part b [spv name powergrid sirohi transmission limited] (power grid corporation of india limited [powergrid]) (615332) (n18000391) (6251)|rajasthan|08/2024 (08/2024)|08/2026 (03/2027)|3279 (3279)|1508.34|47.13
251|transmission system strengthening for interconnections of bhadla-iii & bikaner iii complex [spv name powergrid bhadla bikaner transmission limited] (power grid corporation of india limited [powergrid]) (615335) (n18000397) (6254)|rajasthan|08/2024 (08/2024)|08/2026 (03/2027)|1382 (1382)|552.8|42
252|additional transmission system for evacuation of power from bhadla-iii ps as part of rajasthan rez phase iii scheme [20 gw] [spv name powergrid bhadla-iii power transmission limited] (power grid corporation of india limited [powergrid]) (615337) (n18000396) (-)|rajasthan|08/2024 (08/2024)|02/2026 (09/2026)|369 (369)|210.33|63.85
253|transmission system for evacuation of power from rajasthan rez ph -iv [part-2 5.5 gw] [jaisalmer/barmer complex] part f [spv name powergrid barmer i transmission limited] (power grid corporation of india limited [powergrid]) (615338) (n18000401) (6256)|rajasthan|11/2024 (11/2024)|11/2026 (06/2027)|2735 (2735)|875.2|31.48
254|augmentation at fatehgarh-ii ps, fatehgarh-iv ps [section-ii] and barmer-i ps [powergrid fatehgarh barmer augmentation transmission limited] (power grid corporation of india limited [powergrid]) (617181) (n18000415) (-)|rajasthan|03/2025 (03/2025)|12/2026 (06/2027)|404 (404)|28.28|9.8
255|transmission system under ists for evacuation of power from kudankulam unit-3&4 [2x1000 mw] [spv name powergrid kudankulam tarnsmission limited] (power grid corporation of india limited [powergrid]) (616671) (n18000408) (7053)|tamil nadu|01/2025 (01/2025)|12/2026 (03/2027)|548 (548)|120.56|18.72
256|transmission system for strengthening to facilitate evacuation of power from bhadla/bikaner complex (power grid corporation of india limited [powergrid]) (617269) (n18000423) (-)|uttar pradesh|12/2024 (12/2024)|06/2026 (08/2026)|212.81 (212.81)|6.38|3
257|construction of one tower of office complex and another tower of residential quarters consisting of 10nos. type-v, 10nos. type-vi & 1no.type-vii quarters i/c internal water supply, sanitary installation and all development and bulk services, horticulture works on epc mode-i basis i/c comprehensive operation and maintenance of civil, e&m services for 7 years after completion of original construction work for ranga reddy, secunderabad, medchal, auditi, audit-ii commissionerates of central tax at khajaguda, serilingampally, hyderabad. (central public works department - cpwd) (617412) (-) (9743)|telangana|03/2024 (11/2024)|09/2027 (-)|644 (644)|161.57|21
258|integrated command control center [iccc] - construction and development of integrated command control center with security, surveillance, itms, connecting port, ship service, smart solid waste management, smart public transport system (ministry of housing and urban affairs) (707229) (-) (-)|andaman & nicobar|07/2021 (11/2021)|05/2023 (-)|209.88 (209.88)|0|70
259|redevelopment of seven general pool residential accommodation [gpra] colonies in delhi (national buildings construction corporation [nbcc]) (400188) (-) (2914)|delhi|07/2016 (05/2018)|12/2025 (12/2025)|32850 (32841)|13885.72|46.8
260|rehablitation in junavadaj area smart city project (ministry of housing and urban affairs) (701719) (-) (-)|gujarat|02/2016 (06/2016)|07/2022 (05/2026)|539 (539)|599.76|98.5
261|green building development project (ministry of housing and urban affairs) (701766) (-) (-)|uttarakhand|11/2019 (08/2019)|11/2023 (12/2026)|150.97 (206)|54.01|40
262|patna metro rail project (patna metro rail corporation ltd. [pmrcl]) (702627) (n28000148) (3114)|bihar|02/2019 (02/2019)|02/2024 (06/2027)|13365.77 (13365.8)|5197.09|50
263|delhi metro rail phase-iv [2 corridors] (delhi metro rail corporation limited [dmrc]) (617207) (-) (7531)|delhi|03/2024 (03/2024)|03/2029 (-)|8399.81 (8399.81)|94.53|3.64
264|delhi metro rail phase v a (delhi metro rail corporation limited [dmrc]) (619031) (-) (11591)|delhi|01/2026 (01/2026)|12/2028 (-)|12014.91 (12014.9)|17.4|5.34
265|dmrts phase - iv [3 priority corridors] (delhi metro rail corporation limited [dmrc]) (702632) (n28000135) (3115)|delhi|07/2019 (07/2019)|03/2025 (12/2026)|24948.65 (24948.7)|20350.75|80.56
266|surat metro rail project (gujarat metro rail corporation limited [gmrcl]) (702630) (n28000138) (3141)|gujarat|03/2019 (04/2019)|03/2024 (06/2026)|12020.32 (12020.3)|8929.65|79.5
267|ahmedabad metro rail project [phase-i] (gujarat metro rail corporation limited [gmrcl]) (702639) (n28000122) (1749)|gujarat|11/2014 (02/2015)|03/2018 (05/2026)|10773 (12924.5)|12520.65|99.99
268|metro connectivity from millennium city centre to cyber city with spur to dwarka expressway, gurugram. (gurugram metro rail limited [gmrl]) (619022) (-) (11535)|haryana|07/2023 (08/2024)|07/2027 (-)|5452.72 (5452.72)|92.12|0
269|bangalore metro rail project - phase-3 (bengaluru metro rail) (612878) (-) (-)|karnataka|na (06/2026)|05/2031 (-)|15611 (15611)|0|0
270|construction of bangalore metro rail project phase 2. (bengaluru metro rail) (702635) (n28000058) (2472)|karnataka|02/2014 (02/2016)|03/2021 (09/2026)|26405.14 (30695.1)|29802.97|95.5
271|construction bangalore metro rail project phase-2a & 2b (bengaluru metro rail) (702665) (n28000151) (2476)|karnataka|06/2021 (01/2019)|06/2026 (06/2026)|14788.1 (14788.1)|10276.44|65
272|kochi metro rail phase 2 development project (cspcc projects) (702664) (n28000158) (4736)|kerala|11/2022 (11/2022)|11/2026 (11/2026)|1957.05 (1957.05)|746.33|36.17
273|bhopal metro rail project (madhya pradesh metro rail co limited [mpmrcl]) (702625) (n28000124) (3137)|madhya pradesh|11/2018 (11/2018)|11/2022 (06/2028)|6941.4 (6941.4)|4259.25|59.94
274|indore metro rail project (madhya pradesh metro rail co limited [mpmrcl]) (702626) (n28000125) (3138)|madhya pradesh|11/2018 (11/2018)|11/2022 (12/2028)|7500.8 (7500.8)|4923.05|64.15
275|pcmc to nigdi- extension of north south corridor of phase-1 (maharashtra metro rail corporation limited [mmrcl]) (617225) (n28000157) (7570)|maharashtra|10/2023 (10/2023)|01/2027 (-)|910.18 (960.18)|269.74|41.58
276|pune metro phase-1 extension line towards south from swargate to katraj (maharashtra metro rail corporation limited [mmrcl]) (617226) (n28000160) (7627)|maharashtra|09/2024 (09/2024)|03/2029 (-)|2954.53 (2954.53)|46.13|5.2
277|thane integral ring metro rail project (maharashtra metro rail corporation limited [mmrcl]) (617327) (-) (7735)|maharashtra|09/2024 (09/2024)|09/2029 (-)|12200.1 (12200.1)|81.63|8.25
278|pune metro rail project phase-2 corridor 2a vanaz to chandani chowk and corridor 2b ramwadi to wagholi/vitthalwadi (maharashtra metro rail corporation limited [mmrcl]) (618971) (-) (10784)|maharashtra|07/2025 (07/2025)|07/2029 (-)|3626.24 (3626.24)|2.65|1.38
279|pune metro rail project phase-2 line-4 kharadi to khadakwasla with spur line 4a nal stop - warje - manikbaug (maharashtra metro rail corporation limited [mmrcl]) (618985) (-) (10785)|maharashtra|12/2025 (12/2025)|12/2030 (-)|9857.85 (9857.85)|3.94|0.48
280|new suburba station development project (ministry of housing and urban affairs) (701745) (-) (-)|maharashtra|04/2018 (03/2019)|07/2022 (-)|262.76 (262.76)|17.62|6
281|kalyan station precinct imporvement project (ministry of housing and urban affairs) (701991) (-) (-)|maharashtra|04/2018 (07/2020)|07/2023 (06/2026)|600 (723.7)|492.82|82
282|mumbai metro line 3 (mumbai metro rail corporation limited [mmrc]) (702637) (n28000086) (1384)|maharashtra|07/2013 (06/2016)|03/2023 (08/2025)|23136 (37276)|33526.69|97.79
283|nagpur metro rail phase ii development project (maharashtra metro rail corporation limited [mmrcl]) (702658) (n28000155) (5205)|maharashtra|12/2022 (12/2022)|12/2027 (-)|6708 (6708)|1912.03|38
284|delhi metro rail phase-iv [rithala - kundli corridor] (delhi metro rail corporation limited [dmrc]) (617206) (-) (7530)|multi-states (delhi, haryana)|01/2025 (01/2025)|01/2029 (-)|6230.99 (6230.99)|72.98|0
285|chennai metro rail phase-ii development project (chennai metro rail limited [cmrl]) (702668) (-) (4262)|tamil nadu|10/2024 (11/2020)|08/2029 (-)|63246 (63246)|33129.33|52.55
286|lucknow metro rail project phase-1b east west corridor (uttar pradesh metro rail corporation [upmrc]) (619052) (-) (11609)|uttar pradesh|09/2025 (05/2026)|04/2031 (-)|5801.05 (5801.05)|0|1
287|kanpur metro rail project (uttar pradesh metro rail corporation [upmrc]) (702628) (n28000144) (3116)|uttar pradesh|05/2019 (11/2019)|05/2024 (03/2027)|11076.48 (11076.5)|9101.15|80.9
288|agra metro rail project (uttar pradesh metro rail corporation [upmrc]) (702629) (n28000145) (3117)|uttar pradesh|05/2019 (12/2020)|05/2024 (06/2027)|8379.62 (8379.62)|6071.78|69.5
289|esr - 8 nos., distribution system - 216 km, new house service connections - 38760 nos. upgrading of feeder mains, pumping station etc. - phase ii (ministry of housing & urban affairs) (702674) (-) (-)|andhra pradesh|02/2017 (07/2018)|03/2023 (06/2026)|172.22 (172.22)|88.86|82
290|muzaffarpur storm water drainage phase-i project (ministry of housing & urban affairs) (702699) (-) (-)|bihar|11/2016 (02/2019)|10/2023 (06/2026)|158.78 (158.78)|135.72|84
291|storm water drainag development project (ministry of housing and urban affairs) (702355) (-) (-)|dadra & nagar haveli and daman & diu|08/2020 (12/2021)|03/2024 (-)|210 (210)|0|20
292|sewerage management scheme part-3 implementation (ministry of housing & urban affairs) (702734) (-) (-)|haryana|03/2017 (11/2017)|09/2023 (09/2026)|278.01 (278.01)|228.49|88
293|dhanbad water supply infrastructure project (ministry of housing & urban affairs) (702741) (-) (-)|jharkhand|02/2017 (12/2018)|03/2023 (06/2026)|216.55 (216.55)|129.16|76
294|saap-3 water supply infrastructure saap-3 project (ministry of housing & urban affairs) (702742) (-) (-)|jharkhand|02/2017 (12/2018)|10/2023 (06/2026)|159.31 (159.31)|87.5|67
295|augmentation and strenghthning of urban water supply phase 1 - saap 3 (ministry of housing & urban affairs) (702746) (-) (-)|jharkhand|02/2017 (12/2018)|03/2023 (06/2026)|278.28 (278.28)|186.5|81
296|belgavi improvement in sewerage system project (ministry of housing & urban affairs) (702760) (-) (-)|karnataka|12/2015 (10/2016)|07/2023 (06/2026)|162.73 (162.73)|79.5|80
297|indore water supply infrastructure project (ministry of housing & urban affairs) (702793) (-) (-)|madhya pradesh|12/2016 (11/2017)|03/2023 (06/2026)|287.17 (287.17)|252.5|99
298|satna sewerage management and treatment infrastructure project (ministry of housing & urban affairs) (702808) (-) (-)|madhya pradesh|11/2015 (12/2016)|03/2024 (05/2026)|191.56 (215.89)|200.32|96
299|singrauli sewerage management and treatment infrastructure project (ministry of housing & urban affairs) (702810) (-) (-)|madhya pradesh|05/2016 (11/2017)|03/2023 (06/2026)|402.01 (438.1)|357.68|90
300|kalyan-dombivali water supply infrastructure project (ministry of housing & urban affairs) (702833) (-) (-)|maharashtra|07/2016 (09/2019)|10/2023 (06/2026)|194.2 (194.2)|136.56|75
301|mira-bhayandar water supply infrastructure project (ministry of housing & urban affairs) (702840) (-) (-)|maharashtra|11/2016 (08/2018)|03/2023 (05/2026)|204.55 (204.55)|186.13|99
302|pune water supply infrastructure project (ministry of housing & urban affairs) (702851) (-) (-)|maharashtra|03/2017 (07/2017)|03/2023 (05/2026)|235.95 (235.95)|220.77|95
303|solapur sewerage management infrastructure project (ministry of housing & urban affairs) (702854) (-) (-)|maharashtra|03/2017 (04/2018)|03/2023 (06/2026)|180.24 (180.24)|172.22|98
304|jalandhar water supply infrastructure project (ministry of housing & urban affairs) (703021) (-) (-)|punjab|11/2016 (08/2020)|08/2023 (06/2026)|258.53 (266.64)|161.02|58
305|patiala water supply infrastructure part-2 project (ministry of housing & urban affairs) (703057) (-) (-)|punjab|11/2016 (08/2020)|10/2023 (06/2026)|287 (287)|213.64|99
306|jhansi water supply infrastructure phase-ii project (ministry of housing & urban affairs) (702949) (-) (-)|uttar pradesh|03/2017 (06/2019)|07/2023 (05/2026)|561.74 (561.74)|500.04|95
307|lucknow sewerage management infrastructure project (ministry of housing & urban affairs) (702958) (-) (-)|uttar pradesh|na (05/2019)|03/2023 (05/2026)|142.46 (173.21)|152.65|95
308|construction of basement + ground floor+ 10 storeyed building for state of the art director general, gsi building at plot no.gn-40, sector-v, salt lake, kolkata (central public works department [cpwd]) (617280) (n10000015) (-)|west bengal|04/2019 (02/2020)|08/2026 (-)|255.37 (255.37)|98.92|64
309|expansion of malanjkhand copper project (hindustan copper limited [hcl]) (400426) (-) (160)|madhya pradesh|09/2011 (04/2015)|04/2020 (03/2029)|1856.36 (3800)|965.07|84.87
310|expansion of alumina refinery plant with addition of 5th stream having capacity enhancement of 1.0 million tonee per annum (national aluminium company limited [nalco]) (400141) (n10000010) (3148)|odisha|04/2017 (04/2017)|12/2022 (06/2026)|4103 (5677.4)|4887.6|94.2
311|pottangi bauxite mines project (national aluminium company limited [nalco]) (400299) (n10000016) (1199)|odisha|05/2018 (05/2018)|03/2025 (05/2026)|1381 (1960.77)|770.08|52.1
312|sourcing of bauxite arrangement for 5th stream alumina refinery from south block mining lease of panchpatmaili mines (national aluminium company limited [nalco]) (709831) (n10000013) (-)|odisha|11/2017 (11/2019)|05/2025 (06/2026)|483 (483)|446.16|92.35
313|25.5 mw wind power project at kayathar in tamilnadu (national aluminium company limited [nalco]) (709832) (n10000014) (-)|tamil nadu|09/2017 (12/2017)|03/2025 (03/2026)|166 (166)|135|66.73
314|construction of permanent campus of central tribal university of andhra pradesh phase-1 (central tribal university of andhra pradesh) (613008) (-) (-)|andhra pradesh|09/2019 (12/2023)|06/2027 (-)|305 (305)|64.25|44
315|construction of permanent campus of national institute of technology arunachal pradesh (national institute of technology, arunachal pradesh) (612898) (-) (5650)|arunachal pradesh|09/2009 (03/2013)|08/2026 (08/2024)|592.61 (592.61)|551.3|80
316|tezpur university projects (tezpur university) (606112) (-) (-)|assam|05/2019 (06/2021)|11/2023 (12/2025)|153.71 (153.71)|137.84|97.7
317|additional campus of nitpatna (nit patna) (606013) (-) (-)|bihar|07/2022 (08/2022)|07/2024 (01/2026)|499.21 (499.21)|449.96|98.5
318|phase b construction of permanent campus of iit bhilai (indian institute of technology, bhilai) (617877) (-) (10102)|chhattisgarh|05/2025 (01/2026)|10/2028 (-)|1188.97 (1188.97)|0|0
319|phase 1b - construction of academic block, hostel, residential tower, directors residence and external development works at national institute of technology, delhi campus on engineering, procurement and construction basis (national institute of technology delhi) (612851) (-) (-)|delhi|09/2009 (11/2022)|09/2025 (01/2026)|333.49 (336.42)|321.76|99.72
320|delhi university eastern campus at surajmal vihar (delhi university) (616886) (-) (-)|delhi|09/2024 (03/2025)|10/2026 (-)|373 (373)|28.13|12
321|construction of permanent campus of central university of gujarat at village kundhela, dist. vadodara, gujarat. (central university of gujarat) (612916) (-) (-)|gujarat|12/2020 (02/2021)|03/2025 (03/2026)|490.63 (490.63)|335.08|85
322|establishment of permanent campus phase 1 of iim sirmaur (indian institute of management, sirmaur) (602099) (n42000008) (4877)|himachal pradesh|09/2018 (08/2020)|10/2023 (05/2026)|392.51 (454.78)|336.71|97.5
323|hostel blocks & dining hall block (indian institute of technology, mandi) (612128) (-) (-)|himachal pradesh|03/2023 (03/2024)|03/2026 (07/2026)|166.66 (166.66)|122.26|82
324|construction of permanent campus of central university of himachal pradesh at dehra, district - kangra, [h.p.] on engineering. procurement and construction [epc mode 1] basis. (central university, himachal pradesh) (612894) (n42000011) (5657)|himachal pradesh|03/2021 (08/2022)|11/2024 (03/2026)|251.98 (300.45)|223.21|85
325|construction of permanent campus for iim jammu phase-1 at jagti, nagrota, jammu, j&k (indian institute of management, jammu) (602098) (n28000130) (4869)|jammu and kashmir|03/2019 (10/2020)|06/2023 (11/2025)|424.93 (500.91)|484.52|96
326|construction of permanent campus for iit palakkad under phase 1a (indian institute of technology palakkad) (606431) (n28000140) (3415)|kerala|07/2017 (03/2020)|06/2022 (06/2026)|1006.45 (1217.4)|680.69|86
327|phase b of construction of permanent campus of iit palakkad (indian institute of technology palakkad) (617878) (-) (10104)|kerala|05/2025 (01/2026)|10/2028 (-)|1527 (1527)|9.8|0
328|phase iii a works at iit indore [03 hostels, 01 studio apartment, 01 housing, heavy & sophisticated lab complex, academic pod and infrastructure for center of excellence] (indian institute of technology, indore) (611957) (-) (-)|madhya pradesh|12/2023 (04/2024)|02/2027 (-)|496.28 (496.28)|78.35|58
329|construction and developement of national institute of technology meghalaya permanent campus at sohra (national institute of technology, meghalaya) (612885) (n42000001) (5654)|meghalaya|09/2009 (09/2014)|03/2022 (10/2026)|494.52 (429.7)|368.98|95
330|construction of permanent campus for nit mizoram at lengpui, aizawl (nit mizoram) (612876) (-) (5653)|mizoram|09/2009 (06/2014)|12/2029 (03/2022)|474.23 (474.23)|167.55|4
331|establishment of nit nagaland (nit nagaland) (613013) (-) (-)|nagaland|09/2009 (12/2014)|12/2025 (-)|275.63 (275.63)|263.25|98
332|iiser berhampur (indian institutes of science education and research, behrampur) (610315) (n28000126) (3441)|odisha|10/2018 (09/2019)|03/2021 (06/2026)|1229.32 (843.09)|874.09|98.5
333|construction of iit bhubaneswar -phase iii (indian institute of technology, bhubaneshwar) (611961) (-) (-)|odisha|02/2024 (05/2024)|11/2026 (-)|454.27 (454.27)|100.77|7
334|1000 seater boys hostel, 500 seater girls hostel, 1.5 mld sewage treatment plant and faculty residence - 72 nos. flats (nit rourkela) (619033) (-) (-)|odisha|09/2023 (01/2024)|06/2026 (-)|198.97 (198.97)|42.55|42
335|establishment of nit puducherry permanent campus [phase-i and phase-ii] (national institute of technology, puducherry) (612877) (-) (5639)|puducherry|09/2009 (07/2013)|12/2024 (05/2026)|618.34 (544.34)|543.74|98.5
336|construction of permanent campus of indian institute of management [iim] amritsar, punjab, phase-i (indian intitue of management, amritsar) (605292) (n28000142) (4865)|punjab|10/2019 (07/2020)|06/2023 (09/2026)|348.31 (348.31)|293.1|91.7
337|construction of girls hostel 400 seater, boys hostel 600 seater, academic block, international hostel 100 seater, vc residence and purchase of equipment (central university of punjab) (617221) (-) (-)|punjab|08/2024 (04/2025)|10/2027 (-)|210.99 (210.99)|74.96|45
338|construction of sikkim university campus phase-i package-ii at yangang, south sikkim (sikkim university) (609736) (n44000002) (-)|sikkim|08/2020 (01/2022)|01/2025 (03/2026)|314.06 (314.06)|292|95
339|establishment of permanent campus of nit sikkim at khamdong-gangtok district (nit sikkim) (612883) (-) (5656)|sikkim|02/2024 (03/2024)|02/2028 (12/2026)|685.76 (610.76)|283.56|34.5
340|construction of precast housing and hostels at iit hyderabad (indian institute of technology, hyderabad) (609996) (-) (-)|telangana|09/2022 (11/2022)|10/2024 (01/2026)|262 (262)|213.89|87.44
341|banaras hindu university [ kayakalp of institute of medical sciences] (banaras hindu university) (606479) (-) (-)|uttar pradesh|06/2020 (06/2020)|09/2022 (03/2026)|246 (246)|207.02|99
342|construction & development of infrastructural facilities in the main campus of nit uttarakhand at sumari, pauri garhwal (national institute of technology uttarakhand) (611963) (-) (5655)|uttarakhand|06/2020 (04/2024)|09/2027 (-)|650.85 (650.85)|345.85|56
343|hefa projects on development of student hostels, playgrounds, departmental buildings, class room complex and other campus facilities in iit kharagpur (indian institute of technology, kharagpur) (609019) (n28000146) (4351)|west bengal|06/2018 (04/2019)|03/2023 (03/2026)|500 (442)|415.35|96
344|national sports university [nsu], imphal [manipur] (department of sports & youth affairs) (400081) (-) (3895)|manipur|na (01/2022)|08/2024 (08/2026)|906.47 (611.74)|574.12|97
345|construction of lpg facilities at kamardanga, assam (hindustan petroleum corporation limited) (709754) (n16000484) (-)|assam|03/2023 (03/2023)|07/2027 (07/2027)|156.36 (156.36)|102.07|75.5
346|setting up of new rail fed pol facility at kamardanga, assam (hindustan petroleum corporation limited [hpcl]) (709755) (n16000494) (-)|assam|03/2023 (03/2023)|07/2027 (07/2027)|384.04 (384.04)|216.85|82.4
347|capacity augmentation of kandla lpg import terminal [klit] from 0.6 mmtpa to 2.5 mmtpa (ministry of petroleum & natural gas) (617839) (-) (-)|gujarat|05/2023 (05/2023)|07/2026 (07/2026)|356.86 (304.4)|72.32|66
348|andheri residential towers, mumbai (ministry of petroleum & natural gas) (604833) (n16000503) (-)|maharashtra|06/2017 (06/2017)|05/2025 (06/2026)|281.35 (389.67)|270.49|79.5
349|setting up of 50 mw [plus/minus 5 percent] wind power plant for captive consumption at mr (ministryofpetroleumnaturalgas) (619313) (-) (-)|maharashtra|05/2023 (05/2023)|04/2027 (04/2027)|483.14 (483.14)|287.79|57.9
350|lpg bottling plant at mualkhang (ministry of petroleum & natural gas) (617829) (-) (-)|mizoram|07/2024 (07/2024)|10/2028 (11/2027)|225.71 (225.71)|22.78|32
351|srikakulam angul gas pipeline project (ministry of petroleum & natural gas) (701343) (n16000388) (2530)|multi-states (andhra pradesh, odisha)|09/2019 (09/2019)|07/2022 (06/2026)|2658.34 (2810)|2315.2|97.6
352|paradip-numaligarh crude oil pipeline [pncpl] & crude oil import terminal [coit] at paradip (ministry of petroleum & natural gas) (701349) (n16000394) (2318)|multi-states (assam, bihar, jharkhand, odisha, west bengal)|01/2019 (01/2019)|07/2024 (10/2026)|10228 (11407)|10912.42|92.4
353|new mundra panipat crude oil pipeline (ministry of petroleum & natural gas) (400078) (n16000435) (4049)|multi-states (gujarat, haryana, rajasthan)|12/2021 (12/2021)|12/2024 (06/2026)|9028 (9028)|7160.82|91.4
354|kandla gorakhpur lpg pipeline (ministry of petroleum & natural gas) (400012) (-) (4509)|multi-states (gujarat, madhya pradesh, uttar pradesh)|12/2018 (12/2018)|12/2021 (06/2026)|10088 (10088)|8529.58|95.2
355|multi product pipeline from irugur to devangonthi (department of water resources, river development & gr) (400301) (n16000234) (1195)|multi-states (karnataka, tamil nadu)|11/2012 (11/2012)|02/2017 (09/2026)|678 (1732)|1118.26|82.6
356|rajasthan refinery project (ministryofpetroleumnaturalgas) (701263) (n16000513) (5468)|rajasthan|10/2017 (10/2017)|10/2022 (06/2026)|43129 (79459)|69202.21|91.9
357|petrochemical evacuation marketing terminal at barmer, rajasthan (hindustan petroleum corporation limited [hpcl]) (709759) (n16000512) (-)|rajasthan|12/2023 (12/2023)|12/2026 (12/2026)|461.05 (461.05)|225.25|89.8
358|laying of pol pipelines in common corridor for proposed grass root terminal at vallur [chennai] (ministry of petroleum & natural gas) (400043) (n16000455) (4272)|tamil nadu|01/2022 (01/2022)|05/2026 (05/2026)|829 (829)|350.21|76.2
359|grass root rail-fed depot at sekerkote, agartala as resitement of existing dharmanagar depot (indian oil corporation limited [iocl]) (400035) (n16000495) (4373)|tripura|06/2022 (06/2022)|09/2025 (06/2026)|656 (656)|537.17|97
360|grass-root terminal at mirzapur, uttar pradesh (ministry of petroleum & natural gas) (604852) (n16000506) (5256)|uttar pradesh|09/2022 (09/2022)|11/2026 (11/2026)|980.45 (980.45)|293.88|75
361|kg-dwn-98/2 cluster - ii development project - nelp block (oil and natural gas corporation limited [ongc]) (400120) (n16000247) (3284)|andhra pradesh|03/2016 (03/2016)|06/2020 (09/2026)|34012 (34012)|33006.7|96.5
362|provision of four bitumen tanks with capacity of 5 tmt each at visakh refinery (ministry of petroleum and natural gas) (619226) (-) (-)|andhra pradesh|09/2025 (09/2025)|03/2028 (03/2028)|258.34 (258.34)|1.65|10.5
363|hp-coat [crude to olefins and aromatics technology] demo unit at visakh refinery (hindustan petroleum corporation limited) (709752) (n16000432) (-)|andhra pradesh|09/2021 (09/2021)|06/2024 (02/2027)|160 (220)|135.52|91.6
364|numaligarh refinery expansion project (ministry of petroleum & natural gas) (604791) (n16000379) (2312)|assam|07/2020 (07/2020)|07/2024 (03/2027)|12366 (22494)|19522.33|84.6
365|development of surface facilities for production and evacuation of crude oil and natural gas from nadua and east khagorija (ministry of petroleum & natural gas) (604863) (n16000331) (3083)|assam|01/2018 (01/2018)|02/2020 (06/2026)|682.9 (726.93)|598.62|94.3
366|guwahati refinery expansion [1.0 to 1.2 mmtpa] along with installation of cru, guwahati refinery (ministry of petroleum & natural gas) (607701) (n16000414) (4908)|assam|05/2021 (05/2021)|10/2023 (05/2026)|412.3 (577)|457.64|94.9
367|construction of field gas gathering station at baghjan area for collection, processing & transportation of natural gas to be produced from baghjan field (ministry of petroleum & natural gas) (616858) (n16000450) (-)|assam|12/2020 (12/2020)|03/2024 (06/2026)|430.76 (430.76)|346.97|92.4
368|coke drum structure package (ministry of petroleum & natural gas) (617836) (-) (10009)|assam|12/2022 (12/2022)|12/2025 (09/2026)|635.28 (635.28)|453.66|60.6
369|group gathering station, lakwagaon (ministry of petroleum & natural gas) (619316) (-) (-)|assam|10/2025 (10/2025)|10/2027 (10/2027)|495.59 (495.59)|18.04|5.7
370|augmentation/revamping of facilities at existing guwahati terminal at betkuchi (ministryofpetroleumnaturalgas) (709776) (n16000441) (-)|assam|04/2022 (04/2022)|09/2026 (09/2026)|277 (323.09)|226.36|81.2
371|capacity expansion of digboi refinery from 0.65 to 1.0 mmtpa (ministryofpetroleumnaturalgas) (709779) (n16000457) (-)|assam|06/2022 (06/2022)|03/2026 (07/2027)|768 (740)|174.5|56
372|pipeline network project rudrasagar (ministry of petroleum & natural gas) (709847) (n16000528) (-)|assam|01/2023 (01/2023)|04/2026 (04/2027)|481.03 (481.03)|235.37|54.1
373|borholla ggs life extension project [blep] (ministry of petroleum & natural gas) (709850) (n16000532) (-)|assam|09/2023 (09/2023)|05/2026 (09/2026)|198.7 (198.7)|96.22|55.7
374|dcu revamp project (nrl) (709864) (n16000511) (-)|assam|08/2021 (08/2021)|07/2024 (10/2026)|370 (370)|281.31|76.3
375|power recovery turbine [prt] in pfccu unit as an energy conservation scheme (nrl) (709865) (n16000510) (-)|assam|04/2023 (04/2023)|12/2024 (09/2026)|293.5 (293.5)|81.84|99
376|setting up of lpg plant with rail unloading facility at hathua, dist. gopalganj, bihar (ministryofpetroleumnaturalgas) (617304) (-) (-)|bihar|10/2023 (10/2023)|03/2027 (03/2027)|340.15 (340.15)|167.24|51
377|barauni refinery capacity expansion from 6.0 to 9.0 mmtpa (ministry of petroleum & natural gas) (701324) (n16000386) (3063)|bihar|01/2020 (01/2020)|04/2023 (08/2026)|14810 (16724)|12872.04|90.9
378|installation of bitumen manufacturing unit along with allied facilities at barauni refinery (ministryofpetroleumnaturalgas) (709777) (n16000453) (-)|bihar|01/2022 (01/2022)|04/2025 (01/2027)|389.35 (340)|115.69|60.8
379|city gas distribution projects at darbhanga, madhubani, supaul, sitamarhi and sheohar districts (bharat petroleum corporation limited [bpcl]) (709792) (n16000524) (-)|bihar|12/2022 (12/2022)|03/2030 (03/2030)|3638 (3638)|472.43|33.3
380|city gas distribution projects at gopalganj, siwan, west champaran, east champaran and deoria districts (bharat petroleum corporation limited [bpcl]) (709793) (n16000523) (-)|bihar|12/2022 (12/2022)|06/2030 (06/2030)|3919 (3919)|510.08|30.1
381|city gas distribution [cgd] project in kondagaon, bastar, sukma, narayanpur, bijapur & dantewada ga (ministry of petroleum & natural gas) (617819) (-) (9998)|chhattisgarh|06/2022 (06/2022)|06/2030 (06/2030)|557.04 (557.04)|8.76|2.2
382|redevelopment of sobhasan complex (oil and natural gas corporation limited [ongc]) (400087) (n16000431) (3514)|gujarat|08/2021 (08/2021)|03/2027 (03/2027)|885.63 (1347.61)|990.06|87.5
383|redevelopment of santhal field [onshore-mehsana asset] (oil and natural gas corporation limited [ongc]) (400167) (n16000279) (3042)|gujarat|02/2017 (02/2017)|03/2026 (12/2026)|1162.56 (1162.56)|1152.51|95.9
384|redevelopment of linch field (oil and natural gas corporation limited [ongc]) (400169) (n16000428) (3040)|gujarat|04/2021 (04/2021)|03/2025 (07/2026)|631.03 (845.42)|612.97|90
385|petrochemical and lube integration project at gujarat refinery (ministry of petroleum & natural gas) (701329) (n16000409) (3062)|gujarat|09/2020 (09/2020)|08/2024 (11/2026)|18936 (17825)|13579.35|88.3
386|installation of new biturox unit along with allied facilities at gujarat refinery (ministryofpetroleumnaturalgas) (709778) (n16000454) (-)|gujarat|01/2022 (01/2022)|08/2025 (12/2026)|328.29 (344.36)|214.63|84.1
387|commercial polymer flooding project in bechraji field (oil and natural gas corporation limited [ongc]) (709838) (n16000444) (-)|gujarat|01/2022 (01/2022)|11/2024 (05/2027)|621.4 (739.02)|222.8|42
388|restoration of gas terminal, phase-i [part-a], hazira (oil and natural gas corporation limited [ongc]) (709840) (n16000477) (-)|gujarat|05/2022 (05/2022)|02/2025 (07/2026)|249.43 (249.43)|210.5|97.1
389|old pipe line replacement [oprp] group-a (oil and natural gas corporation limited [ongc]) (709841) (n16000483) (-)|gujarat|07/2021 (07/2021)|07/2025 (07/2026)|173.03 (169.84)|164.86|93.5
390|kalol redevelopment project, ahmedabad asset (oil and natural gas corporation limited [ongc]) (709842) (n16000481) (-)|gujarat|08/2022 (08/2022)|03/2027 (03/2027)|1487.41 (1487.41)|940.5|64
391|revamping of sv stations, gas terminal & kribhco terminal (oil and natural gas corporation limited [ongc]) (709845) (n16000514) (-)|gujarat|11/2022 (11/2022)|08/2026 (08/2026)|837.34 (837.34)|445.89|67.7
392|indian oil technology development and deployment centre at r&d campus-ii, faridabad (ministry of petroleum & natural gas) (604853) (n16000375) (3069)|haryana|06/2019 (06/2019)|12/2022 (10/2026)|2281.94 (3200)|1879.93|65
393|poly butadiene rubber plant at panipat (indian oil corporation limited [iocl]) (611917) (n16000458) (7629)|haryana|03/2022 (03/2022)|03/2025 (12/2026)|1459 (2531.44)|1473.41|85.9
394|change of service of existing mundra-panipat pipeline [panipat - churwa section] from crude oil to product (iocl) (619196) (-) (-)|haryana|05/2025 (05/2025)|03/2027 (-)|359 (359)|10.37|35.3
395|capacity expansion of panipat refinery from 15 to 25 mmtpa (ministry of petroleum & natural gas) (701289) (n16000412) (3038)|haryana|02/2021 (02/2021)|09/2024 (12/2026)|34627 (36225)|27035.45|93.2
396|installation of multiple effect evaporator [mee] for etp-1, 2 & 4 of panipat refinery and petrochemical complex. (ministryofpetroleumnaturalgas) (709783) (-) (-)|haryana|12/2020 (12/2020)|06/2023 (06/2026)|165.13 (247.69)|174.93|87.1
397|city gas distribution project at jammu, udhampur, reasi, samba and kathua districts (ministryofpetroleumnaturalgas) (709773) (n16000527) (-)|jammu and kashmir|03/2022 (03/2022)|03/2032 (09/2034)|538 (538)|4.32|0.6
398|development of jharia cbm block [phase-1] (oil and natural gas corporation limited [ongc]) (610984) (n16000445) (4893)|jharkhand|11/2019 (11/2019)|01/2024 (05/2026)|431 (431)|261.97|65.3
399|laying of natural gas pipeline from hazaribagh to ranchi [hrpl] (ministryofpetroleumnaturalgas) (709785) (n16000480) (-)|jharkhand|02/2023 (02/2023)|02/2026 (03/2027)|202.07 (202.07)|63.8|56.5
400|power system upgradation project (mangalore refinary and petrochemicals limited) (612790) (n16000509) (-)|karnataka|10/2023 (10/2023)|11/2025 (09/2026)|385 (385)|260.92|82.5
401|demo bio-atf project (ministry of petroleum & natural gas) (616879) (n16000536) (-)|karnataka|03/2024 (03/2024)|01/2027 (01/2027)|364 (364)|71.1|47.4
402|revamping/ augmentation of facilities at existing port terminal at mangalore (ministry of petroleum & natural gas) (709774) (n16000437) (-)|karnataka|01/2022 (01/2022)|12/2025 (06/2027)|463 (500.62)|302.1|83
403|augmentation of cckpl and idpl pipelines capacity along with setting up of palakkad top (ministry of petroleum & natural gas) (617838) (-) (10010)|kerala|09/2024 (09/2024)|08/2028 (08/2028)|1130 (1130)|268.98|36.2
404|setting up polypropylene unit at kochi refinery (ministryofpetroleumnaturalgas) (709799) (n16000530) (-)|kerala|12/2023 (12/2023)|10/2027 (10/2027)|4460 (4850)|818.9|32.2
405|c2/c3 vijaipur pata pipeline (ministry of petroleum & natural gas) (617830) (-) (10000)|madhya pradesh|05/2024 (05/2024)|01/2027 (01/2027)|1792 (1792)|488|65.2
406|ethylene cracker project at bina refinery including downstream petrochemical plants and expansion of refinery (ministryofpetroleumnaturalgas) (709798) (n16000518) (11306)|madhya pradesh|05/2023 (05/2023)|05/2028 (05/2028)|43367 (43367)|4802.7|25.5
407|500 kta pdhpp project, usar (ministry of petroleum & natural gas) (400168) (n16000430) (3026)|maharashtra|04/2021 (04/2021)|04/2025 (04/2027)|8797 (11256)|8003.66|90.7
408|lube modernization & bottom upgradation project at mumbai refinery (ministry of petroleum and natural gas) (616933) (n16000540) (-)|maharashtra|12/2024 (12/2024)|03/2028 (03/2028)|4679 (4679)|270.1|10.7
409|petro resid fluidized catalytic cracking [prfcc] unit and its associated facilities at mumbai refinery (ministry of petroleum & natural gas) (619223) (-) (11911)|maharashtra|05/2025 (05/2025)|09/2029 (09/2029)|13626 (13626)|55.4|4.4
410|augmentation of dupl-dppl pipeline (ministry of petroleum & natural gas) (619224) (-) (11913)|maharashtra|06/2025 (06/2025)|03/2028 (03/2028)|844 (844)|0.61|6.1
411|installation of compression facility at gail usar (ministry of petroleum & natural gas) (619225) (-) (-)|maharashtra|04/2025 (04/2025)|04/2027 (04/2027)|260.2 (260.2)|0|0
412|hp tdae unit in mumbai refinery (hindustan petroleum corporation limited) (709760) (n16000534) (-)|maharashtra|06/2024 (06/2024)|04/2026 (06/2026)|240 (240)|151.04|85
413|city gas distribution project at beed, jalgaon and jalna districts (ministryofpetroleumnaturalgas) (709771) (n16000487) (-)|maharashtra|03/2022 (03/2022)|09/2031 (09/2031)|865 (865)|78.67|3.4
414|construction of additional tankages and allied facilities at jnpt terminal (ministryofpetroleumnaturalgas) (709780) (n16000504) (-)|maharashtra|04/2022 (04/2022)|08/2026 (08/2026)|341.43 (436.14)|300.5|70.9
415|atf pipeline from jawaharlal nehru port trust to navi mumbai international airport (indian oil corporation limited [iocl]) (709782) (n16000456) (-)|maharashtra|08/2022 (08/2022)|08/2025 (06/2026)|165 (165)|101.62|97.8
416|pol & lobs installations with receipt pipelines at rasayani (bharat petroleum corporation limited [bpcl]) (709797) (n16000519) (9966)|maharashtra|05/2023 (05/2023)|05/2026 (05/2026)|2585 (2585)|1288.41|80.6
417|visakh raipur pipeline project (ministry of petroleum and natural gas) (616254) (n16000539) (-)|multi-states (andhra pradesh, chhattisgarh, odisha)|09/2024 (09/2024)|09/2027 (09/2027)|2212 (2212)|498.11|34
418|north east gas grid (ministry of petroleum & natural gas) (701346) (n16000439) (2106)|multi-states (arunachal pradesh, assam, manipur, meghalaya, mizoram, nagaland, sikkim, tripura, west bengal)|04/2020 (04/2020)|03/2024 (07/2026)|9265 (9265)|6877.97|87.6
419|pipeline rehabilitation project, phase-ii (ministry of petroleum & natural gas) (617827) (-) (10800)|multi-states (assam, bihar, west bengal)|12/2024 (12/2024)|12/2029 (12/2029)|680 (680)|8.19|24
420|cgd project in banka, dumka, godda, jamtara, pakur, sahibganj ga id 11a.02 (hindustan petroleum corporation limited) (709757) (n16000497) (-)|multi-states (bihar, jharkhand)|06/2022 (06/2022)|06/2030 (06/2030)|1377 (1377)|375.17|37
421|mumbai nagpur jharsuguda pipeline project (ministry of petroleum & natural gas) (701354) (n16000398) (2523)|multi-states (chhattisgarh, madhya pradesh, maharashtra, odisha)|06/2020 (06/2020)|05/2023 (06/2026)|7844.25 (8255)|7070.1|98.9
422|mehsana-bhatinda & bhatinda-jammu natural gas pipeline (ministry of petroleum & natural gas) (701330) (-) (739)|multi-states (gujarat, haryana, punjab, rajasthan)|07/2011 (07/2011)|06/2024 (12/2026)|7392 (7392)|6354.05|90.2
423|gurdaspur jammu pipeline (gas authority of india limited [gail]) (612853) (n16000531) (-)|multi-states (jammu and kashmir, punjab)|07/2023 (07/2023)|07/2026 (07/2026)|521.9 (521.9)|302.5|47.6
424|kochi - koottanad - bangalore - mangalore pipeline phase-ii (ministry of petroleum & natural gas) (701228) (n16000285) (803)|multi-states (karnataka, kerala, tamil nadu)|06/2009 (06/2009)|12/2012 (09/2026)|2915 (5909)|4790.3|96.6
425|city gas distribution maharashtra natural gas limited (ministry of petroleum & natural gas) (701338) (-) (-)|multi-states (karnataka, maharashtra)|01/2006 (01/2006)|06/2031 (06/2031)|5535 (5535)|4230.6|47
426|dhamra haldia pipeline project (ministry of petroleum & natural gas) (701344) (n16000391) (2527)|multi-states (odisha, west bengal)|03/2020 (03/2020)|11/2022 (09/2026)|1030.65 (1125)|916.9|93.7
427|city gas distribution projects at fazilka [except area already authorized], ganganagar and hanumangarh districts (bharat petroleum corporation limited [bpcl]) (709794) (n16000520) (-)|multi-states (punjab, rajasthan)|12/2022 (12/2022)|06/2030 (06/2030)|3207 (3207)|414.52|30.8
428|augmentation/ revamping of dimapur depot, dimapur (ministryofpetroleumnaturalgas) (709786) (n16000529) (-)|nagaland|08/2023 (08/2023)|11/2027 (11/2027)|227.62 (227.62)|25.94|41
429|integrated para xylene [px] and purified terephthalic acid [pta] project at paradip refinery (ministry of petroleum & natural gas) (604859) (n16000396) (3064)|odisha|07/2020 (07/2020)|01/2024 (08/2026)|13805 (11783)|8450.45|93.9
430|city gas distribution [cgd] project in gajapati, kandhamal, boudh, & sonepur ga (ministry of petroleum & natural gas) (617818) (-) (9999)|odisha|02/2022 (02/2022)|02/2030 (12/2031)|514.91 (514.91)|22.08|5.9
431|cuf pol depot at sadashibpur [meramundali], odisha (ministryofpetroleumnaturalgas) (709800) (-) (-)|odisha|04/2021 (04/2021)|03/2026 (06/2026)|393.54 (393.54)|218.63|80.9
432|life extension of 48 well platforms of mumbai high & heera fields (oil and natural gas corporation limited [ongc]) (400119) (n16000213) (3294)|offshore|12/2015 (12/2015)|04/2018 (08/2026)|3190.69 (3375.9)|3123.2|90
433|prp-viii [group-a] (ministry of petroleum & natural gas) (616950) (-) (-)|offshore|09/2024 (09/2024)|02/2026 (12/2026)|1486.4 (1486.4)|529.96|53.8
434|pipeline replacement project- prp-ix (ministry of petroleum & natural gas) (619314) (-) (12147)|offshore|08/2025 (08/2025)|05/2027 (-)|6175 (6175)|520.71|11.3
435|daman upside development project (oil and natural gas corporation limited [ongc]) (709839) (n16000470) (-)|offshore|06/2022 (06/2022)|10/2025 (12/2026)|4144.41 (6406.9)|6136.43|99.9
436|mhn tcpp pgc bgc project [mtpbp] (ministry of petroleum & natural gas) (709848) (n16000526) (-)|offshore|06/2022 (06/2022)|05/2026 (05/2026)|2329.45 (2354.23)|1613.16|92.7
437|prp-viii group b [nh & bs asset] (ministry of petroleum & natural gas) (709849) (n16000533) (-)|offshore|06/2024 (06/2024)|02/2026 (05/2026)|2379.84 (3165.53)|2654.5|97.6
438|integrated development of 4 contract areas under dsf-ii (ministry of petroleum & natural gas) (709851) (n16000537) (-)|offshore|05/2023 (05/2023)|04/2027 (04/2027)|6183.79 (6183.79)|1555|40.4
439|2g ethanol biorefinery at bathinda (hindustan petroleum corporation limited [hpcl]) (400171) (n16000402) (3028)|punjab|05/2020 (05/2020)|02/2023 (12/2026)|1421.46 (1421.46)|1263.61|95.8
440|city gas distribution project at pathankot district (ministryofpetroleumnaturalgas) (709770) (n16000488) (-)|punjab|03/2022 (03/2022)|09/2033 (09/2033)|151 (151)|8.89|2
441|cbr 9 mmtpa project (chennai petroleum corporation limited [cpcl]) (604795) (n16000434) (3278)|tamil nadu|09/2021 (09/2021)|06/2025 (10/2028)|31580 (36354)|1570.83|10.2
442|laying of new 28 inch desal water pipeline and 10 inch reject water pipeline between cpcl manali refinery and cpcl desalination plant at ennore (chennai petroleum corporation limited [cpcl]) (709750) (-) (-)|tamil nadu|01/2024 (01/2024)|09/2025 (12/2026)|205 (205)|92.93|70.6
443|city gas distribution projects at the nilgiris and erode districts (bharat petroleum corporation limited [bpcl]) (709796) (n16000521) (-)|tamil nadu|12/2022 (12/2022)|03/2030 (03/2030)|3685 (3685)|288.66|25.4
444|atf pipeline from bpcls malkapur pol installation to hyderabad international airport (ministryofpetroleumnaturalgas) (617822) (-) (-)|telangana|03/2025 (03/2025)|09/2027 (09/2027)|215 (215)|45.69|24.7
445|creation of gas dehydration facilities, tripura asset (oil and natural gas corporation limited [ongc]) (709837) (-) (-)|tripura|03/2022 (03/2022)|05/2024 (08/2026)|209.33 (131.51)|78.98|68.9
446|kanpur lpg bottling plant (ministryofpetroleumnaturalgas) (619191) (-) (-)|uttar pradesh|09/2025 (09/2025)|09/2027 (09/2027)|202 (202)|125.69|54
447|bulk loading hub- kanpur (ministryofpetroleumnaturalgas) (619312) (-) (-)|uttar pradesh|09/2025 (09/2025)|09/2027 (09/2027)|186 (186)|92.47|54
448|revamping / augmentation of facilities at mathura bitumen plant (ministryofpetroleumnaturalgas) (709781) (n16000505) (-)|uttar pradesh|04/2022 (04/2022)|06/2027 (12/2026)|260.12 (260.12)|20.15|52.3
449|city gas distribution projects at lakhimpur kheri , sitapur, bahraich, shravasti,balrampur, siddharth nagar & maharajganj districts (bharat petroleum corporation limited [bpcl]) (709795) (n16000525) (-)|uttar pradesh|12/2022 (12/2022)|06/2030 (06/2030)|16654 (16654)|713.77|17.9
450|durgapur - haldia pipeline [section-3b of jhbdpl project] (ministry of petroleum & natural gas) (617302) (n16000275) (-)|west bengal|03/2017 (03/2017)|12/2020 (09/2026)|1740 (2493.15)|2363.6|94.7
451|siliguri-jhapa pipeline project (indian oil corporation limited [iocl]) (617828) (-) (-)|west bengal|09/2024 (09/2024)|03/2029 (08/2029)|267 (267)|1.92|11.2
452|siliguri marketing terminal [smt] capacity augmentation project (ministry of petroleum & natural gas) (617837) (-) (-)|west bengal|11/2021 (11/2021)|12/2025 (09/2026)|484 (484)|310|87.9
453|haldia panagarh pipeline project (hindustan petroleum corporation limited) (709753) (n16000478) (-)|west bengal|11/2022 (11/2022)|11/2025 (05/2026)|1010 (1107)|846.32|95
454|cgd project in malda, birbhum, murshidabad, dakshin dinajpur ga id 11a.03 (hindustan petroleum corporation limited) (709758) (n16000498) (-)|west bengal|06/2022 (06/2022)|06/2030 (06/2030)|2628 (2628)|388.06|36.3
455|city gas distribution project at east mednipore, west mednipore & jhargram districts (ministryofpetroleumnaturalgas) (709772) (n16000491) (-)|west bengal|03/2022 (03/2022)|06/2031 (06/2031)|609 (609)|62.42|2.8
456|city gas distribution projects at alipurduar and cooch behar (bharat petroleum corporation limited [bpcl]) (709791) (n16000522) (-)|west bengal|12/2022 (12/2022)|03/2030 (03/2030)|1017 (1017)|227.8|43.6
457|aiims darbhanga (pmssy and institute of national importance) (701172) (-) (3216)|bihar|09/2020 (09/2020)|09/2024 (-)|1264 (1264)|0|0
458|establishment of new gmc jamui (medical education, ministry of health and family welfare) (707020) (-) (10127)|bihar|03/2019 (10/2022)|10/2025 (-)|250 (500)|102.21|50
459|establishment of new gmc korba (medical education, ministry of health and family welfare) (707044) (-) (-)|chhattisgarh|02/2023 (10/2023)|12/2026 (-)|325 (322.85)|177.49|54
460|establishment of new gmc mahasamund (medical education, ministry of health and family welfare) (707045) (-) (-)|chhattisgarh|10/2023 (10/2023)|05/2026 (-)|325 (325)|321.5|82
461|establishment of new gmc kanker (medical education, ministry of health and family welfare) (707046) (-) (-)|chhattisgarh|02/2020 (09/2024)|03/2027 (-)|325 (325)|35|59
462|setting up it infrastructure including network security and hosting at aiims, new delhi (pmssy and institute of national importance) (617882) (-) (-)|delhi|09/2025 (09/2025)|09/2026 (-)|358.19 (358.19)|0|0
463|redevelopment of residential colonies at ayur vigyan nagar and west ansari nagar campuses of aiims, new delhi (pmssy and institute of national importance) (617883) (-) (10791)|delhi|10/2016 (06/2022)|06/2027 (-)|4441 (4441)|24.68|61
464|aiims rajkot (pmssy and institute of national importance) (701170) (-) (3219)|gujarat|01/2019 (01/2019)|03/2026 (03/2026)|1195 (1195)|775.6|93.7
465|establishment of new gmc panchmahal (medical education, ministry of health and family welfare) (707049) (-) (10708)|gujarat|09/2022 (09/2022)|03/2026 (-)|325 (663.5)|455.34|87.5
466|establishment of new gmc porbandar (medical education, ministry of health and family welfare) (707050) (-) (10710)|gujarat|04/2022 (10/2022)|09/2024 (-)|325 (618.98)|934.64|78
467|aiims majra rewari haryana (pmssy and institute of national importance) (701173) (n21000032) (4799)|haryana|02/2019 (02/2019)|12/2026 (12/2026)|1299 (1646.43)|651.42|57.2
468|aiims kashmir at awantipora jammu & kashmir (pmssy and institute of national importance) (701167) (n28000150) (3209)|jammu and kashmir|01/2019 (03/2019)|12/2025 (12/2026)|1828 (2160.84)|1545.05|76
469|establishment of new gmc koderma (medical education, ministry of health and family welfare) (707021) (-) (10126)|jharkhand|09/2023 (02/2024)|08/2026 (-)|250 (504.8)|270|40
470|establishment of new gmc chaibasa [singhbhum] (medical education, ministry of health and family welfare) (707022) (-) (-)|jharkhand|06/2018 (03/2023)|09/2025 (-)|250 (454.1)|64|57
471|establishment of new gmc rajgarh (medical education, ministry of health and family welfare) (707058) (-) (-)|madhya pradesh|12/2021 (11/2022)|04/2024 (-)|325 (325)|178|84
472|establishment of new gmc mandla (medical education, ministry of health and family welfare) (707059) (-) (-)|madhya pradesh|08/2023 (10/2023)|04/2026 (-)|325 (325)|82.41|43
473|establishment of new gmc kapurthala (medical education, ministry of health and family welfare) (707069) (-) (11345)|punjab|11/2019 (07/2027)|12/2028 (-)|325 (550)|0|0
474|establishment of new gmc hoshiarpur (medical education, ministry of health and family welfare) (707070) (-) (-)|punjab|01/2020 (03/2026)|12/2028 (-)|325 (374.75)|1|1
475|establishment of new gmc gangtok (medical education, ministry of health and family welfare) (707039) (-) (11583)|sikkim|10/2018 (12/2018)|12/2026 (-)|250 (635.21)|666.21|92
476|all india institute of medical sciences-aiims madurai (pmssy and institute of national importance) (701168) (-) (4797)|tamil nadu|12/2018 (12/2018)|08/2022 (10/2026)|1264 (2021.51)|485.02|48
477|aiims bibinagar (pmssy and institute of national importance) (701171) (n21000031) (3220)|telangana|12/2018 (07/2022)|06/2026 (06/2026)|1028 (1365.95)|989.98|87.21
478|establishment of new gmc rudrapur (medical education, ministry of health and family welfare) (707086) (-) (-)|uttarakhand|10/2022 (02/2024)|12/2026 (-)|325 (325)|272|60
479|establishment of new gmc pithoragarh (medical education, ministry of health and family welfare) (707087) (-) (11579)|uttarakhand|08/2021 (04/2023)|12/2026 (-)|325 (768.89)|325.08|84
480|construction of 350 beds + 50 super specialty beds esic hospital sheelanagar, visakhapatnam, andhra pradesh (employee's state insurance company [esic]) (612167) (-) (5506)|andhra pradesh|02/2021 (04/2023)|10/2025 (03/2026)|384.27 (384.27)|253.37|88
481|construction of 200 bedded esic hospital with 62 nos staff quarters , beltola (employee's state insurance company [esic]) (612201) (-) (5630)|assam|12/2017 (10/2021)|04/2025 (06/2026)|143.23 (154.75)|130.08|98
482|350 bedded [upgradable to 500 beds] esi hospital at sanand (employee's state insurance company [esic]) (612186) (-) (5504)|gujarat|06/2022 (04/2023)|03/2026 (05/2027)|558.12 (558.12)|55.81|21
483|demolition, construction and upgradation of esi hospital, kalol, gujarat from 50 beds to 150 beds. (employee's state insurance company [esic]) (612211) (-) (5628)|gujarat|08/2022 (10/2023)|10/2025 (11/2026)|205.87 (205.87)|51.74|46
484|construction of 200 bed esi hospital at bommasandra, karnataka (employee's state insurance company [esic]) (612745) (-) (5614)|karnataka|02/2015 (10/2024)|01/2027 (05/2027)|278 (278)|68.23|23
485|construction of 100 bed esi hospital and staff quarters [32 nos.] at harohalli, karnataka (employee's state insurance company [esic]) (612748) (-) (5560)|karnataka|07/2019 (03/2025)|02/2027 (-)|150.92 (150.92)|6.76|10
486|construction of 200 bedded [upgradable to 500 bedded including 50 beds of sst] esic hospital at bibewadi, pune (employee's state insurance company [esic]) (612188) (-) (5505)|maharashtra|05/2018 (03/2023)|09/2025 (08/2026)|429.25 (429.25)|341.9|78
487|construction of 200 bedded esic hospital at butibori, nagpur, maharashtra. (employee's state insurance company [esic]) (612213) (-) (5627)|maharashtra|10/2013 (08/2022)|08/2025 (09/2026)|194.93 (196.7)|114.39|65.5
488|upgradation & extension of esic hospital and construction of pg hostel / staff housing for esic hospital at andheri, mumbai (employee's state insurance company [esic]) (616691) (-) (7339)|maharashtra|12/2008 (06/2009)|08/2025 (09/2026)|260.13 (260.13)|216.46|89
489|construction of 100 bedded esi hospital at duburi, odisha. (employee's state insurance company [esic]) (612513) (-) (5583)|odisha|12/2010 (02/2025)|06/2027 (-)|164.6 (164.6)|16.4|7.2
490|construction of 300 bedded hospital at haridwar (employee's state insurance company [esic]) (612259) (-) (5623)|uttarakhand|02/2021 (12/2021)|10/2024 (03/2026)|102.4 (297.63)|334.86|84
491|jal marg vikas project (inland waterways authority of india [iwai]) (701565) (n25000072) (2959)|multi-states (bihar, jharkhand, uttar pradesh, west bengal)|01/2018 (02/2018)|12/2023 (12/2025)|5369.18 (5061.15)|3990.06|81.2
492|development of container terminal at tuna-tekra, deendayal port on bot basis under ppp mode (deendayal port trust) (609424) (-) (7514)|gujarat|10/2022 (03/2024)|03/2027 (09/2027)|4243.64 (4243.64)|2244|60
493|replacement and revamping of pipeline projects in oil jetty area, kandla (deendayal port trust [dpt]) (701570) (-) (-)|gujarat|09/2021 (09/2021)|09/2023 (03/2025)|171 (211.61)|149.5|91
494|mechanization of berth no.14 for handling containers and other cargo on dbfot basis - phase ii (new mangalore port authority) (617804) (-) (-)|karnataka|12/2023 (06/2024)|03/2027 (-)|153.23 (153.23)|58.93|58
495|rewas port project (reliance industries ltd) (400382) (-) (551)|maharashtra|12/2019 (01/2020)|03/2023 (-)|6000 (6000)|5999.89|88
496|deepening and optimization of inner harbour facilities including development of western dock on bot basis to handle cape size vessels (paradip port trust [ppt]) (701574) (-) (2250)|odisha|05/2022 (01/2023)|12/2027 (10/2028)|3004.63 (3004.63)|2117.12|70
497|national maritime heritage complex [nmhc] phase-i (indian port rail & ropeway corporation ltd. [iprcl]) (707215) (-) (3109)|gujarat|02/2019 (01/2022)|03/2024 (03/2026)|573 (1238.05)|614.91|76.12
498|integrated multi modal logistics hub at nangal chaudhary in haryana - other trunk infrastructure development phase 1 (national highways & infrastructure development corporation ltd. [nhidcl]) (707410) (-) (4123)|haryana|05/2018 (12/2021)|12/2023 (05/2028)|763 (763)|430|60
499|orvakal industrial area (nicdc) (617727) (-) (9936)|andhra pradesh|08/2024 (10/2025)|10/2028 (-)|2786 (2786)|112|6.14
500|kopparthy industrial area (nicdc) (617729) (-) (9937)|andhra pradesh|08/2024 (10/2025)|10/2028 (-)|2136 (2136)|39.75|3
501|krishnapatnam node - phase 1 - roads and services development (national industrial corridor development corporation) (701658) (-) (4122)|andhra pradesh|12/2020 (02/2024)|02/2028 (-)|2139.44 (2139.44)|814.26|39.14
502|tumakuru node - phase 1 - roads and services development (national highways & infrastructure development corporation ltd. [nhidcl]) (701657) (-) (4121)|karnataka|12/2020 (02/2023)|09/2026 (-)|1701.81 (1701.81)|278.35|23.18
503|development of palakkad node under extension of cbic to kochi (national industrial corridor development corporation) (701668) (-) (9941)|kerala|08/2024 (10/2025)|04/2029 (-)|3805 (3805)|0|1
504|development of zaheerabad node under hyderabad nagpur industrial corridor (national industrial corridor development corporation) (601812) (-) (9939)|telangana|08/2024 (02/2026)|01/2029 (-)|2360 (2360)|0|0.3
505|imc at prayagraj (national industrial corridor development corporation) (707419) (-) (9938)|uttar pradesh|08/2024 (04/2026)|12/2028 (-)|658 (658)|0|6.5
506|capacity expansion of deposit-14 and 14 nmz at kirandul (national mineral development corporation limited [nmdc]) (615202) (-) (6244)|chhattisgarh|08/2021 (07/2022)|12/2028 (03/2028)|1700 (1756.2)|258.41|20.3
507|replacement of hot leveller no.1 of plate mill at bhilai steel plant (steel authority of india limited [sail]) (617243) (n12000137) (-)|chhattisgarh|07/2024 (08/2024)|07/2026 (-)|198.62 (198.62)|75.16|79.73
508|replacement of converter vessels, trunnion rings, support system & installation of secondary emission at bhilai steel plant (steel authority of india limited [sail]) (617255) (n12000131) (-)|chhattisgarh|10/2023 (12/2023)|06/2026 (-)|471.83 (471.83)|239.59|67.07
509|rebuilding of coke oven battery no.7 & 8 at bhilai steel plant (steel authority of india limited [sail]) (617256) (n12000133) (-)|chhattisgarh|11/2023 (01/2024)|10/2025 (03/2026)|884.1 (884.1)|601.25|89.99
510|nmdc slurry pipeline project phase-1 (national mineral development corporation limited [nmdc]) (706811) (n12000124) (870)|chhattisgarh|11/2015 (09/2020)|06/2023 (05/2026)|2907 (5427)|3607.64|94.1
511|screening plant-iii at kirandul (national mineral development corporation limited [nmdc]) (709826) (n12000127) (-)|chhattisgarh|01/2009 (10/2021)|01/2026 (07/2027)|2718.84 (2718.84)|1524.61|82.17
512|new sinter plant at bsl, sail (steel authority of india limited [sail]) (400174) (n12000095) (3020)|jharkhand|03/2015 (10/2015)|10/2017 (06/2027)|1034.01 (1752.3)|980.24|59.78
513|replacement of existing grinders in crm-i & ii at bokaro steel plant (steel authority of india limited [sail]) (617249) (n12000142) (-)|jharkhand|01/2025 (02/2025)|01/2027 (-)|211.94 (211.94)|58.64|47.5
514|secondary emission control in converters of sms-ii at bokaro steel plant (steel authority of india limited [sail]) (617250) (n12000143) (-)|jharkhand|01/2025 (02/2025)|10/2026 (-)|207.13 (207.13)|57.34|39.92
515|revamping of old sub-systems of blast furnace 3 at bokaro steel plant (steel authority of india limited [sail]) (617253) (n12000129) (9899)|jharkhand|08/2023 (10/2023)|07/2025 (05/2026)|513.82 (513.82)|408.4|97.3
516|replacement of remaining 04 sets of battery cyclones with 04 nos. of esps in sinter plant-1 at bokaro steel plant (steel authority of india limited [sail]) (617254) (n12000134) (-)|jharkhand|03/2024 (04/2024)|06/2026 (04/2027)|260.37 (260.37)|102.86|44.17
517|rebuilding of coke oven battery no.6 at bokaro steel plant (steel authority of india limited [sail]) (617257) (n12000135) (-)|jharkhand|11/2023 (12/2023)|11/2026 (-)|627.31 (627.31)|330.82|61.84
518|construction of screening plant-ii for donimalai and kumaraswamy iron ore mining complex of nmdc limited at ballari dt, karnataka. (national mineral development corporation limited [nmdc]) (400121) (n12000136) (3282)|karnataka|11/2014 (06/2024)|08/2026 (-)|1043.63 (1043.63)|609.8|63.1
519|rebuilding of cob 4 at durgapur steel plant (steel authority of india limited [sail]) (612781) (n12000132) (5635)|west bengal|09/2023 (09/2023)|12/2026 (09/2027)|916.78 (916.78)|206.54|33.66
520|installation of new bar mill at durgapur steel plant (steel authority of india limited [sail]) (617242) (n12000138) (9902)|west bengal|07/2024 (08/2024)|06/2027 (-)|2115.44 (2115.44)|564.14|57.55
521|up-gradation of blast furnace no. 3 at durgapur steel plant (steel authority of india limited [sail]) (617246) (n12000139) (9900)|west bengal|09/2024 (10/2024)|06/2026 (10/2027)|758.09 (758.09)|219.33|38.12
522|third ladle furnace in secondary refinery unit at iisco steel plant (steel authority of india limited [sail]) (617248) (n12000141) (-)|west bengal|11/2024 (12/2024)|07/2026 (-)|227.96 (227.96)|75.66|66.37
523|revamping of air pollution control systems of sp-1 at durgapur steel plant (steel authority of india limited [sail]) (617251) (n12000140) (-)|west bengal|07/2024 (12/2024)|05/2026 (-)|196.4 (196.4)|35.36|24.8
524|stamp charge battery no.12 battery proper at iisco steel plant (steel authority of india limited [sail]) (617338) (-) (9892)|west bengal|01/2025 (02/2025)|07/2028 (-)|2518.39 (2518.39)|375.65|22.5
525|nadikudi - srikalahasti new line (south central railway [scr] - ii) (400298) (n22000286) (1204)|andhra pradesh|03/2012 (12/2016)|05/2027 (03/2028)|2312 (5932)|3069.35|55.01
526|gooty-pendekallu doubling 29.225 km (south central railway [scr] - ii) (611752) (n22000585) (-)|andhra pradesh|03/2023 (06/2023)|03/2027 (03/2027)|351.83 (351.83)|330.25|3.03
527|guntakal west-mallappa gate rail over rail - ror track (south central railway [scr] - ii) (611754) (-) (-)|andhra pradesh|07/2023 (07/2023)|07/2026 (-)|293.3 (293.3)|267.51|0.23
528|kurnool - setting up facilities for coach midlife rehabilitation workshop (wpo/patna) (611927) (-) (5430)|andhra pradesh|01/2014 (10/2017)|12/2023 (-)|560.72 (560.72)|276.66|65
529|flyover between pendurthi and simhachalam north to avoid surface crossing at simhachalam 7.135 km pb 73 of 2023 24 nr (east coast railway [ecor] - ii) (612827) (-) (-)|andhra pradesh|04/2023 (05/2024)|04/2027 (-)|183.65 (183.65)|14.79|15
530|3rd & 4th line between vadlapudi -gate jn. cabin and tie line between gate junction to gangavaram port (east coast railway [ecor] - ii) (616697) (-) (-)|andhra pradesh|04/2023 (03/2024)|06/2026 (-)|154.28 (154.28)|58.16|75
531|tiupati katpadi 104.39 kms (south central railway [scr] - ii) (617210) (-) (7532)|andhra pradesh|04/2025 (04/2025)|03/2029 (-)|1215.56 (1215.56)|0.16|0.05
532|3rd line between gudur renigunta 83.17 km (south central railway [scr] - ii) (617216) (-) (7545)|andhra pradesh|10/2024 (10/2024)|03/2027 (-)|877.34 (877.34)|205.35|0.16
533|kurnool coach midlife rehabilitation project (south central railway [scr] - ii) (705253) (-) (-)|andhra pradesh|05/2016 (07/2014)|12/2020 (12/2026)|563 (560.72)|949.34|75
534|kotapalli - narasapur new line (south central railway [scr] - ii) (705436) (220100265) (1800)|andhra pradesh|03/2009 (09/2013)|03/2028 (03/2028)|2501 (2501)|1417.65|30.01
535|guntur-guntakal doubling project (south central railway [scr] - ii) (705633) (n22000368) (1799)|andhra pradesh|03/2017 (11/2017)|12/2025 (12/2026)|3733 (4295)|5523.6|94.01
536|vijaywada-gudur 3rd line (rvnl - ii) (705648) (n22000369) (1873)|andhra pradesh|08/2016 (04/2018)|11/2024 (03/2026)|6654 (6654)|6170.32|96
537|furkating-new tinsukia[194 km] (northeast frontier railway [nfr]) (618986) (-) (10768)|assam|09/2025 (09/2025)|06/2029 (-)|3633.58 (3633.58)|0|0
538|doubling of new bonggigaon to kamakhya via goalpara - 176 km (northeast frontier railway [nfr]) (705572) (n22000388) (1796)|assam|09/2016 (09/2016)|03/2026 (03/2026)|4060 (4961)|3797.35|95.13
539|guwahati-dibrugarh via tinsukia & simaluguri-dibrugarh (central organisation for railway electrification [core]) (706922) (-) (3221)|assam|09/2020 (09/2018)|09/2020 (06/2024)|890.36 (889.36)|391.73|89
540|mariani-jorhat, tinsukia-dangri and makum -tiraptrack electrification project (gm/c/ nfr) (706940) (-) (-)|assam|09/2018 (01/2022)|05/2024 (-)|183.99 (183.99)|0|0
541|harmuty-murkongselek branch line electrification project (gm/c/ nfr) (706942) (-) (-)|assam|09/2018 (01/2022)|05/2024 (-)|237.52 (237.52)|0|0
542|sakri -hasanpur [via harnagar - kusheshwar asthan] new railway line (east central railway [ecr] - i) (400254) (-) (1731)|bihar|12/2023 (08/1997)|12/2024 (03/2027)|735.2 (735.2)|589.37|84.2
543|construction of bulb line at nabinagar ankorah of east central railway (east central railway [ecr] - i) (617231) (-) (9908)|bihar|06/2024 (06/2024)|06/2028 (-)|611.74 (611.74)|0|0
544|doubling of narkatiaganj raxaul sitamarhi darbhanga & sitamarhi muzaffarpur 256 km (east central railway [ecr] - i) (617239) (-) (9904)|bihar|11/2024 (11/2025)|11/2029 (-)|4079.95 (4079.95)|2.67|0
545|khagaria-kusheshwar asthan [42km] new line project (east central railway [ecr] - i) (705364) (220100257) (1883)|bihar|04/2019 (12/1998)|12/2024 (03/2027)|614 (1384.16)|491.2|55.7
546|hajipur-sagauli new line (east central railway [ecr] - i) (705366) (220100303) (1729)|bihar|10/2007 (10/2004)|03/2020 (06/2027)|2067 (2087)|2084.14|75.3
547|araria supaul new bg line (east central railway [ecr] - i) (705368) (n22000177) (2265)|bihar|06/2018 (03/2009)|03/2024 (01/2027)|1605 (2514)|1711.89|46.7
548|fatuha-islampur incl. mm for extn.of nl from neora to daniawan , daniawan to biharsharif, biharsharif to barbigha , barbigha to shekhpura (east central railway [ecr] - i) (705373) (n22000476) (2260)|bihar|08/2002 (03/2002)|03/2023 (08/2025)|1473 (2882)|2641.14|98
549|jogbani-biratnagar new rail line project (indian railway construction international limited [ircon]) (705450) (n22000207) (1904)|bihar|06/2010 (01/2011)|03/2022 (12/2026)|402 (486)|369.28|86.26
550|samastipur-darbhanga doubling railway project (east central railway [ecr] - i) (705526) (n22000329) (2308)|bihar|11/2015 (12/2015)|03/2025 (10/2025)|519 (519)|401.84|97
551|sagauli-valmiknagar (east central railway [ecr] - i) (705527) (n22000472) (2309)|bihar|03/2018 (03/2017)|12/2025 (12/2025)|1216 (2222)|2097.52|92.8
552|muzaffarpur-sugauli (east central railway [ecr] - i) (705528) (n22000473) (2310)|bihar|03/2018 (03/2017)|06/2024 (06/2026)|1586 (1586)|1494.93|99
553|rampur dumra-tal-rajendrapul additional bridge and railway line doubling (indian railway construction international limited [ircon]) (706759) (n22000350) (1753)|bihar|03/2016 (05/2017)|12/2024 (12/2025)|2373.64 (1700.24)|1610.45|98.5
554|barauni-bachwara [16 km] - 3rd & 4th line incl. barauni yard remodelling [32 km] (east central railway [ecr] - i) (706860) (n22000524) (9923)|bihar|10/2022 (08/2025)|08/2025 (10/2026)|645 (645)|47.53|56.7
555|jhajha - batia (east central railway [ecr] - i) (900874) (-) (9901)|bihar|03/2023 (03/2023)|03/2028 (01/2030)|588.18 (588.18)|2.38|0.1
556|kharsia-dharamjaygarh with spur line [east corridor-phase 1] (indian railway construction international limited [ircon]) (400220) (n22000489) (2094)|chhattisgarh|03/2016 (01/2014)|09/2018 (12/2026)|3055 (3798.06)|2695.19|95.1
557|doubling of kirandul-jagdalpur line [150 km] (east coast railway [ecor] - ii) (400291) (n22000318) (1456)|chhattisgarh|02/2013 (03/2013)|03/2020 (04/2027)|1589 (1798)|1656.54|97.6
558|gauge conversion of kendri-dhamtari including abhanpur - rajim branch line 67.20 kms - 2nd material modification to raipur titlagarh doubling. (secr) (602792) (n22000572) (9922)|chhattisgarh|07/2011 (05/2021)|02/2025 (06/2026)|1171 (1171)|404.58|100
559|4th line between nipania bhatapara 14.4 km (south east central railway [secr] - ii) (612815) (n22000573) (-)|chhattisgarh|12/2022 (05/2024)|03/2027 (-)|170.49 (170.49)|9.56|15
560|kharsia- naya raipur-parmalkasa 5th and 6th line [278km] (cao/c/secr) (617200) (-) (7527)|chhattisgarh|04/2025 (04/2025)|03/2031 (-)|7853.84 (7853.84)|0.64|0
561|dallirajhara - rowghat new rail line project, phase-i (rail vikas nigam limited) (617374) (n22000602) (-)|chhattisgarh|07/2009 (11/2009)|03/2025 (02/2026)|1516.45 (1881.26)|2124.32|98
562|dallirajhra- rowghat new railway line - phase i [95 km] (rail vikas nigam limited) (705433) (-) (386)|chhattisgarh|07/2009 (12/2009)|09/2025 (12/2025)|1628 (1628)|1440.85|82
563|gevra road-pendra road new railway line [135 km] (indian railway construction international limited [ircon]) (705444) (-) (2095)|chhattisgarh|04/2014 (04/2014)|03/2022 (12/2026)|4970 (7448.52)|5152.72|82
564|boridand - ambikapur doubling line project (south east central railway [secr] - ii) (706854) (n22000580) (-)|chhattisgarh|06/2022 (04/2022)|06/2030 (06/2030)|1376 (1576.72)|258.97|27
565|4th line - bhatapara-hathband [8.8 km] [pb-72/nr/2022-23] (secr) (709815) (n22000574) (-)|chhattisgarh|09/2022 (05/2024)|01/2027 (12/2027)|177.03 (177.03)|4.8|16
566|4th line - bhilai-bhilai nagar [8.8 km] [pb-72/nr/2022-23] (secr) (709816) (n22000575) (-)|chhattisgarh|09/2022 (05/2024)|02/2027 (02/2027)|177.34 (177.34)|1.91|7
567|4th line - dadhapara-belha [9.2 km] [pb-72/nr/2022-23] (secr) (709817) (n22000576) (-)|chhattisgarh|09/2022 (05/2024)|11/2026 (11/2026)|169.06 (169.06)|22.52|65
568|4th line rajnandgaon-dongarhgarh [31.2 km] [pb-72/nr/2022-23] (secr) (709818) (n22000577) (-)|chhattisgarh|09/2022 (05/2024)|01/2027 (01/2027)|328.34 (328.34)|78.66|33
569|3rd and 4th line - saragbundia and madwarani (secr) (709819) (n22000579) (-)|chhattisgarh|09/2022 (05/2025)|12/2026 (12/2026)|167.64 (167.64)|20.13|8
570|redevelopment of new delhi railway station and construction of associated infrastructure (rail land development authority) (613785) (-) (6133)|delhi|01/2023 (06/2024)|12/2028 (-)|4744 (4744)|257.53|3
571|development of new bijwasan railway terminal (northern railways) (617379) (-) (-)|delhi|02/2008 (03/2013)|03/2020 (12/2026)|446.21 (446.21)|553.14|80
572|anand vihar-tilak bridge 3rd & 4th line (cao/c/nr) (705583) (n22000281) (2336)|delhi|03/2013 (03/2013)|03/2023 (12/2027)|667 (667)|312.74|23
573|chandargaon - cansaulium rail flyover project [16 km] (south western railway [swr] - ii) (706865) (-) (6111)|goa|na (04/2026)|03/2031 (-)|1892 (1892)|0|0
574|kosamba umarpada 70 km (pce/wr) (611918) (-) (-)|gujarat|07/2023 (07/2022)|03/2027 (-)|468 (468)|44.62|9
575|new broad gauge line between naliya to jakhau port (western railway [wr] - ii) (611943) (n22000550) (-)|gujarat|02/2023 (02/2023)|01/2028 (02/2028)|410.26 (410.26)|11.23|5
576|petlad bhadran 23 kms (western railway) (611945) (n22000538) (-)|gujarat|05/2022 (05/2022)|05/2030 (05/2030)|307.11 (307.11)|18.9|17
577|samlaya timba road 54 km (pce/wr) (611970) (n22000540) (5448)|gujarat|02/2023 (02/2023)|03/2030 (03/2030)|670.17 (670.17)|45.86|12
578|samni jambusar 24 km (pce/wr) (611971) (n22000541) (-)|gujarat|05/2022 (05/2022)|03/2030 (03/2030)|350 (349.93)|71.06|31
579|western railway samakhiali gandhidham quadrupiling 53 kms (western railway [wr] - ii) (611974) (-) (5449)|gujarat|08/2023 (08/2023)|12/2026 (12/2027)|1430 (1430)|519.4|35
580|dahod creation of infrastructure facilities for 9000 hp electric locomotives manufacturing at (pce/wr) (611977) (-) (-)|gujarat|05/2022 (02/2023)|02/2025 (-)|487 (487)|222.88|53
581|dahod rolling stock workshop provision of infrastructure for cbs at (pce/wr) (611978) (-) (-)|gujarat|11/2022 (03/2023)|03/2025 (-)|158 (158)|51.87|10
582|sabarmati setting up of maintenance facilities for train sets phase ii (western railway [wr] - ii) (611979) (-) (-)|gujarat|01/2023 (04/2023)|06/2025 (05/2026)|250 (250)|181.53|88
583|4th line between barejadi nandej-sanand-ahmedabad bypass (western railway wr - ii) (612072) (n22000532) (5465)|gujarat|02/2023 (02/2023)|03/2027 (07/2028)|961.67 (961.67)|507.6|21
584|redevelopment of ahmedabad railway station and associated infrastructure on engineering, procurement and construction mode (rail land development authority) (613786) (-) (6134)|gujarat|01/2023 (11/2023)|03/2028 (-)|2379 (2379)|977.35|31.4
585|kosamba umarpada gc project (ministry of railways-) (616983) (-) (-)|gujarat|07/2023 (07/2023)|06/2027 (-)|467.58 (467.58)|70.54|16
586|desalpar-hajipir-luna and vayor-lakhpat new line (western railway [wr] - ii) (617880) (-) (10790)|gujarat|09/2025 (09/2025)|09/2028 (-)|2526.47 (2526.47)|0|0
587|devbhumi dwarka [okha] - kanalus doubling (western railway [wr] - ii) (618972) (-) (10792)|gujarat|12/2025 (12/2025)|12/2028 (-)|1456.77 (1456.77)|0|0
588|miyagam-karjan-dabhoi-samlaya [gc] (western railway [wr] - ii) (705458) (n22000142) (1781)|gujarat|01/2017 (01/2017)|03/2021 (12/2026)|483.88 (1039.13)|716.47|45
589|modasa-shamlaji road railway line project (western railway wr - ii) (706757) (n22000622) (-)|gujarat|09/2012 (04/2008)|03/2025 (03/2026)|262 (262)|383.67|64
590|rajkot - kanalus doubling project [111.2 kms] (western railway wr - ii) (706763) (n22000535) (3803)|gujarat|10/2021 (12/2021)|10/2026 (06/2026)|1080.58 (1080.58)|952.06|81
591|nadiad-petlad [37.26 km] (railway) (709812) (n22000539) (-)|gujarat|05/2022 (10/2023)|06/2030 (06/2030)|461.91 (461.91)|186.78|8
592|new bg line intersection [5 nos] between geratpur-sanand & botad-ahmedabad [16.51 km] (western railway [wr] - ii) (709813) (n22000551) (-)|gujarat|10/2022 (07/2025)|06/2028 (10/2027)|437.21 (437.21)|117.87|21
593|bhiwani - dobh bahali doubling project [42.30 km] (north western railway [nwr]) (611884) (n22000604) (-)|haryana|02/2023 (02/2023)|02/2028 (02/2028)|471 (471)|263.12|72
594|doubling between pradhankunta-patherih-bhojudih of east central railway (east central railway [ecr] - i) (617372) (-) (-)|jharkhand|11/2022 (11/2022)|12/2025 (03/2026)|349.22 (349.22)|125.71|71.5
595|koderma-arigada doubling 133.38 km of east central railway (east central railway [ecr] - i) (617832) (-) (10780)|jharkhand|06/2025 (06/2025)|12/2029 (-)|2887.11 (2887.11)|0|0
596|parasnath-madhuban-giridih new line (east central railway [ecr] - i) (705747) (-) (2266)|jharkhand|03/2019 (03/2019)|03/2024 (03/2026)|902.86 (902.86)|0|0.1
597|gomoh - flyover for dn trains (east central railway [ecr] - i) (705765) (n22000611) (2019)|jharkhand|01/2018 (01/2018)|03/2026 (03/2026)|686 (686)|631.52|66.5
598|lodhma - piska - link line bypassing hatia/ranchi with y connection (south eastern railway [ser] - i) (705785) (n22000508) (2397)|jharkhand|08/2021 (03/2019)|06/2026 (05/2027)|473 (473)|306.22|10
599|pradhan kuntha jn line doubling project (east central railway [ecr] - i) (706837) (n22000529) (-)|jharkhand|11/2022 (11/2022)|11/2027 (11/2027)|349.22 (349.22)|125.71|71.5
600|construction of new bg line between hassan to belur [27 km] (south western railway [swr] - ii) (400023) (n22000558) (4449)|karnataka|03/2019 (12/2025)|04/2028 (04/2027)|749 (749)|0.94|0.3
601|yeshvanthpur - channasandra doubling project [21.70 km] (karnataka rail infrastructure development company limited [k-ride]) (703585) (n22000543) (-)|karnataka|04/2019 (10/2019)|03/2024 (03/2026)|314.1 (683.57)|171|56.5
602|new railway line between ginigera and raichur [165.57 km] (south western railway [swr] - ii) (705434) (-) (885)|karnataka|03/2008 (05/2009)|03/2019 (03/2027)|2565 (3034.98)|2293.26|70
603|bangalore-satyamanglam new line project [260 km] - part hejjala - chamarajanagar [142 km] (south western railway [swr] - ii) (705464) (-) (6110)|karnataka|02/1999 (07/2026)|12/2031 (-)|1382.78 (1382.78)|0|0
604|gadag-wadi new railway line [257 km] (south western railway [swr] - ii) (705490) (n22000299) (1541)|karnataka|04/2013 (08/2017)|03/2027 (12/2027)|2842 (6700)|1539.51|34.5
605|kadur - chickamagalur - sakleshpur [93km] (south western railway [swr] - ii) (705492) (n22000486) (2227)|karnataka|01/2014 (11/2016)|06/2025 (12/2025)|825 (825)|774.11|84.2
606|hubli-ankola new line project [164.44 km] (south western railway [swr] - ii) (705493) (-) (652)|karnataka|01/1999 (01/2000)|03/2005 (03/2030)|5174 (5174)|178.42|4.7
607|bagalkot-kudachi new railway line [142 km] (south western railway [swr] - ii) (705495) (n22000258) (1778)|karnataka|10/2013 (11/2012)|03/2027 (01/2027)|1378 (1649)|797.87|36
608|tumkur-chitradurga-davangere new rail line project [191 km] (south western railway [swr] - ii) (705496) (n22000256) (1531)|karnataka|10/2013 (01/2017)|03/2019 (12/2027)|1876 (1876)|563.37|15.5
609|bangalore-whitefield-bangalore city-krishnarajapuram [23.08 km] - quadrupling (south western railway [swr] - ii) (705663) (n22000621) (3892)|karnataka|02/2018 (06/2022)|02/2026 (02/2026)|493 (493)|318.39|85.5
610|shimoga - shikaripura - ranebennur [96 km] (south western railway [swr] - ii) (705761) (n22000559) (3292)|karnataka|09/2019 (02/2023)|12/2027 (06/2028)|1454 (1454)|97.75|13.5
611|construction of new bg line between hassan [alur] to belur [ km 27.34] (south western railway [swr] - ii) (705762) (-) (6107)|karnataka|06/2019 (09/2022)|04/2027 (12/2027)|748.86 (748.86)|1.15|0.3
612|bangalore suburban railway project (karnataka rail infrastructure development company limited [k-ride]) (705941) (-) (5237)|karnataka|10/2020 (10/2020)|12/2026 (03/2030)|15767 (15767)|3224.09|19.95
613|belgaum-dharwad via kittur [73.10km] (south western railway [swr] - ii) (706835) (n22000557) (3384)|karnataka|09/2020 (03/2025)|12/2027 (03/2029)|1591 (1591)|0.38|0
614|kumbalam-turavur doubling project [15.59 km] (ministry of railways) (705638) (n22000620) (1717)|kerala|04/2023 (04/2023)|03/2027 (03/2027)|813 (802.8)|126.48|30.5
615|ernakulam-kumbalam doubling project [7.71 km] (sr-ers) (705639) (n22000619) (1716)|kerala|04/2023 (04/2023)|03/2028 (02/2027)|601 (595.39)|308.42|25
616|lalitpur-satna, rewa-singrauli & mahoba-khajuraho (north central railway) (705480) (220100232) (1208)|madhya pradesh|01/2007 (03/1998)|03/2027 (12/2027)|8914 (8914)|6806.95|74
617|satna-rewa railway line doubling project (west central railway [wcr] - ii) (705659) (n22000554) (7289)|madhya pradesh|11/2015 (08/2017)|03/2026 (03/2026)|500 (584)|566.56|86
618|doubling of katni - singrauli railway line [261 km] (indian railway construction international limited [ircon]) (705660) (n22000351) (1969)|madhya pradesh|03/2016 (03/2017)|12/2025 (12/2025)|2445 (4377)|3306.78|81.1
619|katni grade separator/bye pass (indian railway construction international limited [ircon]) (705661) (n22000416) (1811)|madhya pradesh|03/2016 (09/2017)|09/2024 (09/2026)|1248 (1248)|1817.51|95
620|indore - budni new railway line [198 kms] (rvnl - ii) (705763) (n22000601) (1941)|madhya pradesh|08/2019 (10/2020)|09/2030 (09/2030)|7474 (7474)|2529.21|36
621|nimach-ratlam doubling [133 km] (western railway [wr] - ii) (705933) (n22000536) (3802)|madhya pradesh|10/2021 (10/2021)|10/2027 (10/2027)|1095.88 (1095.88)|1284.91|94
622|dhule [borvihir] - nardana new line [50.60 kms] (central railway) (400019) (n22000514) (4514)|maharashtra|01/2019 (04/2023)|12/2026 (09/2027)|492.76 (1170.83)|519.29|25
623|wardha-nanded via yavatmal new bg line (central railway [cr] - ii) (400271) (n22000231) (1557)|maharashtra|12/2017 (04/2008)|03/2025 (12/2026)|3445 (3445)|3002.93|50
624|aurangabad-ankai - doubling project 98.25 km (south central railway [scr] - ii) (611751) (-) (5341)|maharashtra|05/2023 (05/2023)|03/2027 (-)|960.64 (960.64)|1304.54|2.02
625|gauge conversion of pachora-jamner with extension upto malkapur [bodwad] [84.34 kms] (central railway [cr] - ii) (612845) (-) (7616)|maharashtra|08/2022 (01/2026)|07/2028 (-)|955.39 (955.39)|13.97|10
626|redevelopment of chhatrapati shivaji maharaj terminus [csmt] and construction of associated infrastructure (rail land development authority) (613015) (-) (6128)|maharashtra|04/2023 (07/2023)|03/2027 (-)|1813 (1813)|833.84|23
627|gondia-balharshah [chanda fort] doubling [240 km] (south east central railway) (617201) (-) (7529)|maharashtra|04/2025 (04/2025)|03/2031 (-)|4373.04 (4373.04)|1|1
628|doubling between parbhani parli vaijanath stations 64.71 km (south central railway [scr] - ii) (617215) (-) (7585)|maharashtra|12/2023 (12/2023)|03/2028 (-)|769.93 (769.93)|197.06|0.19
629|babupeth - sasti new rail line [13.114 kms] (centralrailway) (617361) (-) (-)|maharashtra|10/2024 (10/2024)|03/2028 (-)|362.81 (362.81)|0.48|0
630|double chord line between nilaje-kopar (centralrailway) (617364) (-) (-)|maharashtra|01/2025 (01/2025)|07/2028 (-)|338.33 (205)|24.04|24
631|ahmednagar - beed - parli - vaijnath new broad gauge line railway project [261.3 km] (central railway [cr] - ii) (705356) (220100181) (1478)|maharashtra|01/1999 (10/2002)|03/2026 (03/2026)|2538.67 (4957.27)|5180.78|98
632|baramati lonand new line project (central railway) (705357) (n22000615) (2255)|maharashtra|03/2016 (03/1999)|03/2027 (03/2027)|138.48 (1843.9)|1007.49|60
633|wadsa-gadchiroli (south east central railway) (705479) (n22000480) (2276)|maharashtra|05/2017 (03/2012)|03/2027 (03/2027)|1886 (1886)|809.55|66
634|wardha - yavatmal nanded railway line project (central railways) (705497) (-) (6638)|maharashtra|02/2008 (04/2013)|12/2026 (-)|3445.34 (4030.69)|3608.59|47
635|3rd line kalyan - kasara [67.35 kilometres] (central railway) (705498) (n22000233) (1782)|maharashtra|09/2015 (09/2015)|12/2026 (12/2026)|792.89 (1395.79)|1077.37|73
636|3rd line wardha - sewagram - nagpur (central railway [cr] - ii) (705500) (n22000250) (1784)|maharashtra|09/2015 (05/2016)|12/2025 (10/2026)|540.02 (916.53)|835.39|88
637|3rd line wardha - ballarshah [132 kilometres] (central railway [cr] - ii) (705502) (n22000356) (1775)|maharashtra|03/2016 (12/2016)|12/2025 (02/2026)|1384.72 (2033.59)|1813.52|98
638|doubling of daund manmad line [247.6 km] (central railway) (705504) (n22000360) (2304)|maharashtra|10/2017 (03/2017)|12/2025 (03/2026)|2081.27 (3267.06)|3077.28|92
639|4th line wardha - nagpur [78.7 kilometres] (central railway [cr] - ii) (705505) (n22000362) (1789)|maharashtra|04/2017 (05/2018)|12/2025 (10/2026)|637.95 (1214.69)|1047.02|88
640|3rd line manmad - jalgaon [160 kilometres] (central railway [cr] - ii) (705506) (n22000361) (1776)|maharashtra|05/2017 (04/2018)|12/2024 (08/2025)|1035.16 (1870)|1865.44|100
641|solapur-tuljapur-osmanabad (central railway) (705735) (n22000513) (2256)|maharashtra|08/2018 (12/2023)|03/2027 (03/2028)|904.92 (3295.74)|1216.56|12
642|nagpur- nagbhir railway line gauge conversion project (mridc) (705799) (n22000629) (-)|maharashtra|10/2019 (04/2020)|12/2025 (12/2025)|1400 (1400)|1472|80
643|mumbai urban transport project [mutp] - phase ii (mumbai rail vikas corporation ltd.[mrvc]) (706779) (n22000092) (1681)|maharashtra|05/2008 (04/2008)|03/2014 (12/2027)|8087 (8087)|7504.75|90
644|mumbai urban transport project [mutp] phase-iiia (mumbai rail vikas corporation ltd.[mrvc]) (706780) (n22000627) (3407)|maharashtra|04/2019 (04/2019)|12/2027 (12/2027)|33690 (33690)|3577.36|22
645|mumbai urban transport project phase-iii (mumbai rail vikas corporation ltd.[mrvc]) (706781) (-) (3406)|maharashtra|11/2016 (12/2016)|03/2022 (12/2026)|10947 (10947)|6609.95|75
646|jiribam-imphal new line project (northeast frontier railway [nfr]) (705391) (220100288) (653)|manipur|03/2013 (12/2007)|12/2026 (06/2029)|14323 (21885.9)|16020.78|72.1
647|byrnihat-shillong new rail line- 108 km (northeast frontier railway [nfr]) (705396) (-) (651)|meghalaya|04/2011 (03/2010)|03/2021 (03/2027)|8324.28 (8342.28)|266.12|2.04
648|marikuppam - kuppam new line project [23.70 km] (south western railway [swr] - ii) (705491) (n22000308) (-)|multi-states (andhra pradesh, karnataka)|04/2012 (10/2018)|06/2026 (06/2026)|297 (297)|145.78|21
649|rayadurg-tumkur via kalyandurg new line [207 km] (south western railway [swr] - ii) (705494) (n22000279) (1555)|multi-states (andhra pradesh, karnataka)|03/2008 (07/2010)|09/2015 (02/2028)|2496 (2496)|1898.7|72
650|renigunta, wadi & gooty bypass railway project (south central railway [scr] - ii) (705610) (n22000587) (9928)|multi-states (andhra pradesh, karnataka)|04/2016 (04/2016)|12/2025 (03/2026)|302 (543)|635.72|89.03
651|doubling between mudkhed medchal & mahbubnagar dhone section 417.88 km (south central railway [scr] - ii) (617212) (-) (7543)|multi-states (andhra pradesh, maharashtra, telangana)|08/2023 (08/2023)|03/2029 (-)|4686.09 (4686.09)|1938.02|2.08
652|vizianagaram - titlagarh 3rd line [272 km including by - pass line of 7.68 km] (rvnl - ii) (400253) (n22000409) (1747)|multi-states (andhra pradesh, odisha)|06/2016 (11/2016)|12/2025 (12/2026)|4803 (6669.91)|6211.43|97
653|doubling of kottavalasa-koraput rail line [189 km] (east coast railway [ecor] - ii) (705512) (n22000377) (1763)|multi-states (andhra pradesh, odisha)|12/2015 (01/2016)|03/2022 (03/2028)|2500 (2500)|2163.97|73
654|tindivanam-nagari new line project [184.5 km] (ministry of railways) (400275) (n22000085) (1549)|multi-states (andhra pradesh, tamil nadu)|07/2008 (10/2008)|09/2025 (03/2028)|3631 (3631)|1259.7|16.5
655|doubling between motumari vishnupuram - 88.81 km and rail over rail - ror at motumari - 10.877 km (south central railway [scr] - ii) (616857) (-) (7099)|multi-states (andhra pradesh, telangana)|02/2024 (03/2025)|03/2029 (-)|1595.55 (1595.55)|212.11|2.04
656|doubling of guntur bibinagar 239 km (south central railway [scr] - ii) (617211) (-) (7584)|multi-states (andhra pradesh, telangana)|08/2023 (08/2023)|03/2029 (-)|2853.23 (2853.23)|348.95|2.5
657|rail connectivity to errupalem amravati namburu 57 km (south central railway [scr] - ii) (617214) (-) (7544)|multi-states (andhra pradesh, telangana)|11/2024 (11/2024)|03/2027 (-)|2047.4 (2047.4)|208.59|0.16
658|kazipet-vijayawada 3rd line with electrification [220 km] (south central railway [scr] - ii) (705612) (n22000261) (2087)|multi-states (andhra pradesh, telangana)|03/2013 (08/2014)|02/2025 (12/2025)|1953 (3363)|5178.65|95.01
659|vijayawada - kazipet byepass line (south central railway [scr] - ii) (705632) (n22000586) (2000)|multi-states (andhra pradesh, telangana)|04/2016 (04/2016)|01/2025 (12/2025)|647 (904)|1242.64|95.01
660|murkongselek-pasighat (northeast frontier railway [nfr] - ii) (705401) (n22000208) (2273)|multi-states (arunachal pradesh, assam)|02/2011 (03/2023)|03/2025 (12/2026)|435 (1250)|853|68
661|tetlia-byrnihat new railway line (northeast frontier railway [nfr]) (705394) (-) (1521)|multi-states (assam, meghalaya)|08/2010 (03/2007)|11/2011 (06/2027)|1304.62 (1304.62)|1254.47|86.16
662|lumding furkating doubling project 140 km (northeast frontier railway [nfr]) (616701) (-) (7078)|multi-states (assam, nagaland)|02/2024 (01/2025)|02/2028 (-)|2123.7 (2123.7)|121.34|10
663|dimapur [dhansiri]-sukhobi kohima [zubza] nl [82.5 km] (northeast frontier railway [nfr] - ii) (705392) (n22000124) (1680)|multi-states (assam, nagaland)|08/2015 (02/2016)|03/2025 (12/2029)|6663 (6663)|6282.3|43
664|new delhi- howrah speed booster[160kmph] project (pce/ncr) (705794) (-) (-)|multi-states (bihar, delhi, jharkhand, uttar pradesh, west bengal)|09/2019 (09/2019)|03/2024 (-)|6684.81 (6684.81)|127.03|0
665|multi tracking of son nagar-andal 374.53 rkm & 814.38 tkm (east central railway [ecr] - i) (616699) (-) (7077)|multi-states (bihar, jharkhand)|08/2023 (08/2023)|03/2028 (-)|12333.57 (12333.6)|816.82|17.5
666|koderma-tilaiya new line (east central railway [ecr] - i) (705375) (220100305) (2261)|multi-states (bihar, jharkhand)|11/2004 (03/2002)|02/2025 (02/2026)|1626 (2486.62)|2215.44|95.5
667|pirpainti - jasidih [100.52 km] new bg line (eastern railway [er] - i) (705385) (n22000219) (1728)|multi-states (bihar, jharkhand)|03/2014 (03/2022)|03/2028 (03/2028)|2555 (2555)|1113.67|61.8
668|ner provision of automatic block signalling on gorakhpur cantt[excl] chhapra gramin & burhwal jn [excl] sitapur jn section of high density routes (north eastern railway [ner]) (611669) (-) (-)|multi-states (bihar, uttar pradesh)|05/2022 (06/2023)|03/2027 (03/2028)|380.47 (380.47)|256.53|20
669|gorakhpur-valmikinagar doubling project (ner) (617224) (-) (7567)|multi-states (bihar, uttar pradesh)|08/2023 (03/2024)|12/2027 (-)|1120 (1120)|401.82|26.4
670|chhapra-ballia patch doubling (north eastern railway [ner]) (705562) (n22000134) (2325)|multi-states (bihar, uttar pradesh)|03/2013 (12/2015)|02/2025 (05/2026)|963 (1046)|917.1|95.9
671|katihar kumedpur & katihar mukuria bg doubling project (northeast frontier railway [nfr]) (617245) (-) (7607)|multi-states (bihar, west bengal)|08/2022 (08/2022)|08/2026 (02/2027)|942.64 (942.64)|611.19|65
672|gondia - dongargarh 4th line [84 km] (south eastern central railway) (618978) (-) (10723)|multi-states (chhattisgarh, maharashtra)|10/2025 (10/2025)|10/2030 (-)|2222.53 (2222.53)|0|0
673|rajnandgaon - nagpur [kalumna] third railway line [228.30 km] (south east central railway [secr] - ii) (705617) (n22000420) (1851)|multi-states (chhattisgarh, maharashtra)|09/2016 (12/2016)|12/2024 (06/2026)|3545 (3545)|3639.58|96
674|sardega -bhalumuda new double line [37.24 km] (secr) (617390) (-) (9702)|multi-states (chhattisgarh, odisha)|09/2024 (09/2024)|03/2028 (-)|1281.81 (1281.81)|128.07|4
675|jagdalpur-koraput (east coast railway [ecor] - ii) (705511) (n22000376) (2306)|multi-states (chhattisgarh, odisha)|12/2015 (03/2016)|03/2024 (12/2026)|1547 (1547)|1379.69|94.46
676|jharsuguda-bilaspur fourth railway line [206 km] (secr) (705616) (n22000484) (2001)|multi-states (chhattisgarh, odisha)|09/2016 (09/2016)|10/2024 (03/2026)|2140 (2979)|2260.48|97
677|mumbai-ahmedabad high speed rail project- 508 km (national high speed rail corporation [nhsrc]) (705728) (n22000463) (1748)|multi-states (dadra & nagar haveli and daman & diu, gujarat, maharashtra)|03/2015 (09/2017)|08/2027 (12/2029)|108000 (108000)|90501.89|59.86
678|raising of speed to 160 kmph/200 kmph on existing new delhi-mumbai route incl. vadodara-ahmedabad (pce/wr) (705793) (-) (-)|multi-states (delhi, gujarat, madhya pradesh, maharashtra, rajasthan)|09/2019 (09/2019)|03/2024 (03/2026)|6806.44 (8095.12)|9480.86|66.32
679|hospet - tinaighat - vasco rail doubling project (rvnl - ii) (705650) (n22000297) (1470)|multi-states (goa, karnataka)|03/2010 (07/2012)|03/2027 (12/2027)|5060 (5060)|5304.19|86.13
680|hospet-hubli-vasco da gama line electrification project (rvnl) (706950) (-) (-)|multi-states (goa, karnataka)|07/2015 (05/2018)|03/2023 (06/2026)|744.49 (1122.62)|1163.14|99.65
681|western dedicated freight corridor (dfccil) (705237) (n22000464) (961)|multi-states (gujarat, haryana, maharashtra, rajasthan, uttar pradesh)|02/2008 (01/2012)|03/2022 (12/2025)|51101 (124005)|124623|96
682|new line dahod-indore via sardarpur, jabuwa and dhar (western railway [wr] - ii) (705453) (n22000139) (1547)|multi-states (gujarat, madhya pradesh)|06/2012 (06/2012)|02/2027 (02/2027)|456.07 (3516.77)|4157.76|55
683|chhota udaipur - dhar new line project [157 km] (western railway [wr] - ii) (705454) (n22000138) (2230)|multi-states (gujarat, madhya pradesh)|11/2008 (01/2014)|12/2025 (12/2025)|1794 (1794)|1819.63|80.3
684|mumbai central virar vadodara ahmedabaad train protection system 500 rkm (western railway) (611452) (n22000434) (5039)|multi-states (gujarat, maharashtra)|09/2019 (03/2023)|12/2025 (12/2026)|311 (311)|263.42|93
685|taranga hill-abu road via ambaji (north western railway [nwr]) (400022) (n22000592) (4458)|multi-states (gujarat, rajasthan)|07/2022 (07/2022)|07/2030 (07/2030)|2798 (2798)|2439.32|37
686|luni- samdari- bhildi doubling (north western railway [nwr]) (616842) (-) (7083)|multi-states (gujarat, rajasthan)|02/2024 (02/2024)|07/2027 (-)|3085.59 (3085.59)|778.73|30
687|chandigarh-baddi new rail line- 36 km (northen railway [nr]) (705424) (n22000467) (1611)|multi-states (haryana, himachal pradesh)|02/2018 (02/2018)|12/2026 (12/2026)|1540 (1540.13)|590.11|43
688|rewari - kathuwas doubling project [27.72 km] (north western railway [nwr]) (611861) (n22000606) (-)|multi-states (haryana, rajasthan)|02/2023 (12/2022)|06/2027 (06/2027)|352 (352)|315.28|73
689|nangal dam-talwara new broad gauge line [84 km] and taking over siding mukerian-talwara [29 km] (northen railway [nr]) (705410) (220100188) (1525)|multi-states (himachal pradesh, punjab)|03/1983 (05/1985)|12/2025 (12/2027)|2018 (2018)|2384.29|84
690|bhanupalli-bilaspur-beri new railway line project (rvnl - ii) (705428) (n22000273) (385)|multi-states (himachal pradesh, punjab)|03/2009 (04/2015)|12/2026 (12/2027)|13447 (13447)|7558.16|63
691|doubling of hatia [ranchi]-bondamunda rail line - 159 km (south eastern railway - jh) (705628) (n22000396) (1802)|multi-states (jharkhand, odisha)|03/2016 (02/2017)|06/2025 (06/2026)|3029 (3029.04)|2629.17|92
692|buramara-chakulia new line [59.96 km] (south eastern railway [ser] - i) (616588) (-) (7027)|multi-states (jharkhand, odisha, west bengal)|08/2024 (12/2024)|12/2029 (-)|1459.13 (1459.13)|7.58|0
693|chandil - anara - damodar - 3rd line [121.26 km] (cao/c/ser) (616227) (-) (7573)|multi-states (jharkhand, west bengal)|09/2024 (07/2025)|09/2029 (-)|1932.01 (1932.01)|4.51|0
694|kharagpur-adityapur third rail line- 132 km (rvnl - i) (705668) (n22000595) (1862)|multi-states (jharkhand, west bengal)|09/2016 (01/2018)|03/2025 (06/2026)|3250 (3250)|3287.18|97.5
695|baiyyappanahalli - hosur doubling project [48 km] (karnataka rail infrastructure development company limited [k-ride]) (703586) (n22000542) (-)|multi-states (karnataka, tamil nadu)|04/2019 (02/2019)|03/2024 (01/2026)|498.7 (748.7)|698.51|88
696|trivandrum- kanyakumari (southern railway [sr] - i) (705635) (n22000399) (2388)|multi-states (kerala, tamil nadu)|08/2017 (03/2016)|03/2025 (06/2028)|1432 (3785.45)|2909.77|56
697|ratlam-mhow-khandwa-akola gauge conversion (western railway [wr] - ii) (705457) (n22000120) (1544)|multi-states (madhya pradesh, maharashtra)|04/2008 (03/2010)|03/2027 (09/2028)|1656.25 (6499.86)|4606.71|83
698|itarsi - nagpur third railway line [280 km] (central railway [cr] - ii) (705507) (n22000358) (1772)|multi-states (madhya pradesh, maharashtra)|09/2016 (09/2016)|03/2027 (12/2027)|2449.91 (2506.68)|2155.76|55
699|ratlam- dungarpur via banswara new line project (north western railway [nwr]) (617406) (-) (9722)|multi-states (madhya pradesh, rajasthan)|10/2015 (05/2023)|03/2028 (-)|2417.24 (2417.24)|7.19|8
700|gwalior - seopurkala with extension to kota [gauge conversion] (north central railway) (705419) (n22000148) (1767)|multi-states (madhya pradesh, rajasthan)|03/2011 (07/2018)|03/2025 (02/2026)|2913 (2913)|2213.55|92
701|ramganjmandi-bhopal new line project [276.50 km] (west central railway [wcr] - ii) (705481) (220100314) (1542)|multi-states (madhya pradesh, rajasthan)|03/2001 (10/2004)|12/2025 (12/2027)|3032 (5073)|4139.87|81
702|nimach-badi sadri new rail line project (western railway [wr] - ii) (705764) (n22000503) (9926)|multi-states (madhya pradesh, rajasthan)|04/2017 (09/2021)|03/2026 (06/2026)|495 (825)|261.69|60
703|mathura-jhansi third railway line [274 km] (rvnl - ii) (705667) (n22000501) (2005)|multi-states (madhya pradesh, rajasthan, uttar pradesh)|12/2015 (03/2018)|12/2024 (12/2026)|5961 (5961)|5121.42|95.48
704|jhansi - bina third railway line [153 km] (cao/c/ncr) (705598) (n22000496) (2083)|multi-states (madhya pradesh, uttar pradesh)|09/2016 (03/2018)|03/2022 (03/2026)|2002 (2002)|1939.11|96
705|jhansi-khairar-manikpur & khirar-bhimsen (north central railway) (705608) (n22000495) (2319)|multi-states (madhya pradesh, uttar pradesh)|03/2018 (04/2019)|03/2026 (03/2026)|4330 (4330)|2895.52|68
706|third line [new] between kazipet - balharshah with electrification [201.04 km] (south central railway [scr] - ii) (705613) (n22000367) (1773)|multi-states (maharashtra, telangana)|09/2016 (10/2016)|01/2025 (11/2025)|2595 (3071)|4141.26|94.7
707|narayangarh-bhadrak 3rd line (south eastern railway [ser] - i) (705629) (n22000506) (2385)|multi-states (odisha, west bengal)|03/2019 (03/2017)|12/2025 (01/2027)|2400 (3425.32)|2655.21|77
708|nagapattinam-tiruturaipundi and karaikal-peralam new line (ministry of railways) (400223) (n22000626) (2081)|multi-states (puducherry, tamil nadu)|07/2008 (01/2019)|03/2027 (03/2028)|713 (981)|635.3|80
709|sivok-rangpo new rail line (indian railway construction international limited [ircon]) (705432) (n22000102) (650)|multi-states (sikkim, west bengal)|10/2009 (05/2010)|05/2015 (12/2027)|7877 (11775)|10770.42|93
710|sainthia, sitarampur, mughalsarai, allahabad & etawah - bypass line project (eastern railway [er] - i) (602797) (n22000631) (-)|multi-states (uttar pradesh, west bengal)|08/2017 (12/2017)|03/2027 (03/2027)|461.64 (461.64)|291.24|31.85
711|jharsuguda-barpali-sardega ph ii works- rail connectivity for coal loading bulb at barpali. (south eastern railway [ser] - i) (400006) (-) (4689)|odisha|10/2021 (10/2021)|10/2025 (12/2026)|808.99 (808.99)|701.15|38
712|proposed 6 nos road over bridge [rob] at different locations under mcl talcher under deposit scheme. (east coast railway [ecor] - ii) (400045) (-) (4299)|odisha|08/2022 (07/2022)|03/2025 (01/2025)|168.32 (168.32)|69.85|82
713|doubling of lingaraj silo connectivity of ntpc line and augmentation of ntpc exchange yard and ntpc block cabin. (east coast railway [ecor] - ii) (400047) (-) (4292)|odisha|08/2022 (06/2022)|12/2024 (12/2026)|210 (210)|39.31|52
714|doubling of lines connecting the loading spurs in talcher yard. (east coast railway [ecor] - ii) (400048) (-) (4247)|odisha|09/2022 (06/2022)|12/2024 (06/2027)|186.21 (186.21)|100.97|88
715|brundamal-jharsuguda- flyover connection for joining downline (east coast railway [ecor] - ii) (400232) (n22000521) (2015)|odisha|01/2014 (01/2014)|12/2026 (12/2026)|297 (297)|232.73|56
716|3rd & 4th line between sarla - sason [8 km] [pb 73/2023-24/nr] (east coast railway [ecor] - ii) (612834) (-) (-)|odisha|04/2023 (04/2023)|12/2025 (-)|252 (252)|117.3|86
717|rourkela-bondamunda a-cabin 5th line [9.6 km] (cao/c/ser) (615915) (-) (-)|odisha|09/2022 (12/2023)|03/2026 (-)|244.99 (244.99)|95.42|31
718|bangriposi-gorumahisani new line [ 85.60 km ] (cao/c/ser) (616586) (-) (7025)|odisha|08/2024 (09/2025)|12/2029 (-)|2269.49 (2269.49)|7.14|0
719|badampahar-kendujhargarh new line [82.06 km] (cao/c/ser) (616587) (-) (7026)|odisha|08/2024 (09/2025)|12/2029 (-)|1875.72 (1875.72)|2.15|0
720|flyover between siju and paradeep coaching yard to avoid surface crossing of trains (east coast railway [ecor] - ii) (616694) (-) (-)|odisha|04/2023 (10/2025)|07/2028 (-)|200.77 (200.77)|34.06|5.5
721|paradeep - badabandha 3rd & 4th line / 18.51kms (east coast railway [ecor] - ii) (616695) (-) (-)|odisha|08/2023 (04/2025)|11/2028 (-)|300.15 (300.15)|0.89|10.5
722|naupada-gunupur - new line upto theruvali [73.62 km] (indian railway) (616839) (-) (7082)|odisha|08/2024 (04/2026)|12/2029 (-)|1165.89 (1165.89)|0|0
723|new line between junagarh - nabarangpur [116.21 km] (indian railway) (618995) (-) (10798)|odisha|08/2024 (08/2025)|08/2030 (-)|2864.51 (2864.51)|0|0
724|khurda-bolangir new broad gauge rail link [301km] (east coast railway [ecor] - ii) (705358) (220100284) (1476)|odisha|03/1994 (03/2001)|12/2026 (12/2026)|3792 (5089)|5671.96|92
725|talcher-bimlagarh new railway line (east coast railway [ecor] - ii) (705359) (220100328) (423)|odisha|03/2004 (12/2004)|03/2025 (03/2029)|1928 (1928)|2120.08|56
726|bhadrak-nergundi third line (east coast railway [ecor] - ii) (705510) (n22000316) (1854)|odisha|10/2015 (04/2015)|11/2024 (01/2026)|1284 (1284)|1352.81|95
727|koraput - singapur railway doubling (east coast railway [ecor] - ii) (705513) (n22000379) (1857)|odisha|12/2015 (12/2015)|12/2027 (03/2028)|2362 (2362)|1962.43|74.6
728|jarapada- budhapank with flyover at talcher road 3rd and 4th line (east coast railway [ecor] - ii) (705514) (n22000380) (1855)|odisha|11/2015 (12/2015)|11/2018 (03/2028)|1000 (810.02)|455.8|59
729|3rd & 4th railway line project from salegaon to budhapank via rajathgarh. (east coast railway [ecor] - ii) (705515) (n22000381) (1752)|odisha|07/2013 (12/2015)|03/2026 (03/2026)|1173 (2092)|2120.58|89
730|jeypore-navarangpur new rail line project (east coast railway [ecor] - ii) (705741) (n22000517) (3436)|odisha|07/2017 (04/2023)|07/2028 (12/2029)|748 (748)|15.91|1.97
731|jeypore-malkanagiri new railway line project (east coast railway [ecor] - ii) (705742) (n22000516) (3458)|odisha|02/2018 (12/2023)|07/2033 (07/2033)|2344 (2344)|549.72|23.1
732|khurda road - balangir electrification of railway track project (ministry of railways) (706898) (-) (-)|odisha|09/2018 (09/2019)|03/2021 (-)|267.61 (267.61)|0|0
733|gandhamardan iron ore mines to goaldih station/12.76kms (east coast railway [ecor] - ii) (709811) (n22000520) (-)|odisha|09/2022 (05/2025)|09/2027 (09/2027)|190 (189.93)|3.4|5
734|jaynagar-bijalpura, incl. extn. bet, bijalpura-bardibas [nepal] (east central railway [ecr] - i) (705362) (n22000181) (2290)|offshore|08/2015 (03/2011)|03/2022 (03/2026)|819 (819)|580.51|75
735|north region video surveillance project (rcil) (705298) (-) (-)|pan india|06/2020 (04/2023)|03/2024 (-)|274.39 (274.39)|0|48
736|ludhiana mullanpur 21km doubling railway project (cao/c/nr) (607653) (-) (-)|punjab|na (10/2022)|06/2024 (-)|234.78 (234.78)|10|0
737|ludhiana- killa raipur railway doubling project (railway) (705783) (n22000584) (-)|punjab|03/2019 (12/2022)|03/2025 (02/2027)|237.64 (238)|137.05|57
738|devgarh madariya - nathdwara gauge conversion [82.54 km] part of marwar - mavli gauge conversion [152 km] (north western railway [nwr]) (611855) (-) (9756)|rajasthan|01/2023 (01/2023)|01/2027 (-)|968.92 (968.92)|708.25|73
739|maintenance cum workshop depot for vande bharat sleeper trains as per conditions under wta 527 (wpo/patna) (611929) (-) (-)|rajasthan|09/2022 (06/2023)|12/2024 (-)|166.86 (166.86)|0|0
740|pushkar- merta city new line (north western railway [nwr]) (616841) (-) (7086)|rajasthan|02/2024 (02/2024)|12/2026 (-)|799.64 (799.64)|131.75|8
741|ajmer- chanderiya doubling (north western railway [nwr]) (616843) (-) (7084)|rajasthan|02/2024 (02/2024)|06/2027 (-)|1634.79 (1634.79)|377.37|12
742|sadulpur - churu doubling project (north western railway [nwr]) (617403) (-) (-)|rajasthan|01/2024 (01/2024)|06/2026 (-)|468.64 (468.64)|188.7|90
743|pokhran - ramdevra new line (north western railway [nwr]) (617404) (-) (-)|rajasthan|04/2025 (04/2025)|03/2028 (-)|189.21 (189.21)|0|0
744|nathdwara- nathdwara town nl (north western railway [nwr]) (617408) (-) (-)|rajasthan|03/2019 (04/2024)|03/2027 (-)|166.33 (166.33)|109.96|15
745|dholpur - sirmuttra gauge conversion (north central railway) (705482) (n22000158) (1692)|rajasthan|03/2022 (04/2020)|02/2019 (02/2027)|747 (747)|491.95|49.5
746|gudha-thatha mithri construction of railway track project (north western railway [nwr]) (705752) (n22000593) (7072)|rajasthan|04/2019 (04/2019)|11/2026 (11/2026)|819.48 (967.06)|400.92|94
747|sawai madhopur-jaipur railway line project (north western railway [nwr]) (705912) (-) (-)|rajasthan|02/2024 (04/2023)|03/2027 (-)|1203.89 (1203.89)|207.11|19
748|agra fort-bandikui doubling line project (cao/c/ncr) (705919) (n22000553) (-)|rajasthan|06/2022 (02/2021)|06/2027 (06/2027)|1390 (1390)|477.04|54
749|dedicated test track for rdso /phase-ii project (north western railway [nwr]) (706836) (-) (-)|rajasthan|11/2021 (01/2022)|03/2026 (-)|466.42 (466.42)|533.9|98
750|sawaimadhopur bye pass line project (north western railway [nwr]) (706866) (n22000607) (-)|rajasthan|12/2022 (01/2023)|03/2026 (05/2027)|304 (304)|83.03|72
751|phase ii extension of mrts from velachery to st thomas mount (ministry of railways) (400280) (n22000028) (1509)|tamil nadu|11/2007 (11/2008)|07/2025 (09/2025)|734 (734.01)|486.53|99.9
752|redevelopment of chennai egmore station (ministry of railways) (613002) (-) (5830)|tamil nadu|05/2022 (10/2022)|03/2026 (-)|842 (842)|340|0
753|coach production factory upgradation project (cpm/icf) (705244) (-) (-)|tamil nadu|12/2017 (07/2018)|12/2021 (-)|520 (520)|192.25|0
754|madurai- tuticorin new line (ministry of railways) (705489) (-) (1508)|tamil nadu|04/2011 (09/2016)|07/2021 (12/2027)|601.43 (2084.48)|641.26|0
755|doubling between bhadrachalam road and dornakal (south central railway [scr] - ii) (616856) (-) (7098)|telangana|08/2023 (04/2025)|04/2029 (-)|770.12 (770.12)|87.93|0.05
756|railway manufacturing unit (rvnl - ii) (617409) (-) (9725)|telangana|07/2016 (02/2023)|12/2026 (03/2026)|521.36 (521.36)|491.87|90
757|kazipet wagon overhauling project (rvnl) (705252) (-) (-)|telangana|09/2017 (07/2017)|12/2023 (-)|385 (385)|0|0
758|manoharabad-kothapalli new rail line [151 km] (south central railway [scr] - ii) (705437) (n22000032) (1664)|telangana|07/2016 (01/2017)|03/2027 (12/2027)|1160 (2781)|3040.86|72.01
759|bahraich-shravasti-balrampur-siddharthnagar -santkabir nagar (north eastern railway [ner]) (400204) (n22000569) (2271)|uttar pradesh|10/2018 (03/2017)|10/2030 (10/2030)|4939.78 (4939.78)|1055.82|8.9
760|sahjanwa-dohrighat (north eastern railway [ner]) (400205) (n22000565) (2270)|uttar pradesh|08/2019 (03/2017)|03/2029 (03/2029)|1319.75 (1319.75)|492.3|4
761|varanasi-pt. deen dayal upadhyaya multitracking 15km including construction of new rail-cum-road bridge across ganga river. (northern railways) (617213) (-) (9911)|uttar pradesh|10/2024 (10/2025)|10/2029 (-)|2464.46 (2464.46)|59.82|2.42
762|anandnagar - ghugli via maharajganj new line 52.7 km (construction ner) (617252) (-) (7619)|uttar pradesh|10/2023 (11/2023)|03/2028 (-)|958.27 (958.27)|635.41|23.8
763|chunar-chopan doubling project (north central railway) (617284) (-) (7648)|uttar pradesh|08/2023 (01/2025)|03/2028 (-)|1423.96 (1423.96)|123.09|17
764|surface triangle line bet. bhadura stn and new crossing stn karma (east central railway [ecr] - i) (617333) (-) (-)|uttar pradesh|10/2022 (05/2024)|02/2027 (-)|199.96 (199.96)|5.19|0.5
765|doubling between jaunpur jn - zaffarabad 6.28 km (m/s src company infra private limited) (617370) (-) (-)|uttar pradesh|03/2023 (02/2025)|01/2027 (-)|180.66 (180.66)|43.65|10.5
766|burhwal gonda 3rd line (north eastern railway [ner]) (705567) (n22000468) (2328)|uttar pradesh|11/2017 (07/2019)|03/2025 (05/2026)|1016 (1118)|1050.11|88.4
767|janghai-pratapgarh- amethi (cao/c/ii/nr) (705588) (n22000583) (2339)|uttar pradesh|11/2017 (03/2017)|03/2025 (03/2026)|722 (1194)|1691.52|70
768|lalitpur-birari with flyover at lalitpur- 16 km (north central railway) (705766) (n22000546) (2084)|uttar pradesh|03/2017 (11/2017)|12/2024 (01/2026)|304.44 (356)|255.32|86
769|allahabad-bamhrauli flyover construction & 4th railway line project (north central railway) (705771) (n22000563) (-)|uttar pradesh|04/2019 (10/2020)|03/2026 (03/2026)|494 (494)|397.57|78
770|mughalsarai-allahabad, 3rd line (north central railway) (705772) (n22000544) (2317)|uttar pradesh|12/2015 (03/2016)|12/2026 (03/2027)|2649 (2649.44)|1930.12|71
771|aligarh -daud khan flyover construction & 3rd railway line project (cao/c/ncr) (705774) (n22000562) (6129)|uttar pradesh|04/2019 (09/2020)|01/2025 (03/2027)|758 (779.49)|484.51|83
772|bhandai - flyover for etawah bound down train- 10 km (north central railway [ncr] - ii) (705777) (n22000564) (10080)|uttar pradesh|07/2020 (04/2021)|02/2026 (02/2027)|250.18 (250.18)|139.49|9
773|bhatni-aurnihar with electrification excluding indara-mau (rvnl - i) (705780) (n22000598) (2330)|uttar pradesh|03/2018 (03/2017)|12/2024 (06/2026)|2529 (2529.46)|2164.72|96.5
774|barabanki-malhaur 3rd & 4th railway line project (ministry of railways) (705782) (n22000590) (-)|uttar pradesh|01/2019 (04/2017)|03/2025 (08/2026)|407 (407)|409.54|77
775|allahabad division - aligarh - harduaganj flyover (north central railway) (705918) (n22000545) (3451)|uttar pradesh|04/2020 (02/2021)|10/2026 (03/2027)|1457 (1457)|400.19|36
776|rishikesh-karnaprayag new rail line- 125 km (rvnl - ii) (705429) (n22000406) (1764)|uttarakhand|11/2016 (08/2018)|12/2025 (12/2028)|38953 (38953)|28286.15|74
777|kalinarayanpur-krishnanagar doubling alongwith krishnanagar - chapra new line and naihati-ranaghat 3rd line. (eastern railway [er] - i) (400247) (n22000624) (1852)|west bengal|07/2015 (11/2005)|02/2027 (03/2028)|1000 (1000)|1065.08|74.5
778|tarakeshwar-bishnupur new line [82.47 km] (eastern railway [er] - i) (400273) (220100272) (1552)|west bengal|03/2001 (02/2008)|03/2019 (02/2026)|1189 (1542)|1390.59|96.9
779|dum dum airport-new garia via rajarhat-construction of metro railway (rvnl - ii) (400277) (n22000110) (1539)|west bengal|03/2010 (10/2011)|12/2025 (12/2027)|8964 (8964)|8621.5|86.6
780|construction of balurghat-hilli new bg line (northeast frontier railway [nfr]) (612096) (n22000206) (5478)|west bengal|12/2010 (12/2010)|03/2027 (03/2027)|1209 (1181.57)|491.05|16
781|ser upgradation of maintenance infrastructure at shalimar into vande bharat chair car maintenance cum workshop depot. (south eastern railway - jh) (617345) (-) (-)|west bengal|03/2024 (12/2024)|10/2026 (-)|226.87 (226.87)|86.69|50
782|joka-bbd bag new metro project (rvnl - ii) (705730) (n22000111) (648)|west bengal|03/2010 (04/2010)|12/2026 (12/2029)|4835 (10362)|4932.47|51
783|noapara-barasat via bimanbandar - construction of metro railway [18 km] (metro railway, kolkata) (706776) (n22000108) (3398)|west bengal|11/2010 (03/2010)|08/2026 (03/2029)|4830 (4830)|3258.95|32
784|baranagar-barrackpore and dakshineshwar- construction of metro railway (rvnl - ii) (706777) (n22000109) (3400)|west bengal|03/2010 (03/2010)|12/2026 (12/2030)|2298 (2734)|393.02|17
785|rehabilitation and up-gradation of section to intermediate/2-lane with hard shoulder from km 107.760 to km 129.445 after middle strait to humphrey, km 130.600 to km 138.00 after humphrey to kadamtala & km 155.00 to km 181.0 end of jarwa to rangat of nh-04 in ut of a&n on epc package-iiia (nhidcl) (619184) (-) (-)|andaman & nicobar|02/2018 (03/2024)|09/2025 (05/2026)|207.45 (376.48)|0|78.01
786|rehabilitation and up-gradation and completion of balance work of section from km 155.00 to km 181.00 end of jarwa to rangat of nh -4 total length 26 km to intermediate lane/2-lane with hard shoulders in the ut of a&n islands on epc basis - package-iii.b balance work (nhidcl) (619185) (-) (-)|andaman & nicobar|02/2018 (05/2024)|10/2025 (05/2026)|183.56 (333.12)|0|47.28
787|construction of balance works of major bridge over middle strait creek between km.106.590 to km108.553 of nh-04 connecting south andaman & baratang island in the union territory of andaman & nicobar islands on epc basis (nhidcl) (619186) (-) (-)|andaman & nicobar|03/2015 (05/2024)|02/2026 (12/2026)|262.96 (371.88)|0|12.64
788|rehabilitation and up-gradation from km 170700 bhadrachalam to km 234567 konta on nh-30 to two lane with paved shoulder in the state of andra pradesh on epc mode. (morth) (617907) (n24001953) (-)|andhra pradesh|12/2021 (09/2022)|09/2024 (04/2026)|436.09 (436.09)|221.22|100
789|tadipatri bypass km 0000 to km 6285 of 4-lane on nh-67 in anantapuramu district of ap state under nho on epc mode under annual plan 2022-23 (morth) (617949) (n24002145) (-)|andhra pradesh|03/2023 (03/2024)|03/2026 (03/2026)|159.66 (159.66)|59.26|100
790|gudivada town 2 rob, and road improvement nh-165 (morth) (617984) (n24000989) (-)|andhra pradesh|03/2022 (05/2023)|05/2025 (11/2026)|317.22 (317.22)|0|73.46
791|widening to two lane with paved shoulders from km 0/0 to 64/020 pamarru to akiveedu (morth) (617985) (n24000983) (10158)|andhra pradesh|03/2020 (11/2021)|11/2023 (05/2027)|529.54 (588.65)|0|69.62
792|kurnool/kadapa border-jammalamadugu section of nh-167k i.e. design ch. km 248010 to km 269900 to 2 (morth) (617986) (n24001537) (-)|andhra pradesh|03/2023 (12/2024)|12/2026 (12/2026)|292.63 (292.63)|0|82.57
793|nandyala-kurnool/kadapa border section of nh-167k i.e. km 186/000 to km 250/000design ch.186000 to 248010 to 2lps (morth) (617987) (-) (10159)|andhra pradesh|10/2024 (09/2025)|09/2027 (09/2027)|691.81 (691.81)|0|40.49
794|sangameswaram - atmakuru section from km 96 to km 124 & velegodu- nandyal section including nandyal bypass from km 143/6 to 185/9 nh-167k (morth) (617988) (-) (10160)|andhra pradesh|10/2024 (07/2025)|07/2027 (07/2027)|776.17 (644.14)|0|20.94
795|construction of bypass road to adoni town connecting nh-167 hagari - jadcharla road from km.62/700 to 71/400 in kurnool district in the state of andhra pradesh. (morth) (617990) (n24002025) (-)|andhra pradesh|03/2023 (02/2024)|11/2025 (-)|242 (242)|78.49|95.94
796|rehabilitation and up-gradation of nh-167 from km 14/900 to km70/000 design ch. 14/900 to 69/700 chintakunta to adoni section to two lane with paved shoulders in the state of andhra pradesh under corridor approach through engineering, procurement (morth) (617991) (n24001278) (-)|andhra pradesh|11/2016 (05/2017)|05/2019 (10/2026)|290.15 (290.15)|140.23|91.9
797|4-laning of puttaparthi-koduru section of nh-342 (morth) (618013) (-) (10164)|andhra pradesh|10/2022 (11/2023)|11/2025 (06/2026)|1318.59 (909.19)|341.52|79.5
798|rehabilitation and up-gradation of existin of road from 2-lane to 2-lane with paved shoulders from km. 0.00 to km 53.590 total length-53.590 km of raychoti to vempalli section of nh-440 in the state of andhra pradesh on epc mode. (morth) (618037) (n24001934) (-)|andhra pradesh|12/2021 (05/2022)|05/2024 (06/2026)|439.82 (359.52)|178.83|82
799|gorantla - hindupur section from km 120/300 to 165/000 of nh716g in the state of andhra pradesh (morth) (618052) (-) (10169)|andhra pradesh|10/2024 (08/2025)|08/2027 (08/2027)|808.7 (808.7)|0|18.72
800|muddanur to b. kothapalli section of nh-716g from km. 0/000 to km. 56/500 56.500 km in the state of andhra pradesh on epc mode job no. 741 (morth) (618053) (-) (10170)|andhra pradesh|10/2024 (08/2025)|08/2027 (08/2027)|1019.97 (1019.97)|0|20.63
801|dornala to kunta junction from design chainage km 244000 to 267990 section of nh-765 package-2 (morth) (618062) (n24002147) (-)|andhra pradesh|12/2022 (03/2024)|09/2025 (01/2026)|244.83 (244.83)|0|99.64
802|kondamodu to perecherla section design ch. km 000 to km 49917 of nh-167ag to to 4lps (morth) (618101) (-) (10181)|andhra pradesh|10/2024 (04/2025)|04/2027 (04/2027)|881.61 (881.61)|0|36.82
803|rehabilitation and upgradation from km 22300 to 58635 of mudireddypalle to kadapa/nellore border via porumamilla section of nh 167 two lane with paved shoulder in (morth) (618103) (-) (-)|andhra pradesh|03/2022 (10/2024)|04/2026 (06/2026)|279.29 (279.29)|155.02|88.25
804|rehabilitation and upgradation of nh 326a from km 0/0 to 41/979 excluding km 2/255 to 3/372 and km 36/820 to 38/275 odisha border to narasamapeta to two lane with paved shoulders in the state of andhra pradesh under nho on epc mode (morth) (618125) (-) (-)|andhra pradesh|03/2018 (09/2018)|03/2020 (10/2025)|228.32 (228.32)|44.45|100
805|widening to two lane with paved shoulder of rampachodavaram - koyyuru section of nh 516e from km 43700 to km 113820 in the state of andhra pradesh on epc mode job no. 737 (morth) (618145) (n24001263) (10190)|andhra pradesh|03/2022 (01/2023)|01/2025 (04/2026)|568.12 (568.12)|303.13|98.63
806|widening and reconstruction of existing road to four lane from km.56400 to km 120300 i.e. from b.kothapalli junction to gorantla excluding kadiri bypass from km 70200 to km 77105 of nh 716g in the state of andhra pradesh on epc mode job no. 742 (morth) (618161) (n24001416) (10194)|andhra pradesh|03/2022 (09/2023)|12/2025 (04/2026)|839.98 (839.98)|355.56|99.45
807|rehabilitation and upgradation of nh-167ad from macherla to dachepalli via paluvai junction, rentachinthala, gurazala from km.0.000 to 43.659 to two lane with paved shoulders in the state of andhra pradesh job-729 (morth) (618191) (n24001951) (-)|andhra pradesh|01/2022 (01/2023)|01/2025 (03/2026)|403.22 (403.22)|227.13|99.06
808|duttalur at nh-565 junction to kavali joining on nh-16 chainage km. 36/400 to km. 107/224 excluding the stretch from km 101.880 to 105.300 67.404 km of nh-167bg from in the state of andhra pradesh on epc mode (morth) (618192) (n24001942) (-)|andhra pradesh|03/2021 (07/2022)|07/2024 (04/2026)|423.67 (423.67)|0|94.65
809|widening of existing road to two lane with paved shoulder configuration from km 0.00 to 26.000 & km 45.200 to 59.622 of nh 365bb in the state of andhra pradesh under annual plan 2023-24 through epc mode (morth) (618193) (-) (-)|andhra pradesh|01/2024 (04/2025)|12/2026 (12/2026)|368.63 (368.63)|37.37|22.55
810|rehabilitation and upgradation of new nh 544dd from design chainage km. 56/000 to 102/20 of kalyandrg - molakalmuru section (morth) (618194) (n24000937) (-)|andhra pradesh|03/2018 (08/2018)|02/2020 (09/2025)|294.13 (285.29)|312.39|98.52
811|rehabilitation and up-gradation of dhindi - digamarru section from km 126/510 to km 135/740 of nh -214new nh -216 and digamarru -losari section from km 0/000 tp km 34/230 of nh-214 anew nh-216 to two lane with paved shoulder in the state of ap- nh (morth) (618236) (-) (-)|andhra pradesh|02/2016 (05/2016)|05/2018 (11/2023)|316.06 (288.76)|220.75|100
812|rehabilitation and up-gradation of pasarlapudi to dhindi section from km 105/170 to km 126/510 of nh -214 new nh -216 to two lane with paved shoulder in the state of andhra pradesh under nhdp-iv (morth) (618237) (n24000969) (-)|andhra pradesh|03/2017 (09/2017)|09/2019 (09/2025)|263.45 (263.45)|151.56|98.4
813|rehabilitation and up-gradation of thimmapuram to gurajanapalli section from km 26/150 to km 41/161 of nh - 214 new nh - 216 to two lane with paved shoulder in the state of andhra pradesh under nhdp-iv (morth) (618238) (n24000964) (-)|andhra pradesh|08/2016 (01/2017)|07/2018 (07/2026)|350.61 (432.91)|233.92|98.2
814|rehabilitation & upgradation of nh214new nh-216 from km 34/230 to km 84/550 losari to machavaram section to two lane with paved shoulder in the state of andhrapradesh under nhdp-iv through engineering, procurement& construction epc mode. (morth) (618239) (-) (-)|andhra pradesh|03/2016 (09/2016)|09/2018 (07/2025)|445.22 (459.37)|0|98.6
815|construction of paderu bypass km 0000 to km 13000 of 2- lane with paved shoulder on nh-516e (morth) (618254) (n24002148) (-)|andhra pradesh|03/2023 (01/2025)|07/2026 (12/2026)|244.43 (244.43)|11.67|13
816|two laning with paved shoulders of lambasingi to paderusection of nh 516e (morth) (618255) (n24002142) (-)|andhra pradesh|04/2020 (11/2023)|11/2025 (11/2026)|361.24 (358.05)|109.5|43.22
817|rehabilitation and upgradation to 2-lane with paved should ders sir, configuration of chaprathipalem to lambasingi section km 165500 to km 205000 of nh-516e in the state of andhra pradesh under green national highways corridor project gnhcp with the loan assistance of world bank on epc mode (morth) (618256) (n24001958) (-)|andhra pradesh|08/2020 (10/2022)|10/2024 (05/2026)|311.22 (311.22)|195.13|91.25
818|rehabilitation and upgradation to 2-lane with paved shoulders configuration of koyyuru to chaprathipalem section km 120000 to km 165500 of nh-516e in the state of andhra pradesh under green national highways corridor project gnhcp with the loan assistance of world bank on epc mode (morth) (618257) (n24001957) (-)|andhra pradesh|08/2020 (07/2022)|07/2024 (03/2026)|349.29 (349.29)|242.02|100
819|two laning with paved shoulders of gondiguda to araku uptobhallaguda section of nh 516e (morth) (618258) (n24001956) (-)|andhra pradesh|08/2020 (09/2021)|09/2023 (04/2024)|296.66 (289.11)|237.52|91.5
820|two laning with paved shoulders of paderu to gundigudasection of nh 516e (morth) (618259) (n24001386) (-)|andhra pradesh|08/2020 (03/2021)|03/2023 (03/2024)|222.61 (222.61)|122.52|100
821|construction of i connecting road from z-morh tunnel to zojila tunnel road length 18.475km and ii 14.150 km long 2-l bi-directional single tube zoji-la tunnel across zojila pass on sonamarg - kargil section from km 82 to km 118 of nh-01 under pmdp (nhidcl) (618412) (n24001256) (10304)|andhra pradesh|01/2018 (10/2020)|09/2026 (02/2028)|6808.69 (6808.69)|3214.27|66.05
822|bangalore chennai expressway phase-ii pkg-ii from km.96.000 to km 127.000 baireddypalle to bangarupalem section (national highways authority of india [nhai]) (618475) (n24001985) (10334)|andhra pradesh|02/2021 (06/2023)|06/2025 (09/2026)|2548.04 (2548.04)|1226.85|92.14
823|bangalore chennai expressway phase-ii pkg-iii from km.127.000 to km 156.000 bangarupalem to gudipala section (national highways authority of india [nhai]) (618476) (n24001821) (10335)|andhra pradesh|11/2020 (10/2022)|10/2024 (05/2026)|1407.33 (1407.33)|689.49|99.46
824|construction of 6 lane elevated corridor including its approaches from km. 629880 to km. 634470 design chainage of nh-16 in ranasthalam town portion in the state of andhra pradesh on epc mode under nho. (national highways authority of india [nhai]) (618524) (-) (-)|andhra pradesh|07/2024 (03/2025)|03/2027 (03/2027)|257.98 (192.85)|46.41|34.5
825|construction of flyover at gammon junction at km.903.265 on nh16 including vent at diwancheruvu junction at km.902.308 blackspot id no.ap03299 in andhra pradesh on epc mode under nho (national highways authority of india [nhai]) (618525) (-) (-)|andhra pradesh|03/2025 (10/2025)|10/2027 (10/2027)|326.61 (223.29)|13.18|8.8
826|6l of gundugolanu design km 1023.280 to kalaparru design km 1050.680 of nh-5 new nh-16 (national highways authority of india [nhai]) (618526) (-) (10377)|andhra pradesh|10/2018 (01/2020)|07/2021 (05/2026)|665.59 (665.59)|512.09|95.73
827|six laning of vijayawada bypass from gollapudi to chinnakakani in vijayawada - gundugolanu section from km. 30.00 to km. 47.881 pkg-iv (national highways authority of india [nhai]) (618527) (n24001301) (10378)|andhra pradesh|01/2020 (07/2021)|01/2024 (05/2026)|1194.57 (1757.82)|853.14|99.92
828|6l of anandapuram pendurthi anakapalli section from km. 681.000 to km. 731.780 of nh-16 (national highways authority of india [nhai]) (618579) (-) (10415)|andhra pradesh|01/2018 (01/2019)|07/2021 (05/2026)|2527 (2957.25)|994.53|100
829|nandigama bypass and kanchikacherla bypass (national highways authority of india [nhai]) (618629) (-) (-)|andhra pradesh|11/2017 (03/2018)|06/2019 (05/2026)|416.07 (444.58)|110.65|98.47
830|4l of kadapa china orampadu section of nh-716 package i of kadapa-renigunta section (national highways authority of india [nhai]) (618633) (-) (12088)|andhra pradesh|12/2022 (03/2026)|03/2028 (03/2028)|1732.66 (1732.66)|0.03|0
831|6l korlam-kantakapalle section of nh-130cd road from km 421.100 to km 445.100 pkg-3 (national highways authority of india [nhai]) (618682) (-) (10485)|andhra pradesh|02/2021 (02/2022)|02/2024 (07/2026)|1112.7 (1127.63)|822.68|99.26
832|renigunta - poyya - naidupeta km 124.60 to km 183.4 of nh 71 (national highways authority of india [nhai]) (618700) (n24001824) (10500)|andhra pradesh|03/2020 (01/2022)|01/2024 (05/2026)|1863.09 (2510.14)|1488.04|98.6
833|6l access controlled greenfield highway from kodur ch. 0000 to vanavolu ch. 24300 of [nh-544g] package-1 (national highways authority of india [nhai]) (618712) (n24001841) (10507)|andhra pradesh|01/2023 (02/2024)|02/2026 (12/2026)|912.94 (798.25)|333.15|85.01
834|6l access controlled greenfield highway from yerragudipadu ch. 129000 to audireddipalle ch. 160000 of [nh 544g] package-6 (national highways authority of india [nhai]) (618713) (n24001846) (10508)|andhra pradesh|02/2023 (02/2024)|02/2026 (04/2027)|1200.42 (1019.69)|218.52|38.41
835|6l access controlled greenfield highway from nallacheruvu palli ch. 96300 to yerragudipadu ch. 129000 of [nh-544g] package-5 (national highways authority of india [nhai]) (618714) (n24001845) (10509)|andhra pradesh|02/2022 (02/2024)|02/2026 (12/2026)|1253.26 (1095.78)|339.28|62.02
836|6l access controlled greenfield highway from odulapalle ch. 72000 to nallacheruvu- palli ch. 96300 of [nh-544g]package-4 (national highways authority of india [nhai]) (618715) (n24001844) (10510)|andhra pradesh|01/2023 (02/2024)|02/2026 (02/2027)|1058.9 (946.1)|377.77|73.93
837|6l access controlled greenfield highway from vankarakunta ch. 45700 to odulapalle ch. 72000 of [nh-544g]package-3 (national highways authority of india [nhai]) (618716) (n24001843) (10511)|andhra pradesh|12/2022 (03/2024)|03/2026 (12/2026)|992.91 (888.07)|319.82|73.1
838|6l access controlled greenfield highway from vanavolu ch. 24300 to vankarakunta ch. 45700 of [nh-544g] package-2 (national highways authority of india [nhai]) (618717) (n24001842) (10512)|andhra pradesh|01/2023 (03/2024)|03/2026 (11/2026)|750.81 (626.91)|226.46|82.18
839|6l access controlled greenfield highway from kavulakuntla ch. 196000 to narayanmpet ch. 203500package-09 (national highways authority of india [nhai]) (618718) (-) (10513)|andhra pradesh|02/2023 (02/2025)|02/2027 (04/2027)|1092.18 (956.4)|178.93|36
840|6l access controlled greenfield highway from mallapalle ch. 176000 to kavulakuntla ch. 196000 package-08 (national highways authority of india [nhai]) (618719) (n24001848) (10514)|andhra pradesh|02/2023 (02/2024)|02/2026 (01/2027)|909.02 (751.81)|257.58|56.01
841|6l access controlled greenfield highway from audireddipalle ch. 160000 to mallapalle ch. 176000package-07 (national highways authority of india [nhai]) (618720) (n24001847) (10515)|andhra pradesh|02/2023 (03/2024)|03/2026 (02/2027)|987.1 (848.06)|297|65.77
842|6l access controlled greenfield highway from chandrasekharapuram ch. 228000 to polavaram ch. 260000of [nh-544g] package-11 (national highways authority of india [nhai]) (618721) (n24002123) (10516)|andhra pradesh|02/2023 (02/2024)|02/2026 (01/2027)|1292.65 (1110.33)|319.82|58.42
843|khammam-devarapalle pkg iv [4l access controlled greenfield from recherla village to gurvaygudem village design chainage 105236 to 132664] (national highways authority of india [nhai]) (618748) (n24001476) (10535)|andhra pradesh|11/2020 (09/2022)|09/2024 (05/2025)|569.37 (752.02)|355.88|100
844|khammam-devarapalle pkg v [4l access controlled greenfield from gurvaygudem village to devarapalle village design chainage 132664 to 162126 (national highways authority of india [nhai]) (618749) (n24001477) (10536)|andhra pradesh|12/2020 (09/2022)|09/2024 (06/2026)|711.94 (926.48)|422.97|99.66
845|4l ps mydukur - badvel from km 585.820 to km 630.960 of nh-67 (national highways authority of india [nhai]) (618759) (n24001849) (10541)|andhra pradesh|05/2022 (09/2023)|09/2025 (05/2026)|1063.57 (1103.87)|502.6|90.4
846|4l of pileru to kalur section from km 55.900 to km 92.800 & km 94.500 to km 95.717 of nh-71package-ii (national highways authority of india [nhai]) (618777) (n24001986) (10553)|andhra pradesh|03/2022 (10/2023)|11/2025 (06/2026)|1877.47 (592.85)|246.22|98.84
847|4l of madanapalle to pileru section from km 0.000 to km 55.900 of nh-71package-i (national highways authority of india [nhai]) (618778) (n24001823) (10554)|andhra pradesh|02/2022 (01/2023)|01/2025 (06/2026)|1877.47 (1994.1)|1145.97|94.9
848|development of 4l road from samarlakota to achampeta junction as part of kakinada port connectivity to nh-16 rajanagaram junction in east godavari district (national highways authority of india [nhai]) (618803) (n24001856) (10572)|andhra pradesh|09/2022 (08/2023)|08/2025 (05/2026)|645.63 (750.2)|595.09|90.5
849|dedicated port road to krishnapatnam port package-i from km. 0.000 to km. 18.000 (national highways authority of india [nhai]) (618804) (n24000811) (-)|andhra pradesh|03/2018 (12/2018)|12/2020 (08/2026)|348.72 (341.36)|184.68|77.93
850|6l connectivity to port road from sabbavaram sheelanagar-nh516c (national highways authority of india [nhai]) (618805) (-) (11880)|andhra pradesh|12/2024 (02/2026)|02/2028 (02/2028)|977.33 (977.33)|64.7|4
851|improvement of 4l road to 6l road and 4l dedicated port roads for the port connectivity road from convent junction to sheelanagar junction (national highways authority of india [nhai]) (618806) (-) (10573)|andhra pradesh|01/2023 (02/2024)|02/2026 (06/2026)|685.99 (680.21)|460.16|79
852|4l greenfield road connecting north and south industrial cluster of khandaleru creek near krishnapatnam port at thamminapatnam to mollur from km 0.0 to km 16.046, part i & 6l extension of dedicated port road of nh-67 km 18.0 to km 19.3, part ii (national highways authority of india [nhai]) (618807) (n24001979) (10574)|andhra pradesh|08/2022 (09/2023)|09/2025 (06/2026)|609.43 (559.98)|505.16|78.62
853|4 laning of nh-544d from km 0.000 to km 37.000 of anantapur- muchukota section pkg-1 (national highways authority of india [nhai]) (618826) (n24001980) (10590)|andhra pradesh|10/2022 (07/2023)|07/2025 (05/2026)|907.76 (905.98)|448.53|91.4
854|4 laning of nh-544d from km 37.000 to km 69.000 of muchukota- bugga section pkg-2 (national highways authority of india [nhai]) (618827) (n24001983) (10591)|andhra pradesh|10/2022 (08/2023)|08/2025 (07/2026)|1097.57 (1055.23)|356.89|70.68
855|4l ps from mandlem existing km. 38.000/design km.30.600 to atmakur existing km.73.000/design km 66.115 of nh340c package2 (national highways authority of india [nhai]) (618919) (n24001984) (10665)|andhra pradesh|03/2023 (11/2023)|11/2025 (-)|887.28 (913.03)|374.39|99.94
856|access controlled highway of 4 lane with paved shoulders from tn/ap border design chainage km 6151 to puttur design chainage km 81540 of nh-716 & 6 lane with paved shoulders from mallavaram to renigunta (national highways authority of india [nhai]) (618920) (-) (10666)|andhra pradesh|03/2024 (12/2024)|12/2026 (02/2027)|1346.82 (1260.37)|171.16|34.98
857|six laning of vijayawada bypass from chinna avutapalli to gollapudi in vijayawada - gundugolanu section from km. 0.00 to km. 30.00 pkg-iii (national highways authority of india [nhai]) (619076) (-) (11766)|andhra pradesh|01/2020 (02/2021)|02/2023 (05/2026)|1581.24 (1883.71)|934.99|98.2
858|4 l of china orampadu-renigunta section of nh-716 package-ii of kadapa- renigunta section (national highways authority of india [nhai]) (619102) (-) (12087)|andhra pradesh|12/2022 (03/2026)|03/2028 (03/2028)|1500.11 (1500.11)|0.17|0
859|6l jakkuva korlam section of nh-130cd road from km 396.800 to km 421.100 pkg 2 (national highways authority of india [nhai]) (619111) (n24001837) (11785)|andhra pradesh|02/2021 (03/2022)|03/2024 (05/2026)|840.51 (840.51)|549.56|99.32
860|6l kantakapalle sabbavaram section of nh-130cd road from km 445.100 to km 464.662 pkg-4 (national highways authority of india [nhai]) (619112) (n24001836) (11786)|andhra pradesh|02/2021 (10/2022)|10/2024 (12/2026)|1012.57 (1012.57)|568.13|81.06
861|6l access controlled greenfield highway from narayanmpet ch. 203500 to chandrasekharpuram ch. 228000package-10 (national highways authority of india [nhai]) (619123) (n24002122) (11792)|andhra pradesh|02/2023 (02/2024)|02/2026 (12/2026)|813.66 (678.21)|196.59|61.5
862|6l access controlled greenfield highway from polavaram ch. 260000 to marripudi ch. 285500 of [nh-544g]package-12 (national highways authority of india [nhai]) (619124) (n24002124) (11793)|andhra pradesh|02/2023 (02/2024)|02/2026 (11/2026)|747.29 (626.83)|227.96|69.6
863|6l access controlled greenfield highway from somavarappadu ch.314.600 to muppavaram ch.343240 of [nh-544g] package-14 (national highways authority of india [nhai]) (619125) (n24002126) (11794)|andhra pradesh|02/2023 (02/2024)|02/2026 (03/2027)|1103.9 (943.66)|197.36|43.16
864|6l access controlled greenfield highway from marripudi ch. 285500 to somavarappadu ch. 314600 of [nh-544g] package-13 (national highways authority of india [nhai]) (619126) (n24002125) (11795)|andhra pradesh|02/2023 (02/2024)|02/2026 (09/2026)|976.41 (798.71)|293.33|73
865|6l of naidupeta junction - turpukanupur section from km 57.046 to km 91.927 (national highways authority of india [nhai]) (619140) (n24001981) (11806)|andhra pradesh|08/2022 (10/2023)|10/2025 (02/2027)|1398.84 (965.58)|297.06|43.4
866|construction of four lane access controlled highway from chillakuru cross road to turpu kanupurpart 1 of package - ii km 0.000 131.500 of nh - 16 to km 23.770 on new nh-516w including sixlane flyover and approaches on nh-16 length km 1.050 and six lane access controlled from turpukanupur to port south gate part 2 of package - ii km 23.770 to km 35.015 on new nh-516w inthe state of andhra pradesh on ham mode under bharatmala pariyojana phase i (national highways authority of india [nhai]) (619141) (n24002033) (11807)|andhra pradesh|08/2022 (12/2023)|12/2025 (11/2026)|864.2 (844.39)|305.43|50.17
867|balance works in ap portion and punch list items in tn & ap portion of nh-205 (national highways authority of india [nhai]) (619160) (-) (-)|andhra pradesh|10/2022 (07/2023)|01/2025 (01/2026)|166.52 (113.46)|98.26|100
868|construction of 2-lane road of potin to pangin section of nh-13 from km 163.59 to km 206.66 package-5 on epc mode in the state of arunachal pradesh under arunachal pradesh package of roads and highways of sardp-ne [job no sardp-ne/p- p/pkg-a/nh-13/ar.pr./pwd/2018-19/116] (morth) (617892) (n24001297) (-)|arunachal pradesh|03/2019 (11/2020)|11/2023 (05/2026)|450.65 (450.65)|308.61|96.61
869|4-laning of itanagar to bandardewa section of nh-415from km 40430 to km 51735 package-bon epc mode in the state of arunachal pradesh job no. 415/ar. p/2020- 21/031 (morth) (618033) (n24001375) (-)|arunachal pradesh|06/2020 (12/2021)|12/2024 (07/2026)|496.47 (496.47)|165.43|51.37
870|construction of intermediate lane with hard shoulder of hunli to hayuliang package- iii from design km 60.000 to km 121.500 design length 61.500 km, greenfield section of frontier highway nh-913 in the state of arunachal pradesh on epc mode pkg-3 (nhidcl) (618401) (-) (10300)|arunachal pradesh|02/2024 (07/2025)|07/2028 (07/2028)|1418.67 (1418.67)|0|1.7
871|construction of intermediate lane with hard shoulder of hunli to hayuliang from design km 0.000 to km 53.000 design length 53.000 km, greenfield section of frontier highway nh-913 in the state of arunachal pradesh on epc mode package-i (nhidcl) (618402) (n24002222) (10301)|arunachal pradesh|02/2024 (03/2025)|02/2028 (03/2028)|1262.43 (1262.43)|233.81|16.75
872|construction of intermediate lane road with hard shoulder from design km 0.000 to km 17.387 total length 17.387 km of hunli to ithun bridge section on nh-913 frontier highway in state of arunachal pradesh on epc mode under nho-ne (nhidcl) (618403) (n24002223) (-)|arunachal pradesh|02/2024 (01/2025)|01/2027 (01/2027)|275.5 (275.5)|0|49.23
873|construction of lntermediate lane road with hard shoulder from design chainage km 0.000 to km 53.040 existing length68.500 km & total design length 53.04 km of tato to monigong section of nh-913 frontier highway on nafra bomdila to vijaynagar along china border in state of arunachal pradesh on epc mode (nhidcl) (618404) (-) (10302)|arunachal pradesh|12/2023 (05/2025)|11/2027 (11/2027)|625.61 (625.61)|0|21.37
874|construction of intermediate lane of pango to jorging road from 0000 to design km design km 40000 design length 40.00 km, pkg-l, greenfield alignment in the state of arunachal pradesh on epc mode pkg-1 (nhidcl) (618405) (n24002224) (10303)|arunachal pradesh|01/2024 (01/2025)|07/2027 (07/2027)|898.19 (898.19)|0|39.1
875|construction of balance work of 2-lane with ps of joram-koloriang road nh-713 on epc basis from design km 44.989 to km 61.547 existing km 50.050 to km 70.000 in the state of arunachal pradesh under sardp-ne pkg-3 (nhidcl) (618432) (n24001390) (-)|arunachal pradesh|02/2017 (10/2020)|04/2022 (07/2023)|228.72 (228.72)|0|99.52
876|construction of balance work of 2-lane with ps of joram koloriang road from existing km122.600 to km138.00 [design km108.724 to km123.714] in arunachal pradesh on epc mode under sardp-ne pkg-7 (nhidcl) (618433) (n24001393) (-)|arunachal pradesh|02/2017 (10/2020)|04/2022 (04/2026)|184.89 (184.89)|0|99.69
877|roing-hunli road greenfield alignment project (nhidcl) (618434) (n24000946) (10309)|arunachal pradesh|02/2017 (03/2018)|03/2022 (06/2026)|1718.59 (1718.59)|178.83|82.04
878|construction of 2-laning with hard shoulders of demwe-brahmakund section of nh- 13 from ch.0.00 km to 18.464 km on epc under sardp-ne nho-ne -balance work (nhidcl) (618445) (-) (-)|arunachal pradesh|08/2020 (06/2025)|12/2027 (12/2027)|353.9 (353.9)|0|17.91
879|lmprovement and widening to 2 lane with paved shoulder of nh-15 old nh-52 from existing km 770.600 design km 24.819 to existing km 805.750 design km 59.885 kamlang t-junction to chowkham, existing length 35.150 km, design length-35.066 km in the state of arunachal pradesh on epc mode pkg-2 (nhidcl) (619014) (-) (-)|arunachal pradesh|12/2023 (02/2026)|02/2028 (-)|316.73 (316.73)|0|0
880|construction of mangaldoi bypass nh-15 starting at ch 26400 and terminating at ch 41505 under rangia nh division l 15.105 km in the state of assam. job no. 15/as/2021-22/234 (morth) (617895) (n24001840) (10132)|assam|03/2022 (04/2023)|04/2025 (12/2026)|535.03 (535.03)|161.56|70.71
881|construction of 4 lane gauripur bypass starting bfrom km 852.56 of nh- 31dumardoha pt-ii and terminating at km 862.17 baladmara via. khudimari pt.- ii, fulkumari, charaldanga, sajuakuti,geramari pt.-iii and finally meeting at km 862.17 of nh-17new/ nh-31old in the state of assam under epc mode job no. 31/as/ 2023- 24/265 (morth) (617896) (n24002237) (-)|assam|03/2024 (04/2025)|10/2026 (10/2026)|421.15 (421.15)|0|17.9
882|construction of 2 lane barpeta bypass from km 77900baradi to km 86150 deurikuchi length8.25km on nh-427 in the state of assam under epc modejob no.427/as/2022-23/245 (morth) (618034) (n24002238) (-)|assam|03/2023 (02/2025)|08/2026 (08/2026)|173.65 (173.65)|8.07|20
883|construction of new 2 lane with paved shoulders of nh standards from km 0.080 to km 11.690 l11.610 km in majuli and from km 19.715 to km 27.484 l 7.769 km in jorhat on the newly declared nh 715k and construction of 1.10 km flyover on nh-715 with its approaches and service roads l1.10 km, total length 20.479 km in the state of assam job no. 715k/as/2023-24/256 (morth) (618159) (-) (-)|assam|02/2024 (09/2025)|03/2027 (03/2027)|382.1 (382.1)|25.58|0
884|construction of 2 lane major bridge including approaches over brahmaputra between majuli on north bank and jorhat on south bank from km. 11.690 to km. 19.715 length of bridge 6,812.5m package - ii on nh-715k in the state of assam job no. 715/as/2020-21/213 (morth) (618160) (-) (-)|assam|03/2025 (12/2025)|12/2027 (12/2027)|1019.17 (1019.17)|0|1.82
885|4-l bilasipara-guwahati package-10 (nhidcl) (618282) (n24002023) (10237)|assam|03/2023 (12/2023)|06/2026 (03/2027)|1264.9 (1264.9)|469.24|56.91
886|4-l bilasipara-guwahati package-9 (nhidcl) (618283) (n24002022) (10238)|assam|03/2023 (12/2023)|06/2026 (03/2027)|1000.27 (1000.27)|416.11|50.92
887|widening/improvement to 4-lane with paved shoulder from km 99930 to km 143680 design chainage 96000 to 139750 of paikan to dhupdhara sahar of bilasipura- guwahati road on nh-17 in the state of assam on epc mode under bharatmala pariyojana in economic corridors project length 43.750km under nho-ne package- 8 (nhidcl) (618284) (n24002021) (10239)|assam|03/2023 (12/2023)|12/2026 (12/2026)|1457.59 (1457.59)|793.68|79.46
888|widening/improvement to 4 -lane with paved shoulder from ch. 88.000km to ch.99.930 km design ch.84.100km to ch.96.000 km of sagunbashi forest near nichinta to starting of krishnai bypass section of bilasipura guwahati road nh 17 on epc package-7 (nhidcl) (618285) (n24001368) (-)|assam|03/2021 (10/2023)|10/2025 (01/2026)|286.72 (286.72)|186.64|100
889|construction of new 2-lane bridge with its approaches from km 0000 to km 4385 across river brahmaputra on nh-17 at jogighopa in assam on epc mode (nhidcl) (618286) (n24001434) (10240)|assam|09/2021 (11/2021)|11/2024 (12/2026)|746.76 (746.76)|410.28|76.47
890|widening/improvement to 4-lane with paved shoulder from ch. 25.633 km to ch. 52.470 km design ch. 21.850 km to ch.48.670 km for package-2 of bilasipura- guwahati road nh-17 section near mowatari, before chapar bypass to tulungia junction with nh-17 in the state of assam on ham mode under nho-ne package-2 (nhidcl) (618287) (n24002229) (10241)|assam|11/2023 (12/2024)|06/2027 (06/2027)|1338.61 (1338.61)|0|12.45
891|widening/lmprovement to 4-lane with paved shoulder from ch.5.580 km to ch.25.633 km design ch.0.000 km to ch.17.737km km 901.100 to km 921.145 of old nh-31 of bilasipara- guwahati road nh-17 section near chirakuta to near mowatari, before chapar bypass in the state ol assam on ham mode package-1 (nhidcl) (618288) (n24002225) (10242)|assam|02/2024 (02/2025)|08/2027 (08/2027)|1081.15 (1081.15)|0|28.74
892|construction and up gradation to 4-lane of existing two lane with paved shoulder from hapachara to tulungia road of nh-117 of existing km 0.00 to km 14.050 and design km 0.000 to km 14.660 under bmp on epc mode (nhidcl) (618289) (n24001246) (-)|assam|03/2020 (06/2020)|12/2022 (03/2026)|224.85 (224.85)|204.31|97.76
893|construction of 4-lane panchgram bypass from design chainage km 15500 on nh- 37 old nh-53 at kalinagar pt.-i village to design chainage km 27300 at crossing with nh-6 old nh-44 near siddeswar pt.-i village on silchar - churaibari stretch in the state of assam on epc mode under bharatmala pariyojana in economic corridors silchar- churaibari package-2 (nhidcl) (618308) (n24002154) (10247)|assam|03/2023 (08/2024)|02/2027 (02/2027)|676.18 (728.97)|0|57.17
894|widening/lmprovement to 4-laning and greenfield alignment with paved shoulder of silchar-badarpur churaibari section of nh-37 & nh-8 from design chainage 38.600 end point of proposed badarpur bypass to km. 62.800 start point of proposed nilambazar/cheragi bypass in the state of assam on ham mode package-4 (nhidcl) (618309) (-) (10248)|assam|02/2024 (08/2025)|08/2027 (08/2027)|1319.55 (1319.55)|0|14.6
895|widening/lmprovement to 4-l of karimgani - sutarkandi section of nh 37 from design ch 0020 start of proposed karimganj bypass from nh -8 to design chainage km 14380 near sutarkandi spur connectivity to indo/bangladesh border on silchar- churaibari in the state of assam on ham mode package-7 (nhidcl) (618310) (n24002231) (10249)|assam|02/2024 (02/2025)|02/2027 (02/2027)|791.79 (791.79)|0.06|40.4
896|widening/lmprovement to 4-lane with paved shoulder for existing as well as greenfield alignment of badarpur churaibari section of nh-8 from design chainage 87.700 chandkhira to km. 106.500 churaibari section assam-tripura border in the state of assam on ham mode package-6 (nhidcl) (618311) (n24002230) (10250)|assam|03/2024 (03/2025)|03/2027 (03/2027)|870 (870)|0|31.83
897|widening/lmprovement to 4-lane with paved shoulder from existing road and greenfield alignment form design ch. 62.800 start of proposed nilambazar/cheragi bypass to design ch. 87.700 near chandkhira village of nh-8 on silchar-churaibari in the state of assam on ham mode package-5 (nhidcl) (618312) (n24002243) (10251)|assam|02/2024 (04/2025)|10/2027 (10/2027)|1258.13 (1258.13)|0|11
898|widening/lmprovement of existing 2 lane to 4-laning of karimganj-silchar section of nh-37 from design ch 0.000 near silchar isbt to design ch 15.970 near kalinagar pt i on nh-37 in assam on ham mode pkg-1 (nhidcl) (618313) (-) (10252)|assam|03/2024 (09/2025)|09/2027 (09/2027)|1181.55 (1181.55)|0|0
899|4-laning of dhanehari lailapur / vairengte section from existing chainage km 12920 to km 43000 of nh 306 design chainage km 20000 to km 49360 on silchar - vairengte sairang road in the state of assam under bharatmala pariyojna on epc mode. project length 29.360 km under nho-ne package-2 (nhidcl) (618314) (n24002128) (10253)|assam|03/2023 (02/2024)|08/2026 (08/2026)|1716.21 (1716.21)|918.32|79.34
900|4-laning of silchar - dhanehari section from existing chainage km 263800 of nh 37 to km 12920 of nh 306 design chainage km 0000 to km 20000 on silchar - vairengte - sairang road in the state of assam under bharatmala pariyojna on epc mode package-1 (nhidcl) (618315) (n24002127) (10254)|assam|02/2023 (01/2024)|07/2026 (07/2026)|1256.9 (1256.9)|550.91|55.46
901|dillai to lahorijan package-7 (nhidcl) (618325) (n24001537) (-)|assam|11/2021 (01/2023)|07/2024 (12/2025)|204.1 (204.1)|0|0
902|widening/improvement to 4-lane with paved shoulder from km 38500 to km 51246 design chainage 38500 to 50959 with proposed daboka bypass of daboka- parokhaowa of nh 29 on epc under nho-ne package-1 (nhidcl) (618326) (n24001450) (10261)|assam|01/2023 (11/2023)|11/2025 (05/2026)|516.88 (516.88)|0|97.96
903|widening/improvement to 4-lane with paved shoulder from km 113300 to km 146230 design chainage 113830 to 145712 of kwaram taro village - dillai section in assam on epc package-6 (nhidcl) (618327) (n24001450) (10262)|assam|09/2021 (07/2022)|07/2024 (03/2025)|625.64 (625.64)|0|0
904|construction of 4/6 laning from existing km 159.400 of nh-36 to existing km 102.500 of nh-39 and upto end point of assam portion [design km 118.050 to design km 132.375] total new alignment length of 14.325 km of daboka -dimapur section dimapur bypass in the state of assam under sardp-ne 'phase-a' on epc mode assam portion (nhidcl) (618330) (n24001263) (10265)|assam|03/2018 (11/2019)|11/2022 (09/2025)|511.02 (511.02)|647.21|100
905|lmprovement to 4-lane with paved shoulder from existing km 260000 design ch.4560 km to existing km ch.233000 d. ch.24560 of silchar near nutan dayapur village - budha nagar section length-20.00 km of nh-37 under package silchar- jiribam pkg-1 in the state of assam on ham mode (nhidcl) (618331) (n24002226) (10266)|assam|01/2024 (01/2025)|01/2028 (01/2028)|957.95 (957.95)|149.51|36.56
906|widening/improvement to 2-lane lane with paved shoulder from km 16900 bogapani to km 27150 golai goan on existing dibrugarh to ledo section with proposed digboi bypass green field and brownfield 2-laneps of nh-315 old nh-38 in tinsukia district under nho- ne package-4 (nhidcl) (618339) (n24002025) (-)|assam|01/2023 (12/2023)|12/2026 (-)|356.65 (356.65)|0|20.45
907|widening/improvement to 4-lane with paved shoulder from km 626030 nalani hulla gaon to km 650450 chotahapjan on existing tinsukhia -makum bypass of nh-15 old nh-37 and strengthening of existing nh-315 old nh-38 from km 0000 chotahapjan to km 16900 bogapani section 2-lane ps in assam on epcmode under nho-ne package-3 (nhidcl) (618340) (n24001419) (-)|assam|01/2023 (05/2023)|05/2025 (07/2026)|458.59 (458.59)|217.2|83.39
908|widening & upgradation to 2 lanes with paved shoulders road from tamenglong to mahur nh-137 in the state of assam starting from km 156.489 near p. leikul to km 176.410 near borowapu on epc mode under nho-ne assam portion package-10 (nhidcl) (618351) (n24001971) (10273)|assam|03/2023 (08/2023)|08/2025 (06/2026)|890.33 (693.15)|569.61|81.9
909|widening & upgradation to 2 lanes with paved shoulders road from tamenglong to mahur nh-137 in the state of assam starting from km 136.500 near hejaichak to km 156.489 near p. leikul package-9 on epc mode under nho-ne package-9 (nhidcl) (618352) (n24001970) (10274)|assam|03/2023 (08/2023)|08/2025 (06/2026)|860.37 (614.43)|528.46|87.5
910|widening & upgradation to 2-lanes with paved shoulders road from tamenglong to mahur nh-137 in the state of assam starting from km 116.480 near hangrum to km 136.500 near hejaichak package-8 on epc mode under nho-ne package 8 (nhidcl) (618353) (n24001969) (10275)|assam|03/2023 (08/2023)|08/2025 (06/2026)|904.04 (904.04)|520.05|85.2
911|wideinig & upgradation to 2-lanes with paved shoulders road from tamenglong to mahur nh-137 in the state of assam starting from km 96.870 near jiri river to km 116.550 near hangrum package-7 on epc mode package7 (nhidcl) (618354) (n24002130) (10276)|assam|12/2023 (03/2024)|03/2026 (06/2026)|846.82 (846.82)|0|85.29
912|widening/improvement to 4-lane with paved shoulder configuration of existing single lane road from srirampur near bhairiguri village to kachukhana harichara paglagaunj package-i of srirampur - dhubri section of nh-127b from existing km 0.000 to km 28.050 design km 0.000 to km 27.650, design length27.650 km under jica oda loan assistance phase-v -balance work (nhidcl) (618371) (n24001831) (10285)|assam|03/2022 (11/2024)|11/2026 (11/2026)|613.89 (613.89)|260.02|78.09
913|widening / improvement to 4-lane with paved shoulder configuration of existing single lane road from kachukhana harichara paglagaunj to dhubri - phulbari bridge approach package-ii of srirampur - dhubri section of nh-127b from existing km 28.050 to km 55.060 design km 27.650 to km 54.154, design length26.504 km under jica oda loan assistance phase-v [srirampur - dhubri pkg-2] (nhidcl) (618372) (n24001544) (10286)|assam|03/2022 (01/2023)|01/2025 (06/2025)|909.02 (909.02)|638.5|100
914|construction of 4-lane bridge including approaches over river brahmaputra between dhubri on north bank,assam and phulbari on south bank,meghalaya on nh-127b under jica oda loan assistance phase-iii (nhidcl) (618373) (n24001326) (10287)|assam|05/2019 (12/2020)|09/2028 (09/2028)|4997.04 (4997.04)|2808.4|74.36
915|4-laning from rangagara to kaliabor tiniali from km 297.00 to km 315.315 of nh-37 on epc basis under sardp-ne in state of assam (nhidcl) (618435) (n24000438) (-)|assam|01/2016 (10/2017)|04/2020 (06/2026)|386.51 (386.51)|352.16|97.13
916|4-laning of jamugurihat to end of biswanath chariali by-pass from km 182.000 to km 208.000 of nh-52 on epc mode in state of assam under sardp-ne (nhidcl) (618436) (n24000431) (10310)|assam|03/2015 (12/2016)|06/2019 (07/2025)|599 (599)|405.02|100
917|construction of balance work of 4-laning of nh-37 section between end of moran bypass to bogibeel junction near lapetketa km. 561.700-km. 580.875 under sardp- ne, phase 'a' in the state of assam on epc mode pkg-i road works & toll plaza (nhidcl) (618437) (n24000583) (-)|assam|01/2016 (09/2024)|03/2025 (08/2025)|274.34 (274.34)|90.6|100
918|4-laning of nh-37 section between demow to end of moran bypass from km. 534.800 to km. 561.700 including emergency landing facility elf under sardp-ne, phase 'a' in the state of assam on epc mode (nhidcl) (618438) (n24000582) (-)|assam|01/2016 (01/2023)|07/2024 (08/2025)|385.57 (385.57)|145.89|100
919|construction of balance work of 4-laning of the section from jorhat to jhanji of nh- 37 old from km 453000 to km 463000 10.000 km, under sardp- ne under epc mode in the state of assam pkg-i road works (nhidcl) (618439) (n24000319) (-)|assam|01/2024 (02/2024)|08/2024 (-)|478.3 (478.3)|0|96.79
920|construction of balance work of 4-laning of the section from jhanji to demow of nh- 37 old from km 490.800 to km 534.800, under sardp- ne on epc mode in the state of assam pkg- iv structures & toll plaza (nhidcl) (618440) (n24000320) (-)|assam|01/2016 (10/2024)|10/2025 (-)|187.09 (100.22)|0|0
921|construction of balance work of 4-laning of the section from jhanji to demow of nh- 37 old from km 490.800 to km 501.800 11.000 km, under sardp- ne under epc mode in the state of assam pkg-i road works (nhidcl) (618441) (n24000320) (-)|assam|01/2016 (10/2024)|09/2025 (-)|467.79 (476.5)|72.13|0
922|construction of balance work of the 4-laning of the section from jorhat to jhanji of nh-37 old from km 477.000 to km 490800 13.800 km, under sardp- ne under epc mode in the state of assam pkg-iii road works (nhidcl) (618442) (n24000319) (-)|assam|01/2024 (02/2024)|08/2024 (-)|358.72 (358.72)|0.07|99.05
923|construction of balance work of the 4-laning of the section from jorhat to jhanji of nh-37 old from km 463.00 to km 477.000 14.000 km, under sardp- ne under epc mode in the state of assam pkg-ii road works (nhidcl) (618443) (n24000319) (-)|assam|01/2024 (02/2024)|08/2024 (-)|438.44 (438.44)|0|95.86
924|construction of balance work of the 4-laning of the section from jorhat to jhanji of nh-37 old from km 453.000 to km 490.800, under sardp- ne , under epc mode in the state of assam pkg-iv structures & toll plaza (nhidcl) (618444) (n24000319) (-)|assam|01/2024 (02/2024)|08/2024 (-)|279.01 (279.01)|0|94.73
925|earthwork in formation, road work, construction of bridges, blanketing, p. way linking works including supply of p. way fittings and track ballast in connection with construction of railway siding from jogighopa railway station to mmlp at jogighopa from ch. 00 to 3760 on item rate basis package -3, railway siding from jogighopa railway station to mmlp (nhidcl) (618454) (n24002030) (10313)|assam|02/2020 (12/2020)|06/2022 (09/2024)|693.97 (693.97)|37.6|93.23
926|development of external trunk connectivity and internal infrastructure works at multi model logistics parkmmlp at jogighopa in the state of assam on epc mode package-i road and utility works (nhidcl) (618455) (n24002030) (10314)|assam|02/2020 (09/2020)|04/2022 (09/2024)|693.97 (693.97)|296.96|100
927|6l standalone flyovers at raha, demow, borghat, kathiatali junctions and rob at jagiroad on stretches of nh 36 and nh 27 (national highways authority of india [nhai]) (618576) (n24001545) (-)|assam|03/2022 (12/2022)|06/2024 (-)|280.75 (255.53)|211.79|99.04
928|guwahati ring road in the state of assam (national highways authority of india [nhai]) (618934) (-) (-)|assam|08/2024 (01/2026)|01/2030 (01/2030)|5729.47 (5729.47)|3.15|0
929|2l with es of yagyi - kalewa section from milepost 40/0 to milepost 115/5 in myanmar (national highways authority of india [nhai]) (618958) (-) (10693)|assam|12/2017 (05/2018)|06/2023 (07/2027)|1200.14 (1200.14)|0|52
930|construction of balance work of 4-laning of the section from jhanji to demow of nh- 37 old from km 501.800 to km 514.800 13.000 km, under sardp- ne under epc mode in the state of assam pkg-ii road works (nhidcl) (619013) (n24000320) (10807)|assam|10/2014 (10/2024)|01/2026 (-)|508.76 (542.87)|58.12|47.34
931|construction of 4-lane badarpur bypass from design chainage km 27300 at crossing with nh-6 old nh-44 near siddeswar pt.-i village to design chainage km 38600 on nh-37 old nh-44 at kandigram chaita village on silchar - churaibari stretch in the state of assam on epc mode under bharatmala pariyojana in economic corridors silchar- churaibari pkg-3 (nhidcl) (619057) (n24002129) (11755)|assam|02/2023 (02/2024)|08/2026 (08/2026)|574.26 (574.26)|316.32|71.09
932|construction of balance work of 4-laning of the section from jhanji to demow of nh- 37 old from km 514.800 to km 534.800 20.000 km, under sardp- ne under epc mode in the state of assam pkg-iii road works (nhidcl) (619060) (n24000320) (11756)|assam|10/2014 (10/2024)|09/2025 (-)|344.71 (619.7)|46.37|62.9
933|balance work of 4l of narimbanglojatinga junction- harangajoroad section from km 0.000 to km 49.230 of nh-27 (nhai) (619089) (n24001547) (11770)|assam|03/2022 (01/2023)|01/2026 (06/2026)|1909.98 (2745.74)|1307.33|93.08
934|construction of proposed 4lane revelgunj bypass nh-19 in the state of bihar on epc mode connecting nh 19 to 85 origin (morth) (617897) (n24001879) (-)|bihar|03/2022 (07/2023)|07/2025 (06/2026)|295.24 (295.24)|33.07|81.7
935|widening & strenthening from km132.895 to km 190.15 nh-80 (morth) (617958) (n24001876) (10151)|bihar|03/2021 (11/2022)|11/2024 (07/2026)|566.1 (566.1)|251.12|95
936|rehabilitation & widening work for 2 lane with paved shoulder of existing nh-80 from km 70.15 to km 121.025 of munger-suttanganj -bhagatpurmirzachowki section on epc mode in the state of bihar. (morth) (617959) (n24001875) (-)|bihar|03/2021 (02/2023)|01/2025 (-)|477.54 (477.54)|311.39|95.66
937|gaya-hisua-rajgir-nalanda-biharsharif section km0.00 to 92.935 nh-82 (morth) (617961) (n24000579) (10152)|bihar|01/2014 (11/2016)|11/2019 (07/2026)|1408.85 (2138.16)|0|97
938|rehabilitation and upgrading to 2 lanes/2-lane with paved shoulders configuration and strengthening of of birpur and bihpur section from km 0.0 to km 106 of nh 106 under phase i of national highways interconnectivity improvement projects nhiip icb no. nhiip-br-106-7 [nhiip-br-106-7] (morth) (617966) (n24000382) (10153)|bihar|01/2014 (10/2016)|10/2019 (05/2026)|780.77 (961.33)|0.04|99.74
939|construction of 4 lane rob and its approaches at the level crossing lc no 29 b of km 29 ekangarsarai at nh 110 new nh 33 & railway km 32.63 at fatwa fut islampur ipr section in the state of bihar on epc mode. (morth) (617969) (n24002193) (-)|bihar|03/2023 (07/2024)|07/2026 (07/2026)|201.08 (201.08)|0.01|58
940|construction of bhabhua bypass from ch. 10800design ch. 10800 to ch. 19860 design ch. 18150 and chand bypass from ch. 38060 design ch. 36250 to ch. 40460 design ch. 38650 and widening of existing road to 2 - lane with paved shoulder from ch. 40460 design ch. 38650 to ch. 46860 design ch. 45050 of nh-219 total length- 16.150 kmunder epc mode in the state of bihar (morth) (618004) (n24001545) (-)|bihar|02/2022 (01/2025)|07/2026 (04/2027)|179.86 (179.86)|0|0.05
941|sheohar-sitamarhi section km 40.000 to 79.400 km lot-i (morth) (618005) (n24001647) (-)|bihar|02/2016 (05/2016)|05/2018 (06/2026)|178.85 (278.53)|0|98.65
942|sitamarhi-jaynagar section km 79.400 to km 156.500 lot-ii (morth) (618006) (n24001590) (10161)|bihar|02/2016 (06/2016)|12/2018 (06/2026)|369.77 (503.28)|0|98.78
943|jaynagar-narahia section km 156.500 to km 219.945 lot-iii (morth) (618007) (n24001792) (10162)|bihar|02/2016 (05/2016)|11/2018 (06/2026)|553.3 (706.39)|0|99
944|improvement to two lane with paved shoulder from junction of nh22 near hajipur to junction of nh -122 at bachhwara via mahnar and mohiuddin nagar from km 0.00 to km 29.730 of nh 122 b in the state of bihar. (morth) (618073) (n24002197) (-)|bihar|02/2024 (08/2024)|02/2026 (12/2026)|226.16 (226.16)|0|44
945|pre construction activity of nh 122b from km 0 to 72.348 and improvement to two lane with paved shoulders of nh 122b from km 29.730 to km 72.348 in state of bihar under epc mode (morth) (618074) (n24001870) (10173)|bihar|02/2022 (05/2023)|11/2024 (06/2026)|624.43 (624.43)|153.21|91
946|improvement to two lane with paved shoulders of bh wb border amdabad manihari section from design km 0.000 to km 23.945 of nh 131 a total length 23.945 km under epc mode in the state of bihar (morth) (618080) (n24002198) (-)|bihar|01/2022 (09/2024)|03/2026 (-)|353.27 (353.27)|0|3.1
947|construction of four-lane of chausa-buxar bypass from km 45.000 to km 65.915 package - 2 in the state of bihar on epc mode. (morth) (618120) (-) (-)|bihar|09/2022 (01/2026)|01/2028 (01/2028)|1060.16 (1060.16)|0|0
948|improvement to two lane with paved shoulders of nh-319a from km 0 to km 45 in state of bihar under epc mode (morth) (618121) (n24001878) (-)|bihar|02/2022 (06/2023)|12/2024 (07/2026)|427.29 (427.29)|178.43|93
949|pre-construction activities from km 134.000 to km 190.233 of nh-333a and construction of 4 no. of bypasses at katoria, lakhpura, banka & panjwara total length-14.359 km to two lane with paved shoulders standard in state of bihar. (morth) (618126) (-) (-)|bihar|11/2022 (12/2024)|12/2026 (12/2026)|479.37 (479.37)|0|58
950|estimate for improvement to two lane with paved shoulder from ramnagar to roseda from km 3.500 to 43.000 of nh 527 e on epc mode in state of bihar (morth) (618146) (n24001323) (-)|bihar|01/2022 (10/2024)|04/2026 (04/2027)|495.16 (495.16)|0|33
951|construction of a new 4 lane parallel to existing mg setu with its approaces from km 0.00 to km 14.500 across river ganga on nh-19 at patna in the state of bihar. (morth) (618228) (n24001201) (10221)|bihar|02/2019 (03/2021)|09/2024 (06/2027)|2926.42 (2926.42)|0|72.51
952|construction of a new 4-lane major bridge across river kosi at phulaut including rehabilitation and upgradation of existing birpur and bihpur section of nh-106 from km 106.000 to km 136.000 to 2-lane with paved shoulders in the state of bihar on epc mode (morth) (618234) (n24000943) (10223)|bihar|09/2018 (06/2021)|06/2024 (02/2027)|1478.4 (1478.4)|823.93|94.2
953|construction of new 4-lane bridge parallel to existing vikramashila setufrom km 8920 to km 13375including approach road 35m naugachhia side &53 m bhagalpur sideacross river ganga on newly declared nh-131b at bhagalpur in the state of bihar (morth) (618246) (n24001877) (10226)|bihar|07/2020 (05/2023)|05/2027 (05/2027)|1110.23 (1110.23)|0|49.78
954|construction of 6-lane elevated / extra dose cable bridge on river ganga parallel to & western side of digha-sonepur rail cum-road bridge of nh 139w in the state of bihar (morth) (618250) (n24002194) (10228)|bihar|01/2024 (05/2024)|11/2027 (12/2028)|3064.45 (3064.45)|0|10.69
955|improvement and up gradation to four lane with paved shoulder configuration from existing km 0000 to km 39500 design km 0500 to km 40342, design length km of nh 227a near mehrauna ghatup bihar border to siwan on the state of bihar on hybrid annuity model ham basis (morth) (618251) (-) (10229)|bihar|03/2023 (09/2025)|03/2028 (03/2028)|1661.25 (1661.25)|0|5.52
956|balance work - wb-10 gandak bridge km 402.00 to km 440.00 devanpur - kotwa (national highways authority of india [nhai]) (618569) (n24002063) (-)|bihar|11/2021 (07/2022)|01/2024 (12/2026)|210.05 (358.3)|116.29|64.05
957|4l elevated highway and at grade improvements at gopalganj town from km. 384.000 to km. 386.750 on nh-27 (national highways authority of india [nhai]) (618570) (n24001702) (-)|bihar|10/2021 (03/2022)|08/2024 (04/2026)|325.57 (248.92)|225.44|99.78
958|permanent rectification of 3 nos. of black spots in project highway nh-27 of u.p border - dewapur - kotwa section from km.360.915 to km.440.000 total length of 79.085 km of nh-27& permanent rectification of 5 nos. of black spots of project highway nh-27 of kotwa - mehsi - muzaffarpur section from km.440.000 to km.520.000 total length 80.00km (national highways authority of india [nhai]) (618571) (n24002064) (-)|bihar|04/2022 (12/2023)|12/2025 (07/2026)|227.25 (321.23)|224.1|80.46
959|4l of galgalia - bahadurganj section from km 0.000 to km 49.000 package-i of nh327e (national highways authority of india [nhai]) (618582) (-) (10418)|bihar|01/2021 (01/2022)|01/2024 (-)|1282.97 (1282.97)|599.36|100
960|4l of bahadurganj araria section from km 49.000 to km 94.000 package-ii of nh- 327e (national highways authority of india [nhai]) (618583) (-) (10419)|bihar|01/2021 (01/2022)|01/2024 (05/2024)|1358.77 (1358.77)|713.95|100
961|6l greenfield varanasi-ranchi-kolkata highway from pachmon village to anarbansalea village from km. 116000 to km. 151200 package-6 (national highways authority of india [nhai]) (618725) (-) (10520)|bihar|03/2023 (09/2025)|09/2027 (09/2027)|1915.99 (1920.21)|64.59|10.38
962|6l greenfield varanasi-ranchi-kolkata highway from junction with chandauli- chainpur road near khainti village to junction with bhabhua-adhaura road near palka village from km. 27.000 to km. 54.000 pkg-2 (national highways authority of india [nhai]) (618726) (-) (10521)|bihar|03/2023 (10/2025)|10/2027 (10/2027)|1240.93 (1341.52)|103.25|14.08
963|6l greenfield varanasi-ranchi-kolkata highway from junction with bhabhua-adhaura road in bhairopur village to konki village from km. 54.000 to km. 90.000pkg-3 (national highways authority of india [nhai]) (618727) (-) (10522)|bihar|03/2023 (10/2025)|10/2027 (10/2027)|1576.94 (1711.44)|123.3|16
964|6l bridge and its approaches across river ganga as part of patna ring road nh- 131g starting from km 8.480 near sherpur to km 23.000 near dighwara (national highways authority of india [nhai]) (618738) (n24002062) (10527)|bihar|09/2022 (09/2023)|09/2027 (03/2029)|6291.69 (3351.62)|581.87|19.02
965|4l greenfield alignment of amas to shivrampur from 0.000 km. to 55.002 km. of nh 119 d pkg-i (national highways authority of india [nhai]) (618739) (n24002065) (10528)|bihar|02/2022 (03/2023)|03/2025 (09/2026)|1390.92 (1427.43)|341.86|45.35
966|4l greenfield alignment of shivrampur to ramnagar from km. 55.002 to km. 109.300 of nh 119 d pkg-ii (national highways authority of india [nhai]) (618740) (n24002066) (10529)|bihar|02/2022 (07/2023)|07/2025 (06/2027)|1494.31 (1546.07)|264.72|43.6
967|4l greenfield alignment from kalyanapur to tal dashraha of nh-119d pkg-iii (nhai) (618741) (n24001697) (10530)|bihar|03/2022 (02/2023)|02/2025 (06/2027)|1857.58 (1969.3)|416.74|32.17
968|construction of 6-lane greenfield corridor from ramnagar to kacchi dargah nh-119d from km 109700 to km 122300, including widening of the existing nh-31 from km 196700 to km 198600, as part of the amas-darbhanga. (national highways authority of india [nhai]) (618742) (-) (12151)|bihar|01/2025 (04/2026)|04/2028 (04/2028)|1113.46 (1113.46)|1.31|0
969|ara - mohania pkg-ii (national highways authority of india [nhai]) (618774) (n24001712) (10551)|bihar|08/2020 (01/2021)|07/2023 (11/2025)|984.63 (827.51)|798.12|100
970|ara bypass (national highways authority of india [nhai]) (618775) (-) (-)|bihar|03/2025 (10/2025)|04/2027 (04/2027)|226.32 (226.32)|1.94|15.93
971|4l of aurangabad-paithan (nhai) (618779) (n24001795) (-)|bihar|09/2022 (01/2023)|07/2024 (05/2026)|1505 (349.96)|305.59|96.5
972|construction of four laning of bakarpur- manikpur road section starting from village chitarsenpur km 0000 and terminating at sh-74 near manikpur 38814 at nh-139w under bharatmalapariyona (national highways authority of india [nhai]) (618790) (-) (10564)|bihar|03/2023 (10/2024)|04/2027 (09/2027)|1422.37 (1537.99)|273.52|41
973|4l ps under nh configuration of manikpur-sahebganj of nh-139w (national highways authority of india [nhai]) (618791) (-) (-)|bihar|10/2024 (01/2026)|12/2027 (12/2027)|1538.76 (1538.76)|95.18|17.16
974|aunta - simaria including ganga bridge (national highways authority of india [nhai]) (618839) (n24000696) (10601)|bihar|01/2017 (08/2018)|02/2022 (04/2026)|1309.47 (2107.68)|812.81|100
975|simaria km. 206.050 to khagaria km. 266.282 (national highways authority of india [nhai]) (618840) (n24000480) (10602)|bihar|12/2015 (10/2016)|04/2019 (07/2026)|664.02 (891.64)|351.77|97.67
976|4l elevated section and at-grade improvements at begusarai town simaria - khagaria section from km. 221.047 to km. 225.302 of nh-31 (national highways authority of india [nhai]) (618841) (n24001699) (-)|bihar|10/2021 (06/2022)|12/2024 (06/2026)|491.04 (348.38)|342.96|93.88
977|bakhtiyarpur-rajauli pkg-ii from km. 54.405 to km.101.630 (national highways authority of india [nhai]) (618861) (n24001709) (10616)|bihar|09/2020 (04/2021)|07/2023 (05/2026)|897.45 (1397.47)|897.09|97.85
978|bakhtiyarpur-rajauli pkg-iii from km. 101.630 to km.152.520 (national highways authority of india [nhai]) (618862) (-) (10617)|bihar|09/2020 (12/2021)|06/2024 (05/2026)|2156.22 (3046.61)|1668.28|99.14
979|maheshkunt-saharsa-purnea pkg i km 0.00 to km. 90.00 of nh-107 (national highways authority of india [nhai]) (618902) (n24000723) (10651)|bihar|02/2017 (12/2019)|12/2021 (09/2026)|662.44 (1311.22)|933.08|85.25
980|maheshkunt -saharsa-purnea pkg ii (national highways authority of india [nhai]) (618903) (n24000665) (10652)|bihar|03/2017 (12/2018)|12/2020 (09/2026)|1028.28 (1244.09)|831.69|91.03
981|chhapra - hajipur from km. 143.200 to km. 209.200 (national highways authority of india [nhai]) (618904) (n24000187) (10653)|bihar|07/2010 (01/2011)|07/2013 (04/2026)|2127.86 (2171.6)|98.07|89.81
982|widening with additional 3l abetting chhapra bypass section of nh-19 from km. 143.200 to km. 159.255 pkg-1 (national highways authority of india [nhai]) (618905) (-) (10654)|bihar|02/2024 (08/2024)|08/2026 (08/2026)|470.5 (528.48)|243.02|68.87
983|4l elevated corridor and at-grade improvements from design ch0000 to design ch 19870 of danapur bihta section, design ch0000 to design ch0231 connecting the existing rob near danapur station ,1.35 km ramps and at-grade improvements to 4- lane section on danapur side and upgradation of existing two lane carriageway to four lane carriageway from design ch19870 to design ch23500 of bihta - koilwar section (national highways authority of india [nhai]) (618914) (-) (10661)|bihar|10/2022 (03/2024)|09/2026 (08/2027)|4432.97 (2625.4)|1371.21|54.99
984|4l of bal. works of patna - gaya -dobhi pkg-ii from km. 39.00 to km. 83.00 of old nh- 83 (national highways authority of india [nhai]) (618915) (n24001304) (10662)|bihar|09/2019 (11/2020)|11/2022 (05/2025)|1637.29 (777.2)|728.91|89.01
985|4l of bal. works of patna - gaya -dobhi pkg-iii from km. 83.00 to km. 127.217 of old nh-83 (national highways authority of india [nhai]) (618916) (n24001305) (10663)|bihar|09/2019 (11/2020)|11/2022 (05/2025)|1077.46 (799.7)|774.78|92
986|4l greenfield starting from nh-30 near saristabad patna to nathupur project end point of patna-gaya-dobhi section of nh-83 (national highways authority of india [nhai]) (618917) (-) (-)|bihar|07/2023 (03/2024)|08/2025 (06/2026)|488.24 (419.66)|82.7|80.83
987|4l of siwan- masrakh section of ram janki marg from km 230.385 to km 281.391 of nh-227a (national highways authority of india [nhai]) (618926) (-) (10670)|bihar|08/2022 (11/2024)|11/2026 (11/2028)|1431.36 (1927.04)|190.58|10.07
988|umagaon-saharsa package-iv koshi bridge & approach road - bheja-bakaur (nhai) (618953) (n24001371) (10689)|bihar|02/2019 (02/2020)|08/2023 (03/2027)|1199.58 (1223.94)|1120.87|89.23
989|umagaon - saharsa package - i combined umagaon-kaluahi0.000km to 21.609km of nh227lsaharghat-rahika0.000 km to 26.130km of nh227jrahika-rampatti 0.00 km to 15.00km of nh527abideshwarsthan-bheja0.000km to 25.915km of nh527a. (nhai) (618954) (-) (10690)|bihar|08/2022 (01/2025)|07/2027 (07/2027)|1473.2 (1703.02)|586.95|16.41
990|2l ps of majhauli to charout section from km. 0.00 to km. 63.655 (nhai) (618955) (n24000813) (10691)|bihar|01/2018 (11/2019)|11/2021 (05/2026)|638.29 (1067.51)|622.86|99.66
991|construction of major bridge over baghmati and lakhandei river along with approaches from design km.16.500 to km.21.500 (nhai) (618956) (-) (-)|bihar|02/2024 (10/2024)|04/2027 (04/2027)|498.97 (380.3)|43.95|20.42
992|4l of greenfield alignment from km. 47.000 to km. 89.210 of balbhadarpur to bela nawda section of nh-119d (nhai) (619127) (-) (11796)|bihar|03/2022 (03/2024)|03/2026 (08/2027)|2185.75 (2118.46)|373.63|24.67
993|rehabilitation and upgradation of chorma - bairgania section of national highway no 227f to 2 lane with paved shoulders from design ch.0.000 to ch. 34.566 (national highways authority of india [nhai]) (619136) (-) (11803)|bihar|06/2022 (02/2024)|01/2026 (05/2026)|610.78 (628.65)|328.56|99.5
994|bakhtiyarpur km 153.300 to mokama km 197.900 (national highways authority of india [nhai]) (619152) (n24000507) (-)|bihar|12/2015 (06/2017)|12/2019 (05/2026)|1182.94 (1898.84)|843.24|99.95
995|umagaon-saharsa package-v bakaur-parsarma-bangaon-bariyahi & spur to mahishi (nhai) (619166) (-) (11820)|bihar|10/2022 (12/2023)|12/2025 (05/2026)|768.35 (968.42)|410.55|99.4
996|4l of munger mirzachauki section from munger to kharia village junction from km 69520 to km 95580 pkg-1 (nhai) (619289) (-) (12091)|bihar|01/2021 (03/2022)|03/2024 (06/2026)|1659.81 (1696.66)|506.33|78.09
997|construction of approach road to rail-cum- road bridge across river ganga at munger ghat nh-333 b (nhai) (619301) (-) (-)|bihar|07/2013 (12/2018)|05/2021 (06/2026)|537.88 (633.91)|200.58|99.99
998|4l of munger mirzachauki section from start of existing bhagalpur bypass to rasulpur from km 125000 to km 157350 pkg-3 (nhai) (619305) (-) (12095)|bihar|01/2021 (04/2022)|04/2024 (06/2026)|1769.5 (2024.59)|574.08|75.04
999|4l of munger mirzachauki section from km 95580 to km 125000 pkg-2 (nhai) (619306) (-) (12096)|bihar|02/2021 (03/2022)|03/2024 (06/2026)|1020.84 (1235.65)|478.11|93.13
1000|4l of hajipur-muzaffarpur section of the existing nh-77 from km. 0000 ramashish chowk to km. 46300 and new bypass starting at km. 46300 and connecting nh-28 of e-w corridor at km. 515045 (nhai) (619317) (-) (-)|bihar|na (08/2010)|02/2013 (05/2026)|2723.39 (2906.78)|26.74|99.45
1001|muzaffarpur - sonbarsa section of nh-77 from km 2.800 to km 89.000 (nhai) (619320) (-) (-)|bihar|na (05/2011)|11/2013 (06/2026)|2290.72 (2311.1)|468.71|100
1002|bemetara bypass nh 30 (morth) (617908) (-) (-)|chhattisgarh|01/2024 (04/2025)|04/2027 (04/2027)|161.96 (161.96)|0|32
1003|construction of 4 nos grade separtor between km. 281.000 to km. 307.600 km. 286.400 kumhari km. 299.000 transport nagar km. 302.000 power house km. 304.000 chandra moura chowk to km. 305.000 supeia of nh-53 old nh-06 raipur - durg 4 lane on epc mode in the state of chhattisgarh job no. nh-53old nh-06 cg- 2017-18-56 (morth) (617919) (n24001227) (-)|chhattisgarh|03/2018 (01/2019)|01/2021 (08/2025)|349.03 (349.03)|0|97.9
1004|up-gradation to two/four lane with paved shoulder configuration of kondagaon- narayanpur from design ch. 0.00 - 48.693 design length 47.493 km. 1.20 km. retained on nh-130d under epc mode in the state chhattisgarh. (morth) (617971) (-) (-)|chhattisgarh|12/2022 (03/2025)|03/2027 (03/2027)|322.4 (322.4)|1.1|62
1005|upgradation to two lane with paved shoulder configuration of narayanpur kasturmeta pkg-ii from design ch. 48.693 to 70.453 design length21.760 km. on nh-130d under epc mode in the state of chhattisgarh. (morth) (617972) (-) (-)|chhattisgarh|12/2022 (12/2024)|06/2026 (-)|200.67 (200.67)|14.99|0
1006|strengthening and widening of existing 2 lane road to two lane paved shoulder from km 7.750 to 26.542 & km. 32.093 to 45.786 of nh-130 on epc mode in the state of chhattisgarh.job no. 130-cg-2017-18-348 (morth) (617973) (n24001228) (-)|chhattisgarh|11/2017 (05/2019)|11/2020 (02/2026)|188.8 (188.8)|102.56|97
1007|upgradation of ambikapur-ramanujganj-garwa road of nh-343, package-iii, badki mahri village to ramanujganj section from existing km 80.600 to km 110.330 design ch. 85.370 to ch. 114.800 of total length 29.430 km to two lane with paved shoulders udner corridor scheme under epc mode in the of chhattisgarh (morth) (618014) (-) (-)|chhattisgarh|03/2022 (05/2025)|10/2026 (10/2026)|199.05 (199.05)|28.95|31
1008|upgradation of keonchi - ratanpur road of nh 45 package-i, from design chainage km 237.860 to km 273.200 of length 35.340 km to two lane with paved shoulders under corridor scheme on epc mode in the state of chhattisgarh. (morth) (618015) (-) (-)|chhattisgarh|03/2022 (07/2024)|01/2026 (12/2026)|225.41 (228.93)|63.38|55
1009|upgradation of ambikapur ramanujganj - garhwa road nh 343 of package-i, rajpuri khurd village to padih village section from existing km 7.830 to km 57.650 design ch. 13.700 to ch. 62.700 of total length 49.00 km to two lane with paved shoulders under epc mode in the state of chhattisgarh (morth) (618016) (-) (-)|chhattisgarh|03/2022 (05/2025)|05/2027 (05/2027)|397.44 (397.44)|18.97|10.22
1010|upgradation of keonchi - ratanpur road of nh 45 package-ii, from design chainage km 278.75 to km 321.348 of length 42.598 km to two lane with paved shoulders under corridor scheme on epc mode in the state of chhattisgarh. (morth) (618017) (-) (-)|chhattisgarh|03/2022 (07/2024)|01/2026 (12/2026)|286 (286)|78.67|60
1011|upgradation of bilaspur-takhatpur-mungeli-pandariya-pondi road on n.h.-130a package iiia takhatpur by-pass from existing ch. 26.542 to 32.093 [design ch. 18.700 to 25.900] & mungeli by-pass from existing ch. 45.786 to 56.275 [design ch. 29.600 to 51.600] and package iiib pandariya by-pass from existing ch. 82.582 to 87.133 [design ch. 77.900 to 81.1000 & pondi by-pass from existing ch. 103.166 to 104.756 [design ch. 97.000 to 103.395] to two lane with paved shoulder configuration in the (morth) (618018) (-) (-)|chhattisgarh|03/2022 (01/2024)|07/2025 (12/2026)|351.19 (351.19)|11.48|10
1012|up-gradation of nh-930 sherpar to kohka from km.67880 to km.114860 to 2lps in chhattisgarh under epc mode (morth) (618064) (n24001917) (-)|chhattisgarh|03/2020 (05/2022)|05/2024 (-)|278.97 (278.97)|201.05|90
1013|up-gradation of nh-130c abhanpur to paund from nh km. 0000 to km 40380 to two lane with paved shoulders in the state of chhattisgarh on epc mode. (morth) (618078) (n24001919) (-)|chhattisgarh|12/2020 (03/2022)|09/2023 (02/2026)|193.16 (193.16)|97.78|85
1014|durg-raipur bypass section package - 1 from km. 0.00 to km. 44.50 near tendesara to near khatti village (national highways authority of india [nhai]) (618589) (n24002045) (10422)|chhattisgarh|06/2022 (07/2023)|07/2025 (05/2026)|1828 (1656.73)|690.27|69.87
1015|durg-raipur-arang package - 2 from km. 44.50 to km. 92.23 near khatti village to near aurang (national highways authority of india [nhai]) (618590) (n24002046) (10423)|chhattisgarh|06/2022 (06/2023)|05/2025 (12/2026)|1958.9 (1561.97)|583.62|68.7
1016|4l of bilaspur to urga km 0.00 to 70.2 of nh-130a (national highways authority of india [nhai]) (618639) (n24001611) (10457)|chhattisgarh|04/2020 (03/2022)|03/2024 (07/2026)|1855.59 (2523.86)|1290.88|94.81
1017|4l of urga - pathalgaon from km. 70.200 to km. 157.745 of nh-130a (national highways authority of india [nhai]) (618640) (-) (10458)|chhattisgarh|03/2022 (02/2024)|08/2026 (08/2026)|2261.3 (2860.36)|939.34|72.77
1018|development of 6l of jhanki sargi section road from km 0.000 to km 42.800 of nh- 130cd pkg-cg-1 (national highways authority of india [nhai]) (618673) (n24001593) (10476)|chhattisgarh|11/2021 (09/2022)|09/2024 (01/2027)|1368.19 (1129.14)|654.33|98.39
1019|development of 6l sargi basanwahi section from km 42.800 to km 99.500 of nh- 130cd pkg-cg-2 (national highways authority of india [nhai]) (618674) (n24001588) (10477)|chhattisgarh|12/2021 (01/2023)|01/2025 (05/2026)|1470.73 (1461.81)|756.05|99
1020|development of 6l of basanwahi marangpuri section from km 99.500 to km 124.661 of nh-130-cd (national highways authority of india [nhai]) (618675) (n24002017) (10478)|chhattisgarh|03/2022 (10/2023)|10/2025 (03/2027)|1307.16 (1303.63)|456.22|63.66
1021|conversion of partially excavated escape tunnel to uni-directional 2l tunnelincluding construction of cross passages and approach roads on either side of the tunnel from km 12.732 to km 14.568 of kiratpur to nerchowk section of nh-21 (national highways authority of india [nhai]) (618849) (n24001809) (-)|chhattisgarh|05/2022 (09/2022)|03/2024 (05/2026)|444.21 (412.88)|394.65|100
1022|4 laning of champa - korba from km 0.00 to km 38.2 (national highways authority of india [nhai]) (618957) (-) (10692)|chhattisgarh|02/2021 (01/2022)|01/2024 (05/2026)|1002.33 (1304.47)|780.84|98.75
1023|4/6 laning of raipur-simga pkg-i from km. 0.00 to km. 48.58 (national highways authority of india [nhai]) (619103) (-) (-)|chhattisgarh|10/2015 (04/2016)|04/2018 (05/2026)|1096.52 (1172.36)|107.31|100
1024|4 laning with ps of pathrapalli-katghora km 53.3 to km 92.6 pkg-ii of bilaspur kathghora (national highways authority of india [nhai]) (619167) (-) (11821)|chhattisgarh|12/2019 (12/2020)|12/2022 (06/2026)|865.1 (1275.26)|587.68|93.1
1025|widening of existing road from intermediate lane 2-lane to 4-lane between km 19.994 to km 35.180 of nh-848a rakholi-khadoli-velugam section in u.t. of dadra and nagar haveli and daman and diu (morth) (619183) (-) (-)|dadra & nagar haveli and daman & diu|10/2022 (02/2024)|02/2026 (-)|198.06 (239.57)|73.03|52
1026|development of 6l uer ii [package - i] nh-1 near bakoli till karala kanjhawala road from km. 0.70 to km.15.00 (national highways authority of india [nhai]) (618509) (n24001777) (10365)|delhi|07/2020 (10/2021)|10/2023 (05/2026)|2089.94 (2203.45)|1803.73|99.99
1027|6l access controlled highway from dnd maharani bagh - jn. with jaitpur - pushta road of nh-148na from km. 0.00 to km. 9.00 in ncr (national highways authority of india [nhai]) (618578) (n24001773) (10414)|delhi|07/2020 (01/2022)|07/2024 (05/2026)|1467.44 (2510.34)|1615.84|98.25
1028|8l of dwarka expressway pkg-ii rub near dwarka sector 21-dl/hr border from 5.300 km.to 9.500 km. of nh-248bb (national highways authority of india [nhai]) (619090) (n24001781) (11771)|delhi|01/2018 (10/2019)|10/2021 (05/2026)|2067.67 (2670.22)|1909.28|100
1029|dwarka expressway from km -0.600 to km 5.300 - pkg-i shivmurti chowk-rub near dwarka sector 21 (national highways authority of india [nhai]) (619202) (-) (11893)|delhi|03/2018 (09/2020)|09/2022 (05/2026)|2144.67 (3929.5)|3097.34|98.8
1030|4-laning from end of zuari approaches to start of margao bypass section of nh-66 from km 536.800 to km 543.450 (morth) (617941) (-) (-)|goa|07/2024 (02/2026)|02/2028 (02/2028)|398.25 (398.25)|0|0
1031|construction of six lane elevated corridor from km. 508.000 to km. 513.150 including approaches on nh-66 (morth) (617942) (n24002181) (10145)|goa|04/2023 (04/2024)|04/2026 (10/2026)|641.46 (641.46)|0|90.59
1032|construction of 4l flyover from mes college junction to bogmalo junction on nh- 566 from km. 7.106 to km. 10.460 and 4l vup at queeny nagar junction from km. 3.330 to km. 4.550 (national highways authority of india [nhai]) (618609) (-) (-)|goa|01/2024 (08/2024)|07/2026 (05/2027)|463.08 (316.28)|127.09|43.75
1033|up-gradation of dhoraji-jamkandorna-kalavad section of nh-927d from design chainage km 0/00 to km 58/115 to two lane with ps configuration in the state of gujarat on epc (morth) (617906) (n24002118) (-)|gujarat|10/2022 (01/2025)|01/2027 (01/2027)|246.6 (291.19)|0|35
1034|work of 6 laning/construction of elevated corridor from km 0/0 to 10/170 narol junction to sarkhej junction including 4 lane shastri bridge on sabarmati river on nh 47 in the state of gujarat on ham mode (morth) (617916) (-) (10137)|gujarat|03/2024 (08/2025)|02/2028 (02/2028)|1295.39 (1295.39)|0|26
1035|construction of new 4 lane major bridge with approaches on sabarmati river near dharoi at km. 82/00 to 86/00 design length 3.300 km on nh-58 in the state of gujarat on hybrid annuity mode ham (morth) (617926) (-) (-)|gujarat|03/2024 (08/2025)|08/2027 (08/2027)|398.4 (398.4)|0|33
1036|widening to 2lps between km 0/0 to 56/0 khokhara gujarat border vijayanagar antrasuba mathasur road of nh 58 in the state of gujarat (morth) (617927) (-) (10140)|gujarat|03/2024 (09/2025)|09/2027 (09/2027)|699.19 (699.19)|0|24
1037|widening 2 lane to 4-lane from km 92/320 to km 115/320 vav chokdi-satlasana to to vrundavan chokdi, kheralu on nh-58 in the state of gujarat. (morth) (617928) (n24002183) (-)|gujarat|03/2022 (03/2024)|03/2026 (06/2026)|151.13 (171.27)|0|98
1038|work of development and construction of elevated corridorfrom km 38/660 to km 42/690 iscon junction to start point of approach of sanand flyover of nh-147 in the sate of gujarat (morth) (617976) (n24002182) (10154)|gujarat|03/2023 (06/2024)|06/2026 (06/2026)|530.2 (530.2)|58.29|80
1039|development of chiloda - gandhinagar- sarkhej ofnh-147 package -ii (morth) (617977) (-) (-)|gujarat|04/2018 (11/2018)|11/2020 (07/2022)|211.28 (234.44)|0|99.55
1040|upgradation to two lane with paved shoulder configuaration from km. 0/00 to 47/000 of nh 351 mahuva to badhada section in the state of gujarat (morth) (618022) (n24002118) (-)|gujarat|12/2022 (02/2024)|08/2025 (12/2026)|173.06 (219.08)|22.53|67
1041|upgradation of mehsana-visnagar-vadnagar-kheralu-idar section from km 0/00 to 81/300 of nh 168g mehsana to idar in the state of gujarattotal length 81.300 km on hybrid annuity mode ham (morth) (618107) (-) (-)|gujarat|02/2024 (12/2025)|06/2028 (06/2028)|1155.21 (1155.21)|32.09|11
1042|up-gradation and strengthening to 2laneps from km 95/500 to km 129/775 of nh 168g idar-bhiloda-samlaji in the state of gujarat length 34.275 km (morth) (618108) (n24002014) (-)|gujarat|09/2022 (12/2023)|12/2025 (05/2026)|237.28 (237.28)|0|63
1043|delhi-vadodara greenfield alignment nh-148n pkg-26 ch.696890 to ch.726390 (national highways authority of india [nhai]) (618459) (n24001515) (10318)|gujarat|09/2020 (12/2022)|08/2024 (05/2026)|1555.2 (1556.4)|1084.2|77.2
1044|delhi-vadodara greenfield alignment nh-148n pkg-28 ch.756052 to ch.781282 (national highways authority of india [nhai]) (618460) (n24001519) (10319)|gujarat|09/2020 (11/2021)|11/2023 (05/2026)|1263.38 (1266.98)|865.87|100
1045|delhi-vadodara greenfield alignment nh-148n pkg-31 ch.824920 to ch.844382 [junction near pratap nagar village - junction near dodka village] (national highways authority of india [nhai]) (618462) (n24001520) (10321)|gujarat|11/2019 (05/2021)|05/2023 (05/2026)|1644.85 (1651.14)|963.66|100
1046|vadodara mumbai expressway kim to ankleshwar phase ia - pkg v (national highways authority of india [nhai]) (618463) (n24000834) (10322)|gujarat|02/2018 (11/2019)|10/2021 (06/2026)|1324.84 (2807.48)|1248.75|91.34
1047|vadodara mumbai expressway ena -kim phase ib - pkg vi [km 217.500 to km 254.430] (national highways authority of india [nhai]) (618464) (-) (10323)|gujarat|05/2020 (12/2021)|12/2023 (05/2026)|2271.86 (4297.28)|2574.42|98.9
1048|vadodara mumbai expressway gandeva to ena phase ib - pkg vii [km 190.00 to km 217.500] (national highways authority of india [nhai]) (618465) (n24001789) (10324)|gujarat|07/2020 (11/2021)|11/2023 (05/2026)|1710.3 (3392.21)|2158.87|97.05
1049|vadodara mumbai expressway jujuwa - gandeva from km. 154.600 to km. 190.000 phase-i package-viii (national highways authority of india [nhai]) (618466) (-) (10325)|gujarat|07/2023 (08/2024)|03/2026 (11/2026)|3834.24 (3820.2)|197.13|4.85
1050|vadodara mumbai expressway karvad - jujuwa from km. 128.000 to km. 154.600 phase-i package-ix (national highways authority of india [nhai]) (618467) (-) (10326)|gujarat|07/2023 (04/2024)|10/2025 (06/2026)|2594.17 (2587.04)|212.76|21.75
1051|ahmedabad - dholera pkg i from km. 0.00 to km. 22.00 [sardar patel ring road - sindhrej village] (national highways authority of india [nhai]) (618501) (n24001443) (10359)|gujarat|05/2020 (01/2022)|01/2024 (05/2026)|1298 (1421.05)|1012.45|100
1052|ahmedabad - dholera pkg ii from km. 22.00 to km. 48.52 [sindhrej village - vejallka village] (national highways authority of india [nhai]) (618502) (n24001444) (10360)|gujarat|05/2020 (01/2022)|01/2024 (05/2026)|1415.34 (1729.69)|1354.93|100
1053|ahmedabad - dholera pkg iii from km. 48.52 to km. 71.06 [vejallka village - start of dsir zone] (national highways authority of india [nhai]) (618503) (n24001445) (10361)|gujarat|05/2020 (07/2021)|07/2023 (05/2026)|1034.04 (1155.41)|955.74|100
1054|ahmedabad - dholera pkg iv from km. 71.06 to km. 109.019 [start of dsir zone - adhelai village] (national highways authority of india [nhai]) (618504) (n24001446) (10362)|gujarat|05/2020 (12/2021)|12/2023 (05/2026)|1181.76 (1358.73)|1204.33|97.92
1055|balance work of six laning of shamlaji-motachiloda from km. 401.200 to km.494.410 section design chainage km.447.385 to km 540.595, length- 93.210 km of old nh-8 nh-48 in the state of gujarat on single percentage item rate contract (national highways authority of india [nhai]) (618507) (-) (10363)|gujarat|06/2024 (08/2024)|06/2025 (06/2026)|466.8 (501.48)|553.93|84.15
1056|construction of additional structures including approaches in vadodara surat section of nh48 between existing km. 108.000 to km. 250.000 (national highways authority of india [nhai]) (618508) (-) (10364)|gujarat|03/2024 (01/2025)|01/2027 (01/2027)|907.39 (907.39)|345.87|46.39
1057|6l with ps of samakhiyali to santalpur section from km. 339.700 to km. 430.100 of nh-27 (national highways authority of india [nhai]) (618564) (-) (-)|gujarat|01/2023 (12/2023)|12/2025 (01/2027)|1553.76 (34.34)|28.18|57.59
1058|sanchore - santalpur from km 67.000 - km 99.000 of nh-754k aj-rgbs-package-3 (national highways authority of india [nhai]) (618614) (n24001790) (10441)|gujarat|02/2020 (08/2021)|08/2023 (05/2026)|752.3 (765.25)|569.43|99
1059|sanchore - santalpur from km 99.000 - km 130.073 of nh-754k aj-rgbs-package-4 (national highways authority of india [nhai]) (618615) (n24001794) (10442)|gujarat|02/2020 (03/2021)|03/2023 (05/2026)|778.15 (835.55)|663.38|99.7
1060|4l of dhrol bypass section of nh-151a approx. length 5.7 km & widening upto 4 laning of missing link of amran section of nh-151a approx. length 6.55 km from existing ch. 42000 to 48500 of ongoing dhrol-bhadra-pipaliya section of nh-151a (national highways authority of india [nhai]) (618616) (-) (-)|gujarat|03/2024 (02/2025)|02/2027 (02/2027)|625.58 (455.54)|113.54|26
1061|pipli bhavnagar-package 1 from km 136.025 to km 169.328 (national highways authority of india [nhai]) (618699) (-) (10499)|gujarat|03/2018 (02/2019)|09/2021 (-)|819.14 (1297.38)|188.7|100
1062|upgradation to 4l ps from bhimasar, junction of nh-41 to anjar- bhuj upto airport junction from km 0.000 to km 65.478 of nh-341 (national highways authority of india [nhai]) (618787) (n24001785) (10561)|gujarat|03/2022 (01/2023)|06/2025 (09/2026)|1373.06 (1687.25)|834|96
1063|kodinar - veraval package vi from km. 221.610 to km. 263.00 of nh-8e & km. 120.900 to km. 121.150 of nh-8d (national highways authority of india [nhai]) (618833) (n24000592) (10596)|gujarat|02/2016 (02/2018)|07/2020 (05/2026)|894.01 (1127.42)|457.05|98.79
1064|4l kodinar - veraval package vi from km. 222.400 to km. 230.00 kodinar bypass of nh-8e nh 51 new (national highways authority of india [nhai]) (618834) (n24001827) (-)|gujarat|03/2022 (04/2022)|09/2023 (04/2025)|162.73 (192.01)|174.82|100
1065|4l of bal works of talaja - mahuva from 54.990 km. to 100.450 km. of old nh-8e package-ii (national highways authority of india [nhai]) (618835) (n24001792) (10597)|gujarat|08/2020 (03/2021)|09/2022 (-)|698.4 (735.51)|418.41|100
1066|4l ps divided carriageway from patan near rajpur to gojariya from km 52.000 to km 128.940 of nh-68 (national highways authority of india [nhai]) (618901) (-) (10650)|gujarat|12/2021 (03/2023)|03/2025 (08/2026)|1181.34 (1098.23)|876.25|84.7
1067|4l ps from ch. 94.030 in jabugam village to ch. 132.320 in dhamasiya village of nh-56 pkg-iii (national highways authority of india [nhai]) (618930) (-) (10674)|gujarat|03/2023 (11/2025)|11/2027 (11/2027)|1188.46 (898)|79.04|13.98
1068|4l ps from ch. 179.780 in bitada/movi village to ch. 208.900 in nasarpore village of nh-56 pkg-v (national highways authority of india [nhai]) (618931) (-) (10675)|gujarat|03/2023 (11/2025)|11/2027 (11/2027)|764.02 (566.96)|25.82|2.6
1069|6l of chiloda-naroda section from km. 540.595 to km. 555.595 of nh-8package-vii (national highways authority of india [nhai]) (619067) (-) (-)|gujarat|11/2016 (05/2017)|05/2019 (05/2026)|356.6 (463.03)|103.23|100
1070|widening to 6l of existing 4l jetpur - gondal - rajkot section from km. 117.600 to km. 185.00 on nh-27 (national highways authority of india [nhai]) (619087) (n24002035) (11769)|gujarat|03/2022 (09/2023)|09/2025 (01/2027)|2070.44 (1390.29)|914.03|69.66
1071|4l of dwarka-khambaliya-devariya section from km 203.500 to km 176.500 and from km 171.800 to km 125.000 of nh-151a (national highways authority of india [nhai]) (619137) (-) (11804)|gujarat|01/2019 (02/2020)|08/2022 (05/2026)|1024.69 (1753.95)|882.1|100
1072|four laning of una to kodinar from km. 180.478 to km. 221.610 package-v (national highways authority of india [nhai]) (619145) (-) (-)|gujarat|02/2016 (02/2017)|08/2019 (03/2025)|877.71 (1126.66)|630.51|100
1073|kagvadar - una package-iv (national highways authority of india [nhai]) (619146) (n24000569) (-)|gujarat|02/2016 (03/2017)|09/2019 (05/2026)|750.53 (955.78)|363.41|97.93
1074|4l of bal works of mahuva to kagvadar from 100.450 km. to 140.470 km. of nh-8e pkg- iii (national highways authority of india [nhai]) (619147) (n24001793) (11809)|gujarat|08/2020 (03/2021)|09/2022 (01/2026)|603.08 (628.49)|624.41|99.71
1075|4l of bhavnagar - talaja package-i from km. 6.945 to km. 54.990 of old nh-8e (national highways authority of india [nhai]) (619148) (-) (-)|gujarat|03/2016 (02/2017)|08/2019 (-)|1185.66 (1343.16)|53.18|100
1076|delhi-vadodara greenfield alignment nh-148n pkg-27 ch.729.700 to ch.756.052 (national highways authority of india [nhai]) (619197) (-) (11888)|gujarat|09/2020 (02/2022)|02/2024 (05/2026)|1185.69 (1259.27)|991.08|97
1077|delhi-amritsar-katra expressway phase-i pkg-i from jussur kheri on nh-kmp expressway to junction with rohtak-panipat road nh-709 near rukhi paani village km 0000 to km 34000 (national highways authority of india [nhai]) (618482) (-) (10340)|haryana|12/2020 (12/2021)|12/2023 (05/2026)|1866.49 (2429.9)|1081.52|99.91
1078|delhi-amritsar-katra expressway phase-i pkg-ii from junction with rohtak-panipat road nh-709 near rukhi paani village to junction with jind-panipat road nh-352a near gangana village km 34000 to km 60800 (national highways authority of india [nhai]) (618483) (-) (10341)|haryana|12/2020 (01/2022)|01/2024 (05/2026)|1533.87 (1792.53)|971.07|99.89
1079|delhi-amritsar-katra expressway phase-i pkg-iii from junction with jind-panipat road nh-352a near gangana village to junction with jind-karnal road nh-709a near alewa village km 60800 to km 91400 (national highways authority of india [nhai]) (618484) (n24001633) (10342)|haryana|12/2020 (12/2021)|12/2023 (05/2024)|1606.27 (1813.91)|631.62|79.08
1080|delhi-amritsar-katra expressway phase-i pkg-iv from junction with jind-karnal road nh-709a near alewa village to junction with ambala-kaithal-hissar road nh-152 near kharak pandwa village km 91400 to km 120250 (national highways authority of india [nhai]) (618485) (n24001634) (10343)|haryana|01/2021 (12/2021)|12/2023 (03/2024)|1306.95 (1578.66)|563.2|76.13
1081|construction of additional structures, improvement of service road & maintenance of six lane gurgaon-jaipur section of nh-48 old nh-8 between km 42700 to km 107100 in the state of haryana (national highways authority of india [nhai]) (618506) (-) (-)|haryana|05/2024 (05/2025)|05/2027 (05/2027)|401.74 (240.02)|93.89|45.02
1082|gohana - sonipat pkg-2 (national highways authority of india [nhai]) (618580) (n24001535) (10416)|haryana|01/2019 (07/2020)|07/2022 (05/2026)|1275.31 (1957.44)|734.08|97.86
1083|4l greenfield jalbhera shahbad section from km. 0.000 to km. 22.850 of nh-152g (national highways authority of india [nhai]) (618788) (n24002043) (10562)|haryana|03/2022 (06/2023)|05/2025 (05/2026)|927.22 (1173.66)|367.54|87.05
1084|4l bhiwani-hansi road section of nh-148b (national highways authority of india [nhai]) (618792) (n24002042) (10565)|haryana|11/2022 (12/2023)|12/2025 (05/2026)|1330.23 (1144.21)|440.38|99.5
1085|jagadhari - tajewala from km -0.175 to 32.337 km of nh-344 (national highways authority of india [nhai]) (618936) (n24001635) (10677)|haryana|03/2022 (02/2023)|02/2025 (05/2027)|1269.5 (919.43)|679.31|63
1086|4l ps of ambala ring road of new nh-44 (national highways authority of india [nhai]) (619080) (-) (11768)|haryana|02/2023 (10/2023)|10/2025 (09/2026)|1093.35 (1225.41)|429.79|79.34
1087|4l of jind-gohana road package-1 from km. 0.00 to km. 40.601 of nh-352 a under nho (national highways authority of india [nhai]) (619092) (-) (11772)|haryana|01/2019 (07/2020)|07/2022 (05/2026)|994.22 (1606.82)|623.68|99.97
1088|4/6l of gurgaon - pataudi - rewari from km. 0.00 to km.43.87 of nh-352w (national highways authority of india [nhai]) (619132) (n24001774) (11801)|haryana|05/2020 (11/2021)|11/2023 (08/2026)|1810.04 (1917.5)|522.34|72.5
1089|karnal ring road lot-4/pkg-1 (national highways authority of india [nhai]) (619201) (-) (11892)|haryana|11/2022 (08/2023)|08/2025 (10/2026)|1741.45 (2041.54)|461.25|91.61
1090|rehabilitation and upgradation to 2-lane/intermediate lane configuration of ashyari- shri kyari section km 50.000 to km 75.000 of nh-707 in the state of himachal pradesh under green national highways corridor project gnhcp with the loan assistance of world bank on epc mode. (morth) (618050) (n24001422) (-)|himachal pradesh|08/2020 (09/2021)|09/2023 (11/2024)|345.89 (359.56)|146.64|98.16
1091|improvement/construction of existing cl-5 road to nh intermediate lane specification with hard shoulder from km 166.000 to 203.77 net length 37.770 kms of nh-505 sumdo-kaza-gramphoo road in the state of himachal pradesh on epc mode under project deepak, bro (morth) (618215) (-) (-)|himachal pradesh|06/2021 (06/2024)|06/2027 (06/2027)|274.36 (194)|0|22.26
1092|improvement/construction of existing cl-5 road to nh intermediate lane specification with hard shoulder from km 133.000 to 166.000 net length 33.000 kms of nh-505 sumdo-kaza-gramphoo road in the state of himachal pradesh on epc mode under project deepak, bro (morth) (618216) (n24001915) (-)|himachal pradesh|03/2021 (07/2023)|06/2026 (09/2027)|230.55 (203.15)|15.16|23.24
1093|improvement/construction of existing class-5 road to nh intermediate lane specification with hard shoulder from existing km 76/340 to 134/940 design chainage from km 76/300 to 133/000 net length 56.700 kms of nh-505 sumdo-kaza- gramphoo road in the state of himachal pradesh package i (morth) (618217) (n24001916) (-)|himachal pradesh|03/2021 (05/2023)|05/2026 (08/2027)|314.67 (244.15)|76.97|60.02
1094|rehabilitation and upgradation to 2-lane configuration of kalwahn-mandi section km 208.950 to 250.592 of nh-70 in the state of himachal pradesh under green national highways corridor project gnhcp with the loan assistance of world bank on epc mode.package-3 (morth) (618230) (n24001470) (-)|himachal pradesh|08/2020 (10/2022)|04/2025 (12/2026)|314.32 (314.32)|0|67.92
1095|rehabilitation and upgradation to 2-lane configuration of hamirpur-karnohal section km 141.00 to 181.00 of nh-70 in the state of himachal pradesh under green national highways corridor project gnhcp with the loan assistance of world bank on epc mode.package-1 (morth) (618231) (n24001447) (-)|himachal pradesh|08/2020 (06/2022)|12/2024 (05/2026)|371.93 (371.93)|198.34|91.49
1096|rehabilitation and upgradation to 2-lane configuration of karnohal- kalwahn section km 181.00 to 208.950 of nh-70 in the state of himachal pradesh under green national highways corridor project gnhcp with the loan assistance of world bank on epc mode.package-2 (morth) (618232) (-) (-)|himachal pradesh|08/2020 (11/2023)|05/2026 (12/2026)|251.62 (190.02)|74.12|55.85
1097|construction of missing link from birhu to lathiani from km 35/550 design chainage km 0.000 to km 42/800 design chainage km 8.153on nh-503a including lathiani bridge on back water of govindsagar and its approaches in himachal pradesh. (morth) (618253) (-) (12090)|himachal pradesh|06/2023 (03/2026)|03/2029 (03/2029)|870.95 (896.86)|0|0
1098|nerchowk km 190.000 to pandoh including pandoh bypass km221.305 (national highways authority of india [nhai]) (618850) (n24000613) (10608)|himachal pradesh|03/2016 (01/2018)|07/2020 (05/2026)|1464.12 (1651.67)|848.66|100
1099|pandoh bypass 221.305 to takoli 242.000 of nh-21 in the state of himachal pradesh (national highways authority of india [nhai]) (618851) (-) (10609)|himachal pradesh|06/2017 (03/2018)|09/2021 (06/2026)|3419.95 (4465.94)|1923|95.62
1100|4l sundar nagar bypass from km.173.900 to km.179.600 of nh-21 (national highways authority of india [nhai]) (618852) (n24001810) (-)|himachal pradesh|02/2022 (06/2022)|06/2024 (05/2026)|191.11 (192.11)|182.17|100
1101|rehabilitation and upgradation to 4l configuration & strengthening of sihuni to rajol from km 51.000 to km 72.000 of nh-154 package-iia (national highways authority of india [nhai]) (618878) (n24002050) (10630)|himachal pradesh|03/2022 (09/2023)|09/2025 (06/2026)|696.65 (776.59)|318.08|96.6
1102|rehabilitation and upgradation to 2l ps configuration & strengthening of padhar to bijni section from km 180.000 to km 202.815 of nh-154 pkg-va (national highways authority of india [nhai]) (618879) (-) (10631)|himachal pradesh|06/2022 (11/2024)|11/2026 (11/2026)|930.86 (930.86)|339.37|92.01
1103|rehabilitation and up-gradation to 4l configuration & strengthening of thanpuri to paror section from km 85.135 to km 100.840 of nh-154 pkg-iic (national highways authority of india [nhai]) (618880) (-) (10632)|himachal pradesh|07/2022 (03/2024)|12/2025 (04/2027)|815.68 (666.79)|200.36|51.56
1104|4l ps bijni to mandi section from km 202.815 to km 208.000 of nh-20 new nh-154 of pathankot-mandi package-vb (national highways authority of india [nhai]) (618881) (-) (10633)|himachal pradesh|02/2023 (03/2025)|09/2027 (09/2027)|1113.02 (1112.39)|335.79|27.8
1105|rehabilitation and up-gradation of existing road to 2l ps from end of hamirpur bypass near chilbahal to bhangbar section from km. 138.295 to km.175.270 of nh- 88 pkg-iv (national highways authority of india [nhai]) (618888) (n24002052) (10638)|himachal pradesh|03/2022 (04/2023)|04/2025 (06/2026)|1146.19 (1358.62)|293.43|91.35
1106|4l of bhangbar near ranital to kangra bypass section of old nh-88 new nh- 303,503 up to intersection with nh-154 from km 175.270 to km 193.400 pkg-vb (national highways authority of india [nhai]) (618889) (n24001808) (10639)|himachal pradesh|03/2021 (12/2022)|12/2024 (06/2026)|1322.95 (1829.49)|824.55|97.45
1107|2l ps of hamirpur bypass from km 121.175 to km.138.295 of nh-103&3 (national highways authority of india [nhai]) (618890) (n24002051) (10640)|himachal pradesh|08/2022 (10/2023)|10/2025 (06/2026)|739.39 (754.82)|233.43|92.57
1108|4l ps from kalar bala village to nauni chowk of nh 205 from km 41.000 to km 58.450 (national highways authority of india [nhai]) (618891) (-) (10641)|himachal pradesh|01/2024 (05/2025)|05/2027 (09/2027)|1244.43 (786.91)|80.72|20.95
1109|4l of kathlighat to shakral village from km 128.835 to km 146.300 of nh- 5 shimla bypass - pkg i (national highways authority of india [nhai]) (618921) (n24002049) (10667)|himachal pradesh|03/2022 (04/2023)|04/2026 (12/2027)|1703.48 (2648.8)|980.87|54
1110|4l of shakral village to dhalli section from km 146.300 to km 156.560 shimla bypass - pkg ii and shimla connectivity from km 0.000 to km 0.725 of nh-5 (national highways authority of india [nhai]) (618922) (-) (10668)|himachal pradesh|04/2022 (03/2024)|03/2027 (12/2027)|1956.26 (2880.72)|1236.15|63.17
1111|solan - kaithlighat section of nh-22 now nh-5 from km. 106.139 to km.129.05 (national highways authority of india [nhai]) (619003) (n24000852) (10804)|himachal pradesh|03/2018 (11/2018)|05/2021 (11/2026)|881.74 (1519.53)|652.04|90.11
1112|4l of hp/punjab border - mo from km. 11.00 to km. 42.00 of old nh-20 new nh-154 package-ia (national highways authority of india [nhai]) (619153) (n24001812) (11811)|himachal pradesh|03/2021 (05/2022)|05/2024 (09/2026)|1002.11 (1363.04)|537.04|60.06
1113|construction of shopian bypass on nh-444 taking off from existing chainage km 36500 and re-joining at km 47588 of existing chainage new design ch. from km 28000 to km 36925 as 2- lane with paved shoulder in the ut of jammu & kashmir on epc mode. (morth) (618038) (-) (-)|jammu and kashmir|03/2024 (01/2026)|01/2028 (-)|224.44 (224.44)|0|3
1114|widening and strengthening to 2 lane with paved shoulder from existing ch. km 56720 to km 100820 and design ch. from km 62600 to km 106360 total length43.760 km on srinagar -baramula urinh-01 in the ut of jammu & kashmir under project beacon, border roads organization bro on epc mode. (morth) (618201) (-) (10208)|jammu and kashmir|09/2023 (11/2024)|11/2026 (-)|702.1 (702.1)|0|45
1115|construction of 2 lane with paved shoulders baramulla bypass greenfield bypass from existing ch. km 47020 to km 56720 and design ch. from 48500 to 62600 total length 14.100 km on road srinagar baramulla uri nh-01 in the ut of jammu & kashmir under project.package-iii (morth) (618202) (n24002185) (10209)|jammu and kashmir|03/2023 (09/2024)|09/2026 (-)|992.43 (992.43)|34.01|39.84
1116|construction of 4 lane with paved shoulder pattan bypass greenfield bypass from existing ch. km 24320 to km 33760 and design ch. from km 24400 to km 35300, total length 10.900 km on road srinagarbaramulla uri nh-01 in the ut of jammu & kashmir under project beacon, border roads organization bro on epc mode. package-ii (morth) (618203) (n24002179) (10210)|jammu and kashmir|03/2023 (08/2024)|07/2026 (-)|980.21 (980.21)|0.27|50.01
1117|construction of realignment between pandrass- pashkyun total length 27.10 km on road zozila-kargil -leh nh-1 to 2 lane specifications i.e. drass alignment 9.30 km kharboo realignment 6.30 km & kargil alignment 11.50 km under project vijayak bro in the ut of ladakh on epc mode (morth) (618204) (n24001999) (-)|jammu and kashmir|11/2021 (06/2023)|06/2025 (07/2026)|426.15 (426.15)|97.91|54.89
1118|construction of 4 lane with paved shoulder from existing ch. 14200 to 24320 design ch. 14200 to 24400, ch. 33760 to 42780 design ch. 35300 to 44294 & ch. 43440 to 47020 design ch. 44958 to 48500 delina flyover including construction of flyover length 1.704 km of total length 22.736 kms in aor of 760 brtf on road srinagar baramula uri nh-01 in the ut of jammu & kashmir under project beacon, border roads organization bro package-ijob no nh-1-j&k-2022-23-110 (morth) (618205) (n24001998) (10211)|jammu and kashmir|06/2022 (08/2023)|08/2025 (08/2026)|823.46 (823.46)|262.57|83
1119|widening and strengthening of rafiabad-kupwara-chowkibal-tangdhar-chamkot nh- 701 road from design ch. from 0000 to 51000 to two lanes with paved shoulders under project beacon in the ut of jammu & kashmir on epc mode package-i. (morth) (618206) (-) (10212)|jammu and kashmir|03/2024 (11/2024)|05/2027 (-)|1404.94 (1404.94)|118.37|36.5
1120|reconstruction and widening to 2 lane with paved shoulder from existing chainage km 102000 to km 134950 design chainage km 90150 to km 116980 including construction of naushera tunnel total length of tunnel 0.700 km under 31 tf on akhnoor-poonch road nh-144a in the ut of jammu & kashmir under project sampark bro on epc mode package-v job no nh-144a-j&k-2020-21-104 (morth) (618220) (n24001897) (10216)|jammu and kashmir|03/2021 (07/2022)|07/2024 (03/2026)|642.24 (572.51)|0|100
1121|rehabilitation and upgradation to 2 lane with paved shoulder from existing chainage km 166.100 to km 192.98 design chainage km 146.700 to km 162.800 including construction of bhimber gali tunnel total length of tunnel 1.100 km under 31 brtf on akhnoor-poonch roads on epc mode nh-144a package-vii (morth) (618221) (n24002180) (10217)|jammu and kashmir|09/2021 (07/2024)|07/2026 (-)|734.64 (734.64)|0|45.41
1122|widening and strengthening up gradation to 2 lane with paved shoulder from existing chainage km 192.98 to km 229.820 design chainage km 162.800 to km 198.18 under 31 brtf on akhnoor-poonch road nh-144a in the ut of jammu and kashmir under project sampark border roads organisation bro on epc mode package-viii job no nh-144a-j&k-2022-2023-111 (morth) (618222) (n24002119) (10218)|jammu and kashmir|10/2022 (01/2024)|01/2026 (09/2026)|562.45 (562.45)|137.07|70.03
1123|rehabilitation and up-gradation to 2 lane with paved shoulder from existing chainage km 64535 to km 85385 design chainage km 55800 to km 74350 under 13 tf on akhnoor-poonch road nh-144a under project sampark bro in the ut of jammu & kashmir on epc mode package-iii job no nh-144a-j&k-2019-20-79 (morth) (618223) (n24001901) (-)|jammu and kashmir|03/2020 (09/2021)|09/2023 (05/2026)|152.93 (152.93)|75.64|88.94
1124|rehabilitation and up-gradation to 2 lane with paved shoulder from existing chainage km 49150 to km 64535 design chainage km 46.450 to km 55.800 including construction of sungal tunnel total length of tunnel 2.79 km under 13 tf on akhnoor-poonch road nh-144a under project sampark bro in the ut of jammu & kashmir on epc mode package-ii job no nh-144a-j&k-2019-20-78 (morth) (618224) (n24001901) (10219)|jammu and kashmir|03/2020 (08/2021)|08/2024 (05/2026)|796.97 (796.97)|432.45|92.01
1125|rehabilitation and up-gradation to 2 lane with paved shoulder from existing chainage km 134950 to km 166100 design chainage km 116980 to km 146700 under 31 tf on akhnoor-poonch road nh-144a in the ut of jammu & kashmir under project sampark bro on epc mode package-vi job no nh-144a-j&k-2021-22-106 (morth) (618225) (n24001899) (-)|jammu and kashmir|07/2021 (07/2022)|07/2024 (06/2026)|395.25 (395.25)|144.04|89.05
1126|rehabilitation and upgradation to 2 lane with paved shoulder from existing chainage km 30.053 to km 49.150 design chainage km 30.000 to km 46.450 including kandi tunnel under 31 brtf on akhnoor-poonch road nh-144a under project sampark in the ut of jammu & kashmir epc modepackage-i job no nh-144a-j&k-2020-21-83. (morth) (618226) (n24001898) (-)|jammu and kashmir|07/2020 (11/2022)|11/2024 (06/2026)|272.49 (272.49)|157.74|94
1127|up-gradation to 2-lane with paved shoulder from km 12.850 to km20.300 of 7.450km length on goha-khellani section and a link road to goha village of 2.016 km on nh- 244 in ut of jammu and kashmir on epc mode pkg-1 (nhidcl) (618394) (n24001264) (-)|jammu and kashmir|07/2020 (10/2020)|04/2022 (10/2026)|228.39 (225.37)|163.81|94.26
1128|construction & upgradation to 2-lane with paved shoulder from design ch. km 51700 at premnagar km 66315 to km 66535 new thatri at start of km 83rd, tunnel km 82665 of 14.835 km design length on chenani-sudhmahadev-goha khellani- kishtwar-vailoo donipawa-ashajipora section of nh-244 in the ut of j&k on epc mode under nho-gen pkg - 2 (nhidcl) (618395) (n24001394) (10298)|jammu and kashmir|03/2021 (08/2021)|02/2023 (10/2026)|512.43 (512.43)|155.69|53.49
1129|construction & upgradation to 2 lane with paved shoulder from design km. 31.449 khellani ex. km 44.946 to km 51.700 prem nagar ex. km 68617 of 20.251 km length on khellani - kishtwar - chattroo section of nh-244 in the ut of j&k on epc mode under nho-gen pkg- 1 (nhidcl) (618396) (n24001323) (-)|jammu and kashmir|02/2021 (03/2021)|08/2022 (10/2024)|486.45 (486.45)|0|0
1130|widening and up-gradation to 2-lane with paved shoulder of configuration and geometric improvement from km 0.000 to km 16.990 on chenani sudhmahadev section of nh-244 in ut of jammu and kashmir to be executed on epc basis (nhidcl) (618397) (-) (-)|jammu and kashmir|03/2018 (11/2018)|11/2020 (02/2022)|255.9 (255.9)|0|0
1131|up-gradation to 2-lane with paved shoulder from km 20.300 to km 29.030 of 8.730 km length on goha-khellani section on nh-244 in ut of jammu and kashmir on epc mode package ii (nhidcl) (618398) (n24001266) (-)|jammu and kashmir|07/2020 (10/2020)|04/2022 (03/2026)|210.79 (210.79)|174.92|96.95
1132|construction of kishtwar bypass with 2 lane with paved shoulder from design km. 80.675 dulhasti to km 95.550 bandarkoot of 14.88 km & a link road to kishtwar town from 0000 to 1.871 of length1.871 km on khellani - kishtwar - chattroo section in ut of jammu and kashmir on epc mode pkg-4 (nhidcl) (618399) (n24001395) (10299)|jammu and kashmir|03/2021 (08/2021)|08/2023 (06/2027)|859.67 (859.67)|308.95|50.05
1133|construction & upgradation to 2-lane with paved shoulder from design km 67.805 at the end of km 83rd tunnel near dhrabshalla ex. km 83905 to km 80.675 start of kishtwar bypass - dulhasti ex. km 970751 of 12.870 km length on chenani- sudhmahadev-goha khellani-kishtwar-vailoo-donipawa-ashajipora seition of nh-244 in the ut of j&k on epc mode under nho-gen pkg-3 (nhidcl) (618400) (n24001341) (-)|jammu and kashmir|03/2021 (07/2021)|12/2022 (08/2025)|398.51 (398.51)|99.35|98.55
1134|up-gradation to 4-lane with paved shoulder of jammu-akhnoor road section of nh- 144a from ganesh vihar km 6.000 to khati chowk km 26.350 in ut of jammu and kashmir on epc basis pkg-3a (nhidcl) (618406) (n24000868) (-)|jammu and kashmir|03/2018 (07/2019)|07/2021 (05/2022)|322.49 (322.49)|0|0
1135|jammu-akhnoor road pkg-i (nhidcl) (618407) (n24001543) (-)|jammu and kashmir|03/2018 (01/2023)|01/2025 (06/2026)|245.3 (245.3)|82.06|68.07
1136|delhi-amritsar-katra expressway phase-ii pkg-xv [junction with hiranagar road near village gurha baildaran to junction with jammu ring road nh-244a near jakh village from km 468100 to km 503250] (national highways authority of india [nhai]) (618494) (n24001552) (10352)|jammu and kashmir|10/2021 (09/2022)|09/2024 (12/2026)|2714.95 (3716.56)|1653.54|88.87
1137|4/6l access control expressway from design chainage km 515.000 to 528.300 kunjwani to sidhra section of nh-44 and from design chainage km 550.900 to km 566.520 domel to katra section phase ii-package xvii (national highways authority of india [nhai]) (618495) (n24002061) (10353)|jammu and kashmir|06/2022 (06/2023)|06/2025 (03/2027)|2894.74 (2894.74)|810.99|62
1138|delhi-amritsar-katra expressway phase-ii pkg-xvi existing jakh vijaypur-kunjwani section of nh-44 including spur connectivity to jammu airport nh-144a [km 503500 to km 514500] (national highways authority of india [nhai]) (618496) (n24001550) (10354)|jammu and kashmir|09/2021 (09/2022)|09/2024 (09/2026)|1821.72 (2522.56)|1174.58|94.14
1139|delhi amritsar katra expressway phase-ii pkg xviii development and upgradation of four lane access control expressway from design chainage km 530.00 to km 545.300 sidhra to domel section of nh-44 (national highways authority of india [nhai]) (618497) (n24002060) (10355)|jammu and kashmir|12/2022 (11/2023)|11/2025 (03/2027)|975.38 (975.38)|564.21|62.41
1140|4l ring road/bypass around srinagar city from km 0.000 to km 42.100 phase-i (national highways authority of india [nhai]) (618541) (n24001511) (10390)|jammu and kashmir|03/2021 (08/2021)|02/2024 (07/2026)|2919.96 (2604.76)|1770.97|87
1141|4l of twin tube tunnel configuration including approaches from marog to digdol from km.154.210 to km.158.650 north bound and from km.155.940 to km.160.260 south bound of ramban to banihal pkg-i of old nh-1a new nh-44 (national highways authority of india [nhai]) (618543) (n24001627) (10391)|jammu and kashmir|07/2021 (08/2022)|08/2025 (12/2027)|1912.17 (1034.3)|357.42|27
1142|4l twin tube tunnel including approaches from digdol to khuni nallah north bound connecting with existing major bridge on nb and south bound connecting with tunnel t4 ,single tube tunnel of ramban to banihal pkg-ii of old nh-1a new nh-44 (national highways authority of india [nhai]) (618544) (n24001622) (10392)|jammu and kashmir|07/2021 (02/2022)|06/2024 (08/2026)|1401.87 (1020.99)|989.45|87.1
1143|4l of km.165.092 to km.171.855 north bound and from km.166.895 to km.173.638 south bound, excl. certain reaches of north bound and south bound of ramban to banihal pkg-iii of old nh-1a new nh-44 (national highways authority of india [nhai]) (618545) (n24001621) (-)|jammu and kashmir|07/2021 (02/2022)|08/2024 (06/2027)|614.48 (444.76)|257.32|42.8
1144|2l nh-1 from km 8.660 to km 33.775 sumbal to wayul to 4l dual carriageway nh standard as part of srinagar ring road phaseii [design ch. 41.907 to ch. 66.609] (national highways authority of india [nhai]) (618547) (n24002059) (10394)|jammu and kashmir|11/2022 (12/2023)|06/2026 (04/2027)|961 (643.64)|412.37|48.8
1145|construction of twin tube tunnels on jammu kashmir ring road nh-244a between design ch. 50600 to 51700 and design ch. 53535 to 55700 on epc mode under residual nhdp component of bharatmala pariyojna (national highways authority of india [nhai]) (618549) (n24001926) (10396)|jammu and kashmir|11/2022 (06/2023)|06/2025 (12/2026)|242.65 (731.59)|655.27|83.87
1146|corridor efficiency improvement including removal of black spots in lakhanpur - samba section of nh-44 from chainage km. 16.300 to km. 74.100 (national highways authority of india [nhai]) (618550) (n24001619) (-)|jammu and kashmir|06/2022 (12/2022)|06/2024 (09/2026)|855.74 (215.68)|197.46|74.63
1147|upgradation and strengthening of chenani to nashri section via patnitop of nh244 from km 0.000 to km 39.100 (national highways authority of india [nhai]) (618967) (-) (-)|jammu and kashmir|03/2024 (08/2024)|08/2026 (08/2026)|295.06 (295.06)|175.81|63.8
1148|construction/upgradation to 2-lane with paved shoulder from design km 95.55 bandarkoot to km. 111.06 chattroo of 15.52 km length on khellani-kishtwar-chattroo section on nh-244 in ut of jammu and kashmir on epc mode pkg-5 (nhidcl) (619038) (n24001396) (-)|jammu and kashmir|03/2021 (08/2021)|02/2023 (03/2026)|497.09 (497.09)|240.1|99.97
1149|widening and strengthening of existing paveemnt to two lane with paved shoulders from km 116.00 to km 176.355 of nh-75e in the state of jharkhand on epc mode. (morth) (618060) (n24001923) (-)|jharkhand|01/2022 (01/2023)|07/2024 (04/2026)|315.21 (315.21)|129.54|87
1150|construction of byepass around lohardaga town of nh-143a in the sate of jharkhand under epc mode. (morth) (618083) (-) (-)|jharkhand|02/2022 (01/2024)|01/2026 (09/2026)|458.78 (458.78)|0|3
1151|widening to 2-lane with paved shoulder from km 0.00 to 44.00 kuru-ghaghra section of nh-143a including re-construction of culverts and bridges. (morth) (618084) (n24001922) (-)|jharkhand|02/2020 (08/2021)|08/2023 (03/2026)|153.01 (133.67)|84.74|93
1152|widening and strengthening/reconstruction to two lane with paved shoulder/ two lane with paved shoulders with service road from km 0000 to km 42250 excluding design ch. 03220 to 04200 & 28350 to 29060 of nh-320g in the state of jharkhand under epc mode (morth) (618123) (n24001925) (-)|jharkhand|03/2022 (08/2023)|08/2025 (-)|423.18 (423.18)|4.11|0
1153|construction of 2- lane with paved shoulder from km 56.45 dharampur more to 93.050 pakur of nh-333a in the state of jharkhand on epc mode (morth) (618127) (-) (-)|jharkhand|03/2023 (11/2025)|05/2027 (05/2027)|255.73 (255.73)|0|8.5
1154|widening and reconstruction to 4-lane/4-lane with service road including structures from pokharia more at km 47.600 ex. km 50.230 to govindpur at km 62.949 ex. km 65.325 of nh-419 in the state of jharkhand on epc mode. (morth) (618242) (-) (-)|jharkhand|05/2022 (01/2024)|01/2026 (06/2026)|300.46 (300.46)|76.93|46.22
1155|construction of six lane elevated flyover including reconstruction/rehabilitation of existing pavement from km 406100 to km 411150 length 5.05 km at gobindpur area in the barwa adda panagarh section of nh-19 from km.398.240 to km.521.120 including panagarh bypass in the state of jharkhand on epc mode. (national highways authority of india [nhai]) (618535) (-) (-)|jharkhand|01/2025 (09/2025)|03/2028 (03/2028)|687.77 (442.52)|33.97|11.8
1156|4 lane of cg/jh border-gumla from km 0.000 to km 32.370 of nh-43 in the state of jhrkhand (national highways authority of india [nhai]) (618641) (-) (11882)|jharkhand|08/2024 (02/2026)|02/2028 (02/2028)|1325.8 (1325.8)|13.83|1
1157|4l of palma to gumla from km. 26.00 to km. 89.170 of nh-23 (national highways authority of india [nhai]) (618642) (n24001595) (10459)|jharkhand|03/2020 (04/2022)|03/2024 (05/2026)|1882.93 (1895.75)|891.94|98.96
1158|4l of ormanjhi-gola section from km 81.450 to km 53.600 of nh- 320bpkg-ii (national highways authority of india [nhai]) (618644) (n24001854) (10460)|jharkhand|02/2022 (06/2023)|06/2025 (07/2026)|1214.93 (1462.19)|837.8|86.57
1159|4l of gola-bokarojaina more section from km 53.600 to km 21.110 of nh-320pkg-1 (national highways authority of india [nhai]) (618645) (n24002056) (10461)|jharkhand|02/2022 (06/2023)|06/2025 (05/2026)|1007.97 (1030.64)|437.79|78.1
1160|4l elevated corridor of kalimandir-dimna chowk-baliguma jamshedpur section of nh-33 new nh-18 from km 241940 to km 251961 length 10.021 km (national highways authority of india [nhai]) (618736) (-) (10526)|jharkhand|03/2024 (09/2024)|03/2027 (03/2027)|936.26 (832.2)|281.39|43.21
1161|grade separated interchanges at km. 113.730 junction with ranchi hazaribagh road & km. 139.225 junction with ranchi jamshedpur road on 4l ranchi bypass of nh-33 (national highways authority of india [nhai]) (618737) (-) (-)|jharkhand|01/2025 (12/2025)|12/2027 (12/2027)|303.53 (5.58)|3.16|0
1162|4l from km 196.87 sankha to km 219.6 khajuri on nh-75 [rehla / garhwa bypass] (national highways authority of india [nhai]) (618829) (n24001590) (10593)|jharkhand|09/2020 (10/2021)|10/2023 (-)|1129.48 (1129.48)|527.11|93.45
1163|4l from km 147.450 bhogu to km 196.870 sankha on nh-75 sec-iii (national highways authority of india [nhai]) (618830) (n24002054) (10594)|jharkhand|10/2022 (11/2023)|11/2025 (06/2026)|1517.87 (1652.09)|991.9|76.95
1164|4l from km 95.400 udaipura to km 147.450 bhogu on nh-75 sec-ii (national highways authority of india [nhai]) (618831) (-) (10595)|jharkhand|03/2023 (10/2024)|10/2026 (03/2027)|1436.8 (1301.54)|200.87|26.6
1165|4l from km 55.00 kuru to km 95.400 udaipura on nh-75 sec-i (national highways authority of india [nhai]) (618832) (-) (11879)|jharkhand|02/2024 (01/2026)|01/2028 (01/2028)|1274.82 (1274.82)|41.83|5
1166|barhi-koderma section of nh31 km 0.00 - km 27.5 (national highways authority of india [nhai]) (618863) (-) (10618)|jharkhand|02/2017 (11/2019)|08/2024 (05/2026)|662.44 (826.59)|478.57|98.5
1167|4l of mehgama - hansdiha from km. 41.900 to km. 93.000 of nh -133a pkg-ii (national highways authority of india [nhai]) (618946) (n24002057) (10684)|jharkhand|03/2022 (05/2023)|05/2025 (05/2026)|1479.72 (1568.18)|878.2|99.5
1168|4l of nh-80 from km 215.00 to km 260.00 mirza chauki to farkka pkg-i (national highways authority of india [nhai]) (618947) (n24001596) (10685)|jharkhand|03/2018 (12/2021)|07/2023 (07/2026)|1504.8 (1508.21)|804.61|91.83
1169|4l of basukinath- deoghar section of nh-114a (national highways authority of india [nhai]) (618949) (n24002055) (10686)|jharkhand|09/2022 (12/2023)|12/2025 (07/2026)|1444.94 (1553.76)|648.92|86.44
1170|construction of bypass to nh-114a connecting nh-333 and nh-133 deoghar bypass from design km 0.000 to design km 49.000 (national highways authority of india [nhai]) (618950) (-) (-)|jharkhand|11/2024 (01/2026)|01/2028 (01/2028)|1565.47 (1565.47)|48.97|5.02
1171|construction of bypass around chatra town on nh-22 old nh-99 in the state of jharkhand under epc mode (morth) (619005) (-) (-)|jharkhand|03/2023 (01/2026)|01/2028 (01/2026)|235.42 (199.2)|0|12
1172|construction of elevated corridor from km. 135.650 to 136.300 on 63, from km. 249 to km. 250.050 on old nh-4 and from km. 192.910 to km. 193.350 on nh-218 from decongestion of traffic in ranichennamma circle in hubli city in the state of karnataka on epc basis (morth) (617935) (n24001938) (-)|karnataka|08/2020 (06/2021)|06/2024 (11/2026)|298 (349.49)|167.23|52
1173|construction of srinivasapura bypass from existing km 453.890 design ch. 0000 to existing km 461.450 design ch 10080 on nh-69 in the state of karnataka under nh o in epc mode under annual plan 2022-23 nh-69-knt-2022-23-966 dated 22.11.2022 (morth) (617950) (-) (-)|karnataka|11/2022 (07/2025)|01/2027 (01/2027)|204.42 (204.42)|0|0
1174|construction of chintamani bypass from design ch.0000 existing ch.428880 to design ch.15400 existing ch.444010 on nh-69 in the state of karnataka in epc mode under nho annual plan 2022-23. nh-69-knt-2022-23-989 dated 24.03.2023 (morth) (617951) (-) (-)|karnataka|03/2023 (01/2026)|07/2027 (07/2027)|314.55 (314.55)|0|0
1175|balance work of rehabilitation and upgrading to 2lane/2lane with paved shoulder configuration and strengthening from from km 343.80 to 400.33 of gowribidanur-chik ballapur section in the state of karnataka under annual plan 2021-22 under epc mode.-952 (morth) (617954) (n24001937) (-)|karnataka|03/2022 (02/2023)|02/2025 (04/2026)|398.48 (398.48)|211.59|93.25
1176|widening to two lane with paved shoulders from km 40.00 to km 75.00 existing chainages of mangalore - tumkur section of nh-73 in the state of karnataka on epc mode under annual plan 2021-22 job no nh-73-knt-2021-22-945 (morth) (617955) (n24002012) (10150)|karnataka|03/2022 (03/2023)|03/2025 (12/2026)|718.52 (718.52)|308.84|82
1177|construction of major bridge at km.180.865 across river krishna on nh 167 hagari jadcherla section (morth) (617989) (n24001450) (-)|karnataka|03/2019 (05/2019)|11/2021 (03/2026)|157.32 (187.61)|103.33|68
1178|widening to existing 2 lane with paved shoulder to 4 lane with paved shoulder from design km 153.00 to 168.27 mala gate to karkala of nh -169 on shimoga - mangalore section in the state of karnataka on epc mode under annula plan 2021-22 job no. nh-169-knt-2021-22-949 (morth) (617998) (n24000979) (-)|karnataka|03/2022 (02/2023)|02/2025 (03/2026)|177.94 (177.94)|108.93|75
1179|widening to 2lps from km 67 to km 115 on kadur-hosadurga section nh 173 in the state of karnataka nh-173-knt-2022-23-980 dated 13.03.2023 (morth) (617999) (-) (-)|karnataka|03/2023 (09/2024)|04/2026 (10/2026)|471.62 (471.62)|80.08|64.33
1180|widening to 2-lane with paved shoulders from km 116.800 to 149.070design changes on hosadurga - holalkere section of nh-173 in the state of karnataka on epc mode under annual plan 2021-22 job no. nh-173-knt-2021-22-946 (morth) (618000) (n24001390) (-)|karnataka|03/2022 (08/2022)|02/2024 (04/2026)|170.34 (147.39)|106.88|92.65
1181|widening to 2lps from km 71.00 to 104.00 existing chainages sarjapur to pattadkallu on bhanapur to gaddanakeri section nh-367 in the state of karnataka under nho on epc mode under annual plan 2022-23 nh-367-knt-2022-23-972 dated 08.02.2023 (morth) (618027) (-) (-)|karnataka|02/2023 (03/2024)|03/2026 (03/2026)|445.62 (445.62)|0|65
1182|construction of bypass at kuknoor, yelburga, gajendragada of bhanapur gaddanakeri section of nh-367 in the state of karnataka under nho on epc mode under annual plan 2022-23. nh-367-knt-2022-23-973 dated 08.02.2023 (morth) (618028) (-) (-)|karnataka|02/2023 (06/2025)|06/2027 (06/2027)|333.96 (333.96)|40.61|20
1183|widening to 4 lane from km. 133.00 to 158.04 design chainage km. 130.88 to 155.145 shirur cross to gaddankeri of nh-367 in the state of karnataka on epc mode. job no. nh-367-knt-2021-22-930 (morth) (618029) (n24001941) (-)|karnataka|01/2022 (01/2023)|01/2025 (01/2027)|350.69 (312.06)|191.38|78.08
1184|widening to 2 lane with paved shoulder from km. 103.225 pattadakal to km. 133.00 shirur cross of nh-367 in the state of karnataka on epc mode.job no. nh-367-knt- 2021-22-934 (morth) (618030) (n24001940) (-)|karnataka|02/2022 (11/2022)|05/2024 (12/2026)|264.14 (264.14)|3.58|0
1185|balance work of construction of two/four lane with paved shoulder from km 422.000 to 523.600 chitradurga to shivamogga of nh-13 in the state of kanataka on epc mode. (morth) (618031) (n24002011) (10166)|karnataka|01/2021 (12/2021)|12/2025 (08/2026)|516.96 (516.96)|105.08|75
1186|widening to two lane with paved shoulders from kb cross to chunchanahalli ie., design ch. 485240 km existing km 494.000 to design ch. 523393 km existing km 533.152 & from design ch. 530393 existing km 540.175 to design ch. 534476 existing km 544.200 at nelligere of nh-150a on epc mode under annual plan 2022-23 nh-150a-knt-2022-23-977 dated 08.03.2023 (morth) (618086) (-) (10175)|karnataka|03/2023 (07/2025)|01/2027 (01/2027)|617.28 (617.28)|4.47|40
1187|widening to intermediate/two lane to 2 lane with paved shoulder from existing chanages km 112.750 to 142.00 liingasur to mudabal cross & from km. 147.070 to km. 149.070 maski city limit of jewargi chamrajnagar setion of nh-150a in the state of karnataka on epc mode. job no. nh-150a-knt-2021-22-951 (morth) (618087) (n24001944) (-)|karnataka|03/2022 (01/2023)|07/2024 (05/2026)|255.88 (255.88)|179.66|93
1188|widening to two lane with paved shoulders from km 0.00 design chainage 0.00 to km 23.338 design chainage 23310 of nh-166e mh/knt border- kanamadi- bijjargi- tikota section in the state of karnataka in epc mode under annual plan 2022-23 nh- 166e-knt-2022-23-974 (morth) (618095) (-) (-)|karnataka|02/2023 (09/2024)|03/2026 (03/2026)|196.05 (196.05)|0|30
1189|widening to 4 lane from km 51.60 to 76.20 hebri to parkala and from km 85.20 to 88.90 karavali junction to malpe of thirthahalli-udupi-malpe section of nh-169a in the state of karnataka on epc mode under annual plan 2021-22 job no. nh-169a- knt-2021-22-927 (morth) (618109) (n24001948) (-)|karnataka|01/2022 (12/2022)|12/2024 (05/2026)|355.72 (355.72)|184.79|76.86
1190|construction of major bridge across sharavathi backwaters and approches between ambargodu and kalasavalli near sigandhur in sagar taluk on nh 369e in the state of karnataka on epc mode.job no. nh-369e-knt-2018-19-895 dated 06.03.2019. (morth) (618144) (n24001281) (-)|karnataka|03/2019 (12/2019)|12/2022 (-)|423.15 (423.15)|0|0
1191|widening to 2 lane with paved shoulders from design km 103.200 existing km 103.200 to design km 116.700 existing km 118.470 on ap/knt border to sira section of nh-544e in the state of karnatakaon epc mode under annual plan 2022- 23 (morth) (618147) (-) (-)|karnataka|01/2023 (03/2024)|09/2025 (08/2026)|166.58 (166.58)|35.33|40
1192|widening to two lane with paved shoulders from km 0.00 to 102.310 design chainage of nh-548b murrum-maharashtra border in the state of karnataka (morth) (618149) (-) (10191)|karnataka|02/2023 (01/2025)|01/2027 (01/2027)|957.09 (957.09)|248.13|0
1193|construction of 2 lane with paved shoulder from km 55.6 to km 90.7 existing chainages of nh-766c complete realignment of 13.76 km with 2 major bridges across sharavathi backwaters on epc mode under annual plan 2022-23 in the state of karnataka nh-766c-knt-2022-23 dated 14.10.2022 (morth) (618184) (-) (-)|karnataka|01/2023 (02/2024)|02/2026 (12/2027)|313.56 (313.56)|0|46.52
1194|widening to 2lps from km 0.000 to 37.850 except ex. km 24.45 to 27.20 of nh-766c byndoor-ranebennur section in the state of karnataka on epc mode under annual plan 2022-23 nh-766c-knt-2022-23-969 dated 30.12.2022 (morth) (618185) (-) (-)|karnataka|12/2022 (08/2025)|08/2027 (08/2027)|394.95 (394.95)|0|0
1195|widening to two lane with paved shoulder of nh-73 new spur road ujire - dharmasthala - periyashanthi in the state of karnataka under on ham under nho annual plan 2023-24job no nh-73spur-knt-2023-24-996 (morth) (618189) (-) (10203)|karnataka|01/2024 (11/2025)|11/2027 (-)|613.65 (613.65)|0|0
1196|4/6l of bangalore - pune section of bypass connecting dharwad - hubli from km. 403.80 to km. 433.20 (national highways authority of india [nhai]) (618517) (n24001994) (10371)|karnataka|12/2021 (03/2023)|09/2025 (11/2026)|1135.39 (763.36)|732.44|82.89
1197|davanagere - haveri of nh-48 old nh-4 from km. 260.00 to km. 338.923 (national highways authority of india [nhai]) (618518) (-) (10372)|karnataka|01/2017 (01/2018)|07/2020 (09/2026)|1454.67 (1805.84)|690.56|98.87
1198|4l of km 0.00 to km 42.00 of dobbaspet to doddaballapura bypass section of nh-648 old nh-207] [bangalore ring road pkg 1] (national highways authority of india [nhai]) (618520) (-) (10374)|karnataka|08/2020 (04/2021)|04/2023 (06/2026)|1438.74 (1786.57)|1051.89|99.2
1199|6l of mh/kn border nimbal village to kn/ts border singnodi village from km. 26.000 to km. 97.000 in gulbarga of nh-150c pkg-ii (national highways authority of india [nhai]) (618630) (n24001676) (10449)|karnataka|02/2022 (12/2022)|06/2025 (11/2026)|2355.56 (1923.3)|868.81|76.12
1200|4 lane with ps from des. ch 228.500 to des. ch. 273.400 of belgaum-hungund- raichur section of nh 748 a package-6 (national highways authority of india [nhai]) (618649) (-) (10463)|karnataka|03/2023 (11/2024)|11/2026 (06/2027)|1246.15 (1012.78)|241.66|45.8
1201|4 lane with ps from des. ch 89.900 to des. ch. 136.100 of belgaum-hungund- raichur section of nh-748a package-3 (national highways authority of india [nhai]) (618650) (-) (10464)|karnataka|01/2024 (04/2025)|04/2027 (12/2027)|1363.9 (1219.62)|115.76|19.25
1202|4 lane with ps from des. ch 43.800 to des. ch. 89.900 of belgaum-hungund- raichur section of nh-748a package-2 (national highways authority of india [nhai]) (618651) (-) (10465)|karnataka|02/2024 (03/2025)|02/2027 (06/2027)|1427.88 (1293.94)|444.62|42.04
1203|4lps access controlled highway of bellary bypass balance work from ch. 254750 to ch. 266837 and construction of 4lps from ch. 277.690 to ch. 278.690 at d. hirehal village balance work of nh 150a of bellary byrapura section (national highways authority of india [nhai]) (618697) (-) (-)|karnataka|02/2024 (08/2024)|07/2026 (07/2027)|626.01 (284.05)|97.26|35.5
1204|challakere to hariyur section from km 358.500 to km 414.205 of nh-150 a (national highways authority of india [nhai]) (618698) (-) (10498)|karnataka|03/2018 (01/2021)|01/2023 (06/2025)|1167.52 (1873.58)|843.6|99.5
1205|4l of addahole near gundya to bantwal cross section pkg-02 from design km 270.270 to design km 318.55 including flyover at kalladka town including approaches from km. 311.57 to km. 313.67 of nh-75 old nh-48 (national highways authority of india [nhai]) (618702) (n24001425) (10501)|karnataka|12/2020 (11/2021)|11/2023 (05/2026)|1660.19 (1318.24)|1358.81|94.21
1206|bangalore-nidagatta pkg. i (national highways authority of india [nhai]) (618706) (-) (10502)|karnataka|02/2018 (05/2019)|11/2021 (06/2026)|3496.01 (4087.42)|604.66|99.19
1207|additional works under bm1 to ensure road safety under 6l of bengaluru mysuru access control with close toll from km.17.300 to km.136.300 of nh-275 (national highways authority of india [nhai]) (618707) (-) (-)|karnataka|11/2024 (01/2026)|01/2028 (01/2028)|738.37 (738.37)|14.27|5.63
1208|4l of left-over works of hospet-bellary -karnataka/ap border from km.280.080 dec.ch. to km.375450des.ch. of nh-63 new-67 (national highways authority of india [nhai]) (618709) (n24001989) (10504)|karnataka|03/2023 (05/2023)|05/2025 (04/2028)|1340.15 (992.6)|897.67|91.45
1209|belakeri port to kumta - sirsi road from km 0.00 - km 4.265 of belekeri port road link rd. and km 4.965 - km 60.00 of sh-69 (national highways authority of india [nhai]) (618799) (n24001599) (-)|karnataka|03/2018 (12/2020)|12/2022 (06/2026)|456.79 (456.79)|436.72|91.65
1210|4l ps from near hemmige village periyapatna - hassan road jn. to near hunsur - kr nagar jn section from km. 144.900 to km. 169.000 of nh-275 pkg. iii (national highways authority of india [nhai]) (618870) (-) (10624)|karnataka|02/2023 (04/2025)|04/2027 (07/2027)|883.62 (1726.65)|61.05|20.1
1211|4l ps from near guddehosur to start of kushalnagara bypass to near hemmige village periyapatna - hassan road jn from km. 122.200 to km. 144.900 of nh-275 pkg. ii (national highways authority of india [nhai]) (618871) (-) (10625)|karnataka|02/2023 (12/2025)|12/2027 (12/2027)|909.86 (896.42)|32.64|7.18
1212|4l ps from near hunsur - kr nagar junction to near yalachahalli village kr nagara - yelawala road junction fcrom km 169.000 to km 195.550 of nh-275 pkg-iv (national highways authority of india [nhai]) (618872) (-) (10626)|karnataka|02/2023 (04/2025)|04/2027 (09/2027)|1062.76 (952.03)|93.08|14.85
1213|4l ps from near yalachahalli village kr nagara - yelawala road junction to srirangapatna bypass near paschima vahini from km 195.550 to km 214.535 of nh- 275 pkg-v (national highways authority of india [nhai]) (618873) (-) (10627)|karnataka|01/2023 (04/2025)|04/2027 (10/2027)|1272.71 (1203.2)|97.43|13.05
1214|4l of bettadahalli- shivamogga section from km.170.415 to km. 226.750 of nh-206 tumkur- shivamogga pkg-iv (national highways authority of india [nhai]) (618887) (n24001687) (10637)|karnataka|01/2019 (10/2021)|10/2023 (03/2027)|2082.98 (2545.11)|865.7|82.88
1215|4l of sannur to bikarnakatte section from km 691.350 to km 736.362 of nh-169 karkala - mangalore package-iii (national highways authority of india [nhai]) (618896) (n24001680) (10645)|karnataka|03/2021 (10/2022)|10/2024 (04/2027)|1386.41 (2038.71)|973.31|70.22
1216|tumkur-chitradurga (national highways authority of india [nhai]) (619070) (-) (-)|karnataka|04/2010 (06/2011)|12/2013 (06/2026)|839 (47.44)|8.42|100
1217|tumkur - nelamangala 6l (national highways authority of india [nhai]) (619071) (n24001681) (11763)|karnataka|03/2021 (08/2022)|08/2025 (03/2027)|2032.15 (1664.2)|580.01|59.83
1218|bangalore/tn border to hoskote (national highways authority of india [nhai]) (619072) (n24001674) (11764)|karnataka|02/2022 (02/2023)|02/2025 (08/2026)|1181.68 (1297.76)|799.84|94.72
1219|4l of 42.000 to km 80.00 of dodaballapur bypass to hoskote section of nh-648 old nh-207 [bangalore ring road pkg 2] (national highways authority of india [nhai]) (619073) (-) (11765)|karnataka|02/2020 (02/2021)|02/2023 (06/2026)|1317.74 (1846.52)|1026.9|99.2
1220|goa / karnataka km.93.700 to kundapur km.283.30 (national highways authority of india [nhai]) (619096) (n24000462) (-)|karnataka|07/2012 (03/2014)|08/2016 (07/2026)|1644.92 (1990.99)|329.44|97.8
1221|4 lane with ps from des. ch 182.300 to des. ch. 228.500 of belgaum-hungund- raichur section of nh 748 a package-5 (national highways authority of india [nhai]) (619106) (-) (11781)|karnataka|03/2023 (11/2024)|11/2026 (07/2027)|1141.88 (868.65)|214.81|33.04
1222|4 lane with ps from des. ch 136.100 to des. ch. 182.300 of belgaum-hungund- raichur section of nh-748a package-4 (national highways authority of india [nhai]) (619107) (-) (11782)|karnataka|02/2024 (09/2025)|09/2027 (03/2028)|1311.41 (1123.35)|46.41|8.88
1223|4 lane with ps from des. ch 0.000 to des. ch. 43.800 of belgaum-hungund-raichur section of nh-748a package-1 (national highways authority of india [nhai]) (619108) (-) (11783)|karnataka|02/2024 (06/2025)|06/2027 (09/2027)|1452.43 (1256.55)|206.99|32.57
1224|hassan km 184.912 to maranahally km 230.060 of nh - 75 in karnataka (national highways authority of india [nhai]) (619117) (-) (-)|karnataka|12/2015 (03/2017)|03/2019 (05/2026)|1021.57 (1091.4)|697.83|97.8
1225|nidagatta-mysore pkg ii (national highways authority of india [nhai]) (619120) (-) (11790)|karnataka|02/2018 (12/2019)|06/2022 (06/2026)|2919.8 (4113.89)|2279.05|99.19
1226|4l of hubli - hospet section of nh-63 from km 128.850 to km 272.571 (national highways authority of india [nhai]) (619121) (-) (-)|karnataka|07/2016 (03/2017)|03/2020 (05/2026)|2531.99 (3619.32)|1360.9|99.65
1227|yekkambi-haveri (national highways authority of india [nhai]) (619138) (n24001682) (-)|karnataka|09/2021 (03/2022)|03/2024 (06/2027)|309.9 (309.9)|82.28|21.12
1228|hospet - chitradurga from km. 299.00 to km. 418.750 (national highways authority of india [nhai]) (619144) (-) (-)|karnataka|03/2015 (02/2016)|08/2018 (06/2026)|1519.72 (387.48)|36.36|100
1229|brt tiger reserve boundary km.287.500 to bangalore section km.458.420 of nh- 209 in karnataka (national highways authority of india [nhai]) (619150) (-) (-)|karnataka|04/2016 (08/2017)|08/2019 (05/2026)|2082.69 (2859.93)|730.43|99.7
1230|belgaum-khanapur pkg i km 0.000-km 30.800 of nh-4a (national highways authority of india [nhai]) (619164) (-) (11819)|karnataka|03/2018 (03/2019)|09/2021 (03/2027)|1214.3 (1195.74)|497.43|72.77
1231|6l of mh/kn border nimbal village to kn/ts border singnodi village from km. 97.000 to km. 162.500 in yadgir of nh-150c pkg-iii (national highways authority of india [nhai]) (619211) (-) (11901)|karnataka|03/2022 (04/2023)|10/2025 (09/2026)|2104.7 (2065.83)|779.81|73.9
1232|4l of channarayapatna bypass and hassan bypass with structures in devihalli - hassan section (national highways authority of india [nhai]) (619214) (-) (11904)|karnataka|04/2020 (01/2021)|01/2023 (06/2026)|688 (684.54)|586.06|82.34
1233|4l tumkur-shimoga pkg-i from mallasandra to karadi village of nh-206 from km. 12.300 to km. 65.195 (national highways authority of india [nhai]) (619218) (-) (11907)|karnataka|02/2018 (10/2019)|10/2021 (06/2026)|1364.14 (1692.12)|552.09|100
1234|4l of tumkur-shimoga pkg-ii from km 65.195 karadi to km 121.900 banawara of nh-206 (national highways authority of india [nhai]) (619219) (-) (11908)|karnataka|02/2018 (10/2019)|10/2021 (12/2026)|1505.85 (1989.89)|656.52|99.97
1235|tumkur-shimoga pkg-iii from km 121.900 banawara to km 170.415 bettadahalli of old nh-206 (national highways authority of india [nhai]) (619220) (-) (11909)|karnataka|02/2018 (03/2021)|03/2023 (12/2026)|1444.5 (1834.81)|890.55|97.3
1236|widening to 2 lanes with paved shoulders from km.87/000 to 133/720 nattukal to thanau jn. in palakkad of nh-966 old nh-213 on epc mode basis under nho annual plan 2016-17 in the state of kerala (morth) (618070) (n24001369) (-)|kerala|02/2017 (08/2017)|08/2019 (04/2026)|294.28 (315.63)|0|98
1237|6l of chengala - neeleshwaram from km. 56.200 to km. 93.468 (national highways authority of india [nhai]) (618595) (n24001664) (10424)|kerala|06/2020 (10/2021)|04/2024 (03/2027)|1746.45 (2538.06)|943.25|90.18
1238|6l of taliparamba to muzhappilangad from km 134.650 to km 170.6 of nh-66 (national highways authority of india [nhai]) (618596) (n24001660) (10425)|kerala|08/2020 (11/2021)|05/2024 (12/2027)|2714.6 (3557.65)|1040.02|82.87
1239|6l of azhiyur-vengalam from km. 189.200 to km. 230.400 of nh-66 (national highways authority of india [nhai]) (618597) (n24001661) (10426)|kerala|10/2020 (10/2021)|07/2024 (05/2027)|3205.77 (3898.46)|776.8|60.07
1240|6l minor bridge paloli palam at km. 203.160 & major bridge morad at km. 204.895 and allied works (national highways authority of india [nhai]) (618598) (n24001652) (-)|kerala|03/2020 (12/2020)|06/2022 (05/2026)|210 (216.94)|77.9|100
1241|6l of ramanatukkara junction to start of valanchery bypass section of nh-66 (national highways authority of india [nhai]) (618599) (n24001658) (10427)|kerala|01/2021 (01/2022)|07/2024 (05/2026)|4924.11 (4919.46)|1815.81|99.75
1242|6l of valanchery bypass to kappirikkad of nh 66 from km. 298500 to km 335850 (national highways authority of india [nhai]) (618600) (n24001659) (10428)|kerala|02/2021 (01/2022)|07/2024 (05/2026)|4023.94 (4023.94)|1497.69|98.84
1243|6l of kappirikkad to thalikulam section from km 335.85 to km 369.015 of nh - 66 old nh-17 (national highways authority of india [nhai]) (618601) (n24001655) (10429)|kerala|06/2021 (09/2022)|01/2025 (06/2026)|4225.59 (4225.59)|708.02|88.2
1244|6l of thalikulam to kodugallur section from km 369.015 to km 397.850 of nh - 66 old nh-17 (national highways authority of india [nhai]) (618602) (n24001656) (10430)|kerala|06/2021 (09/2022)|02/2025 (06/2026)|4302.06 (4302.06)|772.89|84.18
1245|6l of kodugallur to edapppally section from km 397.750 to km 423.780 of nh - 66 old nh-17 (national highways authority of india [nhai]) (618603) (n24001653) (10431)|kerala|11/2021 (10/2022)|04/2025 (12/2026)|3465.82 (3606.2)|768.14|64.93
1246|aroor-thuravoor thekku (national highways authority of india [nhai]) (618604) (n24001648) (10432)|kerala|08/2022 (02/2023)|01/2026 (12/2026)|2429.52 (2382.83)|1760.92|83.93
1247|thuravoor thekku-paravoor (national highways authority of india [nhai]) (618605) (n24001651) (10433)|kerala|09/2021 (03/2022)|09/2024 (12/2026)|2878.97 (2638.67)|2120.87|78.28
1248|paravoor-kottankulangara (national highways authority of india [nhai]) (618606) (n24001649) (10434)|kerala|12/2021 (08/2022)|02/2025 (03/2027)|3273.61 (3200.24)|1226.55|71.2
1249|kottankulangara- start of kollam bypass (national highways authority of india [nhai]) (618607) (n24001657) (10435)|kerala|06/2021 (04/2022)|10/2024 (03/2027)|2842.14 (3680.49)|895.86|73.89
1250|widening/development of existing nh-85 from km 0.000 to km 124.636 section to 2l/lps section in the state of kerala on epc mode under bharatmala pariyojana (national highways authority of india [nhai]) (618708) (n24002074) (10503)|kerala|09/2022 (06/2023)|06/2025 (05/2026)|1187.47 (1265.47)|631.69|52.71
1251|kozhikode bypass calicut bypass vengalam jn. to ramanattukara jn. (national highways authority of india [nhai]) (619098) (n24000784) (11776)|kerala|02/2018 (02/2021)|02/2023 (05/2026)|1424.77 (2139.18)|1048.92|98.75
1252|6l of perole nileshwar town to taliparamba from km 94.248 to km 134.650 of nh-66 (national highways authority of india [nhai]) (619206) (-) (11896)|kerala|06/2020 (10/2021)|01/2024 (03/2027)|3041.65 (3867.66)|1007.02|86.65
1253|start of kollam bypass - kadambattukonam (national highways authority of india [nhai]) (619207) (-) (11897)|kerala|06/2021 (10/2022)|03/2025 (06/2026)|2641.37 (3309.06)|891.4|81.8
1254|kadambattukonam-kazhakuttom (national highways authority of india [nhai]) (619208) (-) (11898)|kerala|12/2021 (07/2022)|01/2025 (12/2026)|3635.64 (3526.33)|573.31|44.34
1255|kargil zanskar road (nhidcl) (618408) (n24001348) (-)|ladakh|03/2021 (07/2021)|01/2023 (07/2026)|398.37 (398.37)|282.19|90.59
1256|widening & up-gradation to 2 lane with paved shoulder of nh-301 kargil- zanskar road from design km 57.000 ex. km. 57.905 to km 87.000 ex. km. 88.2491 of 30.000 km length pkg-lll (nhidcl) (618409) (n24001345) (-)|ladakh|03/2021 (07/2021)|01/2023 (07/2026)|381.01 (381.01)|221.62|82.74
1257|widening & up-gradation to 2 lane with paved shoulder of nh-301 kargil- zanskar road from design km .30.040 ex. km. 30.000 to design km 57.000 ex. km. 57.905 of 26.960 km length pkg-ii (nhidcl) (618410) (n24001344) (-)|ladakh|03/2021 (07/2021)|01/2023 (10/2026)|404.89 (404.89)|321.28|75.38
1258|construction of rewa bypass to 4-lane with paved shoulder along with service road from ratahara chowk to chorhata chowk road section of nh-30 from km 00.000 to 19.200 in the state of madhya pradesh on hybrid annuity mode ham. (morth) (617909) (-) (10134)|madhya pradesh|03/2024 (02/2025)|02/2027 (02/2027)|648.05 (648.05)|0|50
1259|rehabilitation and upgradation umaria to shahdol section of nh-78 from existing km. 68/4 to km. 142/2 to 2lps including construction of birshinghpur and shahdol bypass on epc mode under nhdp-iva (morth) (617911) (n24000513) (10135)|madhya pradesh|03/2015 (08/2015)|07/2017 (06/2026)|511.83 (613.16)|0|94.5
1260|upgradation and reconstruction of shahpura-dindori section of nh 45 from km 103.700 design to km 164.580 design including 3 bypasses total length 60.88km to two lane with paved shoulder configuration along with one time improvement in 03 nos of bypassed built-up areas in a total length of 12.341 km in the state of madhya pradesh on epc mode (morth) (617914) (-) (-)|madhya pradesh|03/2022 (01/2024)|12/2025 (06/2027)|241.23 (250.09)|0|29.09
1261|upgradation of dindori-sagartola-kabichabutra mp-cg border section of nh -45 from km 000design to km 77.00 design to two lane with paved shoulder configration along with one time improvement in 04 nos. of bypaased built-up areas in a total length of 9.1 km in the state of madhya pradesh on epc mode. (morth) (617915) (n24002019) (-)|madhya pradesh|01/2022 (09/2023)|09/2025 (05/2026)|329.14 (319.09)|0|93.68
1262|upgradation & widening of jharkheda- berasia - dholkhedi from design km 0000 to km 87900 design length 87.90km of nh-346 including 3 nos. bypasses of 13.10 km in the state of madhya pradesh under epc mode. (morth) (618019) (n24001964) (-)|madhya pradesh|03/2022 (05/2023)|05/2025 (06/2026)|365.21 (365.21)|0|88
1263|rehabilitation & upgradation of kurwaimungaolichanderi road section of nh-346, from design chainge 0.000 to 81.300 km total length 83.1 km to two lane with paved shoulder configuration along with one time improvement in 07 nos of bypassed built- up areas in a total length of 22.615 km in the state of madhya pradesh on epc mode. (morth) (618020) (n24001965) (-)|madhya pradesh|03/2022 (02/2023)|02/2025 (06/2026)|386.49 (386.49)|164.43|64.71
1264|up-gradation of pichhore- dinara section of nh-346 from km 292.750 to 334.550 to two lane with paved shoulders in the state of madhya pradesh on epc mode (morth) (618021) (-) (-)|madhya pradesh|02/2024 (12/2025)|06/2027 (06/2027)|425.97 (425.97)|0|19.31
1265|rehabilitation & upgradation of existing intermediate lane to two lane with paved shoulder from km. 0.600 gulganj bypass on nh-34 to km. 43.00 barna river length 42.400 km. on gulganj-amanganj-pawai-katni nh43 extn. in the state of madhya pradesh on epcmode. (morth) (618035) (-) (-)|madhya pradesh|03/2023 (11/2024)|05/2026 (12/2026)|275.4 (275.4)|0|53
1266|upgradation and reconstruction of existing intermediate lane to two lane with paved shoulder configuration from km. 43.00 barna river to km. 77.00 ken river length 34.00 km. on gulganj-amanganj-pawai-katni nh43 extn. along with one time improvement in 01 no. of bypassed built-up area in a total length of 1.585 km in the state of madhya pradesh on epcmode. (morth) (618036) (-) (-)|madhya pradesh|03/2023 (11/2024)|11/2026 (11/2026)|315.55 (315.55)|0|25.3
1267|upgradation and reconstruction of dindori - mandla section of nh 543 from km 77100 design to km 170580 design total length 93.48km to two lane with paved shoulder configuration along with one time improvement in 04 nos of bypassed built-up areas in a total length of 7.23 km in the state of madhya pradesh on epc mode (morth) (618043) (-) (10167)|madhya pradesh|03/2022 (01/2024)|07/2026 (07/2026)|492.12 (523.71)|0|87.5
1268|upgradation of shahdol- sagartola section of nh 543 from km 0000 to km 69400 to 2 lane with paved shoulders under hybrid annuity mode ham in the state of madhya pradesh (morth) (618044) (-) (12152)|madhya pradesh|02/2024 (03/2026)|03/2028 (-)|851.4 (851.4)|0|0
1269|construction of mihona bypass, lahar bypass, daboh bypass & bhander bypass total length 20.60 km to 2-lane with paved shoulder from on mihona-bhander-mp/up border section of nh 552e in the state of madhya pradesh on epc mode (morth) (618045) (n24001962) (-)|madhya pradesh|03/2022 (06/2023)|12/2024 (-)|179.18 (179.18)|71.77|67
1270|construction of kaithi-padaria kala bypass, patna-tamoli bypass, jaso bypass and nagod bypass total length 15.44 km to 2-lane with paved shoulders flexible pavement on nh-943 in the state of madhya pradesh on epc mode. (morth) (618068) (n24002020) (-)|madhya pradesh|03/2022 (10/2023)|10/2025 (12/2026)|158.36 (158.36)|0|60
1271|upgradation of nasrullagani-rehti-budhni scction to 2-lane with paved shoulder from km 0150 to km 50500 of nh-146b in the state of madhya pradesh on epc mode. (morth) (618085) (n24001963) (-)|madhya pradesh|12/2021 (04/2023)|10/2024 (06/2026)|305.12 (293.74)|0|78
1272|construction of kasrawad bypass, selani bypass, khargone bypass & bistan bypass total length. 31.950 km section of nh-347 c to two lane with paved shoulder configuration in the state of madhya pradesh on epc mode. (morth) (618129) (-) (-)|madhya pradesh|03/2023 (12/2024)|12/2026 (12/2026)|467.93 (467.93)|0|86.03
1273|construction of morena bypass, ambah bypass & porsa bypass totat length 27.16 km section of nh-552 ext. to two lane with paved shoulder configuration in the state of madhya pradesh on epc mode (morth) (618156) (-) (-)|madhya pradesh|02/2023 (10/2024)|10/2026 (10/2026)|492.66 (492.66)|0|69.25
1274|construction of ater realignment & bhind bypass total length. 21.50 km section of nh-552extn. to two lane with paved shoulder configuration in the state of madhya pradesh on epc mode. (morth) (618157) (-) (-)|madhya pradesh|03/2023 (12/2024)|06/2026 (12/2026)|348.06 (348.06)|0|68.41
1275|upgradation of goras to shyampur road section of nh-552 ext., from design chainge 48.400 to 111.800 km total length 63.40 km to two lane with paved shoulder configuration along with one time improvement of 8.91 km in the state of madhya pradesh on epc mode (morth) (618158) (-) (-)|madhya pradesh|03/2023 (12/2024)|12/2026 (12/2026)|416.96 (416.96)|0|13.11
1276|construction of two lane with paved shoulder configuration of shujalpur bypass section of nh-752c from km 33100 design to km. 42570 design total design length 10.470 km in the state of madhya pradesh on epc mode. (morth) (618170) (-) (-)|madhya pradesh|03/2023 (03/2024)|09/2025 (12/2026)|214.07 (214.07)|0|40.3
1277|work of upgradation of jirapur-pachore road including pachore, jirapur, chhapiheda & khujner bypasses from 0000 to 58790 design length 58.79 km section of nh-752c to 2lps in the state of madhya pradesh under epc mode (morth) (618171) (-) (-)|madhya pradesh|03/2022 (01/2024)|01/2026 (10/2026)|352.69 (352.69)|0|47.29
1278|bypass on western side of gwalior city (national highways authority of india [nhai]) (618619) (-) (-)|madhya pradesh|03/2025 (01/2026)|01/2028 (01/2028)|998.95 (998.95)|20.06|0
1279|additional works 2vups, mr-10 junction flyover and underpass in six lane indore- dewas section of nh-52 in the state of madhya pradesh on epc mode (national highways authority of india [nhai]) (618620) (-) (-)|madhya pradesh|08/2022 (01/2023)|07/2024 (12/2026)|207.77 (211.27)|122.83|76.77
1280|indore - edlabad pkg-ii [tejajinagar to balwara] (national highways authority of india [nhai]) (618621) (n24002070) (10445)|madhya pradesh|03/2022 (01/2023)|01/2025 (10/2026)|1162.8 (1530.82)|527.99|84.8
1281|4l of indore - boregaon pkg-iii [balwara to dhangaon] from km. 42.260 to km. 82.660 of nh347bg & 753l (national highways authority of india [nhai]) (618622) (n24001767) (10446)|madhya pradesh|01/2021 (04/2022)|04/2024 (07/2026)|1001.69 (888.81)|698.97|89
1282|4l boregaon buzurg to shahpur pkg i of boregaon buzurg to muktainagar of nh 753l (national highways authority of india [nhai]) (618623) (-) (10447)|madhya pradesh|11/2022 (02/2024)|01/2026 (07/2026)|1504.37 (1132.34)|501.44|86.2
1283|indore - gujarat / mp border from km. km 9.500 to km 171.000 of nh-59 in mp (national highways authority of india [nhai]) (618625) (-) (-)|madhya pradesh|12/2009 (08/2010)|02/2013 (05/2026)|1175 (217.22)|14.04|99.93
1284|4l greenfield rudhi to deshgaon pkg v of betul-khandwa/deshgaon (national highways authority of india [nhai]) (618654) (n24001967) (-)|madhya pradesh|11/2022 (10/2023)|10/2025 (09/2026)|521.21 (469.68)|196.17|63.62
1285|2l ps of roshni to ashapur section of nh-347b from design km ch. 89.900 to 114.000 km package iii of betul khandwa (national highways authority of india [nhai]) (618655) (-) (-)|madhya pradesh|03/2024 (08/2024)|08/2026 (08/2026)|200.99 (120.75)|109.85|85.42
1286|4l from km 0.000 to 42.040 bhopal ratnaigiri tiraha to vidisha morikodi (national highways authority of india [nhai]) (618661) (-) (10468)|madhya pradesh|10/2024 (11/2025)|11/2027 (11/2027)|1032.3 (1038.18)|44.78|8.96
1287|4l vidisha gyaraspur section of nh-146 from design chainage km 59475 existing chainage km 81240 to design chainage km 88361 existing chainage km 110.315 (national highways authority of india [nhai]) (618662) (-) (12086)|madhya pradesh|10/2024 (03/2026)|03/2028 (03/2028)|980.2 (980.2)|0.81|1.7
1288|i 4l vidisha to hinotiya from km 0.000 to km 27.000 vidisha mehulwa-talbehat pkg- i section of nh- 346 and ii 4l vidisha to morikori from km 39.000 to 59.476 section of nh-146 (national highways authority of india [nhai]) (618663) (n24002077) (10469)|madhya pradesh|09/2022 (12/2023)|12/2025 (05/2026)|1003.87 (941.12)|384.59|83.34
1289|berkhedi to godpehra on nh-44 sagar link road (national highways authority of india [nhai]) (618664) (n24001614) (-)|madhya pradesh|02/2022 (11/2022)|11/2024 (06/2026)|524.84 (471.31)|368.56|88
1290|4l of sagar - mohari from km.8 to km.50 pkg-i (national highways authority of india [nhai]) (618665) (n24001615) (10470)|madhya pradesh|03/2021 (04/2022)|04/2024 (05/2026)|790.78 (660.38)|454.77|98.64
1291|4- laning of mohari to satai ghat section nh-934 from km 50300 to km 89875 total length 39.575 km package-2 in the state of madhya pradesh on epc mode (national highways authority of india [nhai]) (618666) (-) (10471)|madhya pradesh|08/2022 (08/2024)|08/2026 (08/2026)|710.92 (539.08)|431.99|87.65
1292|4l of near satai ghat to chowka section of nh-34 from d. ch. 89.875 to d. ch. 145.000 package-3 (national highways authority of india [nhai]) (618667) (-) (10472)|madhya pradesh|10/2024 (10/2025)|10/2027 (10/2026)|1005.59 (882.21)|111.76|20.84
1293|4-lanning of rahatgarh to berkhedi section of nh-146 from design ch 124470 to ch. 134.549 (national highways authority of india [nhai]) (618671) (-) (-)|madhya pradesh|03/2025 (12/2025)|12/2027 (12/2027)|618.33 (342.69)|5.01|5.08
1294|4-lanning of gyaraspur to rahatgarh section of nh-146 from design ch. 88361 to ch 124470 in the state of mp on ham mode (national highways authority of india [nhai]) (618672) (-) (10475)|madhya pradesh|10/2024 (11/2025)|11/2027 (11/2027)|903.44 (592.44)|104.59|25.02
1295|outer ring road of jabalpur town from manegaon to nh-45 pkg-2 (national highways authority of india [nhai]) (618684) (-) (10486)|madhya pradesh|11/2022 (03/2024)|03/2026 (10/2026)|917.26 (786.47)|492.01|74.56
1296|outer ring road of jabalpur town from nh45 to kushner pkg-3 (national highways authority of india [nhai]) (618685) (-) (10487)|madhya pradesh|09/2022 (03/2024)|03/2026 (05/2026)|911.24 (773.23)|495.48|77
1297|outer ring road of jabalpur town from kushner to amjhar road including airport connectivity pkg-iv (national highways authority of india [nhai]) (618686) (-) (10488)|madhya pradesh|08/2022 (03/2024)|03/2026 (06/2026)|612.94 (509.82)|327.15|76.1
1298|outer ring road of jabalpur town from barela to manegaon pkg-1 (national highways authority of india [nhai]) (618687) (n24002068) (10489)|madhya pradesh|09/2022 (03/2023)|03/2025 (05/2026)|652.33 (651.88)|468.6|88
1299|outer ring road of jabalpur town from amjhar road including airport connectivity to barela pkg-v (national highways authority of india [nhai]) (618688) (-) (10490)|madhya pradesh|10/2024 (10/2025)|10/2027 (10/2027)|794.7 (539.9)|69.33|25.12
1300|indore - harda pkg-i [indore to raghav garh from km. 0.25 to km. 26.903] (national highways authority of india [nhai]) (618694) (n24001766) (10495)|madhya pradesh|01/2022 (11/2022)|10/2024 (06/2026)|1011.29 (813.03)|416.8|91.73
1301|indore - harda pkg-iii [nanasa to pidgaon section from km 95.000 to km 142.445] (national highways authority of india [nhai]) (618695) (n24001762) (10496)|madhya pradesh|01/2020 (10/2021)|10/2023 (05/2026)|1146.22 (1240.64)|626.01|98.21
1302|balance work of 4l of nauradehi sanctuary de-scoped stretch of hiran river to sindoor river from km. 66.00 to 130.00 nh-12 new nh-45 (national highways authority of india [nhai]) (618701) (n24002067) (-)|madhya pradesh|01/2021 (07/2021)|07/2023 (04/2024)|178.18 (153.15)|142.2|57.14
1303|4l of chandesara to khedakhajuriya from km. 0.000 to - 750 & km 0.000 to km 41.400 of nh-148ng pkg-i (national highways authority of india [nhai]) (618735) (n24001759) (10525)|madhya pradesh|12/2021 (09/2022)|05/2024 (05/2026)|909.84 (976.55)|436.44|99
1304|2l ps of hinotiya-mehulwa section of nh-346 from km. 27.000 to km 75.700 vidisha mehulwa-talbehat pkg-ii section of nh- 346 (national highways authority of india [nhai]) (618751) (n24001921) (10537)|madhya pradesh|10/2022 (09/2023)|09/2025 (01/2027)|581.65 (592.71)|243.28|69.04
1305|itarsi km. 63.000 to betul km. 137.000 of nh-69 in madhya pradesh (national highways authority of india [nhai]) (618762) (-) (10544)|madhya pradesh|08/2017 (02/2018)|02/2020 (05/2026)|950.27 (788.33)|397.17|100
1306|balance works of 4 lane divided carriageway of missing link section of nh-39 rewa bypass from junction with nh 30 near bela to junction with mprdc ring road near silpara on sh 9 design length 13.100 km on epc mode under bharatmala pariyojana in the state of madhya pradesh (nhai) (618784) (-) (-)|madhya pradesh|08/2023 (04/2024)|04/2026 (10/2026)|355.36 (355.36)|208.94|84.44
1307|construction of 6 lane indore western bypass from km 0000 to km 34000 pkg -l in the state of madhya pradesh on hybrid annuity mode under nho (national highways authority of india [nhai]) (618932) (-) (-)|madhya pradesh|02/2024 (01/2026)|12/2027 (12/2027)|1534.7 (1472.68)|307.46|10.07
1308|construction of 6 lane indore western bypass from km 34000 to km 64000 pkg-ii in the state of madhya pradesh on hybrid annuity mode under nho (national highways authority of india [nhai]) (618933) (-) (11878)|madhya pradesh|03/2024 (03/2026)|03/2028 (-)|1430.56 (1430.56)|8.62|0
1309|4l of budhni to shahganj bypass end package-iii of nh-146b from km. 73.750 to km. 102.000 (national highways authority of india [nhai]) (618962) (-) (10695)|madhya pradesh|03/2024 (08/2025)|08/2027 (05/2027)|1102.97 (770.21)|65.45|18.4
1310|construction work of 4-laning of shahganj bypass end to badi package-iv of nh-146b from design km 102.000 to design km 142.357 design length 40.357 km (national highways authority of india [nhai]) (618963) (-) (10696)|madhya pradesh|02/2024 (03/2025)|03/2027 (03/2027)|784.14 (836.64)|317.58|42.83
1311|4 laning of sandalpur to nasrullaganj pkg-1 section of nh-146b length 43.2 km. (national highways authority of india [nhai]) (618964) (-) (-)|madhya pradesh|03/2025 (01/2026)|01/2028 (01/2028)|1425.98 (1425.98)|66.78|8.02
1312|six laning with both sides service road of ayodhya bypass from design km 0000 near ashram tiraha on nh-46 to km 16439 end at ratnagiri tiraha on nh-146 (national highways authority of india [nhai]) (618966) (-) (10697)|madhya pradesh|02/2024 (08/2025)|08/2027 (08/2027)|1123.17 (1103.22)|94.69|15.72
1313|upgradation of sarvardewla to pal mp/mh border road section of nh-347 c from design chainge km 81.600 to 137.400 total length 55.80 km to two lane with paved shoulder configuration along with one time improvement of 1 .95 km in the state of madhya pradesh on epc mode. (morth) (619007) (-) (-)|madhya pradesh|03/2023 (01/2026)|01/2028 (-)|461.23 (461.23)|0|0
1314|dhangaon - borgaon section km 81.000 to km 139.000 [indore - edlabad pkg iv] (national highways authority of india [nhai]) (619100) (-) (11778)|madhya pradesh|01/2020 (08/2021)|08/2023 (06/2026)|866 (1185.04)|638.17|99.8
1315|indore - harda pkg-ii [raghavgarh to nanasa from km. 29.30 to km. 92.30] (national highways authority of india [nhai]) (619114) (-) (11787)|madhya pradesh|01/2023 (03/2024)|03/2026 (12/2026)|1081.51 (1146.63)|356.17|40.25
1316|construction of 6 lane flyover from khapari rob to mihan interchange design chainage km 8760 to 11450 l- 2.69 km and upgradation of existing 4l ps road to 6lps with service road by flexible pavement design chainage km 11450 to 14500 l- 3.05 [total project length 5.74 km] in section of nagpur - hyderabad nh-44 old nh-7 in nagpur district in the state of maharashtra on ham mode. (morth) (617912) (-) (10136)|maharashtra|03/2024 (10/2025)|10/2027 (10/2027)|619.55 (619.55)|0|6.05
1317|construction of 4 lane flyover at nagpur rto chowk to nagpur university campus from ch 2/250 to 5/100 and 4 lane flyover at wadi/midc junction from km 8/360 to km, 10/300 on nh 53 in state of maharashtra. (morth) (617917) (n24001883) (-)|maharashtra|03/2021 (03/2022)|03/2024 (04/2025)|478.83 (490.52)|0|95
1318|construction of new four lane bypass to parbhani city parwa to asola km 463/265 to km 481/180 design ch. 19220 to ch. 34434 length-15.214 km section of nh-61 on epc mode in the state of maharashtra. (morth) (617932) (n24001882) (-)|maharashtra|03/2022 (07/2023)|10/2024 (06/2026)|496.64 (496.64)|0|70.14
1319|up-gradation to four lane/ two lane with paved shoulders configuration of kalyan - murbad - malshej ghat - nirmal road nh- 61 km 15/200 to km 38/00 and from km. 58/00 to km 84/00 design length 48.58 km of nh-61 on epc mode in thane district in the state of maharashtra (morth) (617933) (n24002174) (10141)|maharashtra|02/2023 (03/2024)|08/2026 (08/2026)|984.07 (984.07)|0|100
1320|nasratpur to barasgaon section of nh-61 2l / 4l ps from km.514/00 to 558/200 (morth) (617934) (n24001112) (-)|maharashtra|07/2017 (09/2017)|09/2019 (06/2026)|406.54 (406.54)|0|95.84
1321|udgir raavi degloor aadampur phata to sagroli fata (morth) (617937) (-) (12150)|maharashtra|11/2024 (04/2026)|04/2028 (-)|809.77 (809.77)|0|0
1322|rehabilitation and upgradation to four lane with paved shoulder configuration from km 24350 to km 61875 jawale - borgaon kale of nh-63 in the state of maharashtra on epc mode under annual plan 2024-25 total length - 37.525 km. (morth) (617938) (-) (10142)|maharashtra|12/2024 (09/2025)|03/2027 (03/2027)|574.18 (574.18)|0.06|10
1323|kashedi ghat tunnel nh-66 [bhogaon khurd - kashedi section] 4 lanes under nhdp on epc mode (morth) (617944) (n24001132) (10146)|maharashtra|09/2018 (10/2018)|04/2021 (04/2021)|680.43 (701.46)|0|98.37
1324|balance work of nh-66 from design km 84/00 to km 87/100 indapur bypass and km 91/600 to km 99/100 mangaon bypass to four lane with paved shoulder in state of maharashtra under nho on epc mode. (morth) (617945) (-) (-)|maharashtra|03/2025 (10/2025)|04/2027 (04/2027)|354.21 (354.21)|0|52.09
1325|kashedi to parshuram ghat section of nh-66 from km 161/600 - km 205/400 - 4l ps (morth) (617946) (n24000584) (10147)|maharashtra|03/2016 (02/2018)|02/2020 (12/2025)|1142.62 (1142.62)|0|97.5
1326|arawali kante section of nh-17new nh-66 4l ps from km.241/300 to 281/300 (morth) (617947) (n24000585) (10148)|maharashtra|03/2016 (11/2017)|11/2019 (03/2026)|1006.99 (1443.09)|0|80.06
1327|kante - wakad section of nh-66 4l ps from km.281/300 to 332/200 (morth) (617948) (n24001134) (10149)|maharashtra|03/2016 (11/2017)|11/2019 (11/2025)|1117.75 (2020.56)|287.96|90.14
1328|kopargaon to savali vihir section (morth) (617965) (n24001904) (-)|maharashtra|06/2022 (01/2023)|07/2024 (06/2026)|195.38 (195.38)|0|80
1329|rehabilitation, upgradation & widening of existing highway to 2l/4lps rigid pavement of nh 160 section- phaltan to mhaishal near karnataka border including tasgaon bypass, from existing chainage km 301/430 to km 458/415 in the state of maharashtra- package-ii & package iii combined- starting from existing chainage km 341/300 to km 394/130 and design chainage km 340/250 at dahiwadi village to km 392/950 ending at vita village in the state of maharashtra on epc mode. (morth) (617978) (-) (10155)|maharashtra|03/2024 (05/2025)|05/2027 (05/2027)|631.76 (631.76)|187.58|74.54
1330|rehabilitation, upgradation & widening of existing highway to 2l/4lps rigid pavement of nh 160 section- phaltan to mhaisal near karnataka border including tasgaon bypass, from existing chainage km 301/430 to km 458/415 in the state of maharashtra. package-i starting from existing chainage km 301/430 at phaltan village junction of phaltan baramati road design chainage -301/430km & ending at existing chainage km 341/300 dahiwadi village bus stop design chainage km 340466km in the s (morth) (617979) (-) (10156)|maharashtra|03/2024 (05/2025)|05/2027 (11/2026)|533.76 (533.76)|0|68.95
1331|rehabilitation/ upgradation of existing highway to four lane standards in kurkheda town from km.413257 to km 410775, two lane in shankarpur gurnuli km 42400 to km 43100 section and reconstruction of major bridge at ch. 448558 bhuti nallah and ch. 411695 sati river bridge, minor bridge at ch. 411477 and ch. 405800 lendhari bridge of nh 543 bhamhapuri-wadsa-kurkheda-korchi-deori-amgaon road on epc mode in the state of maharashtra (morth) (618042) (n24002170) (-)|maharashtra|03/2022 (11/2023)|05/2025 (03/2026)|163.86 (163.86)|0|42.78
1332|rehabilitation & up-gradation of sabalkhed to ashti section from km 37900 to km 55100 & chinchpur to jamkhed section from km 70000 to km 72922 of nh-561 to two lane with paved shoulder/ four lane configuration in the state of maharashtra on epc mode length20.122km. (morth) (618046) (n24001902) (-)|maharashtra|03/2022 (04/2023)|09/2024 (-)|213.33 (213.33)|0|95.88
1333|widening, reconstruction & up-gradation to 2 lane with paved shoulder/four lane configuration for the work of ahmednagar to sabalkhed & ashti to chinchpur section of nh-561 from design km 2915 to km 37728 & design km 55100 to km 70000 in the state of maharashtra on epc mode. length 49.713 km (morth) (618047) (-) (10168)|maharashtra|03/2024 (05/2025)|05/2027 (05/2027)|657.16 (657.16)|0|72.2
1334|up-gradation to 2/4 lane with paved shoulder configuration of nh-652 from tuljapur naldurg-akkalkot road chainage from km. 00.000 to km 30.982 in the state of maharashtra on epc mode. (morth) (618049) (-) (-)|maharashtra|03/2024 (01/2025)|07/2026 (07/2026)|183.41 (183.41)|64.87|95
1335|construction of four-lane concrete road from police headquarter gondia city to rawanwadi village birsi airport junction from design km 0.000 to km 15.781 existing km 39/720 of nh-753 to existing km 8/400 of nh 543 on sections from kohmara- goregaon- police headquarterkaranja - collector office square - balaghat t point- rawanwadi- rajegaon of nh-753 and nh-543 in gondia district in the state of maharashtra. total length of the project 15.781 km. (morth) (618059) (n24002175) (-)|maharashtra|02/2023 (02/2024)|08/2025 (07/2026)|328.11 (328.11)|0|34.15
1336|strengthening, widening & up-gradation of newly declared nh-761 from nh- 61junction-belhealkutidevibhoyarenighojshirur, from design chainage km 0.000 to km 37.970 from single/intermediate/2l to 2lps in the state of maharashtra on epc mode length 37.970 km (morth) (618061) (-) (-)|maharashtra|03/2024 (03/2025)|09/2026 (09/2026)|386.16 (386.16)|30.86|56.86
1337|rehabilitation/upgradation of existing highway to 2lps/4 lane of dhawali to rajoli from design km.149476 to 163476 existing km.150000 to 164000, pandhasala to mohadongri from design km.170476 to 181476 existing km.171000 to 182000, ambeshivni fata to bodli from design km.183476 to 185476 existing km.184000 to 186000 and made tukum to gadchiroli from design km.188476 to 189476 existing km.188000 to 18900 having length 28 km of nh-930 of dhawali to gadchroli road in the (morth) (618065) (n24002169) (-)|maharashtra|03/2022 (03/2024)|09/2025 (08/2026)|316.44 (316.44)|0|31.97
1338|nandurshingote to kolhar (morth) (618088) (-) (-)|maharashtra|09/2024 (06/2025)|12/2026 (12/2026)|325.79 (325.79)|9.87|27
1339|rehabilitation & up-gradation of mudkhed to nanded section from km. 372000 to km 388400 of nh 161a i.e. nanded-bhokar-himayatnagar-kinwat-mahur-arani road design chainage from km 372000 mudkhed to km 387650 nanded of nh 161a length 15.65 km to 2/4lane with paved shoulders configuration in the state of maharashtra on epc mode. (morth) (618089) (n24001903) (-)|maharashtra|03/2022 (04/2023)|04/2025 (06/2026)|206.54 (206.54)|0|65.14
1340|sarsam - kothari of nh-161a - 2l ps from km.33/00 to 90/00 (morth) (618090) (n24001002) (10176)|maharashtra|02/2017 (06/2017)|06/2019 (11/2025)|545.64 (545.64)|0|97.25
1341|pen to khopoli 2lps (morth) (618094) (n24001106) (-)|maharashtra|03/2018 (06/2018)|12/2019 (12/2025)|369.39 (369.39)|323.75|86.3
1342|rehabilitation and up-gradation to 2 lane road with paved shoulders configuration for the balance work of 13 km length on helwak-patan-karad section km. 85000 to 133 417 of nh-166e in the state of maharashtra on epc mode. (morth) (618096) (-) (-)|maharashtra|02/2024 (10/2024)|04/2026 (07/2026)|181.45 (181.45)|0|87
1343|guhagar - rampur - 2l-ps - km 0/00 guhagar to 26/230 rampur and 40/00 mirjoli to 53/600 sati on nh-166e (morth) (618097) (n24001057) (-)|maharashtra|01/2017 (06/2017)|06/2019 (08/2025)|407.2 (407.2)|0|91.89
1344|upgradation of exhisting 2 lane flexible pavement to 2 lane paved shoulders rigid pavement from design chainage km 66.00 to design km 82.440 start of kolhapur municipal corporation near phulewadi to kale, design length 16.440 km section on talere gaganbawada-kolhapur road nh 166g in the state of maharashtra on epc mode (morth) (618098) (n24001908) (-)|maharashtra|03/2021 (11/2022)|05/2024 (03/2026)|167.97 (167.97)|0|93.75
1345|rehabilitation & up-gradation for talere gaganbawada - kolhapur road nh 166g stretch start from km. 0/00 to km. 06/00 and km. 13/00 to km 19/440 of nh-166g, length 12.440 km in the state of maharashtra. (morth) (618099) (-) (-)|maharashtra|03/2024 (10/2024)|04/2026 (04/2026)|164.13 (164.13)|98.68|100
1346|strengthening and widening of road sakoli- wadsa-armori-gadchiroli-ashti- allapalli - sironcha national highway nh 353c in km 262/00 to 321/00 including 16 minor bridges and 2 major bridge total length 59 km section from repanpalli to sironcha in gadchiroli dist in the state of maharashtra. (morth) (618133) (n24000983) (-)|maharashtra|03/2021 (06/2022)|05/2024 (05/2026)|280.57 (280.57)|0|61.61
1347|rehabilitation /upgradation from lagam to alapalli section desing km. 199/400 to km 227/400 length 28.0 km to 2 lane with paved shoulders/ 4 lane configuration section of nh-353 c sakoli-wadsa-armori-gadchiroli-ashti-alapalli sironcha in gadchiroli district on epc mode in the state of maharashtra. (morth) (618134) (-) (-)|maharashtra|02/2023 (09/2024)|09/2026 (09/2026)|459.39 (459.39)|0|69.15
1348|upgradatiobn and rehabilitation of section of nh 361 f from parli 00/000 to gangakhed 30/400 to two lanes with paved shoulder / four lane configurations on epc mode in the state of maharashtra. (morth) (618136) (n24001537) (-)|maharashtra|03/2021 (02/2022)|09/2023 (03/2026)|224.44 (224.44)|0|91
1349|rehabilitation and up-gradation of jarud - sirsala section of nh-361f km 59500 to km11500 to two lane with paved shoulder/ four lane in the state of maharashtra on epc mode length 55.5 km. (morth) (618137) (-) (10189)|maharashtra|03/2024 (05/2025)|05/2027 (05/2027)|540.35 (540.35)|95.57|49.89
1350|widening, reconstruction & up-gradation to 2 lane with paved shoulder/four lane configuration for the work of sautada to shirapur section of nh-561 from design km 86300 to km 125589 in the state of maharashtra on epc mode. design length 39.289 km (morth) (618138) (-) (-)|maharashtra|03/2024 (05/2025)|11/2026 (11/2026)|349.57 (349.57)|0|41.13
1351|rehabilitation and up-gradation of gangakhed loha section of nh-361f from km 169/00 to 210/00 to two lane with paved shoulder/ four lane configuration in the state of maharashtra on epc mode length - 41.00 km. (morth) (618139) (-) (-)|maharashtra|03/2024 (04/2025)|09/2026 (09/2026)|355.12 (355.12)|0|43.46
1352|rehabilitation and up-gradation of i. deogaon phata to digras phata ch. 0/000 to 15/000 & selu to borgavhan ch 20/900 to 35/800 [length 29.9km] ii. injegaon dhamoni to pohner phata ch.58/200 to ch. 83/700 [length25.5 km] and iii. pohner phata to pathri design ch. 42/700 to 58/200 [length 15.5 km] sections of nh-548b to two lane with paved shoulder configuartion in the state of maharashtra on epc mode total project length 70.9 km. (morth) (618150) (-) (10192)|maharashtra|03/2024 (05/2025)|05/2027 (05/2027)|761.83 (761.83)|0|15
1353|mhaswad to tembhurni section of nh-548c - 2l ps (morth) (618152) (n24002132) (-)|maharashtra|01/2017 (08/2017)|07/2019 (12/2025)|488.6 (488.6)|0|96.19
1354|satara to mhaswad (morth) (618153) (n24000979) (10193)|maharashtra|01/2017 (08/2017)|08/2019 (07/2025)|653.46 (653.46)|7.33|98.08
1355|rehabilitation & upgradation of jamkhed to sautada section of nh548 d from km 195.375 to km 208.774, length 13.399 km to 2l ps /4l configuration with rigid pavement in the state of maharashtra on epc mode. (morth) (618154) (n24001390) (-)|maharashtra|03/2022 (01/2023)|07/2024 (06/2026)|157.62 (157.62)|0|68.93
1356|development/widening of talegaon chakan shikrapur nhavara section of nh-548d from existing chainage km. 54/000 to 82/300 and design chainage km. 54/000 to 82/120 shikrapur to nhavara section to 2lps/4l configuration on epc mode in the state of maharashtra. (morth) (618155) (-) (-)|maharashtra|03/2024 (01/2025)|07/2026 (07/2026)|396.17 (396.17)|85.57|70.8
1357|paithan - shirur section 2lps km 0.0 to 55.00 (morth) (618172) (n24001122) (-)|maharashtra|03/2017 (06/2017)|06/2019 (05/2026)|341.8 (341.8)|0|82
1358|shirur-kharda section from 55937 km to 114486 km to 2lps/4l (morth) (618173) (n24001123) (-)|maharashtra|02/2017 (06/2017)|06/2019 (09/2025)|381.77 (381.77)|0|83.93
1359|rehabilitation and upgradation to two lane with paved shoulder configuration of nh- 752g from sakri to pimpalner section design ch km 0000 to ch km 21411 in the state of maharashtra on epc mode. length 21.411 km. (morth) (618174) (-) (-)|maharashtra|03/2024 (04/2025)|10/2026 (10/2026)|226.58 (226.58)|0|100
1360|rehabilitation and upgradation of satana to mangrul chandwad section of nh752 g design ch km 64.000 to ch km 101.140 two lane with paved shoulder/four lane configuration in the state of maharashtra on epc mode. (morth) (618175) (n24001884) (-)|maharashtra|03/2022 (05/2023)|05/2025 (06/2026)|428.8 (428.8)|0|93.46
1361|rehabilitation and upgradation from ch km 50/200 to 56/800 and km 62/600 to 100/403 of kolde to visarwadi near junction with nh-6 section of nh 752g total length 44.40 to two-lane with paved shoulder / four lanes in the state of maharashtra on epc mode. (morth) (618176) (-) (-)|maharashtra|03/2025 (01/2026)|01/2028 (-)|349.08 (349.08)|0|21.6
1362|pal phata phulambri - khultabad 2lps (morth) (618177) (n24001060) (-)|maharashtra|03/2018 (06/2018)|12/2019 (12/2025)|227.19 (227.19)|0|99.15
1363|widening and strengthening of gangakhed to kingaon section of nh-752k in km 38/750 to 72/304 flexible pavement length33.554 km to 2-lane configuration on epc mode in the state of maharashtra. (morth) (618178) (-) (-)|maharashtra|02/2024 (12/2024)|06/2026 (05/2026)|162.67 (162.67)|0|72
1364|rehabilitation and upgradation of shewali phata to kalambhir section i.e. km 0443 to km 4500 & nizampur to chadwel section i.e. km 13485 to km 26265 length16.317 km excluding 2 major bridges with approaches km 13735 to km 14095 & km 19660 to km 20030 of nh 753b to 2lps configuration in the state of maharashtra on epc mode. (morth) (618179) (-) (-)|maharashtra|03/2024 (08/2024)|02/2026 (02/2026)|181.58 (181.58)|0|93.01
1365|pune raigarh district border to mangaon ch 69000 to 103775 nh-753f (morth) (618180) (n24001082) (-)|maharashtra|03/2018 (06/2018)|12/2019 (06/2024)|223.46 (223.46)|0|89.08
1366|rehabilitation / upgradation to 4 lane with paved shoulder of existing section in sillod town with design ch. km54500 to km 60679 [length6.179 km] section of nh 753f aurangabad-jalgaon road on epc mode in the state of maharashtra (morth) (618181) (n24002177) (-)|maharashtra|03/2023 (01/2024)|07/2025 (03/2025)|153.79 (153.79)|0|98
1367|rehabilitation and up-gradation to 2 lane with paved shoulder configuration of mahud sangola road nh 965 g 159400 to 161900and 162400 to 183960 design chainage from km. 32/300 to km. 34/800 and km. 35/800 to km. 56/860 rigid pavement on epc mode in the state of maharashtra. (morth) (618188) (n24002173) (-)|maharashtra|02/2023 (11/2023)|05/2025 (06/2026)|253.78 (253.78)|0|99.75
1368|balance work of rehabilitation and up-gradation to 2-lane road with paved shoulders configuration for nh- 965dd from pacharal-mandangad-mhapral-rajewadi upto junction of nh-66 ch-22700 to 75100 km and ambadave connector birth place of dr. babasaheb ambedkar ch-0000 to 7325 km length km 59.725 in the state of maharashtra on epc mode. balance work (morth) (618198) (n24001107) (-)|maharashtra|03/2018 (01/2022)|01/2024 (06/2026)|388.93 (341.69)|0|93
1369|rehabilitation, upgradation & widening of existing highway to rigid pavement 2 lane with paved shoulder of nh 965dd from lonand shirval-bhor mandangad-pchral section shindewadiphata to varandah ghat dist border from km 33/550 to 92/550 in the state of maharashtra on epc mode. (morth) (618199) (n24002178) (10207)|maharashtra|02/2023 (07/2024)|07/2026 (07/2026)|723.13 (723.13)|0|48.5
1370|vadodara mumbai expressway phase ii - pkg xi [km. 77.000 to km. 103.400] ganjad - talsari (national highways authority of india [nhai]) (618468) (n24001504) (10327)|maharashtra|06/2020 (05/2022)|05/2024 (04/2026)|1524.71 (1913.95)|813.35|99.76
1371|vadodara mumbai expressway phase ii - pkg xiii [km. 26.582 to km. 50.700] shirsad - masvan (national highways authority of india [nhai]) (618469) (n24001506) (10328)|maharashtra|06/2020 (02/2022)|02/2024 (07/2026)|3536.9 (4679.54)|1792.74|90.86
1372|vadodara mumbai expressway phase ii - pkg xiv [km. 3.000 to km. 20.200 of spur] shirsad - akloli (national highways authority of india [nhai]) (618470) (n24001507) (10329)|maharashtra|05/2021 (11/2022)|05/2024 (05/2026)|2058.79 (2324.72)|629.88|86
1373|vadodara mumbai expressway phase ii - pkg xv [km. 20.200 to km. 43.000 of spur] akloli - amne (national highways authority of india [nhai]) (618471) (n24001521) (10330)|maharashtra|05/2021 (11/2022)|05/2024 (06/2026)|2610.88 (2918.39)|621.7|91.5
1374|vadodara mumbai expressway phase ii - pkg xvi [km. 43.000 to km. 69.800 of spur] amne - bhoj (national highways authority of india [nhai]) (618472) (n24001508) (10331)|maharashtra|06/2021 (11/2022)|10/2024 (06/2026)|4051.8 (4315.56)|905.74|90.7
1375|vadodara mumbai expressway phase ii - pkg xvii [km. 69.800 to km. 79.783 of spur] bhoj - morbe (national highways authority of india [nhai]) (618473) (n24001608) (10332)|maharashtra|09/2021 (01/2023)|07/2025 (06/2026)|2208.68 (2463.02)|827.11|84.25
1376|upgradation & rehabilitation of service roads on both sides in urban areas of pune city on punesatara section of nh48 (national highways authority of india [nhai]) (618511) (-) (-)|maharashtra|01/2025 (06/2025)|06/2026 (06/2027)|604.59 (388.78)|44.03|14.7
1377|tunnel at khambataki ghat section and its approaches from existing km. 771.730 to existing km. 782.000 (national highways authority of india [nhai]) (618512) (n24001486) (10367)|maharashtra|11/2017 (02/2019)|02/2022 (08/2026)|907.03 (816.12)|538.76|87.27
1378|6l of kagal-satara section from km 592.500 to km 658.000 of nh-48 pkg-i (national highways authority of india [nhai]) (618513) (n24001546) (10368)|maharashtra|12/2021 (01/2023)|01/2025 (02/2027)|2111.95 (1435.46)|631.63|49.88
1379|6l of kagal-satara section from km 658.000 to km 725.000 of nh-48 pkg-ii (national highways authority of india [nhai]) (618514) (n24001493) (-)|maharashtra|12/2021 (12/2022)|12/2024 (12/2026)|2330.71 (317.4)|196.85|73.96
1380|4l of indora chowk to pachpaoli and agrasen chowk - ashoka chowk (national highways authority of india [nhai]) (618557) (n24002071) (10403)|maharashtra|03/2023 (07/2023)|06/2026 (07/2026)|1038.84 (918.53)|658.44|81.77
1381|6l of gonde km. 439.038 to pimpri sado km. 459.905 section of nh-848 old nh-3 (national highways authority of india [nhai]) (618585) (-) (10420)|maharashtra|02/2024 (10/2024)|04/2027 (11/2027)|856.93 (718.84)|123.7|31.5
1382|improvement and strengthening of existing 2 lane stretch to 2-lane with ps 1.5m on both sides on ghoti-sinnar section of nh-160a using thin white topping 200mm thick in the state of maharashtra on epc mode (national highways authority of india [nhai]) (618586) (-) (-)|maharashtra|03/2025 (06/2025)|06/2026 (06/2026)|254.78 (147.64)|99.89|76
1383|4l mitigation measure structures on ch/mh border to wainganga bridge section of nh-6 new nh-53 (national highways authority of india [nhai]) (618588) (n24001798) (-)|maharashtra|02/2021 (11/2021)|11/2023 (05/2026)|540.24 (468.92)|464.26|99.79
1384|balance work of 4l panvel to indapur section of nh-66 old nh- 17 from km 0.000 panvel to km 42.300 kasu (national highways authority of india [nhai]) (618594) (n24001609) (-)|maharashtra|12/2022 (03/2023)|10/2024 (05/2026)|329.82 (196.87)|185|96.89
1385|four laning from dive ghat km. 220.900 to hadapsar km. 234.150 of mohol alandi section pkg vi of nh-965 (national highways authority of india [nhai]) (618626) (-) (-)|maharashtra|12/2023 (10/2024)|10/2026 (04/2027)|819.52 (400)|121.02|62.03
1386|construction of 7 nos of standalone safety structures/works at different locations on various nhs (national highways authority of india [nhai]) (618627) (-) (-)|maharashtra|01/2025 (07/2025)|01/2027 (01/2027)|168.52 (112.03)|10.11|26.37
1387|strengthening of existing alignment of pandharpur town part bypassed section of nh 965 from km 36.230 to km 44.230 from chh. shivaji maharaj chowk to wakhari (national highways authority of india [nhai]) (618628) (-) (-)|maharashtra|08/2022 (11/2023)|10/2025 (08/2026)|150.21 (87.59)|58.75|48
1388|tarsod - fagne section of nh-6 (national highways authority of india [nhai]) (618638) (-) (10456)|maharashtra|06/2016 (01/2019)|07/2021 (04/2026)|2267.99 (2560.5)|990|98.84
1389|chakur loha section of nh-361 from km 114.600 to km 187.80 (national highways authority of india [nhai]) (618652) (-) (10466)|maharashtra|03/2018 (03/2019)|03/2021 (02/2024)|1241.38 (3342.11)|785.13|100
1390|loha-waranga section of nh-361 from km 187.800 to km 244.369 (national highways authority of india [nhai]) (618653) (-) (10467)|maharashtra|03/2018 (03/2019)|03/2021 (03/2027)|1236.08 (3466.58)|899.6|96.2
1391|bodhre - dhule (national highways authority of india [nhai]) (618693) (n24000656) (10494)|maharashtra|02/2021 (01/2022)|07/2024 (07/2026)|1344.78 (1292.7)|791.69|97.69
1392|upgradation of 2l/4l with paved shoulder of shirwal-lonand section from km 159900 to km 188025 of nh-965dd section i and 2l with paved shoulder of lonand-satara section from km 51500 to km 96246 of nh-965d section ii in satara district in the state of maharashtra on epc mode under nho- (national highways authority of india [nhai]) (618754) (-) (-)|maharashtra|03/2025 (06/2025)|06/2027 (06/2027)|538.11 (307.24)|96.11|33.37
1393|up-gradation to four lane with paved shoulder configuration of the highway starting from existing km 88.400 savali vihir to km 163.400 start of ahmednagar bypass design length 75.000 km section of nh-160 in the state of maharashtra under bharatmala pariyojana on epc mode (nhai) (618766) (-) (10547)|maharashtra|10/2024 (04/2025)|04/2027 (04/2027)|862 (617.93)|210.27|36.32
1394|4l of ratnagiri - kolhapur section from km 67.140 to km 112.340 of nh-166 pkg ii (national highways authority of india [nhai]) (618836) (n24001834) (10598)|maharashtra|02/2022 (05/2023)|05/2025 (03/2027)|1985.38 (1798)|389.68|79.18
1395|4l of ratnagiri - kolhapur section from km 112.340 to km 145.300 of nh-166 pkgiii (national highways authority of india [nhai]) (618837) (n24001835) (10599)|maharashtra|02/2022 (05/2023)|05/2025 (03/2027)|1939.23 (1910.41)|458.94|66.45
1396|4l of nagpur-katol section from km. 13.00 to km. 62.900 of nh-353j (national highways authority of india [nhai]) (618937) (n24001799) (10678)|maharashtra|02/2021 (10/2021)|10/2023 (10/2026)|1166.96 (1432.82)|971.38|81.54
1397|construction of standalone flyover cum rob from design ch.66.600 to design ch.68.800 in gadchandur town on nh-353b (national highways authority of india [nhai]) (618939) (-) (-)|maharashtra|02/2025 (07/2025)|07/2027 (07/2027)|191.31 (107.76)|25.19|29.96
1398|rehabilitation and up gradation of charthana jintur section of nh 752 i km 25100 to 47100 to 2 lane with paved shoulder configuration flexible pavement in the state of maharashtra on epc mode. reg- resubmission of annual plan estimate. (morth) (619008) (-) (-)|maharashtra|03/2025 (01/2026)|07/2027 (07/2026)|157.69 (157.69)|0|0
1399|construction of six lane flyover at katraj junction at km, 3/880 of nh 548-dd vadgaon - katraj - kondhwa - mantarwadi chowk - loni kalbhor - theur phata - lonikand road in pune dist of the state of maharashtra. on engineering procurement and construction epc basis mode l.1.326 km, (morth) (619042) (n24001907) (-)|maharashtra|02/2021 (03/2022)|02/2026 (02/2023)|163.51 (163.51)|0|80.57
1400|satara km 725.000 to pune km 865.350 of nh - 4 new nh - 48 in maharashtra (national highways authority of india [nhai]) (619069) (-) (-)|maharashtra|09/2009 (10/2010)|05/2022 (06/2026)|361.72 (425.51)|64.35|99.05
1401|balance works of 4l panvel indapur section of nh66 old nh17 from km 42.300 kasu to km 84.600 indapur (national highways authority of india [nhai]) (619095) (n24001607) (-)|maharashtra|06/2022 (11/2022)|05/2024 (06/2026)|546.44 (472.1)|420.38|81.63
1402|4l of ratnagiri - kolhapur section of nh-166 from km 0.000 to km 19.769 and km 31.000 to km 67.140 pkg i (national highways authority of india [nhai]) (619149) (n24001495) (11810)|maharashtra|02/2022 (11/2022)|11/2024 (11/2026)|1774.03 (2108.41)|749.83|93.75
1403|4l of baramati to indapur pkg-ii from km. 41.400 to km. 84.550 of nh-965g saint tukaram marg (national highways authority of india [nhai]) (619163) (n24001502) (11818)|maharashtra|01/2021 (09/2021)|09/2023 (06/2026)|1471.32 (1297.48)|927.1|86.2
1404|vadodara mumbai expressway phase ii - pkg xii [km. 50.700 to km. 77.000] masvan - ganjad (national highways authority of india [nhai]) (619198) (-) (11889)|maharashtra|08/2020 (03/2022)|03/2024 (05/2026)|1711.38 (2388.52)|979.26|99.38
1405|vadape to thane from km 539.202 to km 563.000 section of nh-3 new nh-848 (national highways authority of india [nhai]) (619203) (-) (11894)|maharashtra|03/2018 (01/2019)|07/2021 (05/2026)|1252.92 (1371.27)|482.26|76.6
1406|4l of existing 2/4l stretch from lonand to dive ghat km 166.400 to km 220.900 of mohol alandi section of nh-965 pkg - v (national highways authority of india [nhai]) (619209) (-) (11899)|maharashtra|10/2021 (05/2022)|05/2024 (04/2026)|1709.56 (2049.51)|1125.89|98.52
1407|dharampuri-lonand from km. 117.00 to 166.40 pkg-iv on mohol-alandi section (national highways authority of india [nhai]) (619210) (-) (11900)|maharashtra|01/2021 (09/2021)|09/2023 (05/2026)|1411.71 (1358.68)|1047.19|97.4
1408|widening/improvement of existing 2-lane road to 4-lane divided highway from sekmai to nilakuthi section of imphal-kohima road design chainage from km 297700 to km 308729 of nh-39 new nh-02 in state of manipur on epc mode pkg-5b (nhidcl) (618298) (n24001400) (-)|manipur|03/2021 (07/2021)|01/2023 (06/2026)|211.7 (211.7)|227.95|90.96
1409|improvement/up-gradation of existing 2-lane road to 4-lane divided highway from daili to kuraopokpi section of imphal-kohima road nh-02 design chainage from km 274610 to km 287000 in the state of manipur on epc mode pkg-4b (nhidcl) (618299) (-) (-)|manipur|09/2020 (12/2024)|06/2026 (06/2026)|268.98 (268.98)|0|55.15
1410|improvement/up-gradation of existing 2-lane road to 4-lane divided highway from taphukuki to daili section of imphal-kohima road nh-02 design chainage from km 262175 to km 274610 in the state of manipur on epc mode pkg-4a (nhidcl) (618300) (n24001274) (-)|manipur|09/2020 (10/2020)|04/2022 (08/2026)|379.39 (379.39)|301.89|91.31
1411|widening/improvement of existing 2-lane to 4-lane divided highway from kuraopokpi to sekmai section of imphal-kohima road design ch. km 287.00 to 297.700 of nh-39 new nh-02 in state of manipur on epc mode pkg-5a (nhidcl) (618301) (-) (-)|manipur|09/2020 (02/2025)|08/2026 (08/2026)|228.97 (228.97)|33.76|48.16
1412|widening/improvement to 2-lane with earthen shoulder of yaingangpokpi - finch corner road section of nh-202 from km 16.900 to km 30.970 of nh-202 in the state of manipur on epc mode package-2 (nhidcl) (618302) (n24001332) (-)|manipur|03/2020 (07/2020)|06/2022 (06/2026)|256.04 (256.04)|0|97.12
1413|widening/improvement to 2-lane with earthen shoulder of yaingangpokpi - finch corner road section of nh-202 from km 0.000 to km 16.900 of nh-202 in the state of manipur on epc mode package-1 (nhidcl) (618303) (n24001331) (-)|manipur|03/2020 (07/2020)|06/2022 (04/2026)|222.77 (222.77)|0|88.85
1414|widening/improvement to 2 lane with earthen shoulder of jessami to laynen bridge nagaland border section of nh-29 of imphal -ukhrul - jessami economic corridor from km 0.000 to km 11.009 in the state of manipur on epc mode under bharatmala pariyojana, under nho-ne package-7 (nhidcl) (618304) (n24002227) (-)|manipur|03/2023 (12/2024)|06/2026 (10/2026)|164.89 (164.89)|125.76|23.56
1415|widening/improvement to 2 lane with earthen shoulder of marrem khullen to jessami section of nh-202 of imphal - ukhrul - jessami economic corridor from design chainage km 95.700 to km 140.180 in the state of manipur on epc mode under bharatmala pariyojana under nho-ne package-6 (nhidcl) (618305) (n24002202) (10245)|manipur|03/2023 (12/2024)|12/2026 (12/2026)|554.66 (554.66)|201.52|22.55
1416|widening/improvement to 2 lane with earthen shoulder of choithar to marrem khullen section of nh-202 of imphal ukhrul jessami economic corridor from design chainage km 53.110 to km 95.700 in the state of manipur on epc mode under bharatmala pariyojana, under nho-ne package-5 (nhidcl) (618306) (n24002242) (10246)|manipur|03/2023 (05/2025)|03/2027 (05/2027)|564.05 (564.05)|72.58|14.08
1417|widening to 2 lane with paved shoulder of lmphal to jiribam section of nh-37 from design ch. from km 169570 near nungkao vlllage under tamenglong district to km 205974 near jiribam bridge under jiribam district under nho-ne pkg-7 (nhidcl) (618333) (n24001323) (10267)|manipur|01/2023 (12/2023)|12/2025 (06/2026)|760.16 (760.16)|414.38|90.52
1418|widening to 2 lane with paved shoulder of lmphal to jiribam section of nh-37 from design ch. from km 131.280 to km 169.570 on epc mode in manipur under nho- tsp pkg-6 (nhidcl) (618334) (n24002132) (10268)|manipur|12/2021 (02/2023)|02/2025 (05/2026)|504.76 (504.76)|308.06|95
1419|widening to 2 lane with paved shoulder of lmphal to jiribam section of nh-37 from design ch. from km 101280 near khongsang village to km 131280 near puilon kambiron village on epc mode in manipur pkg-5 (nhidcl) (618335) (n24000979) (-)|manipur|12/2021 (11/2022)|05/2024 (06/2026)|410.68 (410.68)|339.14|89.95
1420|widening to 2 -lane with paved shoulder of imphal to jiribam section of nh-37 from design chainage 66.110 km to 101.280 km existing chainage km 67.496 to km 103.557 on epc mode in manipur pkg-4 (nhidcl) (618336) (n24001390) (10269)|manipur|09/2021 (06/2022)|12/2023 (07/2026)|579.63 (579.63)|377.13|84.86
1421|widening to 2 -lane with paved shoulder of imphal to jiribam section of nh-37 from design chainage 33.000 km to 66.390 km existing chainage from km 33.395 to km 67.496 on epc mode in manipur pkg-3 (nhidcl) (618337) (n24001416) (-)|manipur|03/2021 (09/2021)|03/2023 (03/2026)|467 (467)|568.72|86.33
1422|widening to 2-lane with paved shoulder of imphal to jiribam section of nh-37 from design chainage 15.940 km to 33.120 km existing chainage km 15.946 to km 33.395 total length17.180 km in the state of manipur on epc mode pkg-2 - balance works & rectification works (nhidcl) (618338) (n24002244) (-)|manipur|03/2021 (03/2025)|03/2026 (05/2026)|195.14 (195.14)|0|76.18
1423|widening to 2-lane with hard shoulder of churachandpur to tuivai section of nh- 102b from design chainage 69.875 km to 121.769 km in the state of manipur on epc mode package-3 (nhidcl) (618344) (n24001792) (10271)|manipur|03/2021 (08/2021)|08/2023 (12/2026)|673.27 (673.27)|500.96|82.93
1424|widening to 2-lane with hard shoulder of churachandpur to tuivai section from km 48.587 to km 69.875 in the state of manipur on epc mode under nho package-2b (nhidcl) (618345) (n24001730) (-)|manipur|06/2020 (08/2020)|08/2022 (05/2026)|365.53 (365.53)|187.39|85.09
1425|widening to 2-lane with hard shoulder of churachandpur to tuivai section of nh- 102b from km 32.835 to km 48.587 in the state of manipur on epc mode under nho package-2a (nhidcl) (618346) (n24001270) (-)|manipur|04/2020 (07/2020)|06/2022 (03/2026)|232.99 (232.99)|149.21|96.35
1426|widening to 2-lane with hard shoulder of churachandpur to tuivai section of nh- 102b from km 13.747 to km 32.835 in the state of manipur on epc mode under nho package-1b (nhidcl) (618347) (n24001269) (-)|manipur|04/2020 (07/2020)|06/2022 (03/2026)|241.52 (241.52)|152.85|96.54
1427|balance work of widening to 2 two lane with hard shoulder of churachandpur to tuivai section of nh-102b from km 130.000 to km 141.029 package-4b in the state of manipur on epc mode (nhidcl) (618348) (-) (-)|manipur|06/2020 (11/2025)|11/2026 (11/2026)|177.76 (177.76)|1.41|0.97
1428|balance work of widening to 2 two lane with hard shoulder of churachandpur to tuivai section of nh-102b from design chainage km 118850 to km 130000 package- 4a in the state of manipur on epc mode (nhidcl) (618349) (-) (-)|manipur|04/2020 (08/2025)|08/2026 (08/2026)|204.12 (204.12)|0|21.39
1429|construction of of 2 -lane with paved shoulders road from tamenglong-tousem- lisang-mahur road nh-137 starting near dialong village from km 10.000 at dialong to km 31.430 near old tamenglong , near barak river on epc mode package-2 (nhidcl) (618355) (n24001403) (-)|manipur|07/2021 (09/2021)|03/2023 (03/2026)|483.87 (483.87)|361.96|95.28
1430|construction of 2 -lane with paved shoulders road from tamenglong to mahur in the state of manipur from km 31.430 at old tamenglong to km 43.480 ending near phelong on epc mode package-3 (nhidcl) (618356) (n24001354) (-)|manipur|03/2021 (06/2021)|12/2022 (04/2026)|234.08 (234.08)|196.29|100
1431|construction of 2 -lane with paved shoulders road from tamenglong to mahur nh- 137 in manipur starting from km 54.180 near azuram to km 80.630 near mandeu on epc mode package 5 (nhidcl) (618357) (n24001436) (-)|manipur|09/2021 (11/2021)|05/2023 (01/2026)|477.86 (477.86)|330.1|84.87
1432|construction of 2 -lane with paved shoulders road from tamenglong to mahur nh- 137 starting from km 80.630 near mandeu to km 96.870 near jiri river on epc mode package-6 (nhidcl) (618358) (n24001437) (-)|manipur|09/2021 (11/2021)|05/2023 (12/2025)|311.18 (311.18)|230.69|86.73
1433|construction of 2-laning with hard shoulder of ukhrul tolloi - tadubi section of nh- 102a from design chainage km 9450 to km 50850 in the state of manipur on epc mode under nho-ne package-2 (nhidcl) (618387) (n24002131) (10296)|manipur|03/2023 (03/2024)|03/2026 (04/2026)|578.98 (578.98)|249.29|79.5
1434|construction of 2-laning with hard shoulder road of ukhrul - tolloi - tadubi section of nh-102a from design chainage 50.850 km to 81.870 km in the state of manipur on epc mode under nho-tsp package -3 (nhidcl) (618388) (n24001974) (-)|manipur|09/2021 (07/2023)|01/2025 (07/2026)|315.56 (315.56)|227.98|90.91
1435|construction of 2-laning with hard shoulder road of ukhrul - tolloi - tadubi section of nh-102a from design chainage 81.870 km to 105.825 km in the state of manipur on epc mode under nho-tsp package -4 (nhidcl) (618389) (n24001473) (-)|manipur|09/2021 (08/2022)|02/2024 (05/2026)|310.76 (310.76)|247.28|96.8
1436|improvement of existing road to 2 laning with hard shoulders of maram-peren section package-1b, length- 17.660 km from design chainage 22.340 km to 40.000 km on nh-129a in the state of manipur on epc mode (nhidcl) (618415) (n24001350) (-)|manipur|02/2021 (06/2021)|12/2022 (03/2026)|188.36 (188.36)|0|100
1437|improvement of existing road to 2 laning with hard shoulders of maram -peren section package-1a, length- 22.340km from design chainage 0.000 km to 22.340 km on nh-129a in the state of manipur on epc mode (nhidcl) (618416) (n24001349) (-)|manipur|02/2021 (06/2021)|12/2022 (07/2026)|226.32 (226.32)|179.09|74.58
1438|rehabilitation and up-gradation of nongstoin wahkaji section of project road km 0000 to km 43060 to intermediate lane with earthern shoulder under sardp-ne phase-a in the state of meghalaya on epc mode. job no- sardp-ne ong-don- maw/mg/2020-21/294 (morth) (617885) (n24001441) (-)|meghalaya|08/2020 (02/2022)|08/2023 (05/2026)|302.88 (302.88)|182.58|99.1
1439|improvement and widening two lannig with paved shoulder of nh 127b from km 31.500 goeragre to km 63.224 package-ii in state of meghalaya (morth) (618076) (n24002239) (-)|meghalaya|12/2023 (05/2025)|05/2027 (-)|504 (350.67)|0|2.5
1440|improvement and widening of national highway no. 127b darugiri - songsak - williamnagar junction section to two lane with paved shoulder from design km 0000 to km 36635 design length 36.635 km existing km 112000 to km 151060 of nh-1278 under bharatmala pariyojana lot-1 pkg-1b meghalaya portion (nhidcl) (618294) (-) (10243)|meghalaya|03/2023 (09/2025)|09/2027 (09/2027)|801.07 (801.07)|64.53|24.13
1441|improvement/widening of new nh-217 dainadubi-darugiri section to two lane with paved shoulder in meghalaya from design km 0000 to km 40840 existing km 8600 to km 53000 of old nh-62 under bmp lot-1 pkg-1b meghalaya portion (nhidcl) (618295) (n24002233) (10244)|meghalaya|03/2023 (03/2025)|03/2027 (03/2027)|705.83 (705.83)|0|38.75
1442|improvement/widening to 2-l with paved shoulder/ 4-laning of nh-40 section from km 151330 to km 163400 design km 63.530 to km 71.520 including dawki bridge of length 368 m between shillong-dawki under jica oda loan assistance phase-ii pkg- 5 -balance work (nhidcl) (618374) (n24001335) (-)|meghalaya|07/2020 (05/2024)|11/2026 (11/2026)|284.21 (284.21)|0|38.77
1443|improvement/widening to 2-lane with paved shoulder from design km 45.760 to km 63.530 between shillong-dawki under jica oda loan assistance phase-ii -balance work pkg-4 (nhidcl) (618375) (n24001334) (-)|meghalaya|07/2020 (04/2024)|04/2026 (10/2026)|445.51 (445.51)|42.32|49.05
1444|improvement/widening to 2-lane with paved shoulder between shillong-dawki road up to bangladesh border from design km 10.670 to km 37.550 under jica oda loan assistance phase-ii -balance work-pkg-2 (nhidcl) (618376) (n24001314) (10288)|meghalaya|07/2020 (02/2024)|08/2026 (12/2026)|525.67 (525.67)|0|49.31
1445|improvement/widening to 2-l with paved shoulder/4-l from km 81740 to km 93490 design km 0000 to km 10670 of nh-40 new nh-106 & 206 section & 4-l from design km 0.00 to km 0.930 of nh-44 section between shillong-dawki under jica oda loan assistance phase-ii -balance work pkg-1 (nhidcl) (618377) (n24001313) (-)|meghalaya|07/2020 (10/2023)|10/2025 (05/2026)|351.12 (351.12)|0|93.06
1446|rehabilitation and up gradation of nongstoin-rambrai-kyrshai road up to meghalaya- assam border from km 0.335 to km 34.039 to 2-lane under nho - ne in the state of meghalaya package-1 (nhidcl) (618418) (n24001474) (-)|meghalaya|09/2021 (05/2022)|05/2024 (05/2026)|359.86 (359.86)|214.12|80.49
1447|construction of 2-lane with paved shoulders of shillong western bypass starting from nh-06 near ladumsaw existing km 60.900 of old nh40 to nh106 old nh 44e package-iii, from km 24700 to km 38256 under sardp-ne phase a in the state of meghalaya on epc mode greenfield alignment (nhidcl) (618419) (n24002158) (10306)|meghalaya|03/2023 (09/2024)|09/2026 (09/2026)|562.48 (562.48)|85.88|50.91
1448|construction of 2 lane with paved shoulder of shillong western bypass starting from nh-06 near ladumsaw existing km 60.900 of old nh-40 to nh-106 old nh-44e, package-ii km 12800 to km 24700 under sardp-ne phase a in the state of meghalaya on epc mode (nhidcl) (618420) (n24002157) (10307)|meghalaya|03/2023 (09/2024)|09/2026 (09/2026)|686.03 (686.03)|228.79|46.51
1449|construction of 2-lane with paved shoulder of shillong western bypass starting from nh-06 near ladumsaw existing km 60.900 of old nh-40 to nh106 old nh-44e, km 0000 to km 12800 package-i under sardp-ne phase a in the state of meghalaya on epc mode greenfield alignment (nhidcl) (618421) (n24002156) (10308)|meghalaya|03/2023 (09/2024)|09/2026 (09/2026)|620.3 (620.3)|215.93|68.85
1450|4-laning of vairengte - chhimluang section package-3 of nh-306 from existing chainage km 43000 to km 59700 design chainage km 46000 to km 60850 on silchar - vairengte- sairang road in the state of mizoram under bharatmala pariyojna under nho-ne. package-1&2 in assam state (nhidcl) (618316) (-) (-)|mizoram|12/2021 (07/2025)|01/2027 (12/2026)|491.39 (491.39)|32.46|17.86
1451|4-laning of chhimluang-kolasib from section pkg-4 of nh-306 & nh-6 existing chainage km 59700 to km 86000 design chainage km 61000 to km 77500 on silchar- vairengte-sairang road in the state of mizoram under bharatmala pariyojna on epc mode vairengte - sairang pkg-4 (nhidcl) (618317) (-) (10255)|mizoram|12/2021 (07/2025)|01/2027 (12/2026)|561.91 (561.91)|0|17.12
1452|4-laning of kolasib - sethawn section package-5 of nh-6 from existing chainage km 86000 to km 107850 design chainage km 77500 to km 95500 on silchar - vairengte - sairang road under bharatmala pariyojna on epc mode under nho-ne vairengte - sairang pkg-5 (nhidcl) (618318) (-) (10256)|mizoram|11/2021 (07/2025)|07/2027 (06/2027)|720.4 (720.4)|40.29|11.86
1453|4-laning of sethawn - n. kawnpui section package-6 of nh-6 from existing chainage km 107850 to km 126315 design chainage km 95500 to km 111850 on silchar- vairengte- sairang road, vairengte - sairang pkg-6 (nhidcl) (618319) (-) (10257)|mizoram|12/2021 (07/2025)|01/2027 (12/2026)|595.65 (595.65)|21.02|6.72
1454|construction of 4-laning of n. kawnpui n. mualvum mualkhang via khamrang village section package-7 of nh-6 from existing chainage km 127200 to km 142000 design chainage km 111850 to km 123400 on silchar - vairengte - sairang road in the state of mizoram on epc mode (nhidcl) (618320) (-) (10258)|mizoram|02/2024 (10/2025)|10/2028 (-)|866.32 (866.32)|0|18.9
1455|construction of 4-laning of west serawlg-sairang section of nh-6 from existing chainage km 142000 to km 158900 design chainage km 123400 to km 136260 on silchar - vairengte - sairang road in the state of mizoram under bharatmala pariyojna on epc mode under nho-ne package-8 (nhidcl) (618321) (-) (10259)|mizoram|02/2024 (11/2025)|11/2028 (-)|875.79 (875.79)|0|13.95
1456|construction of twin tube uni-directional aizawl bypass tunnel of 2.5 km and its approaches of 2.1 km from km 10.600 to km 15.200 on sarrang - phaibawk section of nh-6 in the state of mizoram on epc mode under nho-ne package-2 (nhidcl) (618323) (-) (-)|mizoram|01/2024 (12/2025)|12/2028 (-)|1313.28 (1313.28)|0|0
1457|construction of 2-lane aizawl bypass from km 15.200 to km 34.500 package-3 on sairang - phaibawk section of nh-6 in the state of mizoram under bharatmala pariyojna on epc mode under nho-ne (nhidcl) (618324) (-) (10260)|mizoram|02/2023 (10/2025)|11/2028 (-)|720.72 (720.72)|0|15.1
1458|up-gradation to 2-lane with paved shoulders of ngopa - pawlrang section of nh 102b of aizawl - imphal economic corridor from existing chainage km 32.796 to km 72.030 [design chainage km 31.280 to km 68.170] in the state of mizoram under bharatmala pariyojna on epc mode under nho-ne package-2 keifang- tuivai pkg-2 (nhidcl) (618341) (n24001545) (10270)|mizoram|09/2021 (09/2023)|02/2025 (06/2026)|523.78 (523.78)|394.29|95.31
1459|rehabilitation and upgradation to 2 lane with paved shoulder of economic corridor of nh-6 from design chaiange km 0.000 to km 13.510 package-1 in the state of mizoram under bharatmala pariyojana on epc mode (nhidcl) (618342) (n24001278) (-)|mizoram|03/2020 (07/2020)|06/2022 (06/2024)|206.9 (206.9)|0|0
1460|rehabilitation and up gradation to 2-lane with paved shoulder of keifang section economic corridor of nh-06 from existing chainage km 30050 keifang to km 50360 keifang, design chainage km 27400 to km 45040 pkgiii in the state of mizoram under bharatmala pariyojna on epc mode seling-dulte - iii (nhidcl) (618343) (n24001281) (-)|mizoram|03/2020 (07/2020)|06/2022 (12/2024)|292.23 (292.23)|0|0
1461|construction of 2-laning with hard shoulder of lunglei to chhumkhum from design chainage km 0.000 to km 37.420 of nh-302 [lunglei-tlabung] package-a (nhidcl) (618362) (n24001358) (10280)|mizoram|03/2021 (06/2021)|12/2022 (06/2026)|698.45 (698.45)|556.91|64.78
1462|construction of 2-laning with hard shoulder configuration of chhumkhum to tlabung from design chainage km 37.420 to km 74.950 of nh-302 in mizoram under bharatmala pariyojana on epc mode [pkg-b] (nhidcl) (618363) (n24001359) (10281)|mizoram|06/2021 (07/2021)|01/2023 (12/2026)|740.58 (740.58)|430.45|61.34
1463|widening and up-gradation to 2- lane with paved shoulder configuration and geometric improvement from km. 208. 000 to km 250.000 package-5 on aizawl tuipang section of nh-54 in the state of mizoram package-5 (nhidcl) (618379) (n24000861) (10290)|mizoram|09/2019 (10/2019)|04/2023 (-)|752.89 (752.89)|125.62|95.35
1464|widening and up-gradation to 2- lane with paved shoulder configuration and geometric improvement from km. 125. 000 to km 166 package-3 on aizawl tuipang section of nh-54 in the state of mizoram package-3 (nhidcl) (618380) (n24000857) (10291)|mizoram|09/2019 (10/2019)|04/2023 (04/2025)|867.09 (867.09)|159.47|97.51
1465|widening and up-gradation to 2-lane with paved shoulder configuration and geometric improvements from km 250.00 lunglei to km 298.00 on aizawl-tuipang section under jica oda loan assistance phase-i package-6 (nhidcl) (618381) (n24000863) (10292)|mizoram|09/2019 (12/2019)|06/2023 (05/2025)|768.76 (768.76)|168.78|98.73
1466|widening and up-gradation to 2-lane with paved shoulder configuration and geometric improvements from km 298.00 to km 339.00 on aizawl-tuipang section under jica oda loan assistance phase-i package-7 (nhidcl) (618382) (n24000864) (10293)|mizoram|09/2019 (10/2020)|04/2024 (05/2025)|605.76 (750.32)|0.01|100
1467|widening and up-gradation to 2-lane with paved shoulder configuration and geometric improvements from km 339.00 to km 380.00 siaha on aizawl-tuipang section under jica oda loan assistance phase-i package-8 (nhidcl) (618383) (n24000865) (10294)|mizoram|09/2019 (03/2020)|09/2023 (06/2025)|637.06 (637.06)|101.89|99.82
1468|widening and up-gradation to 2- lane with paved shoulder configuration and geometric improvement from km. 166. 000 to km 208.000 package-4 on aizawl tuipang section of nh-54 in the state of mizoram package-4 (nhidcl) (618384) (n24000862) (10295)|mizoram|09/2019 (10/2019)|04/2023 (04/2025)|899.45 (899.45)|191.59|99.88
1469|2-laning of zorinpui - longmasu section of nh-502a from km 0.000 to km 28.244 in the state of mizoram on epc mode under nho-ne, stretch of imbr (nhidcl) (618452) (n24002204) (10312)|mizoram|02/2023 (12/2024)|12/2026 (07/2027)|781.85 (781.85)|20.64|4.71
1470|up-gradation to 2 lane with paved shoutders of pawlrang - rulchawm section- of nh- 102b of aizawl - imphal economic corridor from existing chainage km 72.030 to km 104.129 including 2.459 km re-alignment section from tuivai river to rulchawm connecting km 48.150 of nh-6 [design chainage km 68.170 to km 98.579] in the state of mizoram under bharatmala pariyojna on epc mode under nho-ne package-3 keifang- tuivai pkg-3 (nhidcl) (619010) (n24002027) (10806)|mizoram|12/2021 (11/2023)|05/2025 (07/2025)|500.88 (500.88)|305.45|75.35
1471|bangalore chennai expressway phase-ii pkg-i from km.71.000 to km 96.000 bethamangala in the state of karnataka to byreddypalli (national highways authority of india [nhai]) (619199) (-) (11890)|multi-states (andhra pradesh, karnataka)|12/2020 (10/2022)|10/2024 (10/2022)|1410.01 (1410.01)|241.41|98.47
1472|6l aluru - jakkuva section of nh-130cd road from km 365.033 to km 396.800 pkg. 1 (national highways authority of india [nhai]) (618681) (n24001838) (10484)|multi-states (andhra pradesh, odisha)|02/2021 (03/2022)|03/2024 (06/2026)|1216.12 (1241.66)|683.05|96.23
1473|bangalore chennai expressway phase-iii package i gudipala to walajajhpet from km 156.000 to km 180.000 (national highways authority of india [nhai]) (618477) (n24001720) (10336)|multi-states (andhra pradesh, tamil nadu)|10/2020 (05/2022)|05/2024 (06/2026)|1481.87 (1481.87)|711.04|99.02
1474|6l of veera kaveri raja puram to pondavakkam from km 61.380 to km 96.040 of nh 716b pkg-iii (national highways authority of india [nhai]) (618634) (n24001819) (10452)|multi-states (andhra pradesh, tamil nadu)|03/2021 (01/2023)|01/2025 (05/2026)|1439.77 (1439.77)|734.85|98.89
1475|walajahpet/ranipet to tn/ap border section of from km.106.800 to km.133.36 nh-4 (national highways authority of india [nhai]) (618769) (-) (10548)|multi-states (andhra pradesh, tamil nadu)|12/2024 (09/2025)|09/2027 (09/2027)|1338.14 (1214.7)|116.15|10.07
1476|6l of varadharajula to kumarajapet from km 0.000 to km 43.800 of nh-716b pkg-i (national highways authority of india [nhai]) (618771) (n24001820) (10549)|multi-states (andhra pradesh, tamil nadu)|02/2021 (12/2022)|12/2024 (04/2026)|1924.75 (1887.38)|947.66|99.19
1477|6l of kumarajapet to veera kaveri raja puram from km 43.800 to km 61.380 of nh- 716b pkg-ii (national highways authority of india [nhai]) (618772) (n24001988) (10550)|multi-states (andhra pradesh, tamil nadu)|02/2021 (10/2023)|10/2025 (05/2026)|702.52 (799.36)|370.57|97.75
1478|6 laning of balance work of chennai - tada from km. 21.40 to km. 54.40 (national highways authority of india [nhai]) (619077) (-) (-)|multi-states (andhra pradesh, tamil nadu)|12/2017 (03/2018)|03/2020 (06/2026)|464.62 (472.37)|182.82|100
1479|khammam-devarapalle pkg iii [4l access controlled greenfield from chintagudem village to recherla village design chainage 63117 to 105236] (national highways authority of india [nhai]) (618747) (n24001484) (10534)|multi-states (andhra pradesh, telangana)|01/2021 (09/2022)|09/2024 (05/2026)|829.5 (1227.07)|518.85|98.82
1480|4l access controlled greenfield highway section on nh-163g khammam vijayawada from remidicherla village at design ch. 280.200 km to jakkampudi village on nh-16 at design ch. 309.909 km package-iii (national highways authority of india [nhai]) (618818) (-) (10585)|multi-states (andhra pradesh, telangana)|03/2023 (05/2025)|05/2027 (12/2027)|1183.23 (1225.14)|1.28|2.8
1481|4l access controlled greenfield highway section on nh-163g khammam vijayawada from brahmanapallik village at design ch. 250.400 km to remidicherla village at design ch. 280.200 kmpackage-ii (national highways authority of india [nhai]) (619143) (-) (11808)|multi-states (andhra pradesh, telangana)|03/2023 (03/2025)|03/2027 (06/2027)|826.01 (862.58)|69.29|22.08
1482|6l access controlled greenfield highway of julekal village to dinnedevarapadu village from km 242.200 to km 280.400 pkg-2 (national highways authority of india [nhai]) (619212) (-) (11902)|multi-states (andhra pradesh, telangana)|01/2022 (01/2023)|01/2025 (12/2026)|1227.57 (1315.87)|524.04|65.24
1483|widening/improvement to 4-lane with paved shoulder from km 55000 nagabang gamsuk to km 82514 oyan in the state of assam and arunachal pradesh on epc mode under bharatmala pariyojna of length 27.514 km package-3 (nhidcl) (618359) (n24002155) (10277)|multi-states (arunachal pradesh, assam)|03/2023 (09/2024)|03/2027 (03/2027)|665.47 (665.47)|295.3|96.7
1484|6l of aurangabad to bihar-jharkhand border chordaha section from km. 180.000 to km. 209.827 of nh-2 pkg-01 (national highways authority of india [nhai]) (618531) (n24001703) (10382)|multi-states (bihar, jharkhand)|02/2021 (12/2024)|12/2026 (12/2026)|1054.46 (786.81)|110.8|20.88
1485|6l of aurangabad to bihar-jharkhand border chordaha section from km. 209.827 to km. 249.525 of nh-19 pkg-02 (national highways authority of india [nhai]) (618532) (n24001700) (10383)|multi-states (bihar, jharkhand)|06/2021 (03/2022)|03/2024 (05/2026)|1822.46 (738.11)|605.5|97.92
1486|6l greenfield varanasi-ranchi-kolkata highway from anarbansalea village to sagrampur village from km. 151200 to km. 184700package-7 (national highways authority of india [nhai]) (618724) (-) (10519)|multi-states (bihar, jharkhand)|03/2023 (07/2025)|06/2027 (06/2027)|1719.2 (1723.42)|64.54|17.1
1487|hariharganj to parwa mode section from km 23.284 to km 57.049 of nh-98 (national highways authority of india [nhai]) (618951) (n24001589) (10687)|multi-states (bihar, jharkhand)|09/2020 (03/2022)|02/2024 (06/2026)|1125.78 (1186.56)|609.94|91.3
1488|4l of sahibganj - manihari ganga bridge including manihari bypass (national highways authority of india [nhai]) (618952) (n24000714) (10688)|multi-states (bihar, jharkhand)|10/2016 (11/2020)|10/2024 (12/2026)|1954.77 (1978.01)|1820.63|85.17
1489|six laning of bihar - jharkhand border chordaha - gorhar section of nh-2 from km 249.525 to km 320.810 (national highways authority of india [nhai]) (619078) (n24000726) (11767)|multi-states (bihar, jharkhand)|12/2017 (06/2019)|11/2021 (12/2026)|1772.7 (1689.17)|562.76|78
1490|4l of munger mirzachauki section from km 157350 to km 193931 pkg-4 (nhai) (619307) (-) (12097)|multi-states (bihar, jharkhand)|02/2021 (08/2022)|08/2024 (06/2026)|1376.56 (1481.58)|493.65|91.16
1491|six laning of varanasi to aurangabad from km. 786.00 to km. 978.40 of old nh-2 (national highways authority of india [nhai]) (618530) (n24000182) (10381)|multi-states (bihar, uttar pradesh)|02/2009 (09/2011)|03/2014 (06/2026)|3241.56 (3241.56)|1248.48|95.58
1492|6l greenfield varanasi-ranchi-kolkata highway from junction with nh-19 & varanasi ring road near rewasa village to junction with chandauli-chainpur road near khainti village from km. 0.000 to km. 27.000 - pkg-1 (national highways authority of india [nhai]) (618728) (-) (10523)|multi-states (bihar, uttar pradesh)|03/2023 (11/2024)|11/2026 (05/2027)|1433.39 (1564.15)|373.57|38.92
1493|construction of additional 3-lane bridge over river ganga for connection between buxar and bharauli on nh-922 in the state of uttar pradesh and bihar on hybrid annuity mode (national highways authority of india [nhai]) (618882) (-) (-)|multi-states (bihar, uttar pradesh)|03/2024 (08/2025)|02/2028 (02/2028)|531.61 (444.92)|18.86|15.51
1494|construction of four lane highway from ghazipur- ballia-up/bihar state border greenfield section of nh-31 package iii [from pindari km 78.150 to rawalganj bypass km 117.120] on epc mode in the state of uttar pradesh. (national highways authority of india [nhai]) (619154) (-) (11812)|multi-states (bihar, uttar pradesh)|10/2022 (08/2023)|08/2025 (11/2026)|1493.5 (1493.59)|540|78.15
1495|4l of kishanganj - bahadurganj section from km. 0.000 to km. 23.649 & interchange at start point length - 1.200 km of nh-27 (national highways authority of india [nhai]) (618584) (-) (-)|multi-states (bihar, west bengal)|01/2025 (12/2025)|12/2027 (12/2027)|962.84 (855.56)|60.94|9.21
1496|6l of dhanara - hatibena section from km 124.611 to km 146.50 of nh-130-cd package od-1 (national highways authority of india [nhai]) (618676) (n24001669) (10479)|multi-states (chhattisgarh, odisha)|02/2021 (03/2022)|03/2024 (04/2026)|477.76 (638.32)|297.98|99.95
1497|vadodara mumbai expressway talsari to karvad phase ib - pkg x [km 103.400 to km 128.000] (national highways authority of india [nhai]) (619064) (n24001786) (11759)|multi-states (dadra & nagar haveli and daman & diu, gujarat, maharashtra)|10/2020 (03/2022)|03/2024 (11/2026)|1909.74 (2652.24)|671.46|36.23
1498|dwarka expressway pkg-iii delhi/hr border to start of rob gurugram (national highways authority of india [nhai]) (618577) (-) (10413)|multi-states (delhi, haryana)|01/2018 (11/2018)|11/2020 (05/2026)|2228.26 (2298.37)|991.43|100
1499|akshardham - dl/up border pkg-01 (national highways authority of india [nhai]) (619122) (n24001771) (11791)|multi-states (delhi, uttar pradesh)|09/2020 (06/2022)|12/2024 (05/2026)|1479.22 (1476.75)|1343.18|100
1500|balance work of 2l ps from km 30.800 to km 70.800 and 2l with rigid carriageway from km 70.800 to km 84.120 of khanapur- ka/goa border section of nh-4a (national highways authority of india [nhai]) (618942) (n24001677) (-)|multi-states (goa, karnataka)|01/2022 (11/2022)|05/2024 (03/2027)|226.76 (149.44)|109.78|82.45
1501|bal. works of fagne km. 510.000 to maharashtra/gujarat border km. 650.794 (national highways authority of india [nhai]) (618637) (n24001804) (10455)|multi-states (gujarat, maharashtra)|12/2019 (09/2020)|09/2022 (12/2026)|1654.07 (1672.89)|1356.95|97.66
1502|delhi-amritsar-katra expressway phase-i pkg-v from junction with ambala-kaithal- hissar road nh-152 near kharak pandwa village to junction with patiala-samana- patran road sh-10 near ghagga village km 120250 to km 157920 (national highways authority of india [nhai]) (618486) (n24001632) (10344)|multi-states (haryana, punjab)|01/2021 (05/2022)|05/2024 (05/2026)|1741.86 (2281.02)|924.51|98.7
1503|4l greenfield a malout bypass from ch. km 44.500 to ch. km 35.500 on nh-07 and ch. km 0.000 to km 6.984 on nh-09 bmandi dabwali bypass from ch. 38.450 km to km 27.910 pkg-02 (national highways authority of india [nhai]) (618760) (n24001638) (10542)|multi-states (haryana, punjab)|11/2021 (12/2022)|07/2024 (04/2026)|646.42 (556.09)|549.2|98
1504|4l ambala - kalaamb from km. -0.800 to km. 33.015 of old nh-72 (national highways authority of india [nhai]) (618935) (n24002044) (10676)|multi-states (haryana, punjab)|10/2022 (06/2023)|06/2025 (05/2026)|1183.7 (1190.34)|452.48|100
1505|4l ismailabad to ambala section of nh-152 lot-4/package-1 (national highways authority of india [nhai]) (619093) (-) (-)|multi-states (haryana, punjab)|02/2023 (12/2023)|12/2025 (04/2027)|609.32 (454.34)|169.1|70.83
1506|6l of ambala-chandigarh greenfield section from km. 0.000 to km. 25.000 with 4l spur to lalru from km. 0.000 to km. 5.828 & spur to pr-7 road from km. 0.000 to km. 11.157 (national highways authority of india [nhai]) (619134) (n24002098) (11802)|multi-states (haryana, punjab)|03/2022 (10/2023)|10/2025 (06/2026)|1641.66 (1904.79)|552.95|80.65
1507|6l access controlled greenfield highway from adhoya musalmana to sadopur section of shamli -ambala package-iii design ch. form km 84.400 to km 121.786 (national highways authority of india [nhai]) (619216) (-) (11906)|multi-states (haryana, punjab)|05/2022 (05/2023)|05/2025 (12/2026)|1491.72 (1122.86)|644.11|71.11
1508|additional structures on 6lgurgaon-jaipur section of nh-48 between km 42.700 to km 273.00 (national highways authority of india [nhai]) (618505) (n24002058) (-)|multi-states (haryana, rajasthan)|08/2022 (12/2022)|06/2024 (07/2026)|409.64 (290.64)|195.8|87.14
1509|4 laning of aligarh-palwal section from km. 46.390 design chainage to km. 69.110 terminating at junction epe package-ii from kurana- eastern peripheral expressway of nh-334d (national highways authority of india [nhai]) (618691) (-) (10492)|multi-states (haryana, uttar pradesh)|03/2024 (08/2025)|08/2027 (08/2027)|939.17 (903.94)|146.48|7.5
1510|6l access controlled greenfield highway from ranipur barsi to adhoya musalmana section of shamli -ambala package-ii design ch. form km 45.500 to km 84.400 (national highways authority of india [nhai]) (618723) (n24002040) (10518)|multi-states (haryana, uttar pradesh)|06/2022 (05/2023)|05/2025 (12/2026)|1554.21 (1241.89)|721.32|74.5
1511|construction of greenfield connectivity to jewar international airport from dnd- faridabad-ballabhgarh bypass kmp link - spur to delhi mumbai expressway (national highways authority of india [nhai]) (619068) (n24002048) (11762)|multi-states (haryana, uttar pradesh)|07/2022 (06/2023)|06/2025 (04/2027)|2920.69 (3485.77)|1024.9|69.77
1512|2l/4l of hoshiarpur to una section including hoshiarpur bypass of nh 503a (national highways authority of india [nhai]) (618907) (-) (-)|multi-states (himachal pradesh, punjab)|03/2023 (05/2025)|05/2027 (05/2027)|571.34 (481.88)|63.4|24.87
1513|4l poanta sahebmednipur from km. 435.65 to km. 458.65 of nh-07pkg-1 (nhai) (619291) (-) (12092)|multi-states (himachal pradesh, uttarakhand)|03/2022 (05/2023)|05/2025 (07/2026)|524.54 (657.32)|253.88|94.25
1514|delhi-amritsar-katra expressway phase-ii pkg-xiv from junction with pathankot- gurdaspur road nh-54 near balsua to junction with hiranagar road near village gurha baildaran km 423500 to km 468100 (national highways authority of india [nhai]) (619066) (n24001551) (11761)|multi-states (jammu and kashmir, punjab)|10/2021 (09/2022)|09/2024 (09/2026)|3044.02 (3707.91)|1551.33|83.6
1515|4l from km 219.600 khajuri to km 260.483 wyndhamganj on nh-75 sec-v (national highways authority of india [nhai]) (618828) (n24002053) (10592)|multi-states (jharkhand, uttar pradesh)|03/2022 (09/2023)|09/2025 (05/2026)|1436.49 (1465.55)|830.18|92.02
1516|barwa adda km. 398.240 to panagarh km. 521.120 (national highways authority of india [nhai]) (618533) (n24000515) (10384)|multi-states (jharkhand, west bengal)|08/2010 (04/2014)|09/2016 (05/2026)|1560.39 (1568.22)|91.41|100
1517|6l greenfield varanasi- ranchi- kolkata highway from junction with nh-320 in lepo village to kamlapur villagejh/wb border from km 358.500 to km 387.200 pkg -13 (national highways authority of india [nhai]) (618734) (-) (10524)|multi-states (jharkhand, west bengal)|03/2023 (09/2025)|09/2027 (09/2027)|1154.49 (1319.18)|90.87|17.22
1518|2l ps of jh / wb border km. 70.524 - purulia km.84.400 & purulia km. 94.30 - chandil junction with nh-33 km. 153.705 of old nh-32 (national highways authority of india [nhai]) (618909) (n24000788) (10656)|multi-states (jharkhand, west bengal)|03/2018 (12/2019)|08/2022 (10/2026)|1652.4 (1771.88)|749.26|97.4
1519|4l of nh-80 section of mirza chauki to farakka section from existing km 190.00 to design km 200.75 junction at km 3.100 of nh 133 b and from existing km 260.00 to existing km 283.00 design km 274.133 in the state of jharkhand package - ii (national highways authority of india [nhai]) (618948) (-) (-)|multi-states (jharkhand, west bengal)|02/2025 (02/2026)|01/2028 (01/2028)|782.18 (782.18)|22.95|4.3
1520|4l/2l ps of govindpur raiganj - chas - wb border section of from km. 0.00 to km. 56.889 of old nh-32 (national highways authority of india [nhai]) (619104) (-) (-)|multi-states (jharkhand, west bengal)|03/2016 (12/2017)|12/2019 (-)|1139.65 (1154.8)|6.64|99.84
1521|six laning of kt/kl border thalapaddy -chengala from km. 17.200 to km. 57.20 (national highways authority of india [nhai]) (619205) (-) (11895)|multi-states (karnataka, kerala)|05/2020 (11/2021)|05/2024 (05/2026)|1981.07 (2681.48)|1060.49|99.2
1522|6l from belgaum to sankeshwar bypass from km. 515.000 to km. 555.017 of nh-48 pkg-i (national highways authority of india [nhai]) (618515) (n24001679) (10369)|multi-states (karnataka, maharashtra)|11/2021 (10/2022)|04/2025 (05/2026)|1479.3 (1237.04)|1178.11|100
1523|6l from sankeshwar bypass to mh-knt border from km. 555.017 to km. 592.853 of nh-48 pkg-ii (national highways authority of india [nhai]) (618516) (n24001598) (10370)|multi-states (karnataka, maharashtra)|01/2022 (10/2022)|04/2025 (11/2026)|1388.7 (1066.86)|1130.54|83.5
1524|akkalkot mh/kn border new greenfield corridor from km 512.000 to km 548.400 of nh-150c part of akkalkot kn/ts border section package xiv (national highways authority of india [nhai]) (618636) (-) (10454)|multi-states (karnataka, maharashtra)|03/2023 (10/2024)|10/2026 (06/2027)|1370.75 (1403.49)|275.76|47
1525|bangalore ring road strr-nh-948a- package-i of phase-iii from belagondapalli tn to tn/knt border from km 144.480 to 179.969 (national highways authority of india [nhai]) (618519) (n24001968) (10373)|multi-states (karnataka, tamil nadu)|03/2022 (05/2023)|05/2025 (09/2026)|1260.74 (1218.47)|611.1|75.76
1526|hosur to dhamrapuri pkg-1 [neraluru - thorapalli agraharam] (national highways authority of india [nhai]) (618581) (n24001693) (10417)|multi-states (karnataka, tamil nadu)|10/2021 (10/2022)|10/2024 (07/2026)|1757.27 (1828.66)|927.75|78.7
1527|6l of mh/kn border nimbal village to kn/ts border singnodi village from km. 162.5 to km. 203.100 in raichur of nh-150c pkg-iv (national highways authority of india [nhai]) (618631) (-) (10450)|multi-states (karnataka, telangana)|03/2022 (11/2022)|05/2025 (06/2026)|1499.73 (1457.48)|829.47|99.51
1528|6l access controlled greenfield highway of nandinne village to julekal village from km 202.900 to km 242.200 pkg-1 (national highways authority of india [nhai]) (618632) (n24001626) (10451)|multi-states (karnataka, telangana)|02/2022 (01/2023)|01/2025 (08/2026)|972.06 (1044.06)|408.4|90.13
1529|thalassery mahe bypass km 170.600 to km 189.200 of nh-17new nh-66 in kerala (national highways authority of india [nhai]) (619097) (-) (11775)|multi-states (kerala, puducherry)|09/2017 (12/2017)|05/2020 (05/2026)|1181.12 (1573.18)|710.24|100
1530|4l shahpur to muktainagar from km. 186.000 to km 216.278 of nh 753l pkg ii of boregaon buzurg to muktainagar (national highways authority of india [nhai]) (619101) (-) (11779)|multi-states (madhya pradesh, maharashtra)|12/2022 (03/2024)|03/2026 (10/2026)|784.35 (659.52)|299.09|64
1531|construction of 26 vups, major bridge, service road etc. on lalitpur-sagar- lakhnadon section of nh-44 ns (national highways authority of india [nhai]) (618556) (-) (10402)|multi-states (madhya pradesh, uttar pradesh)|02/2023 (03/2024)|03/2026 (06/2026)|665.91 (665.91)|507.56|95.19
1532|4l of chowka to kaimaha near mp/up border section nh-34 from d. ch. 145.000 to d. ch. 197.266 excluding existing chhatarpur bypass from d. ch. 160.307 to d. ch. 168.630 package-4 (national highways authority of india [nhai]) (618668) (-) (10473)|multi-states (madhya pradesh, uttar pradesh)|10/2024 (09/2025)|09/2027 (09/2027)|996.5 (846.68)|162.84|30.89
1533|mangloor to telangana maharashtra border (national highways authority of india [nhai]) (618624) (-) (10448)|multi-states (maharashtra, telangana)|03/2018 (04/2019)|04/2021 (03/2021)|1082.65 (1323.12)|180.13|96.02
1534|4l of rajura-korpana-adilabad road upto m.s. border from km 32.910 to km 89.090 of nh-353b (national highways authority of india [nhai]) (618938) (n24001796) (10679)|multi-states (maharashtra, telangana)|03/2022 (10/2022)|10/2024 (05/2026)|1013.33 (1274.63)|630.06|100
1535|4l of bamni - rajura - warur - devada upto m.s. border of nh - 930d from km 19.000 to km 51.985 (national highways authority of india [nhai]) (618941) (-) (10680)|multi-states (maharashtra, telangana)|03/2022 (03/2024)|03/2026 (12/2026)|968.05 (1187.19)|599.67|68.15
1536|viluppuram km.0.000 to puducherry km.29.000 (national highways authority of india [nhai]) (618844) (-) (10603)|multi-states (puducherry, tamil nadu)|03/2018 (11/2021)|11/2023 (06/2026)|1358.31 (1162.44)|524.82|98.32
1537|puducherry km.29.000 to poondiyankuppam km.67.000 (national highways authority of india [nhai]) (618845) (n24001429) (10604)|multi-states (puducherry, tamil nadu)|03/2018 (11/2021)|11/2023 (06/2026)|1588.4 (1415.9)|405.48|98.75
1538|sattanathapuram to nagapattinam from km 123.800 to km 179.555 (national highways authority of india [nhai]) (618847) (n24001431) (10606)|multi-states (puducherry, tamil nadu)|03/2018 (10/2020)|10/2022 (08/2026)|2899.77 (2899.77)|1201.6|82.3
1539|4l of left out existing road section from lalgopalganj km 161.450 to nawabganj km 180.200 in prayagraj (national highways authority of india [nhai]) (618755) (-) (-)|multi-states (rajasthan, uttar pradesh)|03/2024 (04/2025)|03/2026 (05/2026)|159.53 (100.74)|72.27|100
1540|6l with access control provision saharanpur bypass to ganeshpur section from 13.89 km to 41.820 km of delhi- dehradun economic corridor package-2 (national highways authority of india [nhai]) (618711) (n24001629) (10506)|multi-states (uttar pradesh, uttarakhand)|04/2022 (11/2022)|11/2024 (05/2026)|796.65 (560.03)|499.88|99.29
1541|4-laning of pilibhit - sitarganj from km. 32.500 to km. 70.800 pkg-2 of nh-30 (national highways authority of india [nhai]) (618783) (-) (10558)|multi-states (uttar pradesh, uttarakhand)|01/2023 (03/2024)|03/2026 (01/2027)|1471.19 (1471.19)|416.11|35.2
1542|road safety improvement of critical junctions on muzaffarnagarharidwar section of nh-334 from km 143000 to km 196000 (national highways authority of india [nhai]) (618886) (-) (-)|multi-states (uttar pradesh, uttarakhand)|04/2025 (10/2025)|10/2027 (10/2027)|238.66 (0.1)|11.65|11.12
1543|construction of rudrapur bypass section from km. 0.000 to 20.640 in the state of uttar pradesh & uttarakhand (national highways authority of india [nhai]) (618912) (-) (10659)|multi-states (uttar pradesh, uttarakhand)|03/2023 (01/2024)|01/2026 (05/2026)|1051.73 (1117.17)|665.1|99.1
1544|improvement & up-gradation of nh-734 section of moradabad-thakurdwara kashipur including moradabad & kashipur bypasse package-iii kashipur bypass length 14.490 km., starts from ch. 38770 and ends at ch. 53260 existing ch. 05560 (national highways authority of india [nhai]) (618928) (n24002093) (10672)|multi-states (uttar pradesh, uttarakhand)|02/2023 (03/2024)|09/2025 (12/2026)|936.12 (717.5)|332.92|44.14
1545|4/6l of spur to haridwar greenfield from km. 0.000 to km. 50.70 (national highways authority of india [nhai]) (618969) (n24001628) (10699)|multi-states (uttar pradesh, uttarakhand)|11/2021 (02/2023)|02/2025 (06/2026)|2155.95 (2612.3)|1469.55|91.5
1546|4l of haridwar-nagina section from km. 0.00 to km. 71.614 of nh-74 (national highways authority of india [nhai]) (619217) (-) (-)|multi-states (uttar pradesh, uttarakhand)|12/2015 (01/2018)|07/2020 (05/2026)|1659.12 (1622.49)|822.5|97.64
1547|widening of existing single lane / intermediate lane road to 2 lane from km 101 to km 125 of nh 61 (morth) (617886) (n24001465) (-)|nagaland|06/2020 (06/2024)|06/2026 (12/2026)|252.2 (252.2)|0|44.46
1548|widening of existing single lane to intermediate lane road from mokokchung to chare via dikhu in the state of nagaland on epc mode (morth) (618002) (n24001418) (-)|nagaland|02/2021 (06/2023)|06/2025 (-)|192.93 (192.93)|99.65|0
1549|widening to existing single lane /intermediate lane to 2 lane from km185.00 to km 220.00 of nh-61 new nh-02 in the state of nagaland. (morth) (618072) (n24001466) (-)|nagaland|03/2021 (07/2022)|07/2024 (03/2026)|297.25 (297.25)|149.19|100
1550|construction of 2-lane with paved shoulder of kohima- bypass road connecting nh- 39new nh-02, nh-150new nh-02, nh-61new nh-29, nh-39new nh-02 from design km 32.00 to design km 43.454design length-11.454 km in the state of nagaland under sardp-ne on epc mode package-iv (nhidcl) (618290) (n24001258) (-)|nagaland|07/2020 (10/2020)|04/2022 (12/2026)|202.36 (202.36)|94.2|45.52
1551|construction of 2-lane with paved shoulder of kohima-bypass road connecting nh- 39 new nh-02, nh150new nh-02, nh7-61 new nh-29 and nh-39 new nh-02 from design km 21.000 to km 32.268 [design length11.268 km] in the state of nagaland under sardp-ne on epc mode package- 3 (nhidcl) (618291) (n24001257) (-)|nagaland|07/2020 (06/2023)|06/2025 (12/2026)|159.85 (342.29)|84.22|37.38
1552|construction of 2-lane with paved shoulder of kohima-bypass road connecting new nh-02 and new nh-29 from design km 10.500 to design km 21.000 [design length- 10.500 km] including tunnel of 500m at ch. 11.000 in the state of nagaland under sardp-ne on epc mode package-2 (nhidcl) (618292) (n24001255) (-)|nagaland|07/2020 (10/2020)|10/2022 (06/2026)|277.44 (277.44)|192.45|69.82
1553|construction of 2-lane with paved shoulder of kohima-bypass road connecting nh- 39new nh-02, nh-150new nh-02, nh-61new nh-29 and nh-39new nh-02 from design km 0.00 to km 10.500 in the state of nagaland under sardp-ne on epc mode package-1 -balance work (nhidcl) (618293) (n24001288) (-)|nagaland|07/2020 (11/2023)|11/2026 (11/2026)|232.29 (350.88)|12.48|25.61
1554|balance work of construction of 2-lane with hard shoulder of kohima - jessami road on nh-29 old nh-150 from existing km 98.380 near chizami vill. to km120.367 nagaland/manipur border [design km 95.700 to design km 117.200] [design length 21.500 km] in the state of nagaland under bharatmala pariyojna on epc mode package-v under nho (nhidcl) (618296) (n24001287) (-)|nagaland|03/2020 (11/2023)|11/2025 (05/2026)|330.8 (330.8)|0|93.04
1555|construction of 2-lane with hard shoulder of kohima - jessami road on nh-29 old nh- 150 from existing km 30.474 near kidwema road chakahabama to existing km 53.220 near kikruma village design km 29.60 to km 51.50 design length-21.90 km in the state of nagaland under bharatmala pariyojna on epc mode under nho package-ii -balance work (nhidcl) (618297) (n24001282) (-)|nagaland|03/2020 (01/2024)|01/2026 (12/2026)|355.79 (355.79)|0|40.88
1556|4-laning of balance work of dimapur-kohima road from design km 152.490 to km 166.700 existing km 156.000 to km 172.900 excluding dimapur & kohima bypass under sardp-ne package-iii (nhidcl) (618328) (n24001278) (10263)|nagaland|03/2016 (09/2023)|09/2025 (-)|562.98 (794.75)|119.71|82.59
1557|construction of 4/6 laning from km 132.375 to km 153.058 total new alignment length of 20.683 km of daboka-dimapur section dimapur bypass nagaland portion of nh-36 & 39 in the state of nagaland on epc basis under phasea of sardp-ne (nhidcl) (618329) (n24001281) (10264)|nagaland|02/2017 (09/2017)|09/2020 (02/2023)|819.39 (819.39)|0|0
1558|widening to 2 lane with hard shoulder of akegwo-avangkhu section of nh-202k for package-i design chainage 0000 km to 34795 km, in the state of nagaland on epc mode under nh o-ne (nhidcl) (618364) (n24001976) (-)|nagaland|12/2022 (08/2023)|02/2026 (02/2026)|430.24 (430.24)|0|87
1559|widening to 2 lane with hard shoulder of akegwo-avangkhu section of nh-202k for package-iii design chainage 69875 km to 106816 km in the state of nagaland on epc mode under nho-ne (nhidcl) (618365) (n24001978) (-)|nagaland|12/2022 (08/2023)|02/2026 (02/2026)|497.18 (497.18)|0|85.67
1560|widening to 2 lane with hard shoulder of akegwo-avangkhu section of nh-202k for package-ii design chainage 34795 km to 69875 km in the state of nagaland on epc mode under nho-ne (nhidcl) (618366) (n24001977) (-)|nagaland|12/2022 (08/2023)|02/2026 (02/2026)|442.54 (442.54)|0|54.66
1561|construction of 2 laning with hard shoulder of peren-dimapur section on nh 129a from design km 146.208 to km 163.592 length- 17.384 km in the state of nagaland on epc mode under nho-tsp package-iii (nhidcl) (618413) (n24001912) (-)|nagaland|02/2021 (06/2023)|06/2025 (06/2026)|177.77 (199.02)|0|93.37
1562|construction of balance work for 2-lane with hard shoulder of peren- dimapur section on nh-129a from design km 126.775 to km 146.208 length 19.433 km in the state of nagaland on epc mode under nho-tsp package-ii (nhidcl) (618414) (n24001406) (-)|nagaland|01/2021 (09/2023)|09/2025 (09/2025)|258.52 (258.52)|60.72|96.53
1563|construction of 2-lane with hard shoulders of merangkong-tamlu-mon road wakching twon portion on epc basis from existing chainage km 59000 to km 73640 [design km. 59000 to km, 72450] design length - 13.450 km under sardp-ne package-v balance work (nhidcl) (618422) (n24001438) (-)|nagaland|03/2021 (09/2023)|09/2025 (04/2026)|161.73 (161.73)|14.12|99.5
1564|construction of 2-lane with hard shoulders of merangkong-tamlu-mon mtm road from existing km 20.456 to km 41.065 design km. 20 to km. 40.0 design length- 20.000 km in the state of nagaland under sardp-ne phase-a pkg-2 balance work (nhidcl) (618423) (n24000763) (-)|nagaland|03/2018 (08/2023)|08/2025 (03/2026)|215.79 (215.79)|28.64|100
1565|construction of 2-lane with hard shoulders of merangkong-tamlu-mon road on epc basis from existing road km. 76.640 to km 98.065 design chainage km. 63.800 to km. 86.835 design length-23.035 km in the state of nagaland under sardp-ne pkg-iv balance work (nhidcl) (619059) (n24000765) (-)|nagaland|03/2018 (09/2023)|09/2025 (12/2026)|323.98 (323.98)|70.46|75.05
1566|new construction of major bridge with approaches from km 0.000 to 1.200 madhopur -badabanta section of nh-20 under nho in annual plan 2022-23 in the state of odisha (morth) (617898) (-) (-)|odisha|03/2023 (04/2025)|10/2027 (10/2027)|199.5 (199.5)|0.1|0
1567|widening and strengthening to 4lps/2lps from km 0.000 to 35.800 kuakhia - mangalpur section of nh 20 in the state of odisha on annual plan 2021-22 (morth) (617899) (n24002136) (10133)|odisha|03/2022 (02/2024)|02/2026 (11/2026)|636.1 (636.1)|292.74|56.11
1568|construction or by-pass road on nh-26 for nabrangpur town (morth) (617902) (-) (-)|odisha|03/2023 (12/2024)|12/2026 (12/2026)|168.95 (168.95)|7.84|21
1569|construction of bypass road to balangir town from km 72/400 desing km 0/0 to km 79/800 design km 11/670 of nh-26 in the state of odisha. (morth) (617904) (n24001862) (-)|odisha|02/2022 (04/2023)|10/2025 (07/2026)|238.78 (238.78)|6.09|55
1570|construction of 4 lane rob with approaches in lieu of lc no. rv-172 at km 176.00 of nh-201 present nh-26 at kesinga including land acquisition in the state of odisha on epc mode under annual plan 2021-22 (morth) (617905) (n24001865) (-)|odisha|12/2021 (05/2023)|05/2025 (10/2026)|324.09 (324.09)|84.57|70.09
1571|widening and strengthening to 2lps including la from km 318.970 to 353.450 balikuda-mulkani section of nh-55 under nho in annual plan 2022-23 in the state of odisha. job no. nh-55-od-2022-23-656 (morth) (617920) (-) (10138)|odisha|01/2022 (06/2025)|06/2027 (06/2027)|511.54 (511.54)|0|3
1572|widening and strengthening to 2lps including la of kandarpur-balikuda from km 277/500 to 318/970 of nh-55 in the state of odisha under annual plan 2021-22. (morth) (617921) (n24001858) (-)|odisha|03/2022 (06/2023)|06/2025 (05/2026)|499.79 (499.79)|129.74|60.65
1573|construction of jharsuguda bypass including land acqusition on nh-49 from km 258.636 to km 283.300 design chainage 258.636 to km 289.876 under nho in annual plan 2022-23 for the state of odisha job no.nh-49-od-2022-23-655 (morth) (617922) (-) (10139)|odisha|09/2021 (01/2025)|07/2027 (07/2027)|587.1 (587.1)|52.43|21
1574|construction of daspalla bypass from km 195.250 to 200.635 of nh-57 including land acquisition in the state of odisha on epc mode under annual plan 2022-23. (morth) (617923) (-) (-)|odisha|02/2023 (05/2025)|05/2027 (05/2027)|155.97 (155.97)|36.6|20
1575|construction of bypass to nayagarh town from km 235.469 to 252.482 of nh-57 including land acquisition in the state of odisha. (morth) (617924) (n24001860) (-)|odisha|01/2022 (05/2023)|04/2025 (03/2026)|300.33 (300.33)|82.33|100
1576|construction of bypass to khordha town from km 294/000 to 300/300 on nh-57 including la in the state of odisha on epc mode. (morth) (617925) (n24001861) (-)|odisha|02/2022 (05/2023)|11/2024 (06/2026)|157.49 (157.49)|33.61|82
1577|construction of bypass on nh-59 from km 336/350 to 349/910 13.56 km near berhampur town including 4-lane rob in the state of odisha. (morth) (617930) (n24001859) (-)|odisha|03/2021 (03/2022)|12/2025 (06/2026)|196.94 (196.94)|51.16|75
1578|construction of four lane rob and its approaches in lieu of existing level crossing no. rv-71 at km 435 on nh-217 new nh-353 at khariar including land acquisition under nho in annual plan 2021-22 for the state of odisha for f.y. 2021-22 to f.y 2033-34 (morth) (618003) (n24001419) (-)|odisha|11/2021 (06/2023)|12/2024 (06/2026)|154.49 (154.49)|22.32|72
1579|widening & strengthenlng to 2lps from km 0,000 to 40.000 dhaugaon- podamari section of nh 326 in the state of odisha under annual plan 2021.22. (morth) (618012) (n24002135) (-)|odisha|03/2022 (02/2024)|02/2026 (06/2026)|186.52 (186.52)|42.83|60
1580|construction of dharmagarh bypass on nh-130c including land acquisition in the state of odisha on epc mode under annual plan 2022-23. (morth) (618079) (-) (-)|odisha|03/2023 (04/2025)|10/2026 (10/2026)|172.66 (172.66)|0|15
1581|widening to 2 lane with paved shoulded of jareikela jharkhand/odisha border - dhabaleswar section from 0/0 to 36/0 of nh-320d in the state of odisha under annual plan 2021-22. (morth) (618122) (-) (-)|odisha|03/2022 (10/2024)|10/2026 (10/2026)|172.09 (172.09)|0|20.25
1582|bhadrak km 136.500 to baleshwar km 199.141 (national highways authority of india [nhai]) (618523) (n24000738) (10376)|odisha|11/2014 (03/2019)|09/2021 (11/2026)|844.67 (1394.82)|538.51|91.32
1583|construction of 6-lane flyover at ainthapali junction and a 2-lane rob lhs on nh-53 earlier nh-6 in sambalpur, on epc mode in odisha under nho (national highways authority of india [nhai]) (618591) (-) (-)|odisha|03/2024 (06/2024)|12/2026 (12/2026)|374.17 (211.74)|97.05|50
1584|balance work of 8 nos. of elephant underpasses eups, 1 no. of vehicular underpass vup, 1 nos. of light vehicular underpass lvup, 1 nos. of pedestrian underpass pup, 1 nos. of foot over bridge fob and a2 side approach of jharpokharia flyover at km.215.270 in baharagora-singhara section of nh-49 (national highways authority of india [nhai]) (618592) (-) (-)|odisha|09/2023 (11/2024)|05/2026 (03/2027)|320.64 (244.85)|33.71|18
1585|balance work of rehabilitation and upgradation to four laning of baharagora singhara section of nh-49 from km.229.727 to km.238.990 length 9.263 km. including construction of five nos. of elephant underpasses eup and fourteen nos. of animal underpasses aup inside the buffer zone of similipal tiger reserve area in bangriposi ghat section in the state of odisha on epc mode (national highways authority of india [nhai]) (618593) (-) (-)|odisha|03/2025 (05/2025)|11/2027 (11/2027)|263.32 (163.07)|8.76|8.8
1586|6l greenfield kaliagura baunsaguar section of nh-130-cd road from km 249000 to km 293000 package od-5 (national highways authority of india [nhai]) (618677) (n24001667) (10480)|odisha|09/2021 (05/2022)|05/2024 (06/2026)|1539.75 (1918.49)|981.3|94.81
1587|6l greenfield baunsaguar - baraja section of nh-130-cd road from km 293000 to km 338500 package od-6 (national highways authority of india [nhai]) (618678) (n24001678) (10481)|odisha|08/2021 (06/2022)|05/2024 (06/2026)|1265.59 (1635.44)|874.99|98.96
1588|6l greenfield kandili - aluru section of nh-130-cd road from km 342500 to km 365033 package-od-8 (national highways authority of india [nhai]) (618680) (n24001665) (10483)|odisha|12/2021 (10/2022)|10/2024 (05/2026)|1492.74 (1912.84)|1032.78|97.47
1589|6l flyover including re wall approaches with flexible pavement in the elephant corridor of angul sambalpur section of nh-42 new nh-55 km.202.533 (national highways authority of india [nhai]) (618704) (-) (-)|odisha|09/2023 (06/2024)|01/2027 (06/2026)|150.86 (106.32)|102.13|99.98
1590|4l godibandha to ballhar chhak, ballhar chhak to banarpal & banarpal to start of angul bypass at km.314.130 to km.321.035 of nh53, at km.75.200 to km.84.000 of nh149 & at km.84.000 to km.86.100 of nh55 (national highways authority of india [nhai]) (618705) (-) (12085)|odisha|12/2024 (02/2026)|02/2028 (02/2028)|973.12 (973.12)|153.23|1.5
1591|balance work of panikoili rimoli section of new nh-20 from km 0.00 to km. 163.000 (national highways authority of india [nhai]) (618819) (n24001647) (-)|odisha|09/2020 (03/2021)|03/2022 (07/2022)|183.03 (200.79)|89.36|99
1592|rehabilitation and up gradation from 4 to 8 laning of chandikhole paradip section of nh-53 old nh 5a from km.39.000 to km.60.00 package-3 (national highways authority of india [nhai]) (618820) (n24002079) (10586)|odisha|03/2023 (12/2023)|12/2025 (09/2026)|861.84 (938.55)|383.65|91
1593|rehabilitation and up gradation from 4 to 8 laning of chandikhole paradip section of nh-53 old nh 5a from km 18.00 to km 39.00 in the state of odisha on ham mode package-2 (national highways authority of india [nhai]) (618821) (n24002080) (10587)|odisha|03/2023 (12/2023)|12/2025 (08/2026)|920.47 (950.4)|412.89|91
1594|rehabilitation and up gradation from 4 to 8 laning of chandikhole paradip section of nh-53 old nh 5a from km.0.00 to km.18.00package-1 (national highways authority of india [nhai]) (618822) (-) (10588)|odisha|03/2023 (12/2023)|12/2025 (08/2026)|929.91 (869.45)|365.01|92.3
1595|3l major bridge over river brahmani at km. 401.250 duburi - chandikhole section of nh-200 new nh -53 (national highways authority of india [nhai]) (618908) (n24002081) (-)|odisha|04/2022 (08/2022)|01/2025 (12/2026)|153.61 (103.68)|73.59|38
1596|4-l of rajamunda to barkote section of nh-23 from km. 287.200 to km. 337.185 (national highways authority of india [nhai]) (618913) (n24000739) (10660)|odisha|10/2017 (12/2018)|06/2021 (12/2024)|609.63 (630.97)|114.77|96.52
1597|6l of bhubaneswar - jagatpur - chandikhole section of nh-16 (national highways authority of india [nhai]) (619075) (-) (-)|odisha|01/2009 (12/2011)|06/2014 (05/2026)|639.3 (632.89)|52.23|97.48
1598|6l of badakumari - karki section from km 179.000 to km 226.500 of nh-130-cd package od-3 (national highways authority of india [nhai]) (619109) (n24001668) (11784)|odisha|03/2021 (04/2022)|04/2024 (05/2026)|1101.76 (1374.43)|645.61|99.7
1599|four laning of angul to sambalpur from km.112.000 to km.265.000 (national highways authority of india [nhai]) (619118) (n24000619) (-)|odisha|09/2016 (03/2017)|08/2019 (05/2026)|2510.04 (2632.91)|1194.15|99.98
1600|cuttack-angul section of nh-42 new nh-55 from km 0.400 to km 60.200 pkg-i in the state of odisha (national highways authority of india [nhai]) (619119) (n24000715) (11789)|odisha|10/2017 (01/2018)|07/2020 (06/2026)|999.32 (1178.31)|512.79|99
1601|4 laning of talcher to end of kamakhyanagar bypass km 8.844 - km 15.725 of nh- 149 and km 301.875 - km 335.946 of nh-53 pkg-i (national highways authority of india [nhai]) (619157) (n24000734) (11814)|odisha|01/2018 (02/2019)|08/2021 (10/2026)|795.18 (810.71)|402.98|99
1602|4 laning of duburi chandikhole from km 388.376 to km 428.074 pkg-iii (national highways authority of india [nhai]) (619158) (n24000733) (11815)|odisha|01/2018 (02/2020)|08/2022 (06/2026)|789 (907.61)|572.09|86
1603|rehabilitation and up gradation from 4 to 8 laning of chandikhole paradip section of nh-53 old nh 5a from km.60.000 to km.76.646 package-4 (national highways authority of india [nhai]) (619181) (-) (11884)|odisha|03/2023 (11/2024)|10/2026 (10/2027)|882.45 (1009.92)|163.87|32
1604|6l of hatibena - badakumari section from km 146.50 to km 179.00 of nh-130-cd package od-2 (national highways authority of india [nhai]) (619213) (-) (11903)|odisha|02/2021 (03/2022)|03/2024 (05/2026)|791.17 (1070.63)|727.37|99.95
1605|cuttack-angul section of nh-42 new nh-55 from km.60.200 to km. 112.000 pkg-ii in the state of odisha (national highways authority of india [nhai]) (619215) (-) (11905)|odisha|10/2017 (03/2018)|09/2020 (06/2026)|991.41 (1168.82)|499.5|99.66
1606|development to 4-lane with paved shoulder for the road section talwandi sabo- raman road to refinery road junction with bathinda dabwali road of nh-254 from existing km 131.600 to km 155.650 design km 131600 to km 155600 in the state of punjab. job no nh-254-pb-2022-23-565 (morth) (618010) (-) (10163)|punjab|03/2023 (05/2025)|11/2026 (11/2026)|546.67 (546.67)|0|45
1607|work of widening/upgradation of 2-lane with paved shoulder of sri muktsar sahib to malout road from km 279.400 to km 307.060 section of nh-354 in the state of punjab on epc mode. job no. nh-354-pb-2021-22-555 (morth) (618023) (n24001961) (-)|punjab|03/2022 (10/2023)|04/2025 (03/2026)|152.58 (152.58)|0|100
1608|up-gradation to two lane with paved shoulder configuration of nh-354 section arifkes- ferozepur-muktsar-malaut from km 201.500 to km 212.500 & km 229.690 to km 269.960 and strengthening of existing pavement from km 212.500 to km 229.690 excluding km 218.500 to 223.690 of nh-354 on epc mode in the state of punjab. job no. nh-354-pb-2020-21-532 (morth) (618024) (n24001960) (-)|punjab|03/2021 (10/2023)|04/2025 (06/2026)|263.19 (263.19)|0|83
1609|delhi-amritsar-katra expressway phase-i pkg-vii from junction with patiala-bathinda road nh-7 near bhawanigarh to junction with ludhiana-malerhkotla sh-11 near bhogiwal village km 188830 to km 225770 (national highways authority of india [nhai]) (618487) (n24001415) (10345)|punjab|12/2020 (07/2022)|07/2024 (06/2026)|1759.82 (1774.32)|1250.45|95.8
1610|delhi-amritsar-katra expressway phase-i pkg-viii from junction with ludhiana- malerkotla sh-11 near bhogiwal village to junction with ludhiana-moga road nh-5 near mullanpur dakha km 225770 to km 260860 (national highways authority of india [nhai]) (618488) (n24001416) (10346)|punjab|12/2020 (03/2023)|03/2025 (-)|1895.74 (2034.94)|751.95|31.08
1611|delhi-amritsar-katra expressway phase-i pkg-ix from junction with ludhiana-moga road nh-5 near mullanpur dakha to junction with jalandhar - moga road nh-703 near kang sahibu village km 260860 to km 303900 (national highways authority of india [nhai]) (618489) (n24001417) (10347)|punjab|12/2020 (07/2022)|07/2024 (03/2027)|1851.47 (2407.14)|1348.9|73.26
1612|delhi-amritsar-katra expressway phase-i pkg-x from jn. with jalandhar - moga road nh-703 to jn. with jalandhar-kapurthala road nh-703a and to jn. with kapurthala - sultanpur lodhi road nh-703a km 000 to km 24000 to amritsar connectivity (national highways authority of india [nhai]) (618490) (n24001418) (10348)|punjab|12/2020 (07/2022)|07/2024 (09/2025)|2177.54 (2062.74)|1004.28|62.99
1613|delhi-amritsar-katra expressway phase-i pkg-xi from junction with jalandhar - kapurthala road nh-703a near khojewal village to junction with amritsar-mehta- srihargobindpur-tanda road nh-503a near srihargobindpur km 319400 to km 362420 (national highways authority of india [nhai]) (618491) (n24001419) (10349)|punjab|03/2021 (11/2022)|11/2024 (-)|2175.35 (2206.71)|941.19|43.45
1614|delhi-amritsar-katra expressway phase-i pkg-xii from junction with amritsar-mehta- srihargobindpur-tanda road nh-503a near srihargobindpur to junction with pathankot-gurdaspur road nh-54 near gurdaspur km 362420 to km 397700 (national highways authority of india [nhai]) (618492) (n24001420) (10350)|punjab|03/2021 (01/2024)|12/2025 (02/2027)|1734.18 (1538.47)|470.92|27.05
1615|delhi-amritsar-katra expressway phase-i spur-i from jn. with kapurthala - sultanpur lodhi road nh-703a near isharwal village to jn. with kapurthala - tarn taran road nh-703aa near goinwal sahib [km 24000 to km 41000 of amritsar connectivity] (national highways authority of india [nhai]) (618493) (n24002102) (10351)|punjab|12/2021 (04/2023)|04/2026 (03/2028)|2165.23 (1519.6)|396.24|31.77
1616|greenfield connectivity from govindsar village on delhi amritsar katra expressway to talwara village on nh-44 pathankot by-pass (national highways authority of india [nhai]) (618551) (-) (10397)|punjab|11/2024 (07/2025)|07/2027 (07/2027)|666.81 (690.47)|48.07|24.75
1617|development of 6l greenfield jalandhar bypass starting from kahlwan nh-03 ending at kang sahbu nh-703 via sarmastpur nh-44 - madara nh-03 - khajurla nh-44 (national highways authority of india [nhai]) (618552) (n24001637) (10398)|punjab|03/2021 (01/2023)|01/2025 (06/2027)|1754.84 (2167.39)|800.1|48.2
1618|6l of jodhpur romana bathinda - mandi dabwali punjab haryana border section of nh-54 from km. 0.000 to km. 27.400 of nh-54 (national highways authority of india [nhai]) (618610) (n24002075) (10437)|punjab|05/2020 (08/2023)|08/2025 (05/2026)|789.26 (1318.91)|518.65|99
1619|6l amritsar-bathinda greenfield section from village tiba on ne-5a to jn. with moga jalandhar road nh-703 near dharamkot from km 0.000 to km 39.000 of nh-754a pkg-1 (national highways authority of india [nhai]) (618617) (n24001640) (10443)|punjab|03/2021 (11/2022)|11/2024 (06/2027)|1229.38 (1549.32)|772.73|70.28
1620|6l amritsar-bathinda greenfield section from jn. with bhagta bhai ka-bhadaur road near dyalpura bhai ka to jn. with mandi dabwali bathinda road on nh-54 near sangat kalan from km 93.000 to km 154.866 of nh-754a pkg-3 (national highways authority of india [nhai]) (618618) (n24002076) (10444)|punjab|03/2021 (06/2024)|06/2026 (06/2026)|2029.17 (2677.23)|513.42|72
1621|6l access controlled ludhiana-bathinda greenfield highway from jn. with amritsar- bathanda greenfield road nh-754a near rampura phul to jn. with moga-barnala road nh-703 near village tallewal from km 0.0 to km 30.3 of nh-754ad pkg-1 (national highways authority of india [nhai]) (618647) (n24002091) (10462)|punjab|06/2021 (09/2023)|09/2025 (07/2026)|906.51 (1020.52)|490.17|81.5
1622|moga - bagha purana - bajakhana from km. 0.00 to km. 43.32 (national highways authority of india [nhai]) (618764) (n24001639) (10545)|punjab|05/2020 (12/2022)|12/2024 (05/2026)|1032.59 (1264.17)|663.72|76
1623|4l of greenfield section from sirhind to mohali (national highways authority of india [nhai]) (618776) (-) (10552)|punjab|03/2022 (05/2023)|05/2025 (06/2026)|1237.65 (1301.15)|979.97|88.82
1624|4/6l greenfield ludhianarupnagar highway from jn. with ne-5 village near to manewalludhiana to jn. with nh-205 near bheora village rupnagar from km 66.0 to km 91.0 i/c spur to kharar from km 0.0 to km 19.5 with ludhiana bypass of nh-205k pkg-3 (national highways authority of india [nhai]) (618785) (n24001630) (10559)|punjab|07/2021 (02/2023)|02/2025 (05/2026)|1501.02 (1815.13)|992.99|78.6
1625|4l of phagwara - hoshiarpur (national highways authority of india [nhai]) (618786) (-) (10560)|punjab|11/2022 (03/2025)|03/2027 (07/2027)|1196.38 (1503.79)|160.92|13.97
1626|4l of fazilka to abohar section of nh-07 including construction of greenfield abohar & fazilka bypasses (national highways authority of india [nhai]) (618793) (-) (10566)|punjab|03/2023 (04/2024)|04/2026 (07/2027)|1409.88 (1674.04)|569.17|60
1627|amritsarairport junction - ramdas from km. 100.835 to km. 139.813 pkg - iv (national highways authority of india [nhai]) (618794) (n24001644) (-)|punjab|12/2020 (03/2022)|09/2023 (05/2026)|524.88 (416.58)|387.07|96
1628|amritsar bypass pkg iii from km. 71.496 to km. 105.158 (national highways authority of india [nhai]) (618795) (n24001642) (10567)|punjab|02/2021 (08/2022)|08/2024 (12/2026)|1474.77 (1228.42)|866.12|81.05
1629|4l of beas-mehta-batala-dera baba nanak from intersection with jalandhar-amritsar highway nh-3 near beas till start of batala bypass near village acchhal from km. 0.000 to km. 31.300 pkg-1 (national highways authority of india [nhai]) (618809) (n24002101) (10576)|punjab|08/2021 (06/2023)|06/2025 (05/2027)|809.51 (966.99)|499.54|65.99
1630|4l of existing beas baba bakala - dera baba nanak section from start of batala bypass till intersection with ajnala gurdaspur highway nh 354 near dera baba nanak from km. 31.300 to km. 69.100 with additional batala bypass pkg-ii (national highways authority of india [nhai]) (618810) (n24002100) (10577)|punjab|10/2021 (06/2023)|06/2025 (03/2027)|1003.38 (993.6)|590.84|78.99
1631|4l of amritsar-ghoman - tanda - una section from km 8.270 to km 54.000 of nh- 503a package-i (national highways authority of india [nhai]) (618906) (n24001643) (10655)|punjab|12/2020 (06/2022)|06/2024 (12/2026)|857.91 (1443.47)|517.34|67.1
1632|6l amritsar-bathinda greenfield section from jn. with moga jalandhar road nh-703 near dharamkot to jn. with bhagta bhai ka-bhadaur road near dyalpura bhai ka from km 39.000 to km 93.000 of nh-754a pkg-2 (national highways authority of india [nhai]) (619099) (-) (11777)|punjab|03/2021 (06/2024)|06/2026 (06/2027)|1801.37 (2172.71)|597.42|64.2
1633|6l access controlled ludhiana-bathinda greenfield highway from jn. with moga- barnala road nh-703 near village tallewal to jn. with delhi-katra expressway ne-5 near ludhiana village ballowal from km 30.300 to km 75.543 of nh-754ad pkg-2 (national highways authority of india [nhai]) (619105) (-) (11780)|punjab|07/2021 (09/2025)|09/2027 (09/2027)|1555.13 (1564.66)|195.79|20.09
1634|delhi-amritsar-katra expressway phase-i spur-iii from junction with amritsar- jalandhar road nh-3 near bhishambarpura to junction with amritsar-anjala road nh- 354 near amritsar airport [km 71000 to km 99000 of amritsar connectivity] (national highways authority of india [nhai]) (619200) (-) (11891)|punjab|03/2021 (11/2022)|10/2024 (06/2027)|1641.75 (1951.7)|1007.55|32.47
1635|4/6l greenfield ludhiana rupnagar highway from jn. with ne-5 village near to manewalludhiana to jn. with nh-205 near bheora village rupnagar from km. 0.00 to km. 37.7 including spur to kharar with ludhiana bypass of nh-205k pkg-1 (national highways authority of india [nhai]) (619318) (-) (12155)|punjab|05/2021 (12/2022)|12/2024 (12/2027)|1368.91 (1382.48)|487.99|15.31
1636|beawer gomti 4lps from km 58.245 to km 108.600 pkg-i (morth) (617887) (n24001411) (-)|rajasthan|12/2020 (10/2021)|10/2023 (12/2025)|379.23 (379.23)|179.11|99
1637|construction of two lane with paved shoulder for fatehpur bypass design km 0.000 to km 7.400 , mandawa bypass design km 20.925 to km 27.300 & jhunjhunu bypass design km 41.625 to km 54.689 of nh-11 on epc mode in the state of rajasthan . (morth) (617891) (n24001866) (-)|rajasthan|03/2022 (02/2023)|08/2024 (08/2025)|186.29 (186.29)|66.7|100
1638|upgradation to two lane paved shoulder in km 33/0 to 126/520 of nh-23 old nh- 11b kothun-lalsot-karoli-dholpur road in the state of rajasthan under epc mode length-93.52 km. (morth) (617900) (n24001530) (-)|rajasthan|12/2021 (09/2022)|09/2024 (09/2025)|150.11 (150.11)|12.2|97
1639|widening of pachpadra-bagundi section to 4 lane from km 73/60 to 95/70 of nh-25 on epc mode in the state of rajasthan. (morth) (617901) (n24001528) (-)|rajasthan|01/2022 (12/2022)|12/2024 (03/2026)|194.88 (194.88)|48.47|98.58
1640|construction of 2 lane with paved shoulder for the work of development of remaining sections of nh-325 balotra to sanderao via jalore to 2 lane with paved shoulder configuration by construction of byasses for town portions1 asotra- brahmdham bypass 2siwana bypass 3 mokalsar bypass 4 major realignment at kathadi 5 major realignment at bishangarh 6 jalore bypass 7 ahore town portion 8 dujana bypass in the state of rajasthan on epc mode (morth) (618011) (n24001527) (-)|rajasthan|12/2021 (05/2022)|05/2024 (05/2026)|411.44 (411.44)|66.63|87.6
1641|upgradation to two-lane with paved shoulder of hanumangarh to kenchiyan section from km 0.000existing chainage-km 23.200 to km 49.605existing chainage-km 74.645 of nh-54 in the state of rajasthan on epc mode. (morth) (618069) (n24002167) (-)|rajasthan|03/2022 (10/2024)|10/2026 (10/2026)|334.64 (334.64)|0|68
1642|up-gradation to 2 lane with paved shoulder from neechli oden nathdwara at design km 88.800 existing km 55.95 to bhatewar at design km 142.028 existing km 0.00 of nh-162e in the state of rajasthan on epc mode. (morth) (618092) (n24002168) (10178)|rajasthan|02/2023 (10/2024)|10/2026 (10/2026)|606.61 (606.61)|0|52.5
1643|up-gradation to 2 lane with paved shoulder from charbhuja at design km 0.00 existing km 150.00 to neechli oden nathdwara at design ch. km 88.800 existing km 55.950 of nh-162e on epc mode. (morth) (618093) (n24001927) (10179)|rajasthan|02/2022 (09/2023)|09/2025 (-)|838.43 (838.43)|55.04|0
1644|upgradation to 2-lane with paved shoulder from design km 36300 to design chainage 47918 and from design ch 69900 to design ch 83940 of nh-248a natni ka bara in the state of rajasthan on epc mode. (morth) (618117) (-) (-)|rajasthan|02/2024 (11/2024)|05/2026 (05/2026)|154.89 (154.89)|11.94|23
1645|upgradation of two lane paved shoulder from shahpura existing km. 0.00 design ch. 000 to thanagazi existing km.37352 design ch. 36810 of nh-248a on epc mode in the state of rajasthan. (morth) (618118) (n24001867) (-)|rajasthan|03/2022 (02/2023)|07/2024 (07/2025)|174.34 (174.34)|63.55|100
1646|construction of 2 lane with paved shoulder for northern bypass phase-ii of kota city in the state of rajasthan. (morth) (618200) (n24001928) (-)|rajasthan|03/2022 (10/2023)|04/2025 (02/2027)|317.74 (317.74)|6.07|36.87
1647|balance work of rehabilitation and up-gradation to 4-lane configuration of ras- beawar section km 00.000 to km 30.050 of nh-158 in the state of rajasthan under green national highway corridor project gnhcp. (morth) (618235) (-) (-)|rajasthan|01/2025 (06/2025)|12/2026 (12/2026)|278.1 (278.1)|28.57|37.16
1648|delhi-vadodara greenfield alignment nh-148n pkg-14 ch. 388.420 to ch. 419.000 [junction with nh- 76 to junction with nh-12 near village ummedpura] (national highways authority of india [nhai]) (618456) (n24001568) (10315)|rajasthan|11/2019 (05/2021)|05/2023 (03/2025)|1119.35 (1194.17)|975.7|99.8
1649|delhi-vadodara greenfield alignment nh-148n pkg-10 ch. 292.950 to ch. 319.400 [end of interchange on nh-166 near village mui to hardeoganj village near indergarh] (national highways authority of india [nhai]) (618457) (n24001567) (10316)|rajasthan|11/2019 (05/2021)|05/2023 (07/2026)|1272.97 (1265.16)|1091.66|95.25
1650|delhi-vadodara greenfield alignment nh-148n pkg-15 ch. 419.000 to ch.427.300 [junction with nh-12 near village ummedpura to major bridge over takli river near nayagaon jageer village] (national highways authority of india [nhai]) (618458) (n24001612) (10317)|rajasthan|07/2020 (07/2021)|01/2024 (07/2026)|1854.68 (1854.68)|1386.51|93.44
1651|sangariya near chautala-rasisar near bikaner section of nh-754k phase-i aj/sr- package-7 (national highways authority of india [nhai]) (618611) (-) (10438)|rajasthan|02/2019 (06/2021)|06/2023 (05/2026)|520.63 (548.42)|426|100
1652|deogarh near dhandhaniya-rajasthan/gujarat border phase-i aj/drgb-package-6 (national highways authority of india [nhai]) (618612) (n24001563) (10439)|rajasthan|10/2019 (08/2021)|08/2023 (05/2026)|846.59 (740.62)|676.17|100
1653|deogarh near dhandhaniya-rajasthan/gujarat border phase-i aj/drgb-package-7 (national highways authority of india [nhai]) (618613) (n24001564) (10440)|rajasthan|10/2019 (07/2021)|07/2023 (05/2026)|662.08 (597.77)|508.83|99.2
1654|6l access controlled highway from km 40080 to km 86513 mator to barodameo section (national highways authority of india [nhai]) (618757) (-) (10539)|rajasthan|09/2022 (03/2024)|03/2026 (05/2026)|2010.2 (1565.88)|707.67|37.24
1655|6l accesscontrolled highway from km 0000 to km 40080 paniyala to mator section of paniyala-barodameo icr (national highways authority of india [nhai]) (618758) (-) (10540)|rajasthan|09/2022 (09/2024)|09/2026 (09/2026)|1764.86 (1239.24)|310.12|36.82
1656|tanot -ramgarh-bhadasar-jaisalmer nh-68 and bhadasarmokal-sarkaritala up to pakisthan border nh-968 pkg-bm/5 (national highways authority of india [nhai]) (618796) (n24000795) (10568)|rajasthan|02/2018 (04/2019)|04/2021 (05/2026)|828.58 (830.37)|405.43|100
1657|mayjilar jaisalmer with jaisalmer bypass link road section of nh-11 part of bm-7 & sundra myajilar ambsingh ki dhani road part of munabao tanot project nh-70 (national highways authority of india [nhai]) (618797) (-) (-)|rajasthan|03/2025 (12/2025)|12/2027 (12/2027)|1237.71 (927.02)|0.54|5.6
1658|4l of karwar km. 281.980 of nh-62 nagaur road to dangiyavas of jodhpur ring road pkg-ii (national highways authority of india [nhai]) (618838) (n24001558) (10600)|rajasthan|11/2021 (08/2022)|08/2024 (05/2026)|736.75 (512.77)|400.17|99
1659|construction of four lane elevated structure at raniwada circle in sanchore city on nh-68 (national highways authority of india [nhai]) (618853) (-) (-)|rajasthan|01/2024 (07/2024)|07/2026 (07/2026)|353.3 (241.34)|174.42|80.94
1660|4l greenfield spur from delhi-vadodara greenfield expressway near bandikui to jaipur (national highways authority of india [nhai]) (619063) (n24001557) (11758)|rajasthan|03/2022 (11/2022)|11/2024 (05/2026)|1636.15 (2170.39)|1205.29|100
1661|construction of two lane with paved shoulder of ghatol bypass from km 133.250 to km 140.950 of nh-56 old nh no. 113 on epc mode in the state of rajasthan. (morth) (619251) (-) (-)|rajasthan|03/2025 (03/2026)|09/2027 (-)|170.49 (170.49)|0|0
1662|construction of two lane with paved shoulder gangtok bypass road from ranipool to burtuk ch 0.00 km to 23.316 l23.316 km in the state of sikkim (morth) (618071) (n24001442) (-)|sikkim|10/2021 (05/2022)|05/2024 (06/2026)|385.15 (342.89)|0|90
1663|construction/up gradation of existing road to 2 lane with paved shoulder including geometric improvement from ranipool to pakyong balance work from km 2.000 to 16.167 of nh-717-a on epc basis under sardp-ne phase a in the state of sikkim (nhidcl) (618426) (-) (-)|sikkim|03/2018 (01/2023)|07/2024 (12/2026)|264.84 (380.94)|0|85.15
1664|realignment of nh-717a from design ch.0.00 km 77.800 of nh-10 to design ch.2.00 km 3.100 of nh-717a with two lane paved shoulder including major bridge of 680 m in the state of sikkim on epc mode-cos work (nhidcl) (618428) (-) (-)|sikkim|01/2021 (04/2021)|04/2023 (05/2026)|264.84 (380.94)|61.11|97.57
1665|construction & upgradation of existing road to 2-lane with paved shoulder from new rolep bridge at km 37.600 to chochenpheri at km 52.00 in the section of rongli to chochenpheri of nh 717b pkg-ii c (nhidcl) (618446) (n24001337) (-)|sikkim|10/2020 (05/2021)|05/2024 (06/2026)|493.42 (478.79)|0|77.07
1666|construction of 2-laning with paved shoulder of new greenfield alignment from helipad near menla at km 82000 to menla at km 94030 of rhenock-menla spur nh- 717b package-iiib on epc basis under sardp-ne phase 'a' in the state of sikkim. (nhidcl) (618447) (n24001362) (-)|sikkim|01/2021 (02/2021)|02/2024 (05/2026)|410.6 (379.3)|0|81.83
1667|construction of 2-laning with paved shoulder of new greenfield alignment from chochenpheri at km 52000 to helipad near menla at km 82000 of rhenock-menla spur nh-717b package-iiia on epc basis under sardp-ne phase 'a' in the state of sikkim. (nhidcl) (618448) (n24001338) (10311)|sikkim|10/2020 (12/2020)|12/2023 (10/2026)|816.79 (786.6)|32.28|60.88
1668|construction & upgradation of existing road to 2-lane with paved shoulder from km27.200 end of rongli bypass to km37.600new rolep bridge of rhenok-menla spur nh-717b on epc mode under sardp-ne phase-a in sikkim pkg-ii b (nhidcl) (618449) (n24001336) (-)|sikkim|07/2020 (10/2020)|04/2023 (09/2026)|230.45 (244.91)|0|80.46
1669|rehabilitation & upgradation of existing road to 2-lane with paved shoulder including geometric improvement of section from start of rabangla km33.600 to km58.840 under sardp-ne phase a pkg- iv (nhidcl) (618450) (n24001327) (-)|sikkim|07/2020 (10/2020)|05/2022 (06/2026)|292.8 (292.8)|1.91|65.1
1670|construction of bypass to madurai achambathu viratipathu in between km 6/850 10/382 of nh 49 extn new nh 85 including land acquisition on engineering, procurement & construction epc basis contract under nh o annual plan 2021-22 in the state of tamil nadu job no.nh-49 extn new nh 85 - tn-2021-22-997 (morth) (617962) (n24002165) (-)|tamil nadu|03/2022 (09/2024)|08/2026 (08/2026)|238.97 (260.07)|119.33|93
1671|bangalore chennai expressway phase-iii package ii walajahpet to arakkonam from km 180.000 to km 204.500 (national highways authority of india [nhai]) (618478) (n24001718) (10337)|tamil nadu|01/2021 (07/2022)|07/2024 (07/2026)|1106.65 (1106.65)|590.04|93.04
1672|bangalore chennai expressway phase-iii package iii arakkonam to kancheepuram from km 204.500 to km 230.000 (national highways authority of india [nhai]) (618479) (n24001717) (10338)|tamil nadu|12/2020 (08/2022)|07/2024 (09/2027)|1525.1 (1525.1)|360.29|53.56
1673|construction of trumpet interchange connecting bangalore chennai expressway km.261705 to km. 262800 with maduravoyal to walajapet section of nh 48 near sriperumbudur toll plaza at km. 35700 (national highways authority of india [nhai]) (618480) (-) (-)|tamil nadu|05/2023 (02/2024)|08/2025 (10/2026)|162.55 (162.56)|43.1|24.13
1674|4l bangalore-chennai expressway from km. 230.000 to km. 261.705 of kanchepuram to sriperumbudur section phase-iii/package-iv (national highways authority of india [nhai]) (618481) (n24001719) (10339)|tamil nadu|02/2021 (07/2022)|07/2024 (10/2026)|3605.73 (3605.73)|903.19|83.45
1675|karaipettai to walajapet from km 71.015 to 107.091 (national highways authority of india [nhai]) (618521) (n24001723) (10375)|tamil nadu|08/2018 (02/2019)|02/2021 (05/2026)|766.51 (766.51)|439.37|93.55
1676|balance works for six laning of sriperumbudur to karaipettai section of nh-4 new nh- 48 from 37000 existing km 37000 to km 71015 existing km 71000 in tamilnadu on epc mode undernhdp phase-v (national highways authority of india [nhai]) (618522) (-) (-)|tamil nadu|06/2024 (01/2025)|10/2026 (02/2027)|411.16 (411.16)|81.11|31.16
1677|improving the alignment of thoppur ghat section from km 158.500 to km 165.100 in dharmapuri - salem section of nh-44 (national highways authority of india [nhai]) (618561) (-) (10407)|tamil nadu|03/2024 (03/2025)|03/2028 (03/2028)|904.99 (731.09)|165.29|35.62
1678|dindigul bypass - samyanallore from km. 373.275 to km. 426.00 (national highways authority of india [nhai]) (618562) (-) (-)|tamil nadu|06/2005 (07/2006)|01/2009 (-)|579 (295.5)|1.4|100
1679|4l of madurai ring road phase 1 [vadipatti-thamrapatti] from km 0.00 - km 29.960 (national highways authority of india [nhai]) (618563) (n24001606) (10408)|tamil nadu|12/2018 (03/2020)|03/2022 (06/2026)|900.05 (900.05)|669.19|97.8
1680|4l of left-over works including additional structures from kerala/tamil nadu border to kanyakumari section from km 43.0 to km 96.174 of nh66 (national highways authority of india [nhai]) (618608) (n24002113) (10436)|tamil nadu|11/2022 (08/2023)|08/2025 (10/2026)|1564.23 (1263.42)|907.2|76.1
1681|6l of pondavakkam to kannigaipair from km 96.040 to km 116.100 of nh 716b pkg- iv (national highways authority of india [nhai]) (618635) (n24001818) (10453)|tamil nadu|02/2021 (01/2023)|01/2025 (11/2026)|1359.81 (1359.81)|335.27|37.44
1682|trichy 135.800 to karur 218.000 section of nh-67 - trichy bypass (national highways authority of india [nhai]) (618743) (-) (-)|tamil nadu|12/2006 (07/2007)|10/2024 (-)|876.88 (360.88)|66.59|100
1683|4l of thirumangalam to vadugapatti section from km 0.000 to km 36.000 of nh-744 (national highways authority of india [nhai]) (618744) (n24002084) (10531)|tamil nadu|03/2022 (02/2023)|02/2025 (06/2026)|1076.97 (791.6)|679.48|95.41
1684|4l of vadugapatti to therkuvenganallur rajapalyam section from km 36.000 to km 71.600 of nh-744 (national highways authority of india [nhai]) (618745) (n24002114) (10532)|tamil nadu|02/2022 (04/2023)|04/2025 (05/2026)|1317.6 (1137.16)|926.56|99.98
1685|melur - pilayarpatti - karaikudi from km 99.920 of nh 38 to km 12.9 of nh 383 ext. (national highways authority of india [nhai]) (618756) (n24001605) (10538)|tamil nadu|12/2018 (03/2020)|03/2022 (07/2026)|1103.86 (1085.41)|774.36|92.15
1686|tuticorin - tirunelveli from km. 0.00 to km. 47.250 (national highways authority of india [nhai]) (618773) (-) (-)|tamil nadu|11/2009 (04/2010)|04/2012 (-)|449.85 (452.48)|1.17|100
1687|construction of new double tier 4l elevated corridor from chennai port to maduravoyal in chennai district from km -0.342 to km 20.593 and package ii from km 4.604 to km 9.700 (national highways authority of india [nhai]) (618800) (n24002109) (10570)|tamil nadu|03/2023 (11/2023)|05/2026 (11/2027)|1616.97 (1616.97)|185.63|17.54
1688|construction of new double tier 4-lane elevated corridor from chennai port to maduravoyal in chennai district from km -0342 to km 20223 package 1 from km - 0342 to km 4604 (national highways authority of india [nhai]) (618801) (n24002110) (10571)|tamil nadu|03/2023 (11/2023)|05/2026 (11/2027)|1388.59 (1388.59)|200.25|21.93
1689|poondiyankuppam km.67.000 to sattanathapuram km.123.800 (national highways authority of india [nhai]) (618846) (-) (10605)|tamil nadu|03/2018 (01/2022)|01/2024 (06/2026)|2565.63 (2319.35)|1084.43|99.8
1690|four laning of trichy - dindigul from km. 333.00 to km. 421.273 of nh-45 (national highways authority of india [nhai]) (618874) (-) (-)|tamil nadu|12/2006 (01/2008)|07/2010 (05/2026)|1003.11 (435.81)|9.43|100
1691|4l of madathukulam - pollachi from km. 74.38 to km. 116.95 of old nh-209 new nh- 83 (national highways authority of india [nhai]) (618894) (n24001602) (10643)|tamil nadu|01/2019 (12/2020)|12/2022 (06/2026)|1772.13 (1772.13)|499.6|91.84
1692|kamalapuram to oddanchatram from km. 0.00 to km. 35.822 (national highways authority of india [nhai]) (618895) (n24001601) (10644)|tamil nadu|01/2019 (01/2021)|01/2023 (07/2026)|1319.42 (1319.42)|417.69|91.93
1693|4l of sethiyathope -cholapuram section from km. 65.960 to km. 116.440 section of nh45 c pkg-ii (national highways authority of india [nhai]) (618897) (n24000708) (10646)|tamil nadu|03/2017 (08/2018)|08/2020 (04/2026)|2356.19 (2356.9)|1011.39|100
1694|balance works for four laning of vikravandi to sethiyathope section from km 0.0 to km 65.96 of nh-45c in tamil nadu under nhdp phase-iv on epc mode (national highways authority of india [nhai]) (618898) (-) (10647)|tamil nadu|01/2025 (06/2025)|06/2027 (06/2027)|1163.17 (834.46)|166.37|26.7
1695|kallagam km.38.700 to meensurutti km.98.433 of nh-227 in tamil nadu (national highways authority of india [nhai]) (618899) (-) (10648)|tamil nadu|02/2018 (04/2019)|04/2021 (05/2026)|1499.12 (1499.12)|682.68|100
1696|salem - ulundurpet section from km 0.313 to km 136.670 of nh-68 (national highways authority of india [nhai]) (618943) (-) (10681)|tamil nadu|12/2006 (01/2008)|01/2011 (05/2026)|861.23 (1019.85)|137.29|100
1697|construction of new double tier 4l elevated corridor from chennai port to maduravoyal in chennai district from km -0.342 to km 20.593 and package iv from km 14.185 to km 20.593 (national highways authority of india [nhai]) (619045) (-) (11596)|tamil nadu|03/2023 (11/2023)|05/2026 (11/2027)|1205.4 (1210.21)|62.01|7.91
1698|6-laning of krishnagiri km.0.000 to walajahpet km.148.300 section on nh-46 under nhdp-v (national highways authority of india [nhai]) (619074) (-) (-)|tamil nadu|12/2009 (06/2011)|12/2013 (06/2026)|1673.17 (781.74)|269.61|99.99
1699|thumbipadi-namakkal from km. 180.00 to km. 248.625 package no. ns-2/bot/tn- 02 (national highways authority of india [nhai]) (619083) (-) (-)|tamil nadu|06/2005 (08/2006)|02/2009 (08/2026)|255.53 (395.43)|206.64|100
1700|start of karur bypass - dindigul from km. 292.600 to km. 305.600 contract package no. ns2/bot/tn-4 (national highways authority of india [nhai]) (619084) (-) (-)|tamil nadu|08/2005 (10/2006)|04/2009 (10/2026)|461.54 (515.03)|42.28|100
1701|chengapalli km 102.035 to neelambur km144.680 and madukkarai km 170.880 to walayar k183.010 package no. ns-2/bot/tn-08 (national highways authority of india [nhai]) (619086) (-) (-)|tamil nadu|10/2009 (09/2010)|03/2013 (10/2026)|852 (285.55)|5.09|100
1702|thorapalli - agraharam - jittandahalli section from km 23.350 to km 60.100 [hosur to dhamrapuri pkg-2] (national highways authority of india [nhai]) (619094) (n24001694) (11773)|tamil nadu|02/2019 (12/2021)|12/2023 (12/2026)|1243.57 (1272.11)|623.59|82.56
1703|mahabalipuram - pondicherry pkg-i [mamallapuram to mugaiyur] (national highways authority of india [nhai]) (619129) (n24001721) (11798)|tamil nadu|02/2019 (05/2022)|05/2024 (12/2026)|1360.54 (1477.94)|575.41|58.65
1704|mahabalipuram - pondicherry pkg-ii [mugaiyur to marakkanam] (national highways authority of india [nhai]) (619130) (n24002111) (11799)|tamil nadu|02/2019 (12/2023)|12/2025 (02/2027)|1116.13 (1463.75)|531.32|53.41
1705|four laning of chettikulam to natham section of nh-785 (national highways authority of india [nhai]) (619131) (n24000826) (11800)|tamil nadu|03/2018 (11/2018)|11/2020 (06/2026)|837.61 (823.93)|169.31|99.75
1706|construction of new double tier 4l elevated corridor from chennai port to maduravoyal in chennai district from km -0.342 to km 20.593 and package iii from km 9.700 to km 14.185 (national highways authority of india [nhai]) (619139) (-) (11805)|tamil nadu|03/2023 (11/2023)|05/2026 (11/2027)|1299.36 (1299.36)|146.74|16.88
1707|access controlled highway of 4 lane with paved shoulders from tiruvallur design chainage km 1756 to tn/ap broder design chainage km 6151 of nh-716 chennai- tirupati package-1 (national highways authority of india [nhai]) (619161) (-) (11816)|tamil nadu|03/2024 (12/2024)|12/2026 (02/2027)|1376.1 (1247.7)|133.77|34.5
1708|balance works of four lane from km 43.950 thiruvallur bypass to km 61.470 veppampattu bypass passing through thannerkulam, thozur and sevapet bypass 17.520 kms of tirupathi- tiruttani- chennai section of nh 205 (national highways authority of india [nhai]) (619222) (-) (11910)|tamil nadu|03/2022 (09/2022)|09/2024 (05/2026)|467.99 (699.68)|450.86|97.92
1709|6-laning of km 9.900 to km 19/948 aramgarh to shamshabad section of hyderabad- bangalore section of nh-44 under nho epc basis in the state of telangana (morth) (617913) (n24000987) (-)|telangana|01/2018 (05/2018)|05/2020 (06/2026)|283.15 (300.7)|480.38|92.62
1710|widening to two/four lane with paved shoulder from km.180.600 to km.223.000 of nh-63 on nizamabad-jagadalpur road on epc mode under nho in the state of telangana. (morth) (617936) (n24000981) (-)|telangana|10/2016 (03/2017)|03/2019 (-)|253.99 (183.26)|0|100
1711|6-laning of pune-hyderabad section of nh-65 from km 493/0 to km 524/0 from sangareddy x roads to madinaguda in the state of telangana (morth) (617939) (-) (10143)|telangana|03/2023 (07/2024)|07/2026 (07/2026)|1297.75 (1297.75)|0|37.5
1712|rehabilitation and upgradation of lb-nagar to malkapur section to 6-lane main carriageway with service roads, drains cum footpath, including vups and widening of minor bridge & road safety provisions from km. 15/00 to km 40/00 of nh-65 old nh-9 under nh o for the year 2020-21 in the state of telangana on epc mode. (morth) (617940) (n24002004) (10144)|telangana|03/2021 (07/2022)|07/2024 (06/2026)|545.11 (545.11)|273.9|80.59
1713|construction of six lane elevated corridor from km 7.950 uppal to km 14.200 of nh- 163 to de-congest the urban limits of hyderabad-bhoopalapatnam section on epc mode in the state of telangana (morth) (617980) (n24000994) (10157)|telangana|03/2018 (07/2018)|07/2020 (10/2026)|626.76 (626.76)|16.13|51.7
1714|widening to two with paved shoulders from km 59.500 to km 132.033 of manneguda- ravunapally section of nh-163 erstwhile sh-4 in the state of telangana on epc mode under nh o annual plan 2016-17 (morth) (617981) (-) (-)|telangana|03/2017 (05/2017)|05/2019 (05/2026)|359 (359)|0|99.92
1715|widening and strengthening of existing 2-lane to 2- lane with paved shoulders from km 159/0 to 165/4 and 186/0 to 215/0 of nh-163 on epc mode int the state of telangana (morth) (617982) (n24000988) (-)|telangana|01/2018 (06/2018)|11/2019 (12/2020)|230.03 (230.03)|0|0
1716|widening & strengthening of existing 2lps to 4 lane ps from km 150000 to km 159000 and km 165400 to km 186000 of nh-163 old nh-202 under nh o for the year 2020-21 on epc mode in the state of telangana. (morth) (617983) (n24001925) (-)|telangana|03/2021 (07/2022)|07/2024 (06/2026)|317.19 (300.56)|175.26|87
1717|rehabilitation & upgradation of nh - 167 from design km 187.723 to 234.434 miryalaguda to kodad section to two lane with paved shoulder on epc mode in the state of telangana (morth) (617992) (n24001281) (-)|telangana|03/2018 (09/2018)|09/2020 (06/2026)|322.81 (322.81)|148.48|98.14
1718|rehabilitation and upgradation of nh-167 from design km 157.707 to 187.723 design length 30.016 km to two lane with paved shoulders of alinagar-miryalaguda sec on epc mode in the state of telangana (morth) (617993) (-) (-)|telangana|02/2018 (05/2018)|11/2019 (06/2026)|220.28 (220.28)|0|97.74
1719|rehabilitation and upgradation of nh-167 from design km 113.900 to 154.479 mallepally haliya section to two lane with paved shoulders on epc mode in the stte of telangana (morth) (617994) (n24001263) (-)|telangana|02/2018 (06/2018)|11/2019 (12/2025)|294.13 (257.61)|239.25|88.22
1720|widening to two lane with paved shoulders from km 67.000 to km 114.425 of kalwakurthy- mallapally section of nh 167 erstwhile section of sh 18 in the state of telangana on epc mode under nh o annual plan 2016-17 (morth) (617995) (n24001323) (-)|telangana|01/2017 (05/2017)|05/2019 (12/2025)|300 (300)|175.1|99.2
1721|widening to 2/4 lane with paved shoulders from km 182.120 to km 227.600 of nh 167 on haggari-jadcherla road on epc mode under nho in the state of telangana (morth) (617996) (n24002132) (-)|telangana|10/2016 (02/2017)|02/2019 (03/2026)|298 (298)|234.7|95.6
1722|construction of 4-lane flyover at amberpet-x road, hyderabad on nh-202 in the state of telangana (morth) (618001) (n24001416) (-)|telangana|05/2018 (06/2021)|06/2023 (06/2026)|216.53 (265.88)|154.05|92.1
1723|rehabiitation and upgradation from km 121/000 to 154/000 nakrekal to mallampally section of nh-365 to 2 lane with paved shoulders in the state of telangana in the epc mode (morth) (618025) (n24000997) (-)|telangana|03/2018 (06/2018)|12/2019 (05/2026)|192.67 (192.67)|141.81|96
1724|rehabilitation and upgradation to two lane with paved shoulders from km 0/000 to 72/6 of nh-365 nakrekal to tanamcherla section under nhdp iv in the state of telangana under epc mode (morth) (618026) (n24000996) (10165)|telangana|06/2017 (11/2017)|10/2019 (05/2026)|605.08 (605.08)|585.2|99.9
1725|widening to two lane with paved shoulders from km 0/000 to km 45/946 of nizampet- narayankhed-bidar section of nh-161b in the state of telangana under annual plan 2021-22 on epc mode under nho (morth) (618091) (-) (10177)|telangana|03/2022 (02/2024)|02/2026 (03/2027)|512.98 (512.98)|117.6|41.8
1726|widening to two lane with paved shoulders from km 0/000 to km 79/300 of kalwakurthy - kollapur section of nh-167k in the state of telangana under annual plan 2021-22 on epc mode under nho. (morth) (618104) (n24002007) (10183)|telangana|03/2022 (07/2023)|07/2025 (06/2026)|886.69 (886.69)|573.13|85.66
1727|widening and strengthening to 4 lane / 2-lane with paved shoulders of mahabubnagar - chincholi section from km 60/255 to km 102/834 of nh-167n in the state of telangana on epc mode. (morth) (618105) (n24002010) (10184)|telangana|03/2022 (10/2023)|10/2025 (11/2026)|631.49 (631.49)|92.56|30.8
1728|widening and strengthening to 2/4 lane with paved shoulders of mahabubnagar chincholi section from km 0/0 to km 60/255 of nh-167n in the state of telangana under annual plan 2021-22 on epc modepackage-i under nho job no.167n-ts- 2021-22-75 (morth) (618106) (n24002009) (10185)|telangana|01/2022 (01/2023)|01/2025 (05/2026)|703.68 (703.68)|279.58|90.69
1729|widening to 2 lane with paved shoulders from 0.00 to 32.970 ofadilabadto bela section of nh 353b in the state of telangana (morth) (618130) (-) (-)|telangana|10/2022 (05/2024)|05/2026 (05/2026)|490.92 (490.92)|0|75.38
1730|widening & strengthening of existing carriageway in 2 lane with paved shoulders from km 25/0 to 59/2 design ch km 25.467 to 59.200 of nh - 353c on epc mode in the state of telangana (morth) (618132) (n24000989) (-)|telangana|02/2018 (06/2018)|06/2020 (-)|206.13 (206.13)|152.77|98.57
1731|widening to two/four lane with paved shoulders from km.34.250 to km.71.830 of nh- 365a on kodad-khammam-kurvi road. (morth) (618140) (-) (-)|telangana|10/2022 (02/2025)|01/2027 (01/2027)|445.76 (445.76)|18.32|10.8
1732|widening and improvement of existing carriage way to 2 lane with paved shoulders from km. 86/160 to 131/730 of jangaon-duddeda section of nh-365b in the state of telangana on epc mode (morth) (618141) (n24001450) (-)|telangana|01/2022 (12/2022)|12/2024 (05/2026)|423.48 (423.48)|160.07|76.92
1733|widening to two lane with paved shoulders from km.40/410 to 84/037 of thirumanlagiri-- suryapet section of nh-365b earstwhile section of sh-16 (morth) (618142) (n24002025) (-)|telangana|01/2017 (05/2017)|05/2019 (09/2019)|244.54 (244.54)|0|99.96
1734|widening to two lane with paved shoulders from km.0/970 to km.40/410 of jangaon - thirumal giriof nh- 365b in the state of telanganaon epc mode under nho annual plan 2016-17 (morth) (618143) (n24000983) (-)|telangana|03/2017 (11/2017)|10/2019 (10/2019)|197 (197)|0|92.74
1735|widening to two lane with paved shoulders from 106/830 to 158/496 of yellareddy- rudrur section of nh-765d in the state of telangana on epc mode under nho under annual plan 2022-23 (morth) (618182) (-) (-)|telangana|10/2022 (07/2024)|07/2026 (07/2026)|499.88 (499.88)|187.35|63.44
1736|widening to 2 lane with paved shoulders from km 62/920 to km 106/830 of medak - yellareddy section in the state of telangana under annual plan 2022-23 on epc mode under nho (morth) (618183) (-) (-)|telangana|10/2022 (08/2024)|08/2026 (08/2026)|399.01 (399.01)|0|66.04
1737|rehabilitation and up-gradation of valigonda to thorrur section to two lane with paved shoulders from km 39.180 to km 108.300 of nh-930p in the state of telangana on engineering, procurement and construction epc basis (morth) (618186) (n24002003) (10201)|telangana|01/2022 (12/2022)|12/2024 (05/2026)|549.28 (549.28)|296.89|94.01
1738|widening to two lane with paved shoulders of 'bodhan basar bhainsa ' section from km 38/900 to 95/300 of nh-161bb in the state of telangana under annual plan 2021- 22 on epc mode under nh o. (morth) (618190) (n24002005) (10204)|telangana|03/2022 (03/2023)|03/2025 (05/2026)|644.45 (644.45)|349.38|98.6
1739|widening to 2 lane with paved shoulders of siddipet-elkathurthy section from km 69/978 to km 133/619 of nh-765dg in the state of telangana under annual plan 2021-22 on epc mode (morth) (618196) (n24002008) (10205)|telangana|01/2022 (12/2022)|12/2024 (06/2026)|578.85 (578.85)|0|85
1740|widening to 2 lane with paved shoulders of medak - siddipet section from km 0/0 to km 69/978 of nh-765dg in the state of telangana under annual plan 2021-22 on epc mode (morth) (618197) (n24002001) (10206)|telangana|01/2022 (01/2023)|01/2025 (06/2026)|882.18 (882.18)|347.73|74.06
1741|improvement of geometrics of kalkallu to gundla pochanpalli from km 454.00 to km 471.00 of nh-44 (national highways authority of india [nhai]) (618558) (n24001555) (10404)|telangana|03/2022 (01/2023)|01/2025 (07/2026)|955.49 (903.17)|427.43|35.96
1742|6l of existing 4l from gundlapochampally to bowenpally from km 471.300 to km 481.331 of nh-44 (national highways authority of india [nhai]) (618559) (n24001556) (10405)|telangana|12/2021 (08/2022)|07/2024 (04/2026)|521.53 (528.21)|256.53|50.5
1743|improvement of geometrics of thondupally to kothur from km 22.300 to km 34.14 of nh-44 (national highways authority of india [nhai]) (618560) (n24002082) (10406)|telangana|03/2022 (03/2023)|09/2024 (-)|541.58 (527.43)|72.23|17.05
1744|khammam-devarapalle pkg i [4l access controlled greenfield from thallampadu village to somavaram village design chainage 0000 to 33604] (national highways authority of india [nhai]) (618746) (n24001482) (10533)|telangana|01/2021 (10/2022)|10/2024 (10/2026)|797.36 (1337.18)|635.3|95.8
1745|4l of karimnagar-warangal section from km 49.500 to km 117.820 of nh-563 (national highways authority of india [nhai]) (618765) (n24002083) (10546)|telangana|03/2022 (07/2023)|07/2025 (07/2026)|2146.86 (2486.51)|961.92|92.4
1746|4l access controlled greenfield highway section mancherial warangal from pangidipalle village at design ch. 72.350 km to oorugonda village at design ch. 112.240 kmpackage-iii (national highways authority of india [nhai]) (618811) (-) (10578)|telangana|03/2023 (06/2025)|06/2027 (06/2027)|1183.71 (1170.64)|83.68|0
1747|4l access controlled greenfield section mancherial warangal from puttapaka village at design ch. 35.300 km to pangidipalle village at design ch. 72.350 kmpackage-ii (national highways authority of india [nhai]) (618812) (-) (10579)|telangana|01/2023 (06/2025)|06/2027 (12/2027)|1129.33 (1145.41)|78.94|6.3
1748|4l access controlled greenfield section mancherial warangal from narva village at design ch. 3.834 km to puttapaka village at design ch. 35.300 km package-i (national highways authority of india [nhai]) (618813) (-) (10580)|telangana|03/2023 (12/2024)|12/2026 (10/2027)|1127.9 (1104.27)|110.86|9
1749|4l access controlled greenfield highway section on nh163g warangal-khammam from oorugonda village in hanamkonda district at design ch. 112.240 km to venkatpur village in warangal district at design ch. 150.240 kmpackage-i (national highways authority of india [nhai]) (618814) (-) (10581)|telangana|03/2023 (06/2025)|06/2027 (05/2028)|1142.6 (1140.82)|65.67|0
1750|4l access controlled greenfield highway section on nh-163g warangal-khammam from venkatpur village in warangal district at design ch. 150.240 km to thallasenkesa village in mahabubabed district at design ch. 189.650 kmpackage-ii (national highways authority of india [nhai]) (618815) (-) (10582)|telangana|03/2023 (04/2024)|04/2026 (10/2026)|1092.88 (1083.11)|304.89|65.68
1751|4l access controlled greenfield highway section on nh-163g khammam vijayawada from v. venkatayapalem village at design ch. 220.480 km to brahmanapallik village at design ch. 250.400 km package-i. (national highways authority of india [nhai]) (618817) (-) (10584)|telangana|03/2023 (03/2025)|03/2027 (06/2027)|973.45 (1021.96)|227.62|42.15
1752|hyderabad - maneguda (national highways authority of india [nhai]) (618944) (-) (10682)|telangana|10/2021 (11/2024)|11/2026 (05/2027)|958.86 (1218.49)|193.26|15.78
1753|4l of kodad design km 0.00/existing km 185.00 of nh-65 to khammam design km 31.800/existing km 29.400 of nh-365a (national highways authority of india [nhai]) (618945) (n24001522) (10683)|telangana|01/2021 (01/2022)|05/2024 (05/2026)|1149.17 (1606.99)|787.84|99.98
1754|upgradation to two lane with paved shoulders from km 0.000 to km 41.920 green field alignment of gowrelly to valigonda section of nh-930p in the state of telangana on epc mode under annual plan 2022-23 (morth) (619009) (-) (12154)|telangana|11/2022 (05/2026)|04/2028 (-)|690.33 (690.33)|0|0
1755|khammam-devarapalle pkg ii [4l access controlled greenfield from somavaram village to chintagudem village design chainage 33604 to 63117] (national highways authority of india [nhai]) (619128) (n24001483) (11797)|telangana|01/2021 (09/2022)|09/2024 (05/2026)|615.78 (981.64)|431.67|98.02
1756|thanamcherla-jamandlapally 2lps (national highways authority of india [nhai]) (619165) (-) (-)|telangana|11/2013 (03/2014)|02/2023 (05/2026)|177.18 (18.65)|8.31|100
1757|rehabilitation and upgradation of nh-221 from km 121/0 to 165/0 rudrampur to bhadrachalam section to two lane with paved shoulder under nhdpiv in the state of telangana through epc mode (morth) (619193) (-) (-)|telangana|01/2015 (02/2015)|02/2017 (05/2026)|295.47 (334.82)|375.14|82.76
1758|construction of 4 lane bypass to nalgonda town lrorn km 000 existing ch. 181590 to km 14.00 existing ch. 28/685 ol nakrekal to nagarjunsagar section of nh -565 in the state of telangara on epc under annual plan 2024 -25 (morth) (619253) (-) (12153)|telangana|10/2024 (10/2025)|10/2027 (-)|516.17 (516.17)|0|43.13
1759|improvement & widening of existing nh-08 to 4-lane with paved shoulder from champak nagar to khayerpur section design km 242500 to km 261610 in the state of tripura on epc basis under nho-ne (nhidcl) (618350) (n24002205) (10272)|tripura|12/2023 (09/2024)|09/2026 (03/2027)|920.66 (920.66)|0|43.8
1760|improvement and widening to 2-lane with paved shoulder of road from design km 72.000 pati chhari to design km 107.654 harina total length 35.654 km on teliamura to harina section of nh 208 in the state of tripura on epc mode under jica oda loan phase vi package-4 (nhidcl) (618367) (n24002228) (10282)|tripura|01/2024 (12/2024)|12/2026 (12/2026)|726.9 (726.9)|194.74|8.65
1761|improvement and widening to 2-lane with paved shoulder of road from design km 36.000 rangamati to design km 72.000 pati chhari total length 36.000 km on teliamura to harina section of nh 208 in the state of tripura on epc mode under jica oda loan phase vi package-3 (nhidcl) (618368) (n24002162) (10283)|tripura|01/2024 (09/2024)|09/2026 (09/2026)|670.9 (670.9)|0|14
1762|improvement and widening to 2-lane with paved shoulder of road from existing km 438.170 khowai chowmuhani to existing km 439.410 south pulinpur of nh-08 and from design km 0.000 south pulinpur to design km 36.00 near rangamati of nh 208 on khowai teliamura- harina section total length 37.24 in the state of tripura on epc mode under jica oda loan phase vi package-2 (nhidcl) (618369) (n24002161) (10284)|tripura|01/2024 (09/2024)|09/2026 (09/2026)|657.21 (657.21)|0|57.95
1763|improvement and widening to 2-lane with paved shoulder of road from km 101.300 to km 127.319 total length 26.019 km i.e. the khowai teliamura-amarpur-harina- sabroom section of nh 208 in the state of tripura on epc under jica oda loan phase vi package-1 (nhidcl) (618370) (n24002160) (-)|tripura|01/2024 (07/2024)|07/2026 (12/2026)|431.78 (431.78)|0|58.12
1764|rehabilitation and up-gradation of road from design km 25.250 to km 36.460 total lengh 11.210 km of kailashahar-kurti bridge section on nh-208a to 2-lane with paved shoulder on epc basis under nho package-iii- balance work (nhidcl) (618385) (n24002159) (-)|tripura|02/2020 (09/2024)|03/2026 (03/2026)|174.43 (174.43)|0|41.9
1765|rehabilitation & upgradation of road from km 0.00 to km 18.600 total length-18.600 km of kumarghat-kailashahar section on nh-208 to 2-lane with paved shoulder on epc bais under nho (nhidcl) (618386) (n24001263) (-)|tripura|02/2020 (07/2020)|01/2022 (10/2024)|277.5 (302.03)|0|0
1766|melaghar-srimantapur section on nh-08 spur from km 23 to km 34.500 11.5 km and overlay from km 20.30 to km 22.00 1.7 km total length 13.2 km (nhidcl) (618411) (n24001914) (-)|tripura|01/2023 (05/2023)|11/2024 (06/2026)|195.95 (195.95)|86.26|69.78
1767|construction of 4-lane with paved shoulder agartala bypass western side, length 25.402 km connecting nh-8 near amtali to nh-108b near lembuchhera in the state of tripura on epc basis under nho-ne (nhidcl) (618417) (n24002132) (10305)|tripura|03/2023 (03/2024)|03/2027 (03/2027)|2026.05 (2026.05)|292.55|9.2
1768|construction of jasra bypass with four lane paved shoulder configurationfrom km 379.670 on nh-76new nh-35 to km 18.00 on nh-27new nh-30 on epc in the state of uttar pradesh. (morth) (617957) (n24002120) (-)|uttar pradesh|02/2023 (03/2024)|09/2025 (-)|274.06 (274.06)|0|91.85
1769|rehabilitation and upgradation to four lane road from km 70.500 to km 78.600 of nh- 92 under epc mode in the state of uttar pradesh (morth) (617963) (n24002211) (-)|uttar pradesh|01/2022 (01/2025)|01/2027 (07/2027)|296.02 (351.78)|0|35
1770|widening to four lane rigid pavement configuration from km 90.00 to km 100.800 on nh-96 km 42.0 to km 53.300 as per new nh-330,design length of 11.300 km under epc mode in the state of uttar pradesh. (morth) (617964) (n24002199) (-)|uttar pradesh|12/2022 (11/2024)|11/2026 (11/2026)|309.63 (309.63)|32.4|25
1771|construction of four-lane elevated viaduct from km.4634 to km.6345 on nh-24a including retaining wall, service lane, at grade road and improvement of junctions, on epc mode (morth) (618008) (n24001730) (-)|uttar pradesh|03/2021 (03/2022)|09/2023 (12/2024)|185.09 (269.81)|175.09|100
1772|balance work of construction of ring road for raebareli city on eastern side of nh- 24b phase-1 on epc mode. (morth) (618009) (n24000331) (-)|uttar pradesh|12/2019 (10/2020)|04/2022 (06/2026)|319.96 (347.8)|0|95
1773|construction of balrampur bypass with 2l flexible pavement configuration from km.223.000 of nh-330 to km.328.300 of nh-730 under epc mode (morth) (618054) (n24002150) (10171)|uttar pradesh|12/2022 (08/2024)|02/2026 (08/2026)|515.69 (515.69)|104.56|46
1774|construction of pratapgarh bypass extension connecting nh-31 to nh-330 on epc mode in the state of uttar pradesh. (morth) (618055) (n24002016) (-)|uttar pradesh|10/2022 (01/2024)|06/2025 (06/2026)|225.17 (225.17)|0|73
1775|improvement and up-gradation to two lane with paved shoulder configuration from existing km. 420.00 shohrathgarh to km. 454.00 uska bazar of nh-730 in the state of uttar pradesh epc basis (morth) (618056) (n24002121) (-)|uttar pradesh|01/2022 (03/2024)|09/2025 (12/2026)|509.65 (484.42)|98.47|56
1776|construction of shohratgarh bypass on nh-730 under epc mode in the state of uttar pradesh (morth) (618057) (n24001997) (-)|uttar pradesh|10/2022 (11/2023)|05/2025 (12/2026)|189.31 (189.31)|0|49.22
1777|widening & strenghteningof section from bharthana chowk to kodarkoot km.0.00 to km.40.00 of nh-91-a on epc mode (morth) (618063) (n24001587) (-)|uttar pradesh|03/2020 (03/2023)|09/2024 (06/2026)|262.37 (343.77)|112.46|92
1778|construction of amethi bypass part-ii at km.30.050 of nh-931 under epc mode in the state of uttar pradesh (morth) (618066) (n24002214) (-)|uttar pradesh|12/2022 (02/2025)|02/2027 (02/2027)|283.86 (283.86)|24.5|43
1779|rehabilitation & up-gradation from design km. 0.000 to km. 69.280 of nh-931 pratapgarh - amethi - gauriganj -musafirkhana to two lane with paved shoulder on engineering, procurement & construction epc mode in the state of uttar pradesh (morth) (618067) (-) (10172)|uttar pradesh|05/2023 (11/2025)|11/2027 (11/2027)|1086.3 (1086.3)|0|4
1780|construction of two lane with paved shoulder from existing km.0.000 to km.55.610 design km. 0.000 to km. 54.048 of nh-124d (morth) (618075) (n24002031) (10174)|uttar pradesh|12/2021 (02/2024)|02/2026 (06/2026)|840.93 (773.58)|167.6|64
1781|construction of mariahu bypass with four lane paved shoulder configuration km. 53.540 to km.59.200 of nh-135a on epc mode in the state of uttar pradesh (morth) (618081) (n24002115) (-)|uttar pradesh|03/2023 (02/2024)|02/2026 (06/2026)|438.24 (362.39)|0|52
1782|widening & upgradation to four lane configuration from km.34.900 bhadohi to km.73.134 jaunpur of nh-135a on epc mode (morth) (618082) (n24001479) (-)|uttar pradesh|03/2021 (11/2022)|05/2024 (06/2026)|395.62 (392.03)|0|94
1783|improvement and upgradation to two lane with paved shoulder configuration from existing km 55.00 to km 90.00 design length 34.76 of nh-227a near chhapia village to near sikriganj in the state of up on epc mode. (morth) (618110) (n24001469) (-)|uttar pradesh|11/2021 (11/2022)|05/2024 (07/2025)|307.11 (307.11)|125.88|0
1784|improvement and upgradation to two lane with paved shoulder configuration from existing km 90.00 to 130.00 design length 39.15 of nh-227a near sikriganj to barhalganj in the state of up on epc mode. (morth) (618111) (n24002015) (-)|uttar pradesh|08/2021 (12/2023)|06/2025 (05/2026)|403.36 (345.34)|0|94
1785|improvement and up-gradation of nh-227b 84 kosi parikrama marg package i, from km 228.920 jagarnathpur to km 235.960/0.000 makhaudadham to km 29.000 sarpur in the state of uttar pradesh on epc basis (morth) (618112) (n24002240) (10186)|uttar pradesh|03/2022 (05/2025)|11/2026 (11/2026)|912.5 (912.5)|0|3
1786|improvement and up-gradation of nh-227b 84 kosi parikrama marg package iii, from km.47.800 gosaiganj to km.73.300 bikapur in the state of uttar pradesh on epc basis. (morth) (618113) (n24002241) (10187)|uttar pradesh|03/2022 (05/2025)|11/2026 (11/2026)|587.97 (587.97)|37.42|28
1787|improvement and up-gradation of nh-227b 84 kosi parikrama marg packagev, from design km.140.960 patranga to km.160.200 bahuvan madar majha on epc mode in the state of uttar pradesh (morth) (618114) (-) (12089)|uttar pradesh|03/2023 (02/2026)|08/2028 (08/2028)|1192.33 (1192.33)|0|0
1788|lmprovement and up-gradation from km. 73.300 bikapur to km.140.960 patranga of nh-227b 84 kosi parikrama marg to 2lps along with parikrama path (morth) (618116) (-) (-)|uttar pradesh|11/2022 (01/2026)|01/2028 (01/2028)|1679.75 (1679.75)|66.99|25.4
1789|rehabilitation and upgradation from km 51.600 to km 75.700 of nh-321g nuhkhas to etah section to two lane with paved shoulder configuration under epc mode in the state of uttar pradesh (morth) (618124) (n24002116) (-)|uttar pradesh|01/2022 (02/2024)|08/2025 (06/2026)|343.54 (343.54)|75.71|65
1790|improvement and up-gradation to 2lps of nh-227b 84-kosi parikrama marg packagevi, design km 160200 bahuvan madar majha to km 224040 jagarnathpur under ham (morth) (618162) (-) (-)|uttar pradesh|05/2023 (01/2026)|01/2028 (01/2028)|2008.7 (2008.7)|0|5
1791|rehabilitation and up-gradation from km. 0000 to km.40390 of nh-730s maharajganjnichloulthuthibari to two lane with paved shoulders in the state of u.p. on engineering, procurement & construction epc basis. (morth) (618163) (n24001418) (10195)|uttar pradesh|03/2023 (06/2024)|12/2025 (12/2026)|809.25 (603.19)|0|58
1792|construction of four lane highway with paved shoulder from km.74.700 to km.112.950 of nh-731a i/c yamuna bridge on ham in the state of uttar pradesh. (morth) (618164) (n24001419) (10196)|uttar pradesh|03/2022 (06/2024)|06/2026 (06/2026)|1141.67 (1157.31)|0|85
1793|construction of 4-lane highway with paved shoulders from km 49.155 to km 74.700 of nh-731a on hybrid annuity mode in the state of uttar pradesh (morth) (618165) (n24001545) (10197)|uttar pradesh|01/2022 (02/2024)|01/2026 (06/2026)|1156.72 (1156.72)|0|98
1794|construction of 4-lane green field highway from km. 35.000 to km. 49.155 of nh- 731a with paved shoulders on hybrid annuity mode in the state of uttar pradesh (morth) (618166) (n24001647) (10198)|uttar pradesh|01/2022 (10/2023)|10/2025 (06/2026)|697.66 (697.66)|0.04|99
1795|rehabilitation & upgradation of nh-731a from km.0.00 to km.35.00 to 2-lane with paved shoulder under epc mode (morth) (618167) (n24001590) (-)|uttar pradesh|03/2021 (08/2022)|08/2023 (05/2026)|264.86 (264.86)|0|93
1796|widening to four lane with paved shoulder from design km.49.200 to km.89.285 of nh-731b on epc mode in the state of uttar pradesh (morth) (618168) (n24001792) (10199)|uttar pradesh|03/2022 (01/2024)|01/2026 (01/2027)|917.91 (965.3)|128|56
1797|construction of two lane with paved shoulder highway from design ch.0.000 to ch.49.2oo of nh-731b on epc mode (morth) (618169) (n24001730) (10200)|uttar pradesh|03/2022 (11/2023)|11/2025 (07/2026)|640.18 (602.76)|239.2|95.98
1798|rehabilitation and upgradation of salon - jais - jagdishpur road section of nh-931a, from design chainage km 0.000 to km 5.740 to four lane divided carriageway and from design chainage km 5.740 to km 53.500 to two lane with paved total length km 53.500 along with one time improvement in 04 no's of realigned/bypassed built-up areas in a total length of 9.732 km in the state of uttar pradesh on epc mode (morth) (618187) (-) (10202)|uttar pradesh|05/2023 (10/2025)|10/2027 (10/2027)|947.15 (947.15)|0|4
1799|rehabilitation and upgradation to 2-lane with paved sholuders configuration of near karri village-etawah section km30.000 to km 57.346 pakage-ii of nh-92 in state of uttar pradesh undergreen national highway corridor projectgnhcp with the loan assistance of world bank on epc mode. (morth) (618229) (n24001462) (-)|uttar pradesh|04/2020 (08/2022)|02/2024 (02/2025)|211.09 (206.56)|0|100
1800|construction of 6-lane bridge on ganga on nh-96 and its approaches in phaphamau allahabad on epc mode (morth) (618233) (n24001421) (10222)|uttar pradesh|07/2018 (02/2021)|02/2024 (09/2026)|1948.25 (1465.41)|0|87.91
1801|rehabilitation and upgradation to 2-lane with paved sholuders configuration of bewar- naer karri village section km0.00 to km30.00 pakage-i of nh-92 in state of uttar pradesh undergreen national highway corridor project gnhcp with the loan assistance of world bank on epc mode. (morth) (618240) (n24001461) (-)|uttar pradesh|04/2020 (09/2022)|03/2024 (06/2026)|236.47 (236.47)|0|90
1802|construction of basti ring road phase-i with 4l configuration for basti city in the state of uttar pradesh on ham mode (morth) (618243) (n24002245) (10224)|uttar pradesh|12/2022 (06/2025)|06/2027 (06/2027)|1138.72 (1138.72)|0|27
1803|construction of raebareli ring road phase-2 with four lane configuration for raebareli city in the state of uttar pradesh on hybrid annuity model ham basis (morth) (618244) (n24002235) (10225)|uttar pradesh|03/2022 (05/2025)|05/2027 (05/2027)|1273.72 (1273.72)|0|44.37
1804|construction of 4 lane mirzapur bypass including bridge over river ganga from km 0.000 to km 15.000 of nh 135a in the state of uttar pradesh on ham mode. (morth) (618247) (-) (-)|uttar pradesh|03/2024 (01/2026)|01/2029 (01/2029)|1708.62 (1708.62)|0|2
1805|widening to 4 lane from km. 139.00 to km 179.20 of nh-135a pkg-iii jaunpur akbarpur section and akbarpur bypass on hybrid annuity mode in the state of uttar pradesh. (morth) (618248) (-) (-)|uttar pradesh|05/2023 (01/2026)|01/2028 (01/2028)|1653.15 (1653.15)|0|10
1806|widening to 4 lane from km. 108.50 to km 139.00 of nh-135a pkg-ii jaunpur akbarpur section on hybrid annuity mode in the state of uttar pradesh (morth) (618249) (n24002234) (10227)|uttar pradesh|03/2023 (03/2025)|03/2027 (03/2027)|1511.57 (1511.57)|0|32
1807|improvement and up-gradation to two lane with paved shoulder/four lane configuration from existing km 130.000 to km 191.000 design km 131.500 to km 188.735, design length 57.235 km of nh-227a near barhalganj to mehrauna ghat in the state of uttar pradesh on hybrid annuity model ham basis (morth) (618252) (n24002201) (10230)|uttar pradesh|01/2022 (11/2024)|05/2027 (05/2027)|974.19 (1344.61)|0.82|48
1808|construction of salempur bypass to 4lps from km 64.000 of nh-727a km 171.00 of sonauli balia marg, old sh-01, near mahadahan chauraha to km 61.500 of nh-727b km 178.500 of sonauli balia marg, old sh-01, near near ahirauli village under hybrid annuity mode ham in the state of uttar pradesh (morth) (618260) (-) (10231)|uttar pradesh|03/2022 (11/2025)|11/2027 (11/2027)|1348.06 (1348.06)|0|25
1809|construction of deoria bypass from existing km. 27.140 to existing km. 46.780 design km. 49.109 on nh727a design length 21.969 km. to four lane with paved shoulder configuration under hybrid annuity mode ham in the state of uttar pradesh (morth) (618262) (-) (10232)|uttar pradesh|03/2023 (08/2025)|07/2027 (07/2027)|1734.7 (1734.7)|0|10
1810|rehabilitation and up-gradation to 2lps from km. 0.000 to km. 7.800 and km. 35.400 to km. 52.345 design length 24.745 km., except bihar portion of nh-727b tamkuhiraj to bihar border and bihar border to majhauli on epc mode in the state of uttar pradesh (morth) (618263) (n24002213) (10233)|uttar pradesh|03/2023 (01/2025)|07/2026 (07/2026)|701.02 (701.02)|0|81.18
1811|widening and strengthening to two lane with paved shoulder/four lane with paved shoulder configuration from km. 61.500 of nh-727b near nawalpur km 178.500 of sonauli balia marg, old sh-01 i.e. end point of salempur bypass to km. 106.495 of nh-727b near sikanderpur under epc mode (morth) (618264) (-) (10234)|uttar pradesh|05/2023 (12/2025)|05/2028 (05/2028)|2061.86 (2061.86)|0|25
1812|rehabilitation and upgradation to 2-lane with paved sholuders configuration of miranpur katra to radhaita section of nh-730ckm.114.000 to km 137.250pakage-iii in state of uttar pradesh undergreen national highway corridor projectgnhcp with the loan assistance of world bank on epc mode. (morth) (618265) (n24001457) (-)|uttar pradesh|04/2020 (07/2022)|07/2024 (06/2026)|172.5 (169.56)|0|89
1813|rehabilitation and upgradation to 2-lane with paved sholuders configuration of bewar- allahaganj- section of nh-730c km.0.000 to km 52.770 pakage-i in state of uttar pradesh undergreen national highway corridor project gnhcp with the loan assistance of world bank on epc mode. (morth) (618266) (n24001471) (-)|uttar pradesh|04/2020 (11/2022)|11/2024 (06/2026)|325.24 (340.16)|0|98
1814|6l greenfield kanpur - lucknow expressway pkg ii from km. 28.500 to km. 73.744 (national highways authority of india [nhai]) (618498) (n24001731) (10356)|uttar pradesh|12/2021 (11/2022)|05/2025 (04/2026)|2471.56 (2489)|1178.84|99.8
1815|6l elevated kanpur - lucknow exeressway pkg-1 from km. 10980 to km. 28500 (national highways authority of india [nhai]) (618499) (n24001745) (10357)|uttar pradesh|12/2021 (02/2023)|07/2025 (05/2026)|1972.94 (1943.27)|766.29|94.14
1816|construction of 4l connector from delhi meerut expressway km 50.000 of pkg iv to km 8.520 of nh-235 pkg-5 (national highways authority of india [nhai]) (618500) (n24001772) (10358)|uttar pradesh|09/2021 (03/2022)|03/2024 (05/2026)|1081.39 (1116.19)|419.14|76
1817|varanasi ring road pkg-ii connecting sandaha village km 11.70 / nh-29 with revasa village km 818.80 / nh-2 (national highways authority of india [nhai]) (618529) (n24001826) (10380)|uttar pradesh|12/2017 (02/2019)|02/2022 (10/2026)|1991.71 (1832.66)|1008.02|94.79
1818|construction of ring road around kanpur from ch.68.650 to ch.93.209 jarkala to pakari package-iv in state of uttar pradesh. (national highways authority of india [nhai]) (618536) (-) (10385)|uttar pradesh|02/2023 (12/2024)|06/2027 (06/2027)|1603.53 (1192.16)|196.64|32.83
1819|construction of ring road around kanpur from km.000 to km. 23.325 chachendi sachendi i to maharajpur package-i (national highways authority of india [nhai]) (618537) (n24002104) (10386)|uttar pradesh|01/2023 (12/2023)|06/2026 (06/2026)|1753.75 (1311.7)|392.07|55.72
1820|construction of ring road around kanpur from ch.51.200 to ch. 68.650 badarka to harbanch-uchti pkg-iii (national highways authority of india [nhai]) (618538) (-) (10387)|uttar pradesh|09/2023 (01/2025)|07/2027 (07/2027)|1792.68 (1126.75)|193.85|22.81
1821|construction of ring road kanpur from ch. 32.090 to ch.51.200 transganaga to sathara package-ii b (national highways authority of india [nhai]) (618539) (-) (10388)|uttar pradesh|08/2024 (03/2025)|09/2027 (09/2027)|1089.41 (1106.92)|38.74|13.67
1822|construction of ring road around kanpur from ch.23.325 to ch.32.090 chaudhariya to transganga package-iia (national highways authority of india [nhai]) (618540) (-) (10389)|uttar pradesh|08/2024 (11/2025)|10/2027 (04/2028)|1089.41 (977.45)|190.16|42.85
1823|6l of agra bypass northern connecting km. 174.500 of nh-2 new nh-19 to km. 141.000 of yamuna expressways (national highways authority of india [nhai]) (618553) (n24001852) (10399)|uttar pradesh|01/2022 (02/2023)|02/2025 (05/2026)|957.62 (1034.42)|758.4|99.7
1824|construction of left out portion of agra inner ring road connecting village deori to nh-44 village bad from km. 0.000 to km. 7.772 (national highways authority of india [nhai]) (618554) (n24001853) (10400)|uttar pradesh|07/2022 (03/2023)|09/2024 (06/2026)|879.26 (787.58)|623.64|91.7
1825|strengthening of existing 4l ayodhya bypass section from design km. 121 600 to km. 144020 of nh 28 new nh 27pkg-3 (nhai) (618565) (n24002097) (-)|uttar pradesh|03/2023 (09/2023)|03/2025 (08/2025)|526.45 (281.13)|259.66|81.85
1826|4l green field northern east side gorakhpur bypass 26.616 kms starting from nh- 29e chainage 83.308 and end at nh-28 chainage 285.100 (national highways authority of india [nhai]) (618566) (n24002096) (10409)|uttar pradesh|02/2023 (01/2024)|01/2026 (01/2027)|1973.98 (1244.44)|955.14|68.95
1827|4/6l of northern ayodhya bypass starting km. 112.540 and ending km. 139.928 north of existing nh-27 part-1 and part-2 south of nh-27 from km 0.000 to km 5.000. (nhai) (618567) (-) (10410)|uttar pradesh|08/2024 (07/2025)|01/2028 (01/2028)|2289.34 (1834.25)|198.35|26.13
1828|4/6l southern ayodhya bypass from km 5.000 to km 37.172 starting near km. 112.540 and ending at km. 153.281 of nh-27 (nhai) (618568) (-) (10411)|uttar pradesh|08/2024 (03/2025)|09/2027 (09/2027)|2541.13 (1983.05)|265.58|35.14
1829|4 -laning of mp/up border to kabarai section of nh-34&35 from km 197.000 to km 242.991 length 45.991 km sagar-kabrai package-5 under bharat mala pariyojana ec in mp & up on ham (national highways authority of india [nhai]) (618669) (-) (10474)|uttar pradesh|10/2022 (02/2025)|02/2027 (01/2027)|1632.93 (1425.43)|322.5|50.25
1830|4 lanning of aligarh palwal section from km 0.00 to km 46.39 package -1 from khereshwar junction-kurana of nh33d , including khair & jattari bypass in the state of up on ham mode (national highways authority of india [nhai]) (618690) (-) (10491)|uttar pradesh|03/2024 (03/2025)|03/2027 (03/2027)|1663.38 (1685.69)|534.65|15.75
1831|aligarh-kanpur pkg i [aligarh-bhadwas] (national highways authority of india [nhai]) (618692) (-) (10493)|uttar pradesh|03/2018 (02/2019)|06/2022 (08/2026)|1226.64 (2069.6)|659.17|100
1832|dl/up border - epe crossing pkg-02 (national highways authority of india [nhai]) (618710) (n24001830) (10505)|uttar pradesh|09/2020 (05/2021)|11/2023 (05/2026)|2002.79 (1889.78)|1732.92|100
1833|6l access controlled greenfield highway from gogwan jalalpur shamli to ranipur barsi saharanpur of shamli -ambala section package-i design ch. form km 00.600 to km 45.500 (national highways authority of india [nhai]) (618722) (n24002036) (10517)|uttar pradesh|06/2022 (05/2023)|05/2025 (07/2026)|1843.59 (1247.55)|685.93|58.9
1834|4l spur of meerut-garh-mukteshwar section connecting nh-119 and nh-58 bypassing meerut town of nh 709 a (national highways authority of india [nhai]) (618761) (n24001754) (10543)|uttar pradesh|10/2021 (02/2023)|02/2025 (07/2026)|991.89 (977.73)|815.91|95.22
1835|four laning of agra-aligarh section from km. 0.000 junction of nh-34 aligarh km 144.60 to km. 28.000 near asroi village in hathras of nh-509 package-i (national highways authority of india [nhai]) (618768) (-) (12084)|uttar pradesh|06/2024 (03/2026)|03/2028 (11/2028)|1309.08 (1309.08)|0|0
1836|4l spur of panipat - shamli connecting nh-709ad panipat shamli muzaffarnagar and nh-709a karnal meerut bypassing shamli district up (national highways authority of india [nhai]) (618770) (n24001729) (-)|uttar pradesh|10/2021 (10/2022)|10/2024 (03/2025)|516.16 (273.42)|232.93|74.23
1837|4l of bareilly-pilibhit-sitarganj from km. 0.000 to km. 32.500 of nh-30 pkg-1 (national highways authority of india [nhai]) (618782) (-) (10557)|uttar pradesh|02/2023 (03/2024)|03/2026 (11/2026)|1394.14 (1394.14)|561.53|58.86
1838|4l of sonauli - gorakhpur (national highways authority of india [nhai]) (618798) (n24002095) (10569)|uttar pradesh|12/2021 (03/2023)|03/2025 (06/2026)|2555.5 (2275.43)|1247.39|84
1839|construction of two lane with paved shoulders bypass to mungrabadshapur town starting from near kodahu at km 47/225 of nh-319d and ending near nauwadandi at km 219/720 of nh-31 under nho in the state of uttar pradesh on epc mode (national highways authority of india [nhai]) (618843) (-) (-)|uttar pradesh|02/2025 (09/2025)|03/2027 (09/2027)|197.6 (165.28)|36.16|12.39
1840|construction of underpass beneath airport runway on nh-31 old nh-56 for proposed expansion of runway of babatpur airport varanasi (national highways authority of india [nhai]) (618848) (-) (10607)|uttar pradesh|02/2025 (09/2025)|09/2027 (09/2027)|649.44 (649.44)|0.09|6.6
1841|2l ps of raebareli - jagdishpur with 4l jagdishpur bypass spur (national highways authority of india [nhai]) (618854) (n24001306) (10610)|uttar pradesh|02/2021 (01/2022)|01/2024 (06/2025)|706.41 (752.52)|515.53|97.2
1842|improvement and up-gradation of existing road to 2/4l ps from km 40.000 to 88.750, start of khutar bypass to start of shahjahanpur bypass of nh 731pkg-i (national highways authority of india [nhai]) (618855) (n24001727) (10611)|uttar pradesh|03/2022 (02/2023)|02/2025 (04/2026)|838.68 (838.68)|560.48|99.2
1843|improvement and up-gradation of existing road to 4l ps from km 123.650 to 175.080, from start of shahabad bypass to end of hardoi bypass of nh 731 pkg-2b (national highways authority of india [nhai]) (618856) (n24002094) (10612)|uttar pradesh|09/2022 (11/2023)|11/2025 (11/2026)|1101.79 (1212.26)|346.55|63.51
1844|improvement and up-gradation of existing road to 4l ps from km 88.750 to 123.650, from start of shahjahanpur bypass to start of shahabad bypass of nh 731pkg.-2a (national highways authority of india [nhai]) (618858) (-) (10614)|uttar pradesh|09/2022 (01/2024)|01/2026 (11/2026)|955.34 (955.34)|269|64.2
1845|improvement and up-gradation of existing road to 4l ps from km 229.070 to 260.800, end of hardoi district to lucknow ring road of nh 731 pkg-4 (national highways authority of india [nhai]) (618859) (n24001732) (10615)|uttar pradesh|09/2021 (10/2022)|10/2024 (05/2026)|575.66 (553.61)|371.82|99.33
1846|4l from mathura bypass start at existing km. 154.20 of nh-44 to gaju village at km 32.982 of nh-530b pkg-ib (national highways authority of india [nhai]) (618864) (n24001851) (10619)|uttar pradesh|01/2022 (03/2023)|03/2025 (05/2026)|1722.11 (1820.77)|1049.87|99.9
1847|4l from gaju village at km. 32.982 to devinagar bypass end at km. 208.000 of nh- 530b pkg-1c. (national highways authority of india [nhai]) (618865) (n24001730) (10620)|uttar pradesh|12/2021 (01/2023)|01/2025 (-)|1384.79 (1496.44)|823.04|99.99
1848|four lane highway from chandan nagar existing km. 59.025 of nh 530b/design km. 179.5000 to bareilly bypassstartexisting km. 59.025 of nh 530b/design km. 218.000 section of nh 530b, in the state of uttar pradesh on ham mode under nh0 (national highways authority of india [nhai]) (618866) (-) (10621)|uttar pradesh|12/2024 (11/2025)|11/2027 (11/2027)|2077 (1112.44)|223.68|16.01
1849|4l kasganj-badaun section from km. 123.100 to km. 179.500 pkg-iii of nh530b (national highways authority of india [nhai]) (618867) (-) (10622)|uttar pradesh|03/2023 (05/2025)|05/2027 (04/2027)|2009.11 (1936.61)|191.05|28.21
1850|4l from devinagar bypass end existing km. 208.000 of nh 530b/design km. 66.000 to kasganj bypass end existing km.150.100 of nh 530b/ design km. 123.100 of nh 530b (national highways authority of india [nhai]) (618868) (-) (10623)|uttar pradesh|03/2023 (06/2024)|06/2026 (06/2026)|2289.52 (2223.71)|486.52|62.48
1851|construction of 4/6 lane highway of southern bareilly bypass, starting at ch. 237000 of nh 530 near jhumka chauraha, dhantiya village and ending at ch. 267000 of nh 30 near invertis university including trumpet interchange (national highways authority of india [nhai]) (618869) (-) (-)|uttar pradesh|12/2024 (12/2025)|06/2028 (06/2028)|1122.02 (1869.59)|129.68|10.21
1852|construction of four lane highway form ghazipur- ballia-up/bihar state border greenfield section of nh-31 package i [from hridaipur km 0.000 to shahapur km 42.500] on epc mode in the state of uttar pradesh. (national highways authority of india [nhai]) (618883) (n24002086) (10634)|uttar pradesh|10/2022 (07/2023)|07/2025 (06/2026)|1706.47 (1579.59)|844.84|99.11
1853|construction of four lane highway from ghazipur- ballia-up/bihar state border greenfield section of nh-31 package ii [from shahapur km 42.500 to pindari km 78.150] on epc mode in the state of uttar pradesh. (national highways authority of india [nhai]) (618884) (n24002087) (10635)|uttar pradesh|10/2022 (10/2023)|10/2025 (08/2026)|1493.65 (1311.44)|705.07|95.5
1854|construction of four lane highway from ghazipur- ballia-up/bihar state border greenfield section of nh-31 package iv [from buxur spur of length km 17.270 on epc mode in the state of uttar pradesh. (national highways authority of india [nhai]) (618885) (n24002089) (10636)|uttar pradesh|10/2022 (06/2023)|06/2025 (08/2026)|617.88 (549.02)|235.64|83.88
1855|varanasi gorakhpur section packege iv from km. 149.540 to km. 215.160 mau- gorakhpur (national highways authority of india [nhai]) (618893) (-) (10642)|uttar pradesh|04/2015 (04/2017)|10/2019 (05/2026)|2966.63 (3475.65)|865.21|97.35
1856|4l greenfield western side spur of rampur-rudrapur section from km 0.000 to km 13.700 connecting nh-24 to nh-87 bypassing rampur town (national highways authority of india [nhai]) (618911) (n24002090) (10658)|uttar pradesh|12/2021 (05/2023)|11/2024 (05/2026)|646.27 (637.83)|166.33|63.79
1857|4l behsuma at km 39.250 ex. km 39240 to bijnor at km 78.810 ex. km 86590 design length 39.560 km of nh-119 pkg-ii (national highways authority of india [nhai]) (618923) (-) (10669)|uttar pradesh|03/2023 (05/2024)|05/2026 (05/2026)|2158.2 (2553.12)|694.43|65.21
1858|2l ps of najibabad kotdwar section from 112.575 to km. 138.635 of nh 119 (national highways authority of india [nhai]) (618924) (-) (-)|uttar pradesh|10/2021 (03/2024)|09/2025 (06/2026)|188.87 (99.2)|33.37|50.44
1859|bijnor-kotawali (national highways authority of india [nhai]) (618925) (n24001738) (-)|uttar pradesh|02/2021 (11/2021)|05/2023 (05/2026)|300.58 (334.48)|264.54|96.53
1860|4l of moradabad-thakurdwara-kashipur section from km. 0.000 to km. 38.77 of nh- 734 pkg-ii (national highways authority of india [nhai]) (618927) (-) (10671)|uttar pradesh|10/2022 (03/2024)|03/2026 (12/2026)|2006.82 (1890.05)|878.74|47.51
1861|4l of moradabad western side spur connecting nh-734 & nh-24 from km. 0.000 to km. 33.200 pkg-i (national highways authority of india [nhai]) (618929) (-) (10673)|uttar pradesh|11/2022 (09/2023)|09/2025 (06/2026)|1841.92 (1843.54)|982.74|76.9
1862|4l prayagraj greenfield by-pass from design km 50860 near nibi kala uperhar to design km 64763 on nh-19 near khodaypur kasgaon including interchange loop at nh-19 (national highways authority of india [nhai]) (618959) (n24002106) (-)|uttar pradesh|08/2023 (12/2023)|03/2025 (-)|1017.99 (427.54)|406.6|100
1863|4 lane inner ring road around allahabad city pkg-2 prayagraj southern bypass 43.200 - 50.860 (national highways authority of india [nhai]) (618960) (n24002105) (10694)|uttar pradesh|08/2023 (12/2023)|06/2026 (06/2027)|1377.51 (1007.62)|394.66|42.26
1864|4 lane inner ring road around allahabad city pkg-1 prayagraj southern bypass 34.400 43.200 (national highways authority of india [nhai]) (618961) (-) (-)|uttar pradesh|02/2025 (12/2025)|12/2027 (12/2027)|775.94 (498.97)|15.11|4.44
1865|6l access control greenfield highway of vill-khyawari to vill-latifpur at saharanpur bypass from km. 82.000 to km. 119.790 pkg-4 (national highways authority of india [nhai]) (618968) (n24001735) (10698)|uttar pradesh|03/2021 (09/2022)|09/2024 (05/2026)|1428.19 (1439.35)|1220.87|97.5
1866|6l access control greenfield highway of vill-lohadda to vill-karaunda mahajan from km. 27.000 to km. 56.500 pkg-2 (national highways authority of india [nhai]) (618970) (n24001734) (10700)|uttar pradesh|03/2021 (09/2022)|09/2024 (05/2026)|1335.45 (1335.38)|1016.38|92.89
1867|4l of najibabad bypass from km. 105.423 to km. 118.373 excluding 2.45 km. of nh- 74 bypass of nh-119 (national highways authority of india [nhai]) (619162) (n24001753) (11817)|uttar pradesh|01/2022 (12/2022)|06/2024 (05/2026)|578.02 (566.9)|438.87|100
1868|6l access controlled greenfield highway of junction of epe vill.-mavikalan to vill.- lohadda from km. 0.000 to km. 27.000 pkg-1 (national highways authority of india [nhai]) (619168) (n24001733) (11822)|uttar pradesh|03/2021 (09/2022)|09/2024 (05/2026)|1602.48 (1497.94)|1215.04|99.11
1869|6l access-controlled highway from ganeshpur tonear mohand of ganeshpur dehradun section from km.0 to km.8.3 of nh-72a package-1 (nhai) (619308) (-) (12098)|uttar pradesh|11/2020 (10/2021)|10/2023 (07/2026)|836.24 (835.74)|808.7|98.92
1870|landslide treatment work on nh 58 from kodiyala km. 266.130 to devprayag km. 296.925 10 location under epc mode in the state of uttarakhand on epc mode (morth) (617888) (-) (-)|uttarakhand|01/2023 (02/2024)|02/2025 (06/2026)|192.54 (192.54)|0|99
1871|treatment of landslide zone from location no. 01 to 28 km 62.860 to 152.750 on nh- 12509 in the state of uttarakhand under epc mode in nho annual plan 2022-23 (morth) (617889) (-) (-)|uttarakhand|11/2022 (06/2023)|06/2024 (05/2026)|192.22 (192.22)|0|97
1872|construction of champawat bypass with two lane with paved shoulder configuration starting from existing chainage 121.700 to existing chainage 129.450 design length 9.847 of nh-125 in district-champawat in the state of uttrakhand on epc mode. (morth) (617890) (-) (-)|uttarakhand|02/2025 (01/2026)|12/2027 (-)|220.89 (220.89)|0|5
1873|construction of 2 lane with paved shoulder of kund bypass from design km 35.130 to km 47.700 existing km 33.130 to km 41.260 of nh-109 in the state of uttarakhand (morth) (617929) (n24000781) (-)|uttarakhand|02/2018 (05/2018)|05/2020 (12/2026)|247.41 (247.41)|110.98|73.5
1874|construction of rudraprayag tunnel of length 900.30 mtr including approaches and one major bridge on river alaknanda connecting nh-107/old-109 to nh-07old-58 on epc mode in the state of uttarakhand. (morth) (617967) (-) (-)|uttarakhand|02/2021 (01/2023)|07/2025 (05/2026)|251.88 (251.88)|0|99
1875|construction & widening including augustmuni bypass ch-16.545 to ch - 19.890 to 2l/ps from km 16.545-km 33.130 & 45.980 -57.975 augustmuni to kund & guptkashi to sitapur on nh 109 in uk (morth) (617968) (n24000779) (-)|uttarakhand|03/2017 (02/2018)|02/2020 (03/2024)|418.89 (418.89)|422.72|95
1876|reconstruction of existing 2 l/il to 2l with paved shoulder from existing km 52.200 to 92.880 of nh- (morth) (617970) (n24000775) (-)|uttarakhand|10/2016 (06/2017)|06/2019 (10/2023)|282.08 (282.08)|166.13|100
1877|rehabilitation and upgradation of 2 lane with paved shoulder from existing km. 195.175 to km. 220.000 design chainage km71.300 to km. 95.947 excluding existing chainage km 200.300 to km 202.400 design chainage km 76.400 to km 78.400 on dharasu to yamunotri road of nh- 134 old nh-94 (morth) (617974) (-) (-)|uttarakhand|05/2025 (10/2025)|04/2028 (-)|344.73 (344.73)|0|17.78
1878|rehabilitation and upgradation to 2 lane with paved shoulder configuration from km 122.00 dharasu bend to km 147.230 silkyara bend of nh-94 in the state of uttarakhand (morth) (617975) (n24000820) (-)|uttarakhand|03/2017 (11/2017)|11/2019 (07/2024)|237.79 (237.79)|79.56|100
1879|widening to 2 lane from existing chainage km 74.700 km 100.660 design chainage km 53.365 to km 78.785 on nh- 507 in the state of uttarakhand. (morth) (618039) (-) (-)|uttarakhand|01/2024 (10/2025)|04/2028 (-)|346.82 (346.82)|0|29.64
1880|rehabilitation and upgradation to two lanes with paved shoulders configuration and strengthening from km 175.00 to km 196.00 gumkhal to satpuli of nh-119 new nh- 534 in the state of uttarakhand under nho annual plan 2021-22 under epc mode (morth) (618040) (-) (-)|uttarakhand|03/2022 (01/2025)|01/2027 (-)|452.81 (452.81)|0|42
1881|rehabilitation and upgrading to two lanes with paved shoulders and strengthening of kotdwar-pauri-srinagar road section from km 232.00 to 274.470 on nh-119 new 534 paidul to srinagar in the state of uttarakhand on epc mode under nho annual plan 2021-22. (morth) (618041) (-) (-)|uttarakhand|02/2022 (12/2025)|12/2027 (-)|299.31 (299.31)|0|2
1882|rehabilitation and up-gradation to 2-lane configuration of bageshwar to kangarchina road from km 129.600 to km 161.600 existing chainage 136.00 to km 169.00 of nh- 309ain the state of uttarakhand package-iv under nho annual plan 2021-22 (morth) (618119) (-) (-)|uttarakhand|03/2022 (08/2024)|02/2027 (-)|472.23 (472.23)|0|60
1883|widening to 2-lane with hard shoulder configuration of mana ch. 0.00 to mana pass ch. 50.987 road on nh-07 under bharatmala pariyojna in the state of uttarakhand under annual plan 2022-23 length 50.987 (morth) (618207) (-) (10213)|uttarakhand|10/2022 (10/2023)|10/2027 (10/2028)|573.96 (573.96)|0|20.78
1884|construction and upgradation of existing road to 2-lane with paved shoulder from existing chainage km 509.725 to km 528.000 design chainage km 490.550 to km 507.850 of nh-58 new nh-07 benakuli bend to mana village in epc mode under chardham programme in the state of uttarakhand. (morth) (618208) (-) (-)|uttarakhand|02/2019 (11/2019)|10/2021 (-)|180.1 (180.1)|0|95
1885|construction & up gradation of existing road to 2-lane with paved shoulder from existing chainage km 468000 to km 489350 design chainage km 465150 to km 471500 of nh-07 old nh-58 including joshimath bypass on epc mode in the state of uttarakhand length 6.35 km (morth) (618209) (-) (-)|uttarakhand|03/2022 (09/2022)|09/2025 (08/2027)|258.85 (258.85)|0|35.6
1886|rehabilitation and upgradation of askot-lipulekh on epc basis for phase-i existing km 72.00 to 107.620 design chainage km 21330 to km 56935 under project hirak of bro in the state of uttarakhand under bharatmala pariyojna phase-i on epc mode length-35.605 km ca no epc/mort&h/hrk/01/2021-22 (morth) (618210) (-) (10214)|uttarakhand|09/2020 (12/2021)|12/2023 (06/2026)|603.92 (603.92)|0|81.17
1887|improvement/construction of 2-lane with paved shoulder of askote llipulekh road from tawaghat village to budhi village design km. 56935 to km 95748 and from end of tunnel portal to kali mandir design km 113828 to km. 133078 [total design length 58.063 km] under project hirak of bro in the state of uttarakhand under bharatmala pariyojna on epc mode (morth) (618211) (-) (10215)|uttarakhand|05/2022 (11/2024)|11/2026 (11/2026)|649.6 (649.6)|0|29.72
1888|stabilization of land slide and slope protection at km 11.00 to km 11.08, 29,730 km to 30,060 km, 30,400 km to 31,060 km, 34,750 km to 35,300 km, 38,950 km to 39,030 km & 39,460 km to 39,540 km two loc clubbed, km 40,400 to km 40,650, km 43,500 km 43,680, 52,460 rishikesh - dharasu road nh-94 on epc mode in the state of uttarakhand. nose of land slide - 12 nos (morth) (618212) (-) (-)|uttarakhand|01/2024 (10/2025)|04/2027 (-)|197.26 (197.26)|0|15.06
1889|rehabilitation and upgradation of road rishikesh dharasu old nh-94 with 2-lane with paved shoulder from km 76.000 to km 110.000 design chainage from km 74.733 to km 107.347 32.614 km including construction of kamand re-alignment from existing chainage km 105.200 to km 108.600 design chainage km 103.436 to km 105.949 - total length 2513 mtrs and land slide treatment work between design chainage km 73.800 to km 74.00 200m on epc mode under improvement to nh connectivity to chardham in (morth) (618213) (-) (-)|uttarakhand|03/2018 (01/2019)|01/2021 (01/2026)|273.76 (273.76)|0|96.46
1890|rehabilitation and upgradation to 2 lane / 2 lane with paved shoulder configuration for design chainage km 107.347 to km 129.208 & km 133.878 to km 138.570 existing chainage km 110.000 to km 133.020 & km 137.330 to km 142.028 and land slide treatment at existing km 138.500 design chainage km 134.970 of nh -94 on epc mode under improvement to nh connectivity to chardham in the state of uttarakhand. (morth) (618214) (-) (-)|uttarakhand|03/2018 (01/2019)|07/2021 (06/2024)|346.5 (346.5)|0|100
1891|rehabilitation & upgradation of existing road to 2-lane with hard shoulder from joshimath km 0.00 to saraithota km 29.725 road on nh-107b under bharatmala pariyojna on epc mode in the state of uttarakhand (morth) (618218) (-) (-)|uttarakhand|10/2022 (05/2023)|05/2025 (03/2027)|338.38 (338.38)|0|78.2
1892|upgradation to 2-lane with hard shoulder configuration of suraithota ch. 29.725 km to malari ch. 60.550 km road on nh- 107b under in the state of uttarakhand. (morth) (618219) (-) (-)|uttarakhand|10/2022 (05/2024)|05/2026 (12/2026)|292.76 (292.76)|0|72.5
1893|construction, operation & maintenance of 2-l bi-directional silkyara bend- barkot tunnel with escape passage including approaches tunnel-4.531 & approach road- 0.328 on dharasu-yamunotri section b/w chainage 25.400km and 51.00km falling along nh-134 old nh-94 on epc mode (nhidcl) (618390) (n24000855) (10297)|uttarakhand|03/2018 (07/2018)|07/2022 (03/2027)|1383.78 (1383.78)|688.93|70.64
1894|construction for mitigation measures of 5 nos. landslides, 05 no. sinking zones and 01 no. bridge from ch. 450.00 to ch. 468.00 18 km. length on nh-07 package-iii (nhidcl) (618391) (n24002164) (-)|uttarakhand|12/2023 (06/2024)|12/2025 (12/2026)|250.33 (250.33)|0|82.25
1895|construction for mitigation measures of 5 nos. landslides, 5 nos. sinking zones in between ch. 433.00 to 450.00 banerpani village on nh-07 on epc mode in the state of uttarakhand package-2 (nhidcl) (618392) (n24002206) (-)|uttarakhand|12/2023 (12/2024)|06/2026 (06/2026)|259.64 (259.64)|0|59.75
1896|construction for mitigation measures of 10 nos. landslides, 01 no. sinking zones and 1 no. of minor bridge in between at ch. km 368.00 to km 433.00 on nh-07 on epc mode in uttarakhand package-1 (nhidcl) (618393) (n24002163) (-)|uttarakhand|12/2023 (06/2024)|12/2025 (-)|216.68 (216.68)|107.69|96
1897|4l of haridwar nagina section design ch. lme from km 13.829 to km 17.110 & km 26.077 to km 27.508 and design ch. rme from km 13.839 to km 17.120 & km 26.078 to km 27.509 of eup mitigation measures on nh74 (national highways authority of india [nhai]) (618875) (-) (-)|uttarakhand|11/2021 (08/2022)|02/2024 (06/2026)|183.92 (142.11)|102.18|70.42
1898|construction of 4-lane connectivity to banbasa icp at india nepal border from nh-09 old nh-125 sitarganj-tanakpur at km 40.00 near jagbuda bridge under bharatmala priyojana of nh-109d on epc mode in the state of uttarakhand (national highways authority of india [nhai]) (619142) (-) (-)|uttarakhand|06/2022 (03/2023)|09/2024 (04/2027)|216.97 (237.01)|161.97|75.24
1899|upgradation and 4l of haridwar bypass from km 0.000 km 188.100 of nh-58 to km. 15.100 km 5.100 of nh 74 pkg-1 (national highways authority of india [nhai]) (619155) (n24001526) (11813)|uttarakhand|11/2021 (10/2022)|10/2024 (10/2026)|1602.89 (1423.89)|588.94|76.74
1900|4l medinipur to ballupur from km. 458.65 to km. 487.65 of nh-07pkg-2 (nhai) (619292) (-) (12093)|uttarakhand|03/2022 (02/2023)|02/2025 (07/2026)|1092.9 (1072.5)|715.36|93.9
1901|construction of 4 lane access controlled bypass for dehradun on nh307 from design chainage km 0050 jhajra on nh-07 to design chainage km 12220 asharori on epc mode in the state of uttarakhand under nho (nhai) (619293) (-) (-)|uttarakhand|12/2023 (04/2025)|04/2027 (04/2027)|715.97 (337.11)|140.53|47.84
1902|road safety improvement of existing four lane section of dehradun-lal tappar-nepali farm section of nh-7 and nepali farm-motichur nh-34 on epc mode in uttarakhand under nho. (nhai) (619294) (-) (-)|uttarakhand|05/2025 (02/2026)|08/2028 (08/2028)|720.67 (388.19)|1.6|1
1903|four/six laning of bhaniyawala-jollygrant-rishikesh spur section of nh-07 from km. 0.000 to km 19.780 (nhai) (619295) (-) (12094)|uttarakhand|02/2023 (12/2025)|11/2027 (11/2027)|742.43 (664.92)|0.45|0
1904|construction of additional major bridge with 4- lane configuration of length 1.48 km on nh-60 nh-14 over river kangshabati from km. 117.770 to km 119.250 and additional major bridge with 4- lane configuration of length 0.900 km on nh-60 nh- 14 over river shilabati from km. 173.220 to km 174.120 in the district of paschim medinipur of west bengal under annual plan for fy 2023-24 on epc mode. job no 014-w8-2023-24/527 . (morth) (617893) (-) (-)|west bengal|11/2023 (11/2025)|05/2028 (05/2028)|304.83 (304.83)|0|0
1905|construction or 4 lane raniganj bypass of length 5.261 km on nh-60 new nh-14 from km 273.00 of nh to km 478.18 of nh-2 new nh 16 in paschim bardhaman, west bengal in epc mode- reg. job no. 014-wb-2022-23/514 (morth) (617894) (-) (-)|west bengal|03/2023 (03/2024)|03/2026 (12/2026)|410.83 (410.83)|157.03|65.11
1906|construction of rob and its approaches in lieu of lc no. 10/b/t at km 307.050 of nh-60. (morth) (617931) (-) (-)|west bengal|03/2016 (08/2023)|08/2025 (03/2027)|155.87 (138.57)|0|15.7
1907|construction of new road at the missing link portion of nh-81 along approved alignment between harishchandrapur and eastern approach of kalindri bridge from km 46.550 to km 59.697 in the district of malda. job no-081-wb-2015-16/400 (morth) (617960) (n24000874) (-)|west bengal|08/2016 (11/2016)|11/2018 (06/2026)|271.17 (291.2)|209.23|84.6
1908|development to 4/6-lanning of nh-31 new nh-10 with both side service roads from km 569.258 to km 581.030 end of ah-02 project on nh- 31 near shivmandir to sevoke army cantonment in districts of darjeeling and jalpaiguri in the state of west bengal on epc mode job no. 010/wb/2021-22/490 (morth) (618227) (n24001850) (10220)|west bengal|03/2022 (03/2023)|09/2025 (03/2027)|995.04 (1059.2)|456.48|71.03
1909|construction & upgradation of existing road to 2-lane with paved shoulder including geometric improvement of kafer- lava more section from km 40.00 to km 61.100 of nh717-a on epc under sardp-ne a in state of west bengal pkg-va (nhidcl) (618427) (n24001261) (-)|west bengal|06/2020 (10/2020)|04/2023 (05/2026)|311.02 (273.78)|6.11|95.6
1910|construction & upgradation of existing road to 2-lane with paved shoulder including geometric improvement of sect. from pedong bypass to reshi border km 79.700 to km 96.254 of nh-717a under sardp-ne-a on epc as part of alternate connectivity to gangtok lava more-reshi border pkg-vb (nhidcl) (618429) (n24001262) (-)|west bengal|06/2020 (10/2020)|04/2022 (05/2026)|345.38 (395.59)|395.8|94.71
1911|construction of alternative highway to gangtok in sikkim via bagrakot -chuikhim- nimbong -kafer-bakhim-algarah-rhenock in the state of west bengal and from rhenok-rorathang-pakyong along with spur from aritar-rolep-menla in the state of sikkim from km 0.00 to km 13.00 of bagrakot -kafer section of nh 717a on epc mode under phase-a of sardp-ne in the state of west bengal pkg- iva (nhidcl) (618430) (n24001251) (-)|west bengal|03/2018 (10/2019)|04/2022 (05/2026)|402.94 (402.94)|0|98.54
1912|construction of alternative highway to gangtok in sikkim via bagrakot -chuikhim- nimbong -kafer-bakhim-algarah-rhenock in the state of west bengal and from rhenok-rorathang-pakyong along with spur from aritar-rolep-menla in the state of sikkim from km 13.00 to km 25.60 of bagrakot -kafer section of nh 717a on epc mode under phase-a of sardp-ne in the state of west bengal pkg- ivb (nhidcl) (618431) (n24001252) (-)|west bengal|03/2018 (10/2020)|04/2023 (05/2026)|295.97 (295.97)|0.39|96.91
1913|binnaguri bypass-descoped portion of ghoshpukur-dhupguri section of nh-31dpkg-1 (national highways authority of india [nhai]) (618572) (-) (-)|west bengal|03/2025 (11/2025)|11/2027 (11/2027)|309.99 (306.02)|0.4|1.07
1914|balance works of 4l of nh-31d from km. 113.200 to km. 154.854 package-ii a ghoshpukur-salsalabari section (national highways authority of india [nhai]) (618574) (-) (10412)|west bengal|11/2023 (12/2024)|06/2027 (06/2027)|1818.46 (962.31)|426.06|55.2
1915|6l elevated kona expressway from km. 0.145 to km. 7.337 of nh-117 (national highways authority of india [nhai]) (618808) (-) (10575)|west bengal|03/2023 (06/2024)|12/2026 (12/2027)|1212.56 (1203.11)|302.61|37.35
1916|4 laning of barasat - barajaguli section of nh-12 from km. 31.000 to km. 48.679 in the district of north 24 - parganas (national highways authority of india [nhai]) (618823) (-) (-)|west bengal|02/2024 (08/2024)|02/2026 (03/2027)|352.01 (346.39)|84.95|35.78
1917|development to 4-laning of the de-scoped stretches from km 115.342 to km 191.700 of nh-34 in nadia district 3.962 & murshidabad district 5.538 pertaining to krishnagar to berhampore section of nh-34 new nh-12 , in the state of west bengal under nho. (national highways authority of india [nhai]) (618824) (-) (-)|west bengal|03/2024 (07/2024)|01/2026 (01/2027)|201.1 (197.74)|56.95|48.82
1918|bridge over ganga river at d/s of farraka barrage including approaches connecting farakka-raiganj (national highways authority of india [nhai]) (618825) (n24001750) (10589)|west bengal|08/2018 (12/2018)|12/2021 (09/2026)|622.04 (646.1)|340.02|96.17
1919|4l of purulia bypass section from km 84.030 to km 94.345 of nh-32 (national highways authority of india [nhai]) (618910) (n24001749) (10657)|west bengal|01/2021 (02/2022)|08/2023 (05/2026)|557.55 (562.57)|468.78|94.12
1920|construction of dubrajpur bypass with 4-lane configuration of length 5.676 km on nh- 60 new nh-14 from design chainage 0.00 existing km 316.135 on nh-60 to design chainage 5.676 existing km 320.980 on nh-60 in the district of birbhum, west bengal under annual plan 2022-23 in epc mode- reg. job. no. 014-wb-2022- 23/518 . (morth) (619004) (-) (10805)|west bengal|03/2023 (12/2025)|12/2027 (12/2027)|560.79 (560.79)|0|3.5
1921|slope protection and landslide mitigation at 4 vulnerable locations km 1.950 to km 2.100, km 11.100 to 11.450, km 22.435 to km 22.485 and km 22.610 to km 22.680 within sevoke-rangpo section of nh-10 old nh-31a in darjeeling & kalimpong district in the state of west bengal on epc mode (nhidcl) (619187) (-) (-)|west bengal|02/2024 (06/2025)|06/2027 (06/2027)|152.27 (152.27)|0|27.3
1922|setting up of physical infrastructure for the national institute of communication finance [nicf] at ghitorni (national communication academy - finance [erstwhile nicf]) (709859) (n28000115) (-)|delhi|10/2014 (04/2018)|02/2020 (06/2026)|248.2 (248.2)|237.39|98
1923|provision of 4g based mobile services in uncovered villages and national highways of meghalaya (department of telecommunications) (701598) (-) (3130)|meghalaya|09/2019 (09/2020)|03/2022 (06/2026)|971.96 (971.96)|232.79|99.84
1924|mobile connectivity in left wing extremism [lwe] affected areas-phase 1 upgradation (department of telecommunications [dot]) (617413) (-) (9761)|multi-states (andhra pradesh, bihar, chhattisgarh, jharkhand, madhya pradesh, maharashtra, odisha, telangana, uttar pradesh, west bengal)|04/2022 (05/2024)|05/2025 (03/2026)|1884.6 (1884.6)|376.8|98
1925|mobile connectivity in left wing extremism [lwe] affected areas-phase2 (department of telecommunications [dot]) (701599) (-) (3127)|multi-states (andhra pradesh, bihar, chhattisgarh, jharkhand, madhya pradesh, maharashtra, odisha, telangana, uttar pradesh, west bengal)|05/2018 (09/2021)|03/2023 (03/2026)|1577.57 (1577.57)|701.66|88
1926|provision of 4g based mobile services in 7,287 uncovered villages of 44 aspirational district across 5 states of andhra pradesh, chhattisgarh, jharkhand, maharashtra & odisha (department of telecommunications [dot]) (701602) (-) (3133)|multi-states (andhra pradesh, chhattisgarh, jharkhand, maharashtra, odisha)|11/2021 (05/2022)|11/2023 (05/2026)|3685 (3685)|1457.51|83
1927|provision of 4g mobile services in uncovered villages of arunachal pradesh and 2 districts of assam (department of telecommunications) (701597) (-) (3129)|multi-states (arunachal pradesh, assam)|12/2020 (10/2021)|04/2023 (03/2026)|1255.49 (1255.49)|332.43|99.43
1928|502 aspirational district scheme in four states - bihar, madhya pradesh, rajastha and uttar pradesh (department of telecommunications [dot]) (704495) (-) (3132)|multi-states (bihar, madhya pradesh, rajasthan, uttar pradesh)|12/2019 (03/2021)|03/2022 (06/2026)|421.65 (228.94)|152.96|99
1929|saturation 4g mobile coverage of uncovered villages through usof (department of telecommunications [dot]) (400013) (-) (4599)|pan india|07/2022 (07/2022)|06/2024 (03/2026)|26316 (30620)|9791.8|84
1930|4g services by bsnl (department of telecommunications [dot]) (701593) (-) (9929)|pan india|11/2020 (11/2020)|03/2024 (03/2026)|28466 (19592)|8471.19|98.23
1931|bharatnet (department of telecommunications [dot]) (706775) (-) (3123)|pan india|07/2017 (10/2011)|08/2023 (03/2027)|61109 (188000)|46431.54|82.4
1932|mpls-ip based access and aggregation network [maan] in bsnl along with test and measuring equipment (bsnl) (709856) (n26000116) (-)|pan india|05/2023 (05/2023)|08/2024 (06/2026)|645.13 (645.13)|377.59|92.1
1933|planning, engineering, supply, installation, testing, commissioning, integration & annual maintenance of 4g mobile network at 1 lakh sites on pan india basis including mumbai & delhi lsa on turnkey basis under phase ix.2 project. (bsnl) (709857) (n26000117) (-)|pan india|05/2023 (06/2023)|06/2025 (09/2026)|24544.55 (24544.5)|8472.04|98.23
1934|interception and diversion and stp works in bhagalpur under hybrid annuity based ppp mode-namami gange programme (national mission for clean ganga) (616600) (n30000027) (-)|bihar|10/2017 (03/2022)|02/2025 (12/2026)|413.29 (413.29)|126.67|97
1935|sewage treatment plant 100mld and sewerage network 288 km in digha-patna under hybrid annuity based ppp mode-namami gange programme (national mission for clean ganga) (616611) (n30000051) (3246)|bihar|08/2017 (07/2019)|12/2025 (09/2026)|824 (824)|396.71|57
1936|sewage treatment plant 50mld and sewerage network 150 km in kankarbagh- patna under hybrid annuity based ppp mode-namami gange programme (national mission for clean ganga) (616612) (n30000050) (3245)|bihar|08/2017 (07/2019)|12/2025 (-)|578.89 (578.89)|171.79|54
1937|sewer network, sps and stp at begusarai (national mission for clean ganga) (616615) (n30000026) (-)|bihar|03/2010 (03/2018)|04/2025 (12/2025)|230.06 (230.06)|261.82|97
1938|sewer networks, sps and stp at hajipur (national mission for clean ganga) (616616) (n30000035) (-)|bihar|03/2010 (03/2018)|06/2025 (12/2025)|305.19 (305.19)|346.46|95
1939|interception & diversion with rehabilitation of sewerage scheme at agra under hybrid annuity based ppp model-namami gange programme (national mission for clean ganga) (616594) (-) (7013)|uttar pradesh|05/2020 (04/2023)|04/2025 (12/2026)|842.25 (842.25)|208.64|80
1940|pollution abatement works for river kali meerut under meerut municipality interception & diversion with stp (national mission for clean ganga) (616605) (-) (7015)|uttar pradesh|05/2020 (11/2024)|12/2024 (05/2027)|690.71 (690.71)|34.79|51
1941|pollution abatement works for river ganga at hooghly chinsurah- municipal town interception & diversion with stp (national mission for clean ganga) (616604) (n30000042) (-)|west bengal|05/2018 (12/2021)|03/2025 (08/2026)|154.73 (154.73)|96.17|93
1942|sardar gouthu latchanna thotapalli barrage project (water resources-ap) (400100) (-) (3351)|andhra pradesh|04/2005 (01/2006)|12/2019 (06/2026)|353.05 (1023.24)|872.65|95.88
1943|gundlakamma project (water resources-ap) (400101) (-) (3350)|andhra pradesh|04/2005 (04/2005)|12/2019 (03/2027)|397.41 (697.39)|619.46|98.3
1944|polavaram irrigation project (water resources-ap) (701415) (n30000002) (4076)|andhra pradesh|01/2009 (11/2009)|04/2022 (03/2026)|10151.04 (55548.9)|26674.77|86.14
1945|borolia irrigation project (department of water resources, river development & gr) (701370) (-) (9763)|assam|04/1996 (12/1996)|12/2022 (03/2026)|256.16 (256.16)|44.7|55.44
1946|kelo irrigation project (water resources-ct) (400111) (-) (3315)|chhattisgarh|04/2008 (04/2008)|12/2019 (06/2026)|459.97 (727.04)|618.85|72
1947|kudali irrigation project (department of water resources, river development & gr) (701399) (-) (-)|chhattisgarh|04/2009 (12/2009)|12/2025 (03/2026)|382.29 (382.29)|249.06|86.31
1948|sardar sarovar cadwm project (narmada and water resources, water supply and kalpsar department-gj) (400097) (-) (3365)|gujarat|04/2017 (04/2017)|12/2019 (03/2026)|5021.76 (6670.31)|4956.98|90.3
1949|sardar sarovar project (narmada and water resources, water supply and kalpsar department-gj) (701372) (-) (3326)|gujarat|04/1996 (04/1996)|12/2019 (03/2026)|20718.17 (33412.5)|31860.86|93.7
1950|subernarekha multipurpose project, jharkhand (department of water resources-jh) (701376) (-) (3349)|jharkhand|04/2011 (01/2012)|12/2019 (03/2026)|3807.77 (9579.58)|5999.8|70
1951|upper tunga irrigation project (water resources-ka) (701377) (-) (3341)|karnataka|04/2014 (04/2014)|12/2019 (03/2026)|770.16 (1606.07)|1515.6|99.32
1952|omkareshwar cadwm project (water resource-mp) (400096) (-) (3367)|madhya pradesh|04/2017 (04/2017)|12/2019 (06/2027)|648.09 (648.09)|208.06|49.78
1953|bargi diversion project phase - iv [km. 154 to km 197] (water resources-mp) (400115) (-) (3308)|madhya pradesh|04/2008 (01/2009)|12/2019 (03/2026)|751.03 (893.35)|814.02|75
1954|bargi diversion project phase - iii [km. 104 to km 154] (water resources-mp) (400116) (-) (3307)|madhya pradesh|04/2007 (04/2007)|12/2019 (12/2026)|1229.15 (1399.7)|2190.05|81.42
1955|gosikhurd cadwm project (department of water resources-mh - ii) (400095) (-) (3368)|maharashtra|04/2017 (04/2017)|12/2019 (06/2026)|743.73 (743.73)|459.06|53.93
1956|urmodi irrigation project (department of water resources-mh - ii) (400105) (-) (3335)|maharashtra|04/2017 (04/2018)|06/2022 (12/2026)|580.79 (895.81)|713.46|76.22
1957|sulwade-jamphal-kanoli lift irrigation scheme (department of water resources-mh - ii) (400107) (-) (3330)|maharashtra|04/2017 (02/2019)|06/2023 (06/2027)|2407.67 (2407.67)|2779.38|80.54
1958|purna barrage-2 [ner dhamana] medium irrigation project (department of water resources-mh - ii) (400109) (-) (3323)|maharashtra|04/2017 (04/2018)|06/2020 (06/2026)|848.07 (888.43)|690.49|69.63
1959|jigaon irrigation project (department of water resources-mh - ii) (400112) (-) (3314)|maharashtra|04/2017 (04/2018)|06/2028 (-)|7222.95 (7222.95)|10516.63|92
1960|bodwad parisar sinchan yojna (department of water resources-mh) (617422) (-) (9764)|maharashtra|05/2002 (01/2017)|07/2027 (-)|1923.81 (1923.81)|1949.56|49.5
1961|waghur project (department of water resources-mh - ii) (701383) (-) (3336)|maharashtra|04/1996 (04/1996)|12/2019 (03/2026)|1058.99 (1758.51)|1557.82|89.57
1962|gosikhurd project (department of water resources-mh - ii) (701386) (-) (3311)|maharashtra|04/2008 (04/2008)|12/2019 (06/2028)|7196.47 (12770.1)|14339.36|72.65
1963|aruna medium irrigation project (department of water resources-mh - ii) (701391) (-) (3306)|maharashtra|04/2009 (01/2010)|12/2019 (12/2025)|210.45 (1472.14)|1734.71|98.1
1964|lower pedhi project (department of water resources-mh - ii) (701396) (-) (3317)|maharashtra|04/2008 (04/2008)|12/2019 (06/2026)|255.97 (1480.7)|1516.11|65
1965|nardave medium irrigation project (department of water resources-mh - ii) (701398) (-) (3320)|maharashtra|04/2009 (04/2009)|12/2019 (06/2026)|211.46 (781.85)|626.06|72.59
1966|thoubal multipurpose project (water resources department-mn) (701400) (-) (3352)|manipur|04/1997 (04/1997)|12/2019 (03/2026)|1449.44 (1822.24)|1837.91|98.9
1967|north koel reservoir project (department of water resources, river development & gr) (701412) (-) (3397)|multi-states (bihar, jharkhand)|08/2017 (01/2021)|03/2021 (03/2026)|1622.27 (2430.76)|172.97|38
1968|ken-betwa linking development project (department of water resources, river development, ) (701530) (-) (10035)|multi-states (madhya pradesh, uttar pradesh)|na (03/2022)|03/2029 (-)|21030 (21030)|8530.86|0
1969|integrated anandpur barrage project (water resources-or) (603945) (-) (3346)|odisha|04/1997 (01/1998)|12/2019 (06/2026)|567.03 (2990.05)|2776.23|62.85
1970|subernarekha project, odisha (department of water resources, river development & gr) (701402) (-) (3345)|odisha|12/1995 (01/1998)|12/2019 (03/2026)|3055.88 (7023.19)|8060.82|95.5
1971|kanupur irrigation project (irrigation and cad-tg) (701404) (-) (3347)|odisha|04/2003 (01/2004)|12/2019 (06/2026)|989.43 (2301.28)|2804.16|79.5
1972|relining of rajasthan feeder and sirhind feeder canal (department of water resources-pb) (701410) (-) (3324)|punjab|02/2016 (04/2018)|06/2021 (06/2026)|1441.26 (2462.16)|2222.34|90
1973|shahpur kandi dam project (department of water resources-pb) (701411) (-) (3328)|punjab|02/2010 (04/2018)|06/2022 (06/2026)|2285.81 (2715.7)|2201.94|88
1974|sri ram sagar project stage - ii (irrigation and cad-tg) (400102) (-) (3344)|telangana|04/1996 (04/2005)|12/2019 (12/2025)|736.13 (949.87)|971.47|97
1975|indiramma flood flow canal project (irrigation and cad-tg) (400103) (-) (3339)|telangana|04/1996 (01/2006)|12/2019 (12/2026)|1331.3 (5940.09)|4491.08|92
1976|j. chokka rao devadula lift irrigation scheme (irrigation and cad-tg) (701405) (-) (3340)|telangana|04/2006 (04/2006)|12/2019 (12/2025)|8200.71 (14730)|4784.54|87.7
1977|rajiv bhima lift irrigation scheme (irrigation and cad-tg) (701406) (-) (3343)|telangana|04/2007 (01/2008)|12/2019 (03/2026)|1402 (2509.66)|1839.76|100
1978|saryu nahar cadwm project (irrigation & water resources-up) (400093) (-) (3370)|uttar pradesh|04/2017 (04/2017)|12/2019 (03/2026)|1672.7 (1672.7)|22.24|1.76
1979|morna [gureghar] irrigation project (department of water resources, river development & gr) (701395) (-) (-)|uttar pradesh|04/2007 (12/2007)|12/2025 (-)|219.9 (219.9)|115.2|31.5
1980|madhya ganga canal phase-ii (irrigation & water resources-up) (701408) (-) (3319)|uttar pradesh|04/2008 (04/2008)|12/2019 (12/2025)|1060.67 (4417.21)|4575.74|82.39
1981|jamrani dam multipurpose project (irrigation-uk) (613787) (-) (6135)|uttarakhand|10/2023 (11/2023)|06/2029 (-)|2584.1 (2584.1)|1267.4|25.08
