1|guwahati airport new integrated terminal building construction project (adani airport holdings limited) (706724)|assam|12/2016 (03/2018)|03/2025 (03/2026)|1712 (2520)|2514.59|96
2|c/o nitb imphal airport (airport authority of india [aai]) (706718)|manipur|11/2021 (07/2022)|07/2024 (12/2026)|499 (499)|160.06|42
3|widening of basic strip at western side of runway chainage 80m to 920m i/c slope stabilization measures [balance work] of uphill and improvement of storm water drainage system at pakyong airport, sikkim on design & build basis [epc] with integrated 10 years maintenance. (airport authority of india [aai]) (612793)|sikkim|11/2023 (12/2023)|02/2026 (-)|323.26 (323.26)|51.21|22
4|tikak extension ocp (mis mocoal integration logins) (615820)|assam|07/2022 (07/2022)|07/2031 (-)|159.77 (159.77)|81.47|88
5|tirap ocp (mis mocoal integration logins) (615821)|assam|11/2022 (11/2022)|11/2030 (-)|289.46 (289.46)|105.61|3
6|construction of permanent campus of national institute of technology arunachal pradesh (national institute of technology, arunachal pradesh) (612898)|arunachal pradesh|09/2009 (03/2013)|08/2026 (08/2024)|592.61 (592.61)|550.61|80
7|tezpur university projects (tezpur university) (606112)|assam|05/2019 (06/2021)|11/2023 (12/2025)|153.71 (153.71)|125.03|97
8|construction and developement of national institute of technology meghalaya permanent campus at sohra (national institute of technology, meghalaya) (612885)|meghalaya|09/2009 (09/2014)|03/2022 (10/2026)|494.52 (429.7)|426.07|91
9|construction of permanent campus for nit mizoram at lengpui, aizawl (nit mizoram) (612876)|mizoram|09/2009 (06/2014)|12/2029 (03/2022)|474.23 (474.23)|167.55|4
10|establishment of nit nagaland (nit nagaland) (613013)|nagaland|09/2009 (12/2014)|12/2025 (-)|275.63 (275.63)|261.7|97
11|establishment of permanent campus of nit sikkim at khamdong-gangtok district (nit sikkim) (612883)|sikkim|02/2024 (03/2024)|02/2028 (12/2026)|685.76 (610.76)|171.56|24
12|construction of sikkim university campus phase-i package-ii at yangang, south sikkim (sikkim university) (609736)|sikkim|08/2020 (01/2022)|01/2025 (03/2026)|314.06 (314.06)|238.22|85
13|national sports university [nsu], imphal [manipur] (department of sports & youth affairs) (400081)|manipur|na (01/2022)|08/2024 (08/2026)|906.47 (611.74)|565.17|95
14|dibang multipurpose project (national hydroelectric power corporation limited (nhpc)) (602182)|arunachal pradesh|02/2023 (02/2023)|02/2032 (02/2032)|31876.39 (31876.4)|3861.98|16
15|240mw heo he project (north eastern electric power corporation limited) (611698)|arunachal pradesh|12/2024 (05/2025)|07/2029 (-)|1938.85 (1938.85)|66.73|3
16|186 mw tato-i h e project (north eastern electric power corporation limited) (611699)|arunachal pradesh|12/2024 (05/2025)|07/2029 (-)|1750.07 (1750.07)|61.45|2
17|subansiri lower he project [2000 mw] (national hydroelectric power corporation limited (nhpc)) (602096)|multi-states (arunachal pradesh, assam)|09/2003 (01/2005)|09/2010 (05/2026)|6285.33 (26075.5)|25718.57|97
18|teesta-vi he project, sikkim [500 mw], executed by lanco teesta hydro power limited [a wholly owned subsidiary of nhpc ltd. acquired through nclt] (national hydroelectric power corporation limited (nhpc)) (602181)|sikkim|03/2019 (03/2020)|03/2024 (12/2027)|5748.04 (5748.04)|3972.89|71
19|rangit-iv he project [120 mw] executed by jal power corporation ltd. [jpcl] - a wholly owned subsidiary of nhpc ltd. acquired through nclt (national hydroelectric power corporation limited (nhpc)) (605156)|sikkim|03/2021 (08/2021)|05/2024 (12/2025)|938.29 (1828.11)|1531.04|94
20|north eastern region expansion scheme-xxiii [neres-xxiii] (power grid corporation of india limited [powergrid]) (617375)|arunachal pradesh|08/2025 (08/2025)|02/2028 (-)|209.38 (209.38)|0.04|0
21|north eastern region power system improvement project [nerpsip] (power grid corporation of india limited [powergrid]) (607709)|multi-states (assam, mizoram, nagaland, tripura, manipur, meghalaya)|12/2014 (03/2016)|12/2018 (03/2026)|5111.33 (6700)|5442.41|96
22|comprehensive scheme for strengthening of transmission and distribution [t&d] systems [csst&ds] in arunachal pradesh and sikkim (power grid corporation of india limited [powergrid]) (602223)|multi-states (sikkim, arunachal pradesh)|10/2014 (10/2014)|12/2018 (03/2027)|4754.42 (9129.32)|7809.22|82
23|construction of lpg facilities at kamardanga, assam (hindustan petroleum corporation limited) (709754)|assam|03/2023 (03/2023)|07/2027 (07/2027)|156.36 (156.36)|74.46|55
24|setting up of new rail fed pol facility at kamardanga, assam (hindustan petroleum corporation limited [hpcl]) (709755)|assam|03/2023 (03/2023)|07/2027 (07/2027)|384.04 (384.04)|168.47|67
25|paradip-numaligarh crude oil pipeline [pncpl] & crude oil import terminal [coit] at paradip (ministry of petroleum & natural gas) (701349)|assam|01/2019 (01/2019)|07/2024 (06/2026)|10228 (11407)|10270.18|89
26|lpg bottling plant at mualkhang (ministry of petroleum & natural gas) (617829)|mizoram|07/2024 (07/2024)|10/2028 (11/2027)|225.71 (225.71)|16.32|26
27|grass root rail-fed depot at sekerkote, agartala as resitement of existing dharmanagar depot (indian oil corporation limited [iocl]) (400035)|tripura|06/2022 (06/2022)|09/2025 (06/2026)|656 (656)|526.86|92
28|guwahati refinery expansion [1.0 to 1.2 mmtpa] along with installation of cru, guwahati refinery (ministry of petroleum & natural gas) (607701)|assam|05/2021 (05/2021)|10/2023 (05/2026)|412.3 (577)|458.56|89
29|numaligarh refinery expansion project (ministry of petroleum & natural gas) (604791)|assam|07/2020 (07/2020)|07/2024 (09/2026)|12366 (22494)|18147.42|80
30|development of surface facilities for production and evacuation of crude oil and natural gas from nadua and east khagorija (ministry of petroleum & natural gas) (604863)|assam|01/2018 (01/2018)|02/2020 (06/2026)|682.9 (726.93)|493.53|94
31|coke drum structure package (ministry of petroleum & natural gas) (617836)|assam|12/2022 (12/2022)|12/2025 (09/2026)|635.28 (635.28)|80.32|51
32|construction of field gas gathering station at baghjan area for collection, processing & transportation of natural gas to be produced from baghjan field (ministry of petroleum & natural gas) (616858)|assam|12/2020 (12/2020)|03/2024 (03/2026)|430.76 (430.76)|334.6|89
33|pipeline rehabilitation project, phase-ii (ministry of petroleum & natural gas) (617827)|assam|12/2024 (12/2024)|12/2029 (12/2029)|680 (680)|2.32|17
34|upgradation of facilities of numaligarh-siliguri product pipeline [nspl] for transportation of additional products from existing 1.72 mmtpa to 5.5 mmtpa (ministry of petroleum & natural gas) (701350)|assam|06/2021 (06/2021)|12/2024 (03/2026)|860 (860)|636.92|99
35|augmentation/revamping of facilities at existing guwahati terminal at betkuchi (ministryofpetroleumnaturalgas) (709776)|assam|04/2022 (04/2022)|09/2026 (09/2026)|277 (323.09)|192.31|74
36|capacity expansion of digboi refinery from 0.65 to 1.0 mmtpa (ministryofpetroleumnaturalgas) (709779)|assam|06/2022 (06/2022)|03/2026 (07/2027)|768 (740)|130.46|49
37|pipeline network project rudrasagar (ministry of petroleum & natural gas) (709847)|assam|01/2023 (01/2023)|04/2026 (04/2026)|344.99 (344.99)|220.37|50
38|borholla ggs life extension project [blep] (ministry of petroleum & natural gas) (709850)|assam|09/2023 (09/2023)|05/2026 (05/2026)|198.7 (198.7)|59.75|45
39|dcu revamp project (nrl) (709864)|assam|08/2021 (08/2021)|07/2024 (06/2026)|370 (370)|274.81|68
40|power recovery turbine [prt] in pfccu unit as an energy conservation scheme (nrl) (709865)|assam|04/2023 (04/2023)|12/2024 (09/2026)|293.5 (293.5)|97.22|98
41|north east gas grid (ministry of petroleum & natural gas) (701346)|multi-states (meghalaya, mizoram, tripura, assam, manipur, sikkim, nagaland, arunachal pradesh)|04/2020 (04/2020)|03/2024 (03/2026)|9265 (9265)|6622|86
42|augmentation/ revamping of dimapur depot, dimapur (ministryofpetroleumnaturalgas) (709786)|nagaland|08/2023 (08/2023)|11/2027 (11/2027)|227.62 (227.62)|15.85|28
43|creation of gas dehydration facilities, tripura asset (oil and natural gas corporation limited [ongc]) (709837)|tripura|03/2022 (03/2022)|05/2024 (05/2026)|209.33 (131.51)|71.95|66
44|construction of 200 bedded esic hospital with 62 nos staff quarters , beltola (employee's state insurance company [esic]) (612201)|assam|12/2017 (10/2021)|04/2025 (02/2026)|143.23 (154.75)|116.08|96
45|guwahati-dibrugarh via tinsukia & simaluguri-dibrugarh (central organisation for railway electrification [core]) (706922)|assam|09/2020 (09/2018)|09/2020 (06/2024)|890.36 (889.36)|391.73|89
46|mariani-jorhat, tinsukia-dangri and makum -tiraptrack electrification project (gm/c/ nfr) (706940)|assam|09/2018 (01/2022)|05/2024 (-)|183.99 (183.99)|0|0
47|harmuty-murkongselek branch line electrification project (gm/c/ nfr) (706942)|assam|09/2018 (01/2022)|05/2024 (-)|237.52 (237.52)|0|0
48|furkating-new tinsukia[194 km] (northeast frontier railway [nfr]) (618986)|assam|09/2025 (09/2025)|06/2029 (-)|3633.58 (3633.58)|0|0
49|doubling of new bonggigaon to kamakhya via goalpara - 176 km (northeast frontier railway [nfr]) (705572)|assam|09/2016 (09/2016)|03/2026 (03/2026)|4060 (4961)|3739.15|93
50|jiribam-imphal new line project (northeast frontier railway [nfr]) (705391)|manipur|03/2013 (12/2007)|12/2026 (06/2029)|14323 (21885.9)|15824.48|72
51|murkongselek-pasighat (northeast frontier railway (nfr) - ii) (705401)|multi-states (assam, arunachal pradesh)|02/2011 (03/2023)|03/2025 (05/2026)|435 (1250)|805.31|65
52|dimapur [dhansiri]-sukhobi kohima [zubza] nl [82.5 km] (northeast frontier railway (nfr) - ii) (705392)|multi-states (assam, nagaland)|08/2015 (02/2016)|03/2025 (12/2025)|6663 (6663)|5828.35|81
53|lumding furkating doubling project 140 km (northeast frontier railway [nfr]) (616701)|multi-states (nagaland, assam)|02/2024 (01/2025)|02/2028 (-)|2123.7 (2123.7)|13.74|0
54|sivok-rangpo new rail line (indian railway construction international limited [ircon]) (705432)|sikkim|10/2009 (05/2010)|05/2015 (12/2027)|7877 (11775)|9861.45|90
55|construction of 2-laning with hard shoulders of hayuliang hawai bypass road on epc basis from design km. 51.825 to km. 63.131 existing km 45.050 of hayulianghawai road to hawai town under sardp-ne -balance work pkg - iv (nhidcl) (618424)|arunachal pradesh|01/2017 (05/2021)|05/2023 (07/2026)|256.66 (216.76)|0|93
56|construction of balance work of 2-lane with ps of joram-koloriang road nh- 713 on epc basis from design km 44.989 to km 61.547 existing km 50.050 to km 70.000 in the state of arunachal pradesh under sardp-ne pkg-3 (nhidcl) (618432)|arunachal pradesh|02/2017 (10/2020)|04/2022 (07/2023)|228.72 (228.72)|0|99
57|construction of balance work of 2-lane with ps of joram koloriang road from existing km122.600 to km138.00 [design km108.724 to km123.714] in arunachal pradesh on epc mode under sardp-ne pkg-7 (nhidcl) (618433)|arunachal pradesh|02/2017 (10/2020)|04/2022 (07/2023)|184.89 (184.89)|0|98
58|roing-hunli road greenfield alignment project (nhidcl) (618434)|arunachal pradesh|02/2017 (03/2018)|03/2022 (04/2025)|1718.59 (1718.59)|0|77
59|construction of 2-lane road of potin to pangin section of nh-13 from km 163.59 to km 206.66 package-5 on epc mode in the state of arunachal pradesh under arunachal pradesh package of roads and highways of sardp-ne [job no sardp-ne/p-p/pkg-a/nh-13/ar.pr./pwd/2018-19/116] (morth) (617892)|arunachal pradesh|03/2019 (11/2020)|11/2023 (07/2024)|450.65 (450.65)|303.39|96
60|4-laning of itanagar to bandardewa section of nh-415from km 40430 to km 51735 package-bon epc mode in the state of arunachal pradesh job no. 415/ar. p/2020-21/031 (morth) (618033)|arunachal pradesh|06/2020 (12/2021)|12/2024 (-)|496.47 (496.47)|153.63|48
61|construction of mangaldoi bypass nh-15 starting at ch 26400 and terminating at ch 41505 under rangia nh division l 15.105 km in the state of assam. job no. 15/as/2021-22/234 (morth) (617895)|assam|03/2022 (04/2023)|04/2025 (-)|535.03 (535.03)|104.57|55
62|4-l bilasipara-guwahati package-10 (nhidcl) (618282)|assam|03/2023 (12/2023)|06/2026 (-)|1264.9 (1264.9)|0|39
63|4-l bilasipara-guwahati package-9 (nhidcl) (618283)|assam|03/2023 (12/2023)|06/2026 (-)|1000.27 (1000.27)|0|40
64|widening/improvement to 4-lane with paved shoulder from km 99930 to km 143680 design chainage 96000 to 139750 of paikan to dhupdhara sahar of bilasipura-guwahati road on nh-17 in the state of assam on epc mode under bharatmala pariyojana in economic corridors project length 43.750km under nho-ne package-8 (nhidcl) (618284)|assam|03/2023 (12/2023)|12/2026 (-)|1457.59 (1457.59)|0|56
65|widening/improvement to 4 -lane with paved shoulder from ch. 88.000km to ch.99.930 km design ch.84.100km to ch.96.000 km of sagunbashi forest near nichinta to starting of krishnai bypass section of bilasipura guwahati road nh 17 on epc package-7 (nhidcl) (618285)|assam|03/2021 (10/2023)|10/2025 (-)|286.72 (286.72)|0|100
66|construction of new 2-lane bridge with its approaches from km 0000 to km 4385 across river brahmaputra on nh-17 at jogighopa in assam on epc mode (nhidcl) (618286)|assam|09/2021 (11/2021)|11/2024 (06/2026)|746.76 (746.76)|0|0
67|construction and up gradation to 4-lane of existing two lane with paved shoulder from hapachara to tulungia road of nh-117 of existing km 0.00 to km 14.050 and design km 0.000 to km 14.660 under bmp on epc mode (nhidcl) (618289)|assam|03/2020 (06/2020)|12/2022 (06/2024)|224.85 (224.85)|204.19|0
68|construction of 4-lane panchgram bypass from design chainage km 15500 on nh-37 old nh-53 at kalinagar pt.-i village to design chainage km 27300 at crossing with nh-6 old nh-44 near siddeswar pt.-i village on silchar - churaibari stretch in the state of assam on epc mode under bharatmala pariyojana in economic corridors silchar- churaibari package-2 (nhidcl) (618308)|assam|03/2023 (08/2024)|02/2027 (-)|676.18 (728.97)|0|46
69|4-laning of dhanehari lailapur / vairengte section from existing chainage km 12920 to km 43000 of nh 306 design chainage km 20000 to km 49360 on silchar - vairengte sairang road in the state of assam under bharatmala pariyojna on epc mode. project length 29.360 km under nho-ne package-2 (nhidcl) (618314)|assam|03/2023 (02/2024)|08/2026 (-)|1716.21 (1716.21)|848.23|64
70|4-laning of silchar - dhanehari section from existing chainage km 263800 of nh 37 to km 12920 of nh 306 design chainage km 0000 to km 20000 on silchar - vairengte - sairang road in the state of assam under bharatmala pariyojna on epc mode package-1 (nhidcl) (618315)|assam|02/2023 (01/2024)|07/2026 (-)|1256.9 (1256.9)|0|0
71|dillai to lahorijan package-7 (nhidcl) (618325)|assam|11/2021 (01/2023)|07/2024 (12/2025)|204.1 (204.1)|0|0
72|widening/improvement to 4-lane with paved shoulder from km 38500 to km 51246 design chainage 38500 to 50959 with proposed daboka bypass of daboka-parokhaowa of nh 29 on epc under nho-ne package-1 (nhidcl) (618326)|assam|01/2023 (11/2023)|11/2025 (-)|516.88 (516.88)|0|0
73|widening/improvement to 4-lane with paved shoulder from km 113300 to km 146230 design chainage 113830 to 145712 of kwaram taro village - dillai section in assam on epc package-6 (nhidcl) (618327)|assam|09/2021 (07/2022)|07/2024 (03/2025)|625.64 (625.64)|0|0
74|construction of 4/6 laning from existing km 159.400 of nh-36 to existing km 102.500 of nh-39 and upto end point of assam portion [design km 118.050 to design km 132.375] total new alignment length of 14.325 km of daboka - dimapur section dimapur bypass in the state of assam under sardp-ne 'phase-a' on epc mode assam portion (nhidcl) (618330)|assam|03/2018 (11/2019)|11/2022 (08/2024)|511.02 (511.02)|0|0
75|widening/improvement to 2-lane lane with paved shoulder from km 16900 bogapani to km 27150 golai goan on existing dibrugarh to ledo section with proposed digboi bypass green field and brownfield 2-laneps of nh-315 old nh-38 in tinsukia district under nho- ne package-4 (nhidcl) (618339)|assam|01/2023 (12/2023)|12/2026 (-)|356.65 (356.65)|0|20
76|widening/improvement to 4-lane with paved shoulder from km 626030 nalani hulla gaon to km 650450 chotahapjan on existing tinsukhia -makum bypass of nh-15 old nh-37 and strengthening of existing nh-315 old nh-38 from km 0000 chotahapjan to km 16900 bogapani section 2-lane ps in assam on epcmode under nho-ne package-3 (nhidcl) (618340)|assam|01/2023 (05/2023)|09/2025 (-)|458.59 (458.59)|0|68
77|4-laning from rangagara to kaliabor tiniali from km 297.00 to km 315.315 of nh-37 on epc basis under sardp-ne in state of assam (nhidcl) (618435)|assam|01/2016 (10/2017)|04/2020 (03/2025)|386.51 (386.51)|0|0
78|4-laning of jamugurihat to end of biswanath chariali by-pass from km 182.000 to km 208.000 of nh-52 on epc mode in state of assam under sardp-ne (nhidcl) (618436)|assam|03/2015 (12/2016)|06/2019 (03/2025)|599 (599)|0|0
79|construction of balance work of 4-laning of nh-37 section between end of moran bypass to bogibeel junction near lapetketa km. 561.700-km. 580.875 under sardp-ne, phase 'a' in the state of assam on epc mode pkg-i road works & toll plaza (nhidcl) (618437)|assam|01/2016 (09/2024)|08/2025 (-)|274.34 (274.34)|0|100
80|4-laning of nh-37 section between demow to end of moran bypass from km. 534.800 to km. 561.700 including emergency landing facility elf under sardp-ne, phase 'a' in the state of assam on epc mode (nhidcl) (618438)|assam|01/2016 (01/2023)|08/2025 (01/2025)|385.57 (385.57)|0|0
81|construction of balance work of 4-laning of the section from jhanji to demow of nh-37 old from km 490.800 to km 501.800 11.000 km, under sardp- ne under epc mode in the state of assam pkg-i road works (nhidcl) (618441)|assam|01/2016 (10/2024)|09/2025 (-)|467.79 (476.5)|72.13|0
82|development of external trunk connectivity and internal infrastructure works at multi model logistics parkmmlp at jogighopa in the state of assam on epc mode package-i road and utility works (nhidcl) (618455)|assam|02/2020 (09/2020)|09/2024 (10/2024)|693.97 (693.97)|0|0
83|6l standalone flyovers at bongaigaon, chapaguri, pathsala, simlaguri chowk and baihata bypass junctions on stretches of nh-31 and nh-27 (national highways authority of india [nhai]) (618575)|assam|03/2022 (01/2023)|07/2024 (-)|457.72 (412.15)|371.63|100
84|6l standalone flyovers at raha, demow, borghat, kathiatali junctions and rob at jagiroad on stretches of nh 36 and nh 27 (national highways authority of india [nhai]) (618576)|assam|03/2022 (12/2022)|06/2024 (-)|280.75 (255.53)|211.79|99
85|widening & upgradation to 2 lanes with paved shoulders road from tamenglong to mahur nh-137 in the state of assam starting from km 156.489 near p. leikul to km 176.410 near borowapu on epc mode under nho-ne assam portion package-10 (nhidcl) (618351)|assam|03/2023 (08/2023)|08/2025 (-)|890.33 (693.15)|0|0
86|widening & upgradation to 2 lanes with paved shoulders road from tamenglong to mahur nh-137 in the state of assam starting from km 136.500 near hejaichak to km 156.489 near p. leikul package-9 on epc mode under nho-ne package- 9 (nhidcl) (618352)|assam|03/2023 (08/2023)|08/2025 (-)|860.37 (614.43)|0|0
87|widening & upgradation to 2-lanes with paved shoulders road from tamenglong to mahur nh-137 in the state of assam starting from km 116.480 near hangrum to km 136.500 near hejaichak package-8 on epc mode under nho-ne package 8 (nhidcl) (618353)|assam|03/2023 (08/2023)|08/2025 (-)|904.04 (904.04)|0|0
88|wideinig & upgradation to 2-lanes with paved shoulders road from tamenglong to mahur nh-137 in the state of assam starting from km 96.870 near jiri river to km 116.550 near hangrum package-7 on epc mode package7 (nhidcl) (618354)|assam|12/2023 (03/2024)|03/2026 (-)|846.82 (846.82)|0|71
89|widening/improvement to 4-lane with paved shoulder from km 55000 nagabang gamsuk to km 82514 oyan in the state of assam and arunachal pradesh on epc mode under bharatmala pariyojna of length 27.514 km package-3 (nhidcl) (618359)|assam|03/2023 (09/2024)|08/2025 (-)|665.47 (665.47)|0|54
90|widening/improvement to 4-lane with paved shoulder configuration of existing single lane road from srirampur near bhairiguri village to kachukhana harichara paglagaunj package-i of srirampur - dhubri section of nh-127b from existing km 0.000 to km 28.050 design km 0.000 to km 27.650, design length27.650 km under jica oda loan assistance phase-v -balance work (nhidcl) (618371)|assam|03/2022 (11/2024)|11/2026 (-)|613.89 (613.89)|0|43
91|widening / improvement to 4-lane with paved shoulder configuration of existing single lane road from kachukhana harichara paglagaunj to dhubri - phulbari bridge approach package-ii of srirampur - dhubri section of nh-127b from existing km 28.050 to km 55.060 design km 27.650 to km 54.154, design length26.504 km under jica oda loan assistance phase-v [srirampur - dhubri pkg-2] (nhidcl) (618372)|assam|03/2022 (01/2023)|06/2025 (-)|909.02 (909.02)|0|100
92|construction of 4-lane bridge including approaches over river brahmaputra between dhubri on north bank,assam and phulbari on south bank,meghalaya on nh-127b under jica oda loan assistance phase-iii (nhidcl) (618373)|assam|05/2019 (12/2020)|09/2028 (12/2028)|4997.04 (4997.04)|0|67
93|construction of 2-laning with hard shoulder of ukhrul tolloi - tadubi section of nh-102a from design chainage km 9450 to km 50850 in the state of manipur on epc mode under nho-ne package-2 (nhidcl) (618387)|manipur|03/2023 (03/2024)|03/2026 (-)|578.98 (578.98)|234.11|77
94|construction of 2-laning with hard shoulder road of ukhrul - tolloi - tadubi section of nh-102a from design chainage 50.850 km to 81.870 km in the state of manipur on epc mode under nho-tsp package -3 (nhidcl) (618388)|manipur|09/2021 (07/2023)|01/2025 (03/2025)|315.56 (315.56)|227.97|90
95|construction of 2-laning with hard shoulder road of ukhrul - tolloi - tadubi section of nh-102a from design chainage 81.870 km to 105.825 km in the state of manipur on epc mode under nho-tsp package -4 (nhidcl) (618389)|manipur|09/2021 (08/2022)|02/2024 (10/2025)|310.76 (310.76)|247|96
96|improvement of existing road to 2 laning with hard shoulders of maram-peren section package-1b, length- 17.660 km from design chainage 22.340 km to 40.000 km on nh-129a in the state of manipur on epc mode (nhidcl) (618415)|manipur|02/2021 (06/2021)|12/2022 (08/2023)|188.36 (188.36)|0|99
97|improvement of existing road to 2 laning with hard shoulders of maram -peren section package-1a, length- 22.340km from design chainage 0.000 km to 22.340 km on nh-129a in the state of manipur on epc mode (nhidcl) (618416)|manipur|02/2021 (06/2021)|12/2022 (02/2023)|226.32 (226.32)|0|0
98|construction of of 2 -lane with paved shoulders road from tamenglong-tousem- lisang-mahur road nh-137 starting near dialong village from km 10.000 at dialong to km 31.430 near old tamenglong , near barak river on epc mode package-2 (nhidcl) (618355)|manipur|07/2021 (09/2021)|03/2023 (12/2025)|483.87 (483.87)|351.99|92
99|construction of 2 -lane with paved shoulders road from tamenglong to mahur in the state of manipur from km 31.430 at old tamenglong to km 43.480 ending near phelong on epc mode package-3 (nhidcl) (618356)|manipur|03/2021 (06/2021)|12/2022 (12/2025)|234.08 (234.08)|0|94
100|construction of 2 -lane with paved shoulders road from tamenglong to mahur nh-137 in manipur starting from km 54.180 near azuram to km 80.630 near mandeu on epc mode package 5 (nhidcl) (618357)|manipur|09/2021 (11/2021)|05/2023 (04/2025)|477.86 (477.86)|330.1|84
101|construction of 2 -lane with paved shoulders road from tamenglong to mahur nh-137 starting from km 80.630 near mandeu to km 96.870 near jiri river on epc mode package-6 (nhidcl) (618358)|manipur|09/2021 (11/2021)|05/2023 (07/2027)|311.18 (311.18)|223.12|84
102|widening to 2-lane with hard shoulder of churachandpur to tuivai section of nh- 102b from design chainage 69.875 km to 121.769 km in the state of manipur on epc mode package-3 (nhidcl) (618344)|manipur|03/2021 (08/2021)|08/2023 (04/2025)|673.27 (673.27)|480.59|50
103|widening to 2-lane with hard shoulder of churachandpur to tuivai section from km 48.587 to km 69.875 in the state of manipur on epc mode under nho package-2b (nhidcl) (618345)|manipur|06/2020 (08/2020)|08/2022 (02/2023)|365.53 (365.53)|168.23|64
104|widening to 2-lane with hard shoulder of churachandpur to tuivai section of nh- 102b from km 32.835 to km 48.587 in the state of manipur on epc mode under nho package-2a (nhidcl) (618346)|manipur|04/2020 (07/2020)|06/2022 (02/2023)|232.99 (232.99)|127.15|81
105|widening to 2-lane with hard shoulder of churachandpur to tuivai section of nh- 102b from km 13.747 to km 32.835 in the state of manipur on epc mode under nho package-1b (nhidcl) (618347)|manipur|04/2020 (07/2020)|06/2022 (04/2025)|241.52 (241.52)|0|45
106|widening to 2 lane with paved shoulder of lmphal to jiribam section of nh-37 from design ch. from km 169570 near nungkao vlllage under tamenglong district to km 205974 near jiribam bridge under jiribam district under nho-ne pkg-7 (nhidcl) (618333)|manipur|01/2023 (12/2023)|12/2025 (-)|760.16 (760.16)|365.34|75
107|widening to 2 lane with paved shoulder of lmphal to jiribam section of nh-37 from design ch. from km 131.280 to km 169.570 on epc mode in manipur under nho-tsp pkg-6 (nhidcl) (618334)|manipur|12/2021 (02/2023)|02/2025 (05/2025)|504.76 (504.76)|269.89|0
108|widening to 2 lane with paved shoulder of lmphal to jiribam section of nh-37 from design ch. from km 101280 near khongsang village to km 131280 near puilon kambiron village on epc mode in manipur pkg-5 (nhidcl) (618335)|manipur|12/2021 (11/2022)|05/2024 (02/2026)|410.68 (410.68)|309.93|80
109|widening to 2 -lane with paved shoulder of imphal to jiribam section of nh-37 from design chainage 66.110 km to 101.280 km existing chainage km 67.496 to km 103.557 on epc mode in manipur pkg-4 (nhidcl) (618336)|manipur|09/2021 (06/2022)|12/2023 (08/2025)|579.63 (579.63)|355.94|79
110|widening to 2 -lane with paved shoulder of imphal to jiribam section of nh-37 from design chainage 33.000 km to 66.390 km existing chainage from km 33.395 to km 67.496 on epc mode in manipur pkg-3 (nhidcl) (618337)|manipur|03/2021 (09/2021)|03/2023 (07/2025)|467 (467)|552.2|82
111|widening/improvement of existing 2-lane road to 4-lane divided highway from sekmai to nilakuthi section of imphal-kohima road design chainage from km 297700 to km 308729 of nh-39 new nh-02 in state of manipur on epc mode pkg-5b (nhidcl) (618298)|manipur|03/2021 (07/2021)|01/2023 (06/2025)|211.7 (211.7)|209.48|78
112|improvement/up-gradation of existing 2-lane road to 4-lane divided highway from taphukuki to daili section of imphal-kohima road nh-02 design chainage from km 262175 to km 274610 in the state of manipur on epc mode pkg-4a (nhidcl) (618300)|manipur|09/2020 (10/2020)|04/2022 (07/2025)|379.39 (379.39)|0|78
113|widening/improvement to 2-lane with earthen shoulder of yaingangpokpi - finch corner road section of nh-202 from km 16.900 to km 30.970 of nh-202 in the state of manipur on epc mode package-2 (nhidcl) (618302)|manipur|03/2020 (07/2020)|06/2022 (12/2025)|256.04 (256.04)|0|35
114|widening/improvement to 2-lane with earthen shoulder of yaingangpokpi - finch corner road section of nh-202 from km 0.000 to km 16.900 of nh-202 in the state of manipur on epc mode package-1 (nhidcl) (618303)|manipur|03/2020 (07/2020)|06/2022 (04/2025)|222.77 (222.77)|0|37
115|rehabilitation and up-gradation of nongstoin wahkaji section of project road km 0000 to km 43060 to intermediate lane with earthern shoulder under sardp-ne phase-a in the state of meghalaya on epc mode. job no- sardp- ne/nong-don-maw/mg/2020-21/294 (morth) (617885)|meghalaya|08/2020 (02/2022)|08/2023 (07/2024)|302.88 (302.88)|182.58|98
116|improvement/widening to 2-l with paved shoulder/ 4-laning of nh-40 section from km 151330 to km 163400 design km 63.530 to km 71.520 including dawki bridge of length 368 m between shillong-dawki under jica oda loan assistance phase-ii pkg-5 -balance work (nhidcl) (618374)|meghalaya|07/2020 (05/2024)|11/2026 (11/2027)|284.21 (284.21)|0|32
117|improvement/widening to 2-lane with paved shoulder from design km 45.760 to km 63.530 between shillong-dawki under jica oda loan assistance phase-ii - balance work pkg-4 (nhidcl) (618375)|meghalaya|07/2020 (04/2024)|04/2026 (07/2026)|445.51 (445.51)|0|37
118|improvement/widening to 2-lane with paved shoulder between shillong-dawki road up to bangladesh border from design km 10.670 to km 37.550 under jica oda loan assistance phase-ii -balance work-pkg-2 (nhidcl) (618376)|meghalaya|07/2020 (02/2024)|08/2026 (07/2026)|525.67 (525.67)|0|41
119|improvement/widening to 2-l with paved shoulder/4-l from km 81740 to km 93490 design km 0000 to km 10670 of nh-40 new nh-106 & 206 section & 4-l from design km 0.00 to km 0.930 of nh-44 section between shillong-dawki under jica oda loan assistance phase-ii -balance work pkg-1 (nhidcl) (618377)|meghalaya|07/2020 (10/2023)|10/2025 (-)|351.12 (351.12)|0|78
120|rehabilitation and up gradation of nongstoin-rambrai-kyrshai road up to meghalaya-assam border from km 0.335 to km 34.039 to 2-lane under nho - ne in the state of meghalaya package-1 (nhidcl) (618418)|meghalaya|09/2021 (05/2022)|05/2024 (06/2025)|359.86 (359.86)|0|69
121|construction of 2-lane with paved shoulders of shillong western bypass starting from nh-06 near ladumsaw existing km 60.900 of old nh40 to nh106 old nh 44e package-iii, from km 24700 to km 38256 under sardp-ne phase a in the state of meghalaya on epc mode greenfield alignment (nhidcl) (618419)|meghalaya|03/2023 (09/2024)|09/2026 (-)|562.48 (562.48)|0|33
122|construction of 2 lane with paved shoulder of shillong western bypass starting from nh-06 near ladumsaw existing km 60.900 of old nh-40 to nh-106 old nh- 44e, package-ii km 12800 to km 24700 under sardp-ne phase a in the state of meghalaya on epc mode (nhidcl) (618420)|meghalaya|03/2023 (09/2024)|09/2026 (-)|686.03 (686.03)|0|0
123|construction of 2-lane with paved shoulder of shillong western bypass starting from nh-06 near ladumsaw existing km 60.900 of old nh-40 to nh106 old nh- 44e, km 0000 to km 12800 package-i under sardp-ne phase a in the state of meghalaya on epc mode greenfield alignment (nhidcl) (618421)|meghalaya|03/2023 (09/2024)|09/2026 (-)|620.3 (620.3)|0|46
124|widening and up-gradation to 2- lane with paved shoulder configuration and geometric improvement from km. 208. 000 to km 250.000 package-5 on aizawl tuipang section of nh-54 in the state of mizoram package-5 (nhidcl) (618379)|mizoram|09/2019 (10/2019)|04/2023 (-)|752.89 (752.89)|125.62|95
125|widening and up-gradation to 2- lane with paved shoulder configuration and geometric improvement from km. 125. 000 to km 166 package-3 on aizawl tuipang section of nh-54 in the state of mizoram package-3 (nhidcl) (618380)|mizoram|09/2019 (10/2019)|04/2023 (11/2024)|867.09 (867.09)|0|0
126|widening and up-gradation to 2-lane with paved shoulder configuration and geometric improvements from km 250.00 lunglei to km 298.00 on aizawl- tuipang section under jica oda loan assistance phase-i package-6 (nhidcl) (618381)|mizoram|09/2019 (12/2019)|06/2023 (03/2025)|768.76 (768.76)|168.78|98
127|widening and up-gradation to 2-lane with paved shoulder configuration and geometric improvements from km 298.00 to km 339.00 on aizawl-tuipang section under jica oda loan assistance phase-i package-7 (nhidcl) (618382)|mizoram|09/2019 (10/2020)|04/2024 (03/2025)|605.76 (750.32)|0.01|100
128|widening and up-gradation to 2-lane with paved shoulder configuration and geometric improvements from km 339.00 to km 380.00 siaha on aizawl-tuipang section under jica oda loan assistance phase-i package-8 (nhidcl) (618383)|mizoram|09/2019 (03/2020)|09/2023 (05/2025)|637.06 (637.06)|101.89|99
129|widening and up-gradation to 2- lane with paved shoulder configuration and geometric improvement from km. 166. 000 to km 208.000 package-4 on aizawl tuipang section of nh-54 in the state of mizoram package-4 (nhidcl) (618384)|mizoram|09/2019 (10/2019)|04/2023 (09/2024)|899.45 (899.45)|191.59|99
130|construction of 2-laning with hard shoulder of lunglei to chhumkhum from design chainage km 0.000 to km 37.420 of nh-302 [lunglei-tlabung] package- a (nhidcl) (618362)|mizoram|03/2021 (06/2021)|12/2022 (05/2025)|698.45 (698.45)|0|0
131|construction of 2-laning with hard shoulder configuration of chhumkhum to tlabung from design chainage km 37.420 to km 74.950 of nh-302 in mizoram under bharatmala pariyojana on epc mode [pkg-b] (nhidcl) (618363)|mizoram|06/2021 (07/2021)|01/2023 (05/2025)|740.58 (740.58)|0|0
132|up-gradation to 2-lane with paved shoulders of ngopa - pawlrang section of nh 102b of aizawl - imphal economic corridor from existing chainage km 32.796 to km 72.030 [design chainage km 31.280 to km 68.170] in the state of mizoram under bharatmala pariyojna on epc mode under nho-ne package-2 keifang- tuivai pkg-2 (nhidcl) (618341)|mizoram|09/2021 (09/2023)|02/2025 (06/2026)|523.78 (523.78)|0|64
133|rehabilitation and upgradation to 2 lane with paved shoulder of economic corridor of nh-6 from design chaiange km 0.000 to km 13.510 package-1 in the state of mizoram under bharatmala pariyojana on epc mode (nhidcl) (618342)|mizoram|03/2020 (07/2020)|06/2022 (06/2024)|206.9 (206.9)|0|0
134|rehabilitation and up gradation to 2-lane with paved shoulder of keifang section economic corridor of nh-06 from existing chainage km 30050 keifang to km 50360 keifang, design chainage km 27400 to km 45040 pkgiii in the state of mizoram under bharatmala pariyojna on epc mode seling-dulte - iii (nhidcl) (618343)|mizoram|03/2020 (07/2020)|06/2022 (12/2024)|292.23 (292.23)|0|0
135|4-laning of balance work of dimapur-kohima road from design km 152.490 to km 166.700 existing km 156.000 to km 172.900 excluding dimapur & kohima bypass under sardp-ne package-iii (nhidcl) (618328)|nagaland|03/2016 (09/2023)|09/2025 (-)|562.98 (794.75)|0|0
136|construction of 4/6 laning from km 132.375 to km 153.058 total new alignment length of 20.683 km of daboka-dimapur section dimapur bypass nagaland portion of nh-36 & 39 in the state of nagaland on epc basis under phasea of sardp-ne (nhidcl) (618329)|nagaland|02/2017 (09/2017)|09/2020 (02/2023)|819.39 (819.39)|0|0
137|construction of 2-lane with paved shoulder of kohima- bypass road connecting nh-39new nh-02, nh-150new nh-02, nh-61new nh-29, nh-39new nh-02 from design km 32.00 to design km 43.454design length-11.454 km in the state of nagaland under sardp-ne on epc mode package-iv (nhidcl) (618290)|nagaland|07/2020 (10/2020)|04/2022 (02/2025)|202.36 (202.36)|0|0
138|construction of 2-lane with paved shoulder of kohima-bypass road connecting nh- 39 new nh-02, nh150new nh-02, nh7-61 new nh-29 and nh-39 new nh-02 from design km 21.000 to km 32.268 [design length11.268 km] in the state of nagaland under sardp-ne on epc mode package- 3 (nhidcl) (618291)|nagaland|07/2020 (06/2023)|06/2025 (-)|159.85 (342.29)|0|0
139|construction of 2-lane with paved shoulder of kohima-bypass road connecting new nh-02 and new nh-29 from design km 10.500 to design km 21.000 [design length- 10.500 km] including tunnel of 500m at ch. 11.000 in the state of nagaland under sardp-ne on epc mode package-2 (nhidcl) (618292)|nagaland|07/2020 (10/2020)|10/2022 (01/2024)|277.44 (277.44)|0|0
140|construction of 2-lane with paved shoulder of kohima-bypass road connecting nh-39new nh-02, nh-150new nh-02, nh-61new nh-29 and nh-39new nh-02 from design km 0.00 to km 10.500 in the state of nagaland under sardp-ne on epc mode package-1 -balance work (nhidcl) (618293)|nagaland|07/2020 (11/2023)|11/2026 (-)|232.29 (350.88)|0|20
141|balance work of construction of 2-lane with hard shoulder of kohima - jessami road on nh-29 old nh-150 from existing km 98.380 near chizami vill. to km120.367 nagaland/manipur border [design km 95.700 to design km 117.200] [design length 21.500 km] in the state of nagaland under bharatmala pariyojna on epc mode package-v under nho (nhidcl) (618296)|nagaland|03/2020 (11/2023)|11/2025 (-)|330.8 (330.8)|0|91
142|construction of 2-lane with hard shoulder of kohima - jessami road on nh-29 old nh-150 from existing km 30.474 near kidwema road chakahabama to existing km 53.220 near kikruma village design km 29.60 to km 51.50 design length-21.90 km in the state of nagaland under bharatmala pariyojna on epc mode under nho package-ii -balance work (nhidcl) (618297)|nagaland|03/2020 (01/2024)|01/2026 (-)|355.79 (355.79)|0|29
143|widening of existing single lane / intermediate lane road to 2 lane from km 101 to km 125 of nh 61 (morth) (617886)|nagaland|06/2020 (06/2024)|06/2026 (-)|252.2 (252.2)|0|41
144|widening of existing single lane to intermediate lane road from mokokchung to chare via dikhu in the state of nagaland on epc mode (morth) (618002)|nagaland|02/2021 (06/2023)|06/2025 (-)|192.93 (192.93)|99.65|0
145|widening to existing single lane /intermediate lane to 2 lane from km185.00 to km 220.00 of nh-61 new nh-02 in the state of nagaland. (morth) (618072)|nagaland|03/2021 (07/2022)|07/2024 (03/2025)|297.25 (297.25)|128.97|85
146|widening to 2 lane with hard shoulder of akegwo-avangkhu section of nh-202k for package-i design chainage 0000 km to 34795 km, in the state of nagaland on epc mode under nh o-ne (nhidcl) (618364)|nagaland|12/2022 (08/2023)|02/2026 (-)|430.24 (430.24)|0|78
147|widening to 2 lane with hard shoulder of akegwo-avangkhu section of nh-202k for package-iii design chainage 69875 km to 106816 km in the state of nagaland on epc mode under nho-ne (nhidcl) (618365)|nagaland|12/2022 (08/2023)|02/2026 (-)|497.18 (497.18)|0|80
148|widening to 2 lane with hard shoulder of akegwo-avangkhu section of nh-202k for package-ii design chainage 34795 km to 69875 km in the state of nagaland on epc mode under nho-ne (nhidcl) (618366)|nagaland|12/2022 (08/2023)|02/2026 (-)|442.54 (442.54)|0|38
149|construction of 2 laning with hard shoulder of peren-dimapur section on nh 129a from design km 146.208 to km 163.592 length- 17.384 km in the state of nagaland on epc mode under nho-tsp package-iii (nhidcl) (618413)|nagaland|02/2021 (06/2023)|06/2025 (11/2025)|177.77 (199.02)|0|76
150|construction of balance work for 2-lane with hard shoulder of peren- dimapur section on nh-129a from design km 126.775 to km 146.208 length 19.433 km in the state of nagaland on epc mode under nho-tsp package-ii (nhidcl) (618414)|nagaland|01/2021 (09/2023)|09/2025 (-)|258.52 (258.52)|0|0
151|construction of 2-lane with hard shoulders of merangkong-tamlu-mon road wakching twon portion on epc basis from existing chainage km 59000 to km 73640 [design km. 59000 to km, 72450] design length - 13.450 km under sardp-ne package-v balance work (nhidcl) (618422)|nagaland|03/2021 (09/2023)|09/2025 (-)|161.73 (161.73)|0|0
152|construction of 2-lane with hard shoulders of merangkong-tamlu-mon mtm road from existing km 20.456 to km 41.065 design km. 20 to km. 40.0 design length-20.000 km in the state of nagaland under sardp-ne phase-a pkg-2 balance work (nhidcl) (618423)|nagaland|03/2018 (08/2023)|08/2025 (-)|215.79 (215.79)|0|0
153|construction & upgradation of existing road to 2-lane with paved shoulder from new rolep bridge at km 37.600 to chochenpheri at km 52.00 in the section of rongli to chochenpheri of nh 717b pkg-ii c (nhidcl) (618446)|sikkim|10/2020 (05/2021)|05/2024 (02/2025)|493.42 (478.79)|0|64
154|construction of 2-laning with paved shoulder of new greenfield alignment from helipad near menla at km 82000 to menla at km 94030 of rhenock-menla spur nh-717b package-iiib on epc basis under sardp-ne phase 'a' in the state of sikkim. (nhidcl) (618447)|sikkim|01/2021 (02/2021)|02/2024 (11/2025)|410.6 (379.3)|0|33
155|construction of 2-laning with paved shoulder of new greenfield alignment from chochenpheri at km 52000 to helipad near menla at km 82000 of rhenock- menla spur nh-717b package-iiia on epc basis under sardp-ne phase 'a' in the state of sikkim. (nhidcl) (618448)|sikkim|10/2020 (12/2020)|12/2023 (09/2025)|816.79 (786.6)|0|0
156|construction & upgradation of existing road to 2-lane with paved shoulder from km27.200 end of rongli bypass to km37.600new rolep bridge of rhenok-menla spur nh-717b on epc mode under sardp-ne phase-a in sikkim pkg-ii b (nhidcl) (618449)|sikkim|07/2020 (10/2020)|04/2023 (02/2025)|230.45 (244.91)|0|64
157|rehabilitation & upgradation of existing road to 2-lane with paved shoulder including geometric improvement of section from start of rabangla km33.600 to km58.840 under sardp-ne phase a pkg- iv (nhidcl) (618450)|sikkim|07/2020 (10/2020)|05/2022 (04/2025)|292.8 (292.8)|1.91|18
158|construction of two lane with paved shoulder gangtok bypass road from ranipool to burtuk ch 0.00 km to 23.316 l23.316 km in the state of sikkim (morth) (618071)|sikkim|10/2021 (05/2022)|05/2024 (01/2025)|385.15 (342.89)|0|78
159|rehabilitation and up-gradation of road from km 16.077 to km 43.935 total length 27.858 km of lalchara-kanchanpur section via shivbari on nh-44a to 2 lane with paved shoulder in the state of tripura on epc mode pkg-2 under bharatmala pariyojana manu-simlung -2 (nhidcl) (618307)|tripura|02/2022 (01/2023)|01/2025 (04/2025)|456.88 (456.88)|0|0
160|construction of 4-lane with paved shoulder agartala bypass western side, length 25.402 km connecting nh-8 near amtali to nh-108b near lembuchhera in the state of tripura on epc basis under nho-ne (nhidcl) (618417)|tripura|03/2023 (03/2024)|03/2027 (-)|2026.05 (2026.05)|0|0
161|melaghar-srimantapur section on nh-08 spur from km 23 to km 34.500 11.5 km and overlay from km 20.30 to km 22.00 1.7 km total length 13.2 km (nhidcl) (618411)|tripura|01/2023 (05/2023)|11/2024 (12/2025)|195.95 (195.95)|0|0
162|rehabilitation and up-gradation of road from design km 25.250 to km 36.460 total lengh 11.210 km of kailashahar-kurti bridge section on nh-208a to 2-lane with paved shoulder on epc basis under nho package-iii- balance work (nhidcl) (618385)|tripura|02/2020 (09/2024)|09/2025 (-)|174.43 (174.43)|0|0
163|rehabilitation & upgradation of road from km 0.00 to km 18.600 total length- 18.600 km of kumarghat-kailashahar section on nh-208 to 2-lane with paved shoulder on epc bais under nho (nhidcl) (618386)|tripura|02/2020 (07/2020)|01/2022 (10/2024)|277.5 (302.03)|0|0
164|improvement and widening to 2-lane with paved shoulder of road from design km 36.000 rangamati to design km 72.000 pati chhari total length 36.000 km on teliamura to harina section of nh 208 in the state of tripura on epc mode under jica oda loan phase vi package-3 (nhidcl) (618368)|tripura|01/2024 (09/2024)|09/2026 (-)|670.9 (670.9)|0|6
165|improvement and widening to 2-lane with paved shoulder of road from existing km 438.170 khowai chowmuhani to existing km 439.410 south pulinpur of nh- 08 and from design km 0.000 south pulinpur to design km 36.00 near rangamati of nh 208 on khowai teliamura- harina section total length 37.24 in the state of tripura on epc mode under jica oda loan phase vi package-2 (nhidcl) (618369)|tripura|01/2024 (09/2024)|09/2026 (-)|657.21 (657.21)|0|42
166|improvement and widening to 2-lane with paved shoulder of road from km 101.300 to km 127.319 total length 26.019 km i.e. the khowai teliamura- amarpur-harina-sabroom section of nh 208 in the state of tripura on epc under jica oda loan phase vi package-1 (nhidcl) (618370)|tripura|01/2024 (07/2024)|07/2026 (-)|431.78 (431.78)|0|0
167|provision of 4g based mobile services in uncovered villages and national highways of meghalaya (department of telecommunications) (701598)|meghalaya|09/2019 (09/2020)|03/2022 (03/2026)|971.96 (971.96)|215.36|99
168|provision of 4g mobile services in uncovered villages of arunachal pradesh and 2 districts of assam (department of telecommunications) (701597)|multi-states (assam, arunachal pradesh)|12/2020 (10/2021)|04/2023 (03/2026)|1255.49 (1255.49)|299.02|99
169|borolia irrigation project (department of water resources, river development & gr) (701370)|assam|04/1996 (12/1996)|12/2022 (03/2026)|256.16 (256.16)|44.7|55
170|thoubal multipurpose project (water resources department-mn) (701400)|manipur|04/1997 (04/1997)|12/2019 (03/2026)|1449.44 (1822.24)|1837.91|98
1|construction of new domestic terminal building building and miscellaneous works including maintenance, operations and aicmc at kadapa airport (airport authority of india [aai]) (612786)|andhra pradesh|03/2023 (01/2024)|01/2026 (03/2026)|265.91 (265.91)|88.87|46
2|construction of new integrated terminal building and associated works including apron to park 3 code e type of aircraft or 6 code c type of aircraft at vijayawada airport. (airport authority of india [aai]) (701107)|andhra pradesh|06/2020 (09/2020)|09/2022 (03/2026)|611.8 (611.8)|523.14|87
3|construction of new domestic terminal building at rajahmundry airport. (airport authority of india [aai]) (701121)|andhra pradesh|12/2022 (08/2023)|08/2025 (03/2026)|347.15 (347.15)|129.31|68
4|guwahati airport new integrated terminal building construction project (adani airport holdings limited) (706724)|assam|12/2016 (03/2018)|03/2025 (03/2026)|1712 (2520)|2514.59|96
5|development of new civil enclave at bihta (airport authority of india [aai]) (612183)|bihar|08/2024 (03/2025)|03/2027 (-)|1413 (1413)|0|1
6|development of new civil enclave and associated works at darbhanga airport (airport authority of india [aai]) (612194)|bihar|07/2024 (07/2024)|07/2026 (-)|911.66 (911.66)|258.93|48
7|construction of new domestic terminal building [phase-i and ii] and other allied structures at jpni airport, patna (airport authority of india [aai]) (701101)|bihar|12/2018 (10/2018)|07/2023 (05/2026)|1216.9 (1216.9)|1166.71|97
8|goa airport terminal building extension project (airport authority of india [aai]) (701105)|goa|11/2017 (12/2019)|12/2021 (01/2026)|255.69 (255.69)|154.3|98
9|development of dholera international greenfield airport , gujarat (airport authority of india [aai]) (701126)|gujarat|06/2022 (07/2022)|06/2026 (06/2026)|1305 (1551)|739.77|72
10|construction of ntb complex including apron, taxi track and other associated civil works and electrical & mechanical installations towards tawi river side at ca jammu. (airport authority of india [aai]) (611047)|jammu and kashmir|07/2022 (07/2023)|06/2026 (06/2026)|861.37 (861.37)|248.88|42
11|construction of new domestic terminal building and miscellaneous works at hubli airport (airport authority of india [aai]) (612787)|karnataka|06/2023 (01/2024)|01/2026 (03/2026)|320.47 (320.47)|99.39|59
12|construction of new domestic terminal building and miscellaneous works at belagavi airport. (airport authority of india [aai]) (612788)|karnataka|06/2023 (02/2024)|01/2026 (04/2026)|322.45 (322.45)|152.09|67
13|development of additional resa on either end on runway 10-28 at calicut airport. construction of embankment with slope protection, drainage system and associated works for additional resa on either end on runway 10-28 (airport authority of india [aai]) (612789)|kerala|06/2023 (02/2024)|09/2025 (06/2026)|484.57 (484.57)|116.14|31
14|construction of terminal building & associated works at leh airport, ladakh (airport authority of india [aai]) (400010)|ladakh|07/2018 (09/2018)|09/2021 (07/2026)|480 (640)|484.6|78
15|c/o nitb imphal airport (airport authority of india [aai]) (706718)|manipur|11/2021 (07/2022)|07/2024 (12/2026)|499 (499)|160.06|42
16|sitc of atm automation system and asmgcs [including smr & mlat] for mumbai, navi mumbai, jewar [earlier mopa, without asmgcs], hial & bial (airport authority of india [aai]) (611570)|multi-states (karnataka, maharashtra, telangana, uttar pradesh)|12/2020 (10/2022)|09/2025 (08/2026)|500.48 (500.48)|348.09|76
17|development of new greenfield airport at bundi, kota rajasthan. (airport authority of india [aai]) (618977)|rajasthan|08/2025 (10/2025)|10/2027 (-)|1507 (1507)|10.05|1
18|construction of new passenger terminal building for domestic operations at jodhpur airport. (airport authority of india [aai]) (701127)|rajasthan|05/2022 (04/2023)|11/2024 (01/2026)|480 (480)|330.65|93
19|construction of new integrated passenger terminal building at udaipur airport (airport authority of india [aai]) (701128)|rajasthan|06/2023 (11/2023)|03/2026 (09/2026)|887 (887)|462.38|57
20|widening of basic strip at western side of runway chainage 80m to 920m i/c slope stabilization measures [balance work] of uphill and improvement of storm water drainage system at pakyong airport, sikkim on design & build basis [epc] with integrated 10 years maintenance. (airport authority of india [aai]) (612793)|sikkim|11/2023 (12/2023)|02/2026 (-)|323.26 (323.26)|51.21|22
21|modernization of chennai airport, phase ii, part 2 (airport authority of india [aai]) (611602)|tamil nadu|05/2018 (06/2023)|07/2025 (06/2026)|1207 (1207)|208.06|27
22|development of lal bahadur shastri international airport, varanasi including c/o new terminal building, apron extension, runway extension, ptt and allied works. (airport authority of india [aai]) (701113)|uttar pradesh|07/2024 (07/2024)|07/2027 (07/2027)|2869.65 (2869.65)|410.36|21
23|development of new integrated civil enclave at agra airport (airport authority of india [aai]) (701122)|uttar pradesh|06/2024 (07/2024)|07/2026 (-)|579 (579)|133.8|28
24|development of new civil enclave at bagdogra airport (airport authority of india [aai]) (611495)|west bengal|08/2024 (09/2024)|01/2027 (01/2027)|1549 (1549)|359.56|16
25|re-construction of rigid portions of secondary runway, k and a taxiway and strengthening of c taxiway at nscbi airport kolkata. (airport authority of india [aai]) (612791)|west bengal|04/2023 (12/2023)|02/2025 (08/2026)|328.3 (328.3)|109.99|49
26|tikak extension ocp (mis mocoal integration logins) (615820)|assam|07/2022 (07/2022)|07/2031 (-)|159.77 (159.77)|81.47|88
27|tirap ocp (mis mocoal integration logins) (615821)|assam|11/2022 (11/2022)|11/2030 (-)|289.46 (289.46)|105.61|3
28|porda chimtapani ocp [10 mty] (south eastern coalfields limited [secl]) (400144)|chhattisgarh|12/2020 (12/2020)|03/2029 (-)|2310.12 (2310.12)|91.43|10
29|baroud oc expansion [3.0-10.0m (south eastern coalfields limited [secl]) (400149)|chhattisgarh|08/2020 (08/2020)|03/2029 (-)|2309.8 (2309.8)|956.88|50
30|dipka expansion ocp [40 mty] (south eastern coalfields limited [secl]) (400354)|chhattisgarh|12/2020 (12/2020)|03/2029 (-)|5241.4 (5241.4)|2862.43|37
31|gevra oc [70 mty] (south eastern coalfields limited [secl]) (400424)|chhattisgarh|03/2016 (03/2016)|03/2023 (03/2027)|11816.4 (11816.4)|6813.01|78
32|amera oc rce [1.0 mty] (south eastern coalfields limited [secl]) (613798)|chhattisgarh|02/2015 (02/2015)|03/2026 (-)|335.97 (335.97)|88.28|42
33|amgaon oc rce [1.0 mty] (south eastern coalfields limited [secl]) (613799)|chhattisgarh|07/2015 (07/2015)|03/2026 (-)|316.11 (316.11)|188.72|78
34|jagannathpur oc rce project (south eastern coalfields limited [secl]) (613800)|chhattisgarh|07/2016 (07/2016)|03/2025 (03/2026)|459.49 (459.49)|274.35|96
35|mahamaya ocp [1.50 mty] (south eastern coalfields limited [secl]) (613801)|chhattisgarh|05/2018 (05/2018)|03/2026 (03/2028)|410.26 (410.26)|183.37|54
36|katkona ro ug mine (south eastern coalfields limited [secl]) (615191)|chhattisgarh|01/2023 (01/2023)|03/2029 (-)|329.21 (329.21)|61.34|2
37|pelma oc mdo (south eastern coalfields limited [secl]) (616234)|chhattisgarh|10/2022 (10/2022)|03/2033 (-)|1725.04 (1725.04)|15.66|40
38|kusmunda oc expansion project (secl - cil) (617287)|chhattisgarh|11/2024 (11/2024)|03/2030 (-)|4516.88 (4516.88)|783.28|21
39|manikpur oc expansion project (south eastern coalfields limited [secl]) (617288)|chhattisgarh|01/2025 (01/2025)|03/2029 (-)|382.61 (382.61)|113.03|21
40|hura c ocp (ecl - cil) (400018)|jharkhand|08/2022 (08/2022)|03/2029 (-)|859.41 (859.41)|453|62
41|konar expansion ocp (ministry of coal) (400073)|jharkhand|01/2022 (01/2022)|03/2032 (-)|799.34 (799.34)|429.33|45
42|karo expansion ocp (ministry of coal) (400074)|jharkhand|01/2022 (01/2022)|03/2029 (-)|908.47 (908.47)|269.26|22
43|sanghmitra oc (ministry of coal) (400136)|jharkhand|03/2024 (03/2024)|03/2032 (-)|2660 (2660)|6.61|16
44|chandragupt ocp (ministry of coal) (400138)|jharkhand|08/2020 (08/2020)|03/2032 (-)|973.5 (973.5)|440.75|24
45|kotre basantpur pachmo ocp (ministry of coal) (400139)|jharkhand|08/2020 (08/2020)|03/2032 (-)|861.06 (625.4)|455.95|42
46|pachwara south coal block (nlc india limited [nlcil]) (400142)|jharkhand|03/2016 (11/2019)|09/2028 (-)|2242.9 (2242.9)|1253.92|74
47|rpr magadh exp ocp (ministry of coal) (400150)|jharkhand|08/2020 (08/2020)|03/2028 (-)|7254.37 (7254.37)|1599.39|38
48|north urimari expansion ocp (ministry of coal) (400151)|jharkhand|07/2021 (07/2021)|03/2029 (-)|778.8 (778.8)|696.05|68
49|epr rohini - karketta ocp (ministry of coal) (400153)|jharkhand|01/2021 (01/2021)|03/2028 (-)|1020.42 (1020.42)|84.74|21
50|epr pundi ocp (ministry of coal) (400154)|jharkhand|11/2020 (11/2020)|03/2027 (-)|713.35 (713.35)|236.58|10
51|epr ashok oc (ministry of coal) (400155)|jharkhand|05/2021 (05/2021)|03/2031 (-)|2898.28 (2898.28)|185.04|24
52|epr amrapali ocp (ministry of coal) (400156)|jharkhand|02/2020 (02/2020)|03/2028 (-)|5136.15 (5136.15)|1257.44|42
53|rajrappa rce ocp (ministry of coal) (400160)|jharkhand|12/2009 (12/2009)|03/2016 (03/2027)|510.85 (510.85)|488.69|76
54|chitra east oc (eastern coal fields limited [ecl]) (400172)|jharkhand|08/2018 (08/2018)|03/2026 (03/2028)|513.99 (513.99)|230.87|51
55|jharkhand-laiyo ocp (ministry of coal) (400352)|jharkhand|08/2020 (08/2020)|03/2031 (-)|764.57 (764.57)|145.81|29
56|moonidih xv seam ug (ministry of coal) (400425)|jharkhand|08/2011 (08/2011)|03/2019 (05/2026)|1230.27 (1230.27)|635.78|82
57|2.5 mtpa patherdih nlw washery (ministry of coal) (611017)|jharkhand|10/2015 (04/2016)|04/2018 (03/2026)|334.27 (334.27)|151.09|49
58|amalagamated ntst kujama ocp 8.5mty (ministry of coal) (611864)|jharkhand|01/2023 (01/2023)|03/2030 (-)|4011.85 (4011.85)|414.41|28
59|muraidih ug project (ministry of coal) (613808)|jharkhand|02/2011 (02/2011)|04/2014 (12/2026)|339.87 (339.87)|191|70
60|tapin south expn (ministry of coal) (615349)|jharkhand|11/2020 (11/2020)|03/2028 (-)|230.41 (230.41)|22.02|21
61|sirka oc (ministry of coal) (615822)|jharkhand|05/2020 (05/2020)|03/2028 (-)|222.82 (222.82)|140.58|53
62|tetariakhar oc (ministry of coal) (615843)|jharkhand|11/2019 (11/2019)|03/2025 (03/2027)|243.52 (243.52)|49.54|29
63|chuperbhita simlong ocp mdo 6 (eastern coal fields limited [ecl]) (616225)|jharkhand|12/2023 (12/2023)|03/2037 (-)|979.08 (979.08)|0|0
64|jarangdih expn. ocp 1.5 mty (ccl - cil) (616236)|jharkhand|02/2020 (02/2020)|03/2029 (-)|414.37 (414.37)|85.6|33
65|block e ocp (ministry of coal) (616253)|jharkhand|03/2024 (03/2024)|03/2029 (-)|5850.83 (5850.83)|20.32|3
66|revised jharia master plan for dealing with fire, subsidence & rehabilitation of affected families in jharia coalfield- reg. (bharat coking coal limited (bccl)) (617416)|jharkhand|06/2025 (07/2025)|12/2028 (-)|5940.47 (5940.47)|26.31|19
67|amadand ocp[4.0mty] (ministry of coal) (400148)|madhya pradesh|03/2016 (03/2016)|03/2021 (03/2027)|869.44 (869.44)|278.78|75
68|rampur batura ocp [4.0mty] (south eastern coalfields limited [secl]) (400152)|madhya pradesh|07/2019 (07/2019)|03/2026 (-)|1248.93 (1248.93)|498.6|44
69|block b expansion [3.5 to 8.0 (northern coalfields limited [ncl]) (400162)|madhya pradesh|07/2019 (07/2019)|03/2023 (03/2027)|998.71 (998.71)|488.66|48
70|nigahi expansion [15 to 25 mtp (northern coalfields limited [ncl]) (400321)|madhya pradesh|11/2020 (11/2020)|03/2025 (03/2028)|1729.68 (1729.68)|859.8|48
71|kanchan oc exp (south eastern coalfields limited [secl]) (613802)|madhya pradesh|12/2014 (12/2014)|03/2026 (03/2028)|371.04 (371.04)|144.61|58
72|jhiria west ocp [1.5 mty] (south eastern coalfields limited [secl]) (613803)|madhya pradesh|01/2024 (01/2024)|03/2029 (-)|366.94 (366.94)|34.12|41
73|rpr tawa-iii ug 0.84 mty (western coalfields limited [wcl]) (613804)|madhya pradesh|12/2021 (12/2021)|03/2027 (-)|314.09 (314.09)|6.08|17
74|amalgamated dhankasa & jamunia (western coalfields limited [wcl]) (615185)|madhya pradesh|09/2022 (09/2022)|03/2027 (-)|399.2 (399.2)|96.21|66
75|rpr of vishnupuri ug to oc (western coalfields limited [wcl]) (615187)|madhya pradesh|11/2022 (11/2022)|03/2029 (-)|220.62 (220.62)|0|11
76|urdhan expansion oc cost plus (western coalfields limited [wcl]) (615194)|madhya pradesh|07/2022 (01/2023)|03/2031 (-)|206.88 (206.88)|27.19|0
77|sharda ug mine (western coalfields limited [wcl]) (615195)|madhya pradesh|07/2022 (09/2023)|03/2028 (-)|166.25 (166.25)|4.41|9
78|gandhigram ug mine (western coalfields limited [wcl]) (615206)|madhya pradesh|08/2019 (08/2019)|03/2026 (-)|414.15 (414.15)|18.04|56
79|bhatadi expansion oc (western coalfields limited [wcl]) (400033)|maharashtra|02/2020 (05/2022)|03/2028 (-)|580.61 (580.61)|84.73|31
80|amalgamated yekona i & yekona (western coalfields limited [wcl]) (400177)|maharashtra|08/2015 (08/2015)|03/2025 (03/2026)|727.28 (727.28)|539.9|80
81|dinesh[makardhokra-iii] oc (western coalfields limited [wcl]) (400178)|maharashtra|02/2020 (02/2020)|03/2027 (-)|822.88 (822.88)|623.1|34
82|dhuptala oc [sasti ug to oc ] (western coalfields limited [wcl]) (400353)|maharashtra|02/2019 (10/2021)|03/2028 (-)|711.01 (711.01)|169.79|19
83|saoner ug mine -1 expansion 1. (western coalfields limited [wcl]) (615184)|maharashtra|01/2022 (01/2022)|03/2028 (-)|228.64 (228.64)|146.08|68
84|sasti expansion opencast (western coalfields limited [wcl]) (615186)|maharashtra|08/2020 (08/2020)|03/2026 (-)|319.04 (319.04)|91.82|20
85|new majri ug to oc 3 mty cost (western coalfields limited [wcl]) (615188)|maharashtra|05/2019 (09/2022)|03/2027 (-)|402.27 (402.27)|60.25|24
86|makardhokra expn oc 4.9 mty (western coalfields limited [wcl]) (615189)|maharashtra|06/2022 (06/2022)|03/2026 (-)|361.87 (361.87)|85.39|11
87|singhori deep oc min 2.0 mty (western coalfields limited [wcl]) (615190)|maharashtra|05/2022 (05/2022)|03/2029 (-)|335.75 (335.75)|35.89|6
88|gokul extension oc mine (western coalfields limited [wcl]) (615192)|maharashtra|04/2021 (04/2021)|03/2026 (-)|309.58 (309.58)|46.56|8
89|kolgaon expansion deep oc mine (western coalfields limited [wcl]) (615199)|maharashtra|01/2023 (09/2023)|03/2027 (-)|198.71 (198.71)|12.89|2
90|ballarpur north west oc mine (western coalfields limited [wcl]) (615330)|maharashtra|12/2022 (12/2022)|03/2029 (-)|360.81 (360.81)|0.02|4
91|gadegaon oc 3 mty (western coalfields limited [wcl]) (615331)|maharashtra|10/2023 (10/2023)|03/2030 (-)|497.41 (497.41)|0.08|0
92|ghonsa expansion deep oc mine (western coalfields limited [wcl]) (615914)|maharashtra|03/2021 (03/2021)|03/2029 (-)|184.71 (184.71)|14.88|5
93|amlg gauri pauni expansion oc (western coalfields limited [wcl]) (615916)|maharashtra|04/2024 (04/2024)|03/2030 (-)|1225.21 (1225.21)|80.14|2
94|gaurideep/gauri central ocp 7. (western coalfields limited [wcl]) (615917)|maharashtra|08/2023 (06/2024)|03/2030 (-)|973.07 (973.07)|0.67|0
95|rpr of bhanegaon oc (western coalfields limited [wcl]) (615918)|maharashtra|02/2017 (09/2022)|03/2028 (-)|405.2 (405.2)|12.64|7
96|n. extn. mungoli nirguda d ocp (western coalfields limited [wcl]) (615919)|maharashtra|06/2024 (06/2024)|03/2029 (-)|1024.91 (1024.91)|175.86|0
97|niljai expansion deep ocp (western coalfields limited [wcl]) (615982)|maharashtra|08/2016 (08/2016)|03/2022 (03/2026)|319.75 (319.75)|187.1|79
98|ukni deep oc mine -cost plus (western coalfields limited [wcl]) (616044)|maharashtra|11/2018 (01/2019)|03/2021 (03/2026)|237.06 (237.06)|165.81|87
99|amalgamated inder-kamptee deep (western coalfields limited [wcl]) (616050)|maharashtra|09/2018 (09/2018)|03/2024 (03/2026)|235.9 (235.9)|132.25|98
100|adasa ug to oc mine (western coalfields limited [wcl]) (616223)|maharashtra|11/2018 (11/2018)|03/2024 (03/2026)|316 (316)|208.73|86
101|amal gondegaon ghatrohana expn (western coalfields limited [wcl]) (616229)|maharashtra|09/2024 (09/2024)|03/2029 (-)|668.54 (668.54)|1.19|0
102|waghoda ug mine [1.02 mty] (western coalfields limited [wcl]) (617233)|maharashtra|01/2024 (01/2025)|03/2030 (-)|379.3 (379.3)|0|0
103|kolarpimpri expansion oc [2.5 (western coalfields limited [wcl]) (617278)|maharashtra|06/2024 (02/2025)|03/2030 (-)|630.37 (630.37)|0|0
104|master plan for jharia and raniganj coalfields (bharat coking coal limited [bccl]) (400313)|multi-states (jharkhand, west bengal)|08/2009 (08/2009)|08/2019 (12/2028)|2661.73 (2661.73)|792.93|43
105|bina kakri amalgamation expans (northern coalfields limited [ncl]) (400369)|multi-states (madhya pradesh, uttar pradesh)|08/2020 (08/2020)|03/2024 (03/2027)|836.42 (836.42)|829.04|89
106|khadia expansion [10 to 16 mtp (northern coalfields limited [ncl]) (615183)|multi-states (madhya pradesh, uttar pradesh)|06/2021 (06/2021)|03/2025 (03/2027)|491.67 (491.67)|258.02|52
107|subhadra ocp (mahanadi coalfields limited [mcl]) (400165)|odisha|05/2021 (05/2021)|04/2032 (-)|1693.81 (1693.81)|1326.59|42
108|siarmal ocp (mahanadi coalfields limited [mcl]) (400166)|odisha|02/2021 (02/2021)|03/2029 (-)|5194.95 (5194.95)|3462.73|57
109|balaram expansion ocp (mahanadi coalfields limited (mcl)) (400183)|odisha|08/2020 (08/2020)|03/2029 (-)|3504.21 (3504.21)|927.17|53
110|gopalji kaniha ocp [10 to 30 m (mcl - cil) (400185)|odisha|04/2022 (04/2022)|03/2030 (-)|8416.19 (6107.87)|1745.72|17
111|integrated lakhanpur-belpahar- (mahanadi coalfields limited [mcl]) (400187)|odisha|05/2018 (05/2018)|03/2027 (-)|2434.75 (2434.75)|1859.96|71
112|bharatpur re-organization ocp (mahanadi coalfields limited [mcl]) (400392)|odisha|11/2018 (11/2018)|03/2029 (-)|2838.86 (2838.86)|1676.51|48
113|basundhara west extension open (mcl - cil) (615193)|odisha|05/2014 (05/2014)|03/2019 (03/2029)|479.15 (479.15)|275.1|65
114|naini coal mine (singareni collieries company limited [sccl]) (615857)|odisha|03/2020 (03/2020)|03/2026 (-)|494.3 (494.3)|491.33|80
115|integrated kulda garjanbahal o (mahanadi coalfields limited [mcl]) (616226)|odisha|04/2023 (04/2023)|03/2033 (-)|3563.5 (3563.5)|604.11|3
116|bhubaneswari expn ocp 50 mty (mcl - cil) (616231)|odisha|03/2024 (03/2024)|03/2033 (-)|5366.27 (5366.27)|472.43|29
117|hingula ii oc expn ph iii 15 m (mcl - cil) (616232)|odisha|11/2022 (11/2022)|03/2029 (-)|1561.85 (1561.85)|274.97|24
118|balabhadra ocp (mcl - cil) (616233)|odisha|04/2023 (04/2023)|03/2030 (-)|978.44 (978.44)|214.56|12
119|talabira ii & iii ocp - fmc (nlc india limited [nlcil]) (618982)|odisha|10/2022 (05/2023)|06/2026 (-)|522.45 (522.45)|311.28|68
120|jawahar khani open cast mine (singareni collieries company limited [sccl]) (615818)|telangana|12/2021 (12/2021)|03/2025 (03/2027)|297.88 (297.88)|47.06|20
121|kalyanikhani opencast project (singareni collieries company limited [sccl]) (615858)|telangana|03/2016 (05/2017)|03/2026 (-)|384.32 (384.32)|284.94|75
122|godavarikhani coal mine - 5 (singareni collieries company limited [sccl]) (615860)|telangana|07/2019 (05/2019)|03/2025 (03/2026)|607.04 (607.04)|196.67|71
123|indaram opencast project (singareni collieries company limited [sccl]) (615861)|telangana|08/2017 (12/2022)|03/2025 (03/2026)|424.81 (424.81)|405.12|80
124|goleti opencast mine (singareni collieries company limited [sccl]) (615862)|telangana|07/2021 (08/2021)|03/2026 (-)|345.6 (345.6)|80.24|21
125|venkatesh khani coal mine (singareni collieries company limited [sccl]) (615863)|telangana|10/2020 (06/2020)|03/2026 (-)|484.5 (484.5)|477.14|97
126|kakatiyakhani oc - 2 project (singareni collieries company limited [sccl]) (615865)|telangana|08/2017 (09/2017)|03/2025 (03/2026)|442.42 (442.42)|230.39|63
127|mohanpur expansion oc -phase i (eastern coal fields limited [ecl]) (400173)|west bengal|11/2020 (11/2020)|03/2026 (03/2030)|888.99 (888.99)|119.09|30
128|bonjemehari expansion ocp (eastern coal fields limited [ecl]) (400180)|west bengal|08/2021 (08/2021)|03/2026 (03/2030)|570.11 (570.11)|83.36|16
129|nakrakonda kumardih- b ocp (eastern coal fields limited [ecl]) (400181)|west bengal|08/2018 (08/2018)|03/2029 (-)|502.68 (502.67)|71.85|26
130|siduli [oc & ug] (ecl - cil) (400182)|west bengal|05/2018 (05/2018)|03/2027 (03/2030)|535.18 (535.17)|5.32|14
131|tilaboni ug (eastern coal fields limited [ecl]) (400186)|west bengal|01/2023 (01/2023)|03/2029 (-)|749.08 (749.07)|52.89|10
132|jhanjra expansion ug (eastern coal fields limited [ecl]) (400312)|west bengal|04/2020 (04/2020)|03/2029 (-)|1210.12 (1210.12)|550.2|44
133|sonepur bazari expansion ocp [ (eastern coal fields limited [ecl]) (400315)|west bengal|07/2021 (07/2021)|03/2029 (-)|5365.88 (5365.88)|596.74|17
134|2.0 mtpa bhojudih nlw washery (ministry of coal) (611016)|west bengal|12/2015 (03/2019)|09/2020 (12/2025)|384.57 (384.57)|358.11|97
135|itapara ocp (eastern coal fields limited [ecl]) (612816)|west bengal|12/2023 (12/2023)|03/2030 (-)|929.1 (929.1)|69.88|7
136|shyamsundarpur ug including sa (eastern coal fields limited [ecl]) (613793)|west bengal|04/2020 (04/2020)|03/2026 (03/2028)|483.65 (483.65)|61.75|16
137|parasea-belbaid ug project (eastern coal fields limited [ecl]) (613794)|west bengal|01/2023 (01/2023)|03/2028 (-)|389.1 (389.1)|132.48|21
138|parascole jambad ocp (eastern coal fields limited [ecl]) (616230)|west bengal|11/2024 (11/2024)|03/2037 (-)|1193.55 (1193.55)|10.9|0
139|50 mw wind power project (nlc india limited [nlcil]) (617299)|gujarat|07/2022 (01/2024)|06/2025 (01/2026)|383.84 (383.84)|323.92|51
140|600 mw khavda solar power project (nlc india limited [nlcil]) (617730)|gujarat|08/2023 (06/2024)|06/2026 (-)|3335.85 (3335.85)|1143.13|25
141|200 mw spp part of 510 mw cpsu scheme (nlc india limited [nlcil]) (618991)|gujarat|07/2022 (03/2024)|12/2026 (-)|1221.41 (1221.41)|61.81|0
142|100 mw spp part of seci 150 mw hybrid (nlc india limited [nlcil]) (618992)|gujarat|07/2022 (04/2024)|12/2026 (-)|480.68 (480.68)|2.52|1
143|nlc talabira thermal power project (nlc india limited [nlcil]) (400231)|odisha|01/2017 (01/2024)|03/2030 (-)|27212.96 (27213)|2607.89|1
144|300 mw spp part of 510 mw cpsu scheme (nlc india limited [nlcil]) (612819)|rajasthan|07/2022 (03/2023)|09/2024 (12/2025)|1813 (1813)|1627.06|93
145|50 mw solar pp minedout area (nlc india limited [nlcil]) (615327)|tamil nadu|08/2023 (02/2024)|03/2025 (12/2025)|218.03 (218.03)|165.5|85
146|ghatampur thermal power plant 3 x 660 mw (nlc india limited [nlcil]) (400259)|uttar pradesh|07/2016 (08/2016)|11/2020 (03/2026)|17237.8 (21780.9)|20743.86|94
147|dharamjaigarh-korba (railway) (400203)|chhattisgarh|05/2018 (03/2017)|12/2026 (08/2026)|1686.22 (1686.22)|484.26|42
148|shivpur-kathautia new rail [bg] line [49 km] [package ii of tori-shivpur-kathautia line] (ministry of coal) (400416)|jharkhand|02/2018 (05/2022)|06/2025 (06/2026)|1799.64 (2564.34)|1489.74|64
149|tubed coal mine (damodar valley corporation) (400192)|jharkhand|07/2016 (10/2016)|05/2026 (05/2026)|1581 (1581)|599.18|36
150|badam coal mining project of ntpc (national thermal power corporation [ntpc]) (603293)|jharkhand|02/2019 (09/2019)|12/2056 (04/2027)|502 (784)|388.29|59
151|dibang multipurpose project (national hydroelectric power corporation limited (nhpc)) (602182)|arunachal pradesh|02/2023 (02/2023)|02/2032 (02/2032)|31876.39 (31876.4)|3861.98|16
152|240mw heo he project (north eastern electric power corporation limited) (611698)|arunachal pradesh|12/2024 (05/2025)|07/2029 (-)|1938.85 (1938.85)|66.73|3
153|186 mw tato-i h e project (north eastern electric power corporation limited) (611699)|arunachal pradesh|12/2024 (05/2025)|07/2029 (-)|1750.07 (1750.07)|61.45|2
154|buxar thermal power project [1320 mw] (satluj jal vidyut nigam [sjvn] thermal limited) (602579)|bihar|03/2019 (06/2019)|01/2024 (12/2025)|10439.09 (13756.6)|12911.13|93
155|lara super thermal power project stage-ii [2 x 800 mw] (national thermal power corporation [ntpc]) (611930)|chhattisgarh|08/2023 (08/2023)|06/2028 (09/2028)|15530 (16106)|3498.35|21
156|sipat super thermal power project, stage-iii [1x800 mw] (national thermal power corporation [ntpc]) (617188)|chhattisgarh|09/2024 (09/2024)|09/2029 (-)|9791 (9791)|1054.25|8
157|bagodara solar power project (satluj jal vidyut nigam [sjvn] thermal limited) (709747)|gujarat|03/2021 (05/2021)|12/2025 (12/2025)|339.35 (339.35)|317.59|51
158|dhaulasidh hydro electric project [66 mw] (satluj jal vidyut nigam [sjvn] thermal limited) (602582)|himachal pradesh|10/2020 (05/2021)|11/2025 (03/2027)|687.97 (1561.21)|1027.23|72
159|luhri stage-i hydro electric project [210 mw] (satluj jal vidyut nigam [sjvn] thermal limited) (602593)|himachal pradesh|11/2020 (11/2020)|01/2026 (02/2030)|1810.56 (4681.64)|1841.71|51
160|382 mw sunni dam hep (satluj jal vidyut nigam [sjvn] thermal limited) (602633)|himachal pradesh|na (04/2018)|03/2027 (-)|2615 (2615)|495.57|0.5
161|sunni dam hydro electric project [382 mw] (satluj jal vidyut nigam [sjvn] thermal limited) (611586)|himachal pradesh|01/2023 (01/2023)|04/2028 (12/2029)|2614.51 (4925.87)|1025.3|31
162|pakal dul [drangdhuran] hydroelectric project, 1000 mw (national hydroelectric power corporation limited [nhpc]) (602525)|jammu and kashmir|10/2014 (02/2018)|04/2020 (12/2026)|8112.12 (12728)|8057.69|77
163|kiru he project (national hydroelectric power corporation limited [nhpc]) (602532)|jammu and kashmir|03/2019 (02/2020)|09/2023 (12/2026)|4287.59 (5409)|3313.59|75
164|ratle he project - 850 mw, ratle hydroelectric power corporation limited. (national hydroelectric power corporation limited [nhpc]) (602535)|jammu and kashmir|02/2021 (01/2022)|02/2026 (11/2028)|5281.94 (5281.94)|1384.07|26
165|kwar he project (national hydroelectric power corporation limited [nhpc]) (605155)|jammu and kashmir|05/2022 (11/2022)|11/2026 (03/2028)|4526.12 (4526.12)|1203.55|26
166|patratu thermal power station expansion project phase-i [3x800 mw] (national thermal power corporation [ntpc]) (400261)|jharkhand|11/2017 (11/2017)|03/2023 (02/2027)|18668 (20302)|18166|86
167|koderma thermal power station phase ii [2x800 mw] at koderma, jharkhand (damodar valley corporation) (611509)|jharkhand|04/2023 (11/2024)|03/2029 (-)|14358 (14358)|1538.88|6
168|gadarwara super thermal power project, stage-ii [3x800 mw] (national thermal power corporation [ntpc]) (618976)|madhya pradesh|11/2024 (05/2025)|03/2030 (-)|20446 (20446)|1145.83|4
169|subansiri lower he project [2000 mw] (national hydroelectric power corporation limited (nhpc)) (602096)|multi-states (arunachal pradesh, assam)|09/2003 (01/2005)|09/2010 (05/2026)|6285.33 (26075.5)|25718.57|97
170|talcher thermal power station stage iii [2 x 660 mw] expansion (national thermal power corporation [ntpc]) (602961)|odisha|08/2022 (09/2022)|05/2027 (03/2028)|11843.75 (12543)|5347.06|44
171|teesta-vi he project, sikkim [500 mw], executed by lanco teesta hydro power limited [a wholly owned subsidiary of nhpc ltd. acquired through nclt] (national hydroelectric power corporation limited (nhpc)) (602181)|sikkim|03/2019 (03/2020)|03/2024 (12/2027)|5748.04 (5748.04)|3972.89|71
172|rangit-iv he project [120 mw] executed by jal power corporation ltd. [jpcl] - a wholly owned subsidiary of nhpc ltd. acquired through nclt (national hydroelectric power corporation limited (nhpc)) (605156)|sikkim|03/2021 (08/2021)|05/2024 (12/2025)|938.29 (1828.11)|1531.04|94
173|singrauli super thermal power project, stage-iii [2x800 mw] (national thermal power corporation [ntpc]) (612142)|uttar pradesh|03/2024 (03/2024)|02/2030 (-)|17195 (17195)|2418.36|13
174|tapovan-vishnugad hep [4x130 mw] (national thermal power corporation [ntpc]) (602185)|uttarakhand|na (11/2006)|03/2013 (04/2029)|2978 (10907.3)|6769.58|77
175|tehri pumped storage plant project [4x250 mw] (thdc india limited) (602193)|uttarakhand|07/2006 (06/2011)|06/2022 (03/2026)|4825.6 (8339)|8169.51|98
176|vishnugad pipalkoti hydro electric project [444 mw] (thdc india limited) (602195)|uttarakhand|08/2008 (01/2014)|12/2022 (09/2027)|3860.35 (6405.08)|5004.46|74
177|raghunathpur thermal power station phase ii [2x660 mw] at raghunathpur, purulia, west bengal (damodar valley corporation) (400062)|west bengal|01/2023 (02/2025)|06/2029 (-)|17673 (17673)|1479.89|4
178|rammam-iii hepp [3x40 mw] (national thermal power corporation [ntpc]) (602184)|west bengal|09/2014 (09/2014)|09/2019 (03/2029)|1381.84 (2865.56)|1431.94|52
179|installation of fgd for 4x210 & 2x250 mw mtps u 1-6 (damodar valley corporation) (602538)|west bengal|06/2019 (02/2021)|01/2024 (12/2025)|1037 (1106)|1115.65|93
180|transmission scheme for solar energy zone in ananthpuram 2500mw and kurnool 1000mw (power grid corporation of india limited [powergrid]) (611967)|andhra pradesh|09/2023 (09/2023)|09/2025 (03/2026)|1248.69 (1248.69)|1077.61|91
181|augmentation of 1x1500 mva 3rd 765/400 kv transformation capacity at kurnool new substation (power grid corporation of india limited [powergrid]) (612856)|andhra pradesh|05/2023 (12/2023)|09/2025 (03/2026)|163.61 (163.61)|111.04|82
182|transmission system strengthening at kurnool- iii ps for integration of additional re generation projects [powergrid kurnool iii ps re transmission limited] (power grid corporation of india limited [powergrid]) (617183)|andhra pradesh|03/2025 (03/2025)|12/2027 (-)|2886 (2886)|155.84|4
183|north eastern region expansion scheme-xxiii [neres-xxiii] (power grid corporation of india limited [powergrid]) (617375)|arunachal pradesh|08/2025 (08/2025)|02/2028 (-)|209.38 (209.38)|0.04|0
184|transmission scheme for evacuation of 4.5gw re injection at khavda ps under phase ii- part c (power grid corporation of india limited [powergrid]) (611657)|gujarat|03/2023 (03/2023)|03/2025 (01/2026)|2820.99 (2820.99)|2783.19|98
185|transmission system for evacuation of additional 7 gw re power from khavda re park under phase-iii part b [vataman transmission limited] (power grid corporation of india limited [powergrid]) (612139)|gujarat|12/2023 (12/2023)|12/2025 (12/2026)|3751.82 (3751.82)|2101.02|38
186|transmission system for evacuation of power from potential renewable energy zone in khavda area of gujarat under phase iv [7 gw] part e3 (power grid corporation of india limited [powergrid]) (612151)|gujarat|07/2023 (07/2023)|07/2025 (03/2026)|334 (334)|236.17|78
187|transmission system for evacuation of power from potential energy renewable zone in khavda area of gujarat under ph-iv [7gw] part e2 (power grid corporation of india limited [powergrid]) (612855)|gujarat|05/2024 (05/2024)|05/2026 (06/2026)|679 (679)|176.54|31
188|augmentation of transformation capacity at jam khambhaliya ps [gis] [spv name powergrid jam khambhaliya transmission limited] (power grid corporation of india limited [powergrid]) (615342)|gujarat|10/2024 (10/2024)|07/2026 (-)|329 (329)|14.67|5
189|provision of dynamic reactive compensation at khavda pooling station 1 [kps1] and khavda pooling station 3 [kps3] (power grid corporation of india limited [powergrid]) (615343)|gujarat|11/2024 (11/2024)|11/2026 (-)|501 (501)|8.11|2
190|transmission system for evacuation of power from potential renewable energy zone in khavda area of gujarat under phase-iv [7gw] part b [spv name powergrid south olpad transmission limited] (power grid corporation of india limited [powergrid]) (615345)|gujarat|10/2024 (10/2024)|10/2026 (03/2027)|4766 (4766)|1048.56|12
191|augmentation of transformation capacity at kps1 [gis] and kps2 [gis] [phase-v part b1 and part b2 scheme] [spv name- powergrid kps1 and 2 augmentation transmission limited] (power grid corporation of india limited [powergrid]) (617069)|gujarat|02/2025 (02/2025)|02/2027 (-)|466 (466)|23.99|1
192|augmentation of banaskantha [raghanesda] ps [gis] [powergrid banaskantha transco limited] (power grid corporation of india limited [powergrid]) (617182)|gujarat|03/2025 (03/2025)|03/2027 (-)|172 (172)|20.64|19
193|augmentation of transformation capacity at bhuj-ii ps [gis] (power grid corporation of india limited [powergrid]) (617391)|gujarat|02/2025 (02/2025)|11/2026 (03/2027)|488.29 (488.29)|0.98|0
194|jamnagar transmission limited (adani transmission limited) (617405)|gujarat|na (10/2024)|10/2026 (-)|4000 (4000)|268|16
195|provision of ict augmentation & bus reactor at bhuj-ii ps (power grid corporation of india limited [powergrid]) (617801)|gujarat|03/2025 (03/2025)|12/2026 (03/2027)|581.74 (581.74)|1.16|0
196|implementation of lilo of both circuits of 400kv vindhyachal ps-sasan d/c line at hindalco switchyard (power grid corporation of india limited [powergrid]) (617272)|haryana|06/2024 (06/2024)|12/2026 (-)|370 (370)|22.2|6
197|transmission scheme for evacuation of power from ratle hep [850 mw] & kiru [624 mw] part b (power grid corporation of india limited [powergrid]) (617179)|jammu and kashmir|07/2024 (07/2024)|07/2026 (03/2027)|218.6 (218.6)|2.71|0
198|implementation of transmission systems in the state of jharkhand consisting of 400/220/132/33 kv transmission lines and substations under jharkhand consultancy project (power grid corporation of india limited [powergrid]) (617326)|jharkhand|02/2012 (02/2012)|03/2026 (08/2026)|1842.25 (1842.25)|1648.05|95
199|transmission scheme for integration of renewable energy zone [phase ii] in koppal ii [phase a&b] and gadag ii[phase a] in karnataka [powergrid koppal gadag transmission limited] (power grid corporation of india limited [powergrid]) (612140)|karnataka|12/2023 (12/2023)|12/2025 (06/2026)|2889.39 (2889.39)|1841.69|68
200|system strengthening at koppal-ii and gadagii for integration of re generation projects [spv name powergrid koppal gadag augmentation transmission limited] (power grid corporation of india limited [powergrid]) (616672)|karnataka|01/2025 (01/2025)|06/2027 (-)|1354 (1354)|49.15|6
201|augmentation of transformation capacity by 3x500 mva, 400/220 kv icts [6th-8th] and 1x1500 mva, 765/400 kv ict [4th] at bidar ps [spv name- powergrid bidar augmentation transmission limited] (power grid corporation of india limited [powergrid]) (617068)|karnataka|02/2025 (02/2025)|06/2027 (-)|288 (288)|7.41|3
202|transmission scheme for integration of davanagere/ chitradurga and bellary rez in karnataka [powergrid chitradurga bellary rez transmission limited] (power grid corporation of india limited [powergrid]) (617184)|karnataka|03/2025 (03/2025)|09/2027 (-)|3453 (3453)|69.06|3
203|transmission system strengthening at davanagere for integration of re generation [spv name - powergrid davanagere power transmission limited] (power grid corporation of india limited [powergrid]) (617803)|karnataka|09/2025 (09/2025)|09/2027 (-)|379 (379)|7.58|0
204|transmission system for evacuation of power from rajasthan rez ph-iv [part-2 5.5gw] [jaisalmer/barmer complex] part h1 [powergrid kurawar transmission limited] (power grid corporation of india limited [powergrid]) (615344)|madhya pradesh|10/2024 (10/2024)|10/2026 (03/2027)|3674 (3674)|1099.98|24
205|transmission system for evacuation of power from rajasthan rez ph-iv [part-2 5.5 gw] [jaisalmer/barmer complex] part c [spv name powergrid mandsaur transmission limited] (power grid corporation of india limited [powergrid]) (615346)|madhya pradesh|08/2024 (08/2024)|08/2026 (12/2026)|2708 (2708)|1110.22|47
206|transmission system for evacuation of power from mahan energen limited generating station in madhya pradesh [spv name - powergrid mel power transmission limited] (power grid corporation of india limited [powergrid]) (617279)|madhya pradesh|06/2025 (06/2025)|12/2027 (-)|558 (558)|33.48|2
207|augmentation of transformation capacity and implementation of line bays at mandsaur s/s for re interconnection [spv name- powergrid mandsaur i re transmission limited] (power grid corporation of india limited [powergrid]) (617802)|madhya pradesh|10/2025 (10/2025)|03/2028 (-)|319 (319)|1.1|0
208|transmission system for evacuation of power from potential re zone in khavda area of gujarat under phase iv 7gw-part e4 (power grid corporation of india limited [powergrid]) (611966)|maharashtra|11/2023 (11/2023)|07/2025 (03/2026)|224.41 (224.41)|109.96|49
209|transmission system for integration of kurnool-iv rez phase-i [for 4.5 gw] [powergrid kurnool-iv transmission limited] (power grid corporation of india limited [powergrid]) (617185)|multi-states (andhra pradesh, karnataka)|03/2025 (03/2025)|03/2027 (-)|5550 (5550)|610|4
210|transmission system for integration of ananthapur 2 rez phase 1 for 4.5 gw. spv name anantapuram 2 rez transmission ltd (sterlite power) (617806)|multi-states (andhra pradesh, karnataka)|08/2024 (03/2025)|03/2027 (-)|4535.99 (4535.99)|401.57|32
211|transmission system for kurnool wind energy zone/ solar energy zone part-a and part-b (power grid corporation of india limited [powergrid]) (900808)|multi-states (andhra pradesh, telangana)|11/2022 (03/2023)|11/2024 (03/2026)|3546.94 (3546.94)|3440.49|98
212|comprehensive scheme for strengthening of transmission and distribution [t&d] systems [csst&ds] in arunachal pradesh and sikkim (power grid corporation of india limited [powergrid]) (602223)|multi-states (arunachal pradesh, sikkim)|10/2014 (10/2014)|12/2018 (03/2027)|4754.42 (9129.32)|7809.22|82
213|north eastern region power system improvement project [nerpsip] (power grid corporation of india limited [powergrid]) (607709)|multi-states (assam, manipur, meghalaya, mizoram, nagaland, tripura)|12/2014 (03/2016)|12/2018 (03/2026)|5111.33 (6700)|5442.41|96
214|eastern region expansion scheme-43 [eres-43] (power grid corporation of india limited [powergrid]) (617271)|multi-states (bihar, odisha, west bengal)|09/2024 (09/2024)|03/2026 (06/2026)|342.69 (342.69)|6.85|4
215|inter-regional [nr-wr] transmission system strengthening to relieve the loading of 765 kv vindhyachal-varanasi d/c line (power grid corporation of india limited [powergrid]) (617807)|multi-states (bihar, uttar pradesh)|10/2025 (10/2025)|10/2027 (-)|2368 (2368)|3|0
216|eastern region expansion scheme-44 [eres-44] (power grid corporation of india limited [powergrid]) (617270)|multi-states (bihar, west bengal)|11/2024 (11/2024)|05/2026 (03/2027)|408.94 (408.94)|0.4|0
217|transmission network expansion in gujarat to increase its atc from ists part b (power grid corporation of india limited [powergrid]) (400005)|multi-states (dadra & nagar haveli and daman & diu, gujarat, maharashtra)|01/2022 (07/2022)|06/2023 (03/2026)|4546.26 (4546.26)|4358.49|95
218|transmission system for evacuation of power from rez in rajasthan 20gw under phase-iii part j (power grid corporation of india limited [powergrid]) (611735)|multi-states (delhi, rajasthan)|12/2022 (12/2022)|03/2025 (07/2026)|331 (331)|142.84|42
219|transmission scheme for evacuation of power from rez in rajasthan [20 gw] under phase-iii part d [sikar khetri transmission ltd] (power grid corporation of india limited [powergrid]) (612132)|multi-states (delhi, rajasthan)|02/2024 (02/2024)|08/2025 (06/2026)|2000 (2000)|1565.4|76
220|transmission system for evacuation of power from potential renewable energy zone in khavda area of gujarat under phase-v [8 gw] part a [spv name powergrid west central transmission limited] (power grid corporation of india limited [powergrid]) (615347)|multi-states (gujarat, maharashtra)|11/2024 (11/2024)|05/2029 (-)|24819 (24819)|1985.98|5
221|transmission system for evacuation of power from rajasthan rez ph-iv [part- 3/6gw] [bikaner complex] part a [spv name powergrid bikaner iv transmission limited] (power grid corporation of india limited [powergrid]) (615339)|multi-states (haryana, punjab, rajasthan)|11/2024 (11/2024)|11/2026 (03/2027)|5969 (5969)|837.04|14
222|transmission system for evacuation of power from rajasthan rez ph-iv [part-3/ 6 gw] [bikaner complex] part b [spv name powergrid siwani transmission limited] (power grid corporation of india limited [powergrid]) (615340)|multi-states (haryana, rajasthan)|11/2024 (11/2024)|11/2026 (03/2027)|5357 (5357)|785.56|21
223|inter-regional strengthening between sr grid and wr grid (power grid corporation of india limited [powergrid]) (617808)|multi-states (karnataka, maharashtra)|10/2025 (10/2025)|10/2027 (-)|1007 (1007)|5.03|0
224|transmission scheme for solar energy zone in bidar [2500 mw], karnataka [bidar transmission ltd] (power grid corporation of india limited [powergrid]) (612138)|multi-states (karnataka, telangana)|02/2024 (02/2024)|02/2026 (06/2026)|2147.62 (2147.62)|1685.45|79
225|transmission system for evacuation of power from rajasthan rez ph-iv [part-2 5.5 gw] [jaisalmer/barmer complex] part d [spv name powergrid beawar mandsaur transmission limited] (power grid corporation of india limited [powergrid]) (615333)|multi-states (madhya pradesh, rajasthan)|08/2024 (08/2024)|08/2026 (-)|2227 (2227)|846.22|29
226|transmission system for evacuation of power from rajasthan rez ph-iv [part-2 5.5 gw] [jaisalmer/barmer complex] part e [spv name powergrid mewar transmission limited] (power grid corporation of india limited [powergrid]) (615334)|multi-states (madhya pradesh, rajasthan)|08/2024 (08/2024)|08/2026 (03/2027)|3251 (3251)|1202.85|32
227|rajasthan rez ph-v [part-1- 4 gw] [sirohi/nagaur] complex [rajasthan v power transmission limited] (power grid corporation of india limited [powergrid]) (617186)|multi-states (madhya pradesh, rajasthan)|03/2025 (03/2025)|03/2027 (-)|5028 (5028)|411.29|9
228|transmission system for evacuation of power from rajasthan rez ph-iv [part-1] [bikaner complex] part d [neemrana bareilly transmission ltd] (power grid corporation of india limited [powergrid]) (612133)|multi-states (rajasthan, uttar pradesh)|12/2023 (12/2023)|12/2025 (06/2026)|2056 (2056)|1644.8|66
229|transmission system for evacuation of power from rajasthan rez ph-iv [part-4 3.5 gw] part a [spv name powergrid ghiror transmission limited] (power grid corporation of india limited [powergrid]) (616670)|multi-states (rajasthan, uttar pradesh)|12/2024 (12/2024)|12/2026 (03/2027)|5846 (5846)|744.68|15
230|transmission system for evacuation of power from rez in rajasthan 20gw under phase iii- part e2 (power grid corporation of india limited [powergrid]) (611947)|rajasthan|11/2023 (11/2023)|06/2025 (03/2026)|428.3 (428.3)|334.08|82
231|transmission system for evacuation of power from rez in rajasthan 20 gw under phase-iii part h (power grid corporation of india limited [powergrid]) (611948)|rajasthan|10/2023 (10/2023)|04/2025 (03/2026)|2211.29 (2211.29)|2081.24|94
232|transmission system for evacuation of power from rez in rajasthan 20 gw under phase-iii part c1 (power grid corporation of india limited [powergrid]) (611949)|rajasthan|10/2023 (10/2023)|04/2025 (03/2026)|1796.02 (1796.02)|1621.79|94
233|transmission system for evacuation of power from rez in rajasthan 20 gw under phase-iii part b1 (power grid corporation of india limited [powergrid]) (611950)|rajasthan|09/2023 (09/2023)|04/2025 (01/2026)|2190.54 (2190.54)|2079.44|98
234|transmission system for evacuation of power from rez in rajasthan 20gw under phase-iii part e1 (power grid corporation of india limited [powergrid]) (611951)|rajasthan|12/2021 (08/2023)|02/2025 (01/2026)|688.74 (688.74)|685.29|99
235|transmission system for evacuation of power from rajasthan rez ph-iv [part-1] [bikaner complex] part a [bikaner neemrana transmission ltd] (power grid corporation of india limited [powergrid]) (612134)|rajasthan|12/2023 (12/2023)|12/2025 (06/2026)|2998.34 (2998.34)|2158.8|62
236|transmission system for evacuation of power from rajasthan rez ph-iv [part-2 5.5 gw][jaisalmer/barmer complex] part b [spv name powergrid sirohi transmission limited] (power grid corporation of india limited [powergrid]) (615332)|rajasthan|08/2024 (08/2024)|08/2026 (12/2026)|3279 (3279)|1260.05|32
237|transmission system strengthening for interconnections of bhadla-iii & bikaner iii complex [spv name powergrid bhadla bikaner transmission limited] (power grid corporation of india limited [powergrid]) (615335)|rajasthan|08/2024 (08/2024)|08/2026 (12/2026)|1382 (1382)|290.08|18
238|additional transmission system for evacuation of power from bhadla-iii ps as part of rajasthan rez phase iii scheme [20 gw] [spv name powergrid bhadla-iii power transmission limited] (power grid corporation of india limited [powergrid]) (615337)|rajasthan|08/2024 (08/2024)|02/2026 (03/2026)|369 (369)|129.49|38
239|transmission system for evacuation of power from rajasthan rez ph -iv [part-2 5.5 gw] [jaisalmer/barmer complex] part f [spv name powergrid barmer i transmission limited] (power grid corporation of india limited [powergrid]) (615338)|rajasthan|11/2024 (11/2024)|11/2026 (06/2027)|2735 (2735)|656.05|22
240|augmentation at fatehgarh-ii ps, fatehgarh-iv ps [section-ii] and barmer-i ps [powergrid fatehgarh barmer augmentation transmission limited] (power grid corporation of india limited [powergrid]) (617181)|rajasthan|03/2025 (03/2025)|12/2026 (03/2027)|404 (404)|20.2|2
241|transmission system under ists for evacuation of power from kudankulam unit-3&4 [2x1000 mw] [spv name powergrid kudankulam tarnsmission limited] (power grid corporation of india limited [powergrid]) (616671)|tamil nadu|01/2025 (01/2025)|12/2026 (12/2026)|548 (548)|102.46|12
242|transmission system for strengthening to facilitate evacuation of power from bhadla/bikaner complex (power grid corporation of india limited [powergrid]) (617269)|uttar pradesh|12/2024 (12/2024)|06/2026 (08/2026)|212.81 (212.81)|2.1|0
243|construction of one tower of office complex and another tower of residential quarters consisting of 10nos. type-v, 10nos. type-vi & 1no.type-vii quarters i/c internal water supply, sanitary installation and all development and bulk services, horticulture works on epc mode-i basis i/c comprehensive operation and maintenance of civil, e&m services for 7 years after completion of original construction work for ranga reddy, secunderabad, medchal, auditi, audit-ii commissionerates of central tax at khajaguda, serilingampally, hyderabad. (central public works department - cpwd) (617412)|telangana|03/2024 (11/2024)|09/2027 (-)|644 (644)|116.18|10
244|integrated command control center [iccc] - construction and development of integrated command control center with security, surveillance, itms, connecting port, ship service, smart solid waste management, smart public transport system (ministry of housing and urban affairs) (707229)|andaman & nicobar|07/2021 (11/2021)|05/2023 (-)|209.88 (209.88)|0|70
245|redevelopment of seven general pool residential accommodation [gpra] colonies in delhi (national buildings construction corporation [nbcc]) (400188)|delhi|07/2016 (05/2018)|12/2025 (12/2025)|32850 (32850)|0|0
246|rehablitation in junavadaj area smart city project (ministry of housing and urban affairs) (701719)|gujarat|02/2016 (06/2016)|07/2022 (-)|539 (539)|39.63|50
247|green building development project (ministry of housing and urban affairs) (701766)|uttarakhand|11/2019 (08/2019)|11/2023 (-)|150.97 (150.97)|18.95|31
248|patna metro rail project (patna metro rail corporation ltd. [pmrcl]) (702627)|bihar|02/2019 (02/2019)|02/2024 (06/2027)|13365.77 (13365.8)|4670.21|48
249|delhi metro rail phase-iv [2 corridors] (delhi metro rail corporation limited [dmrc]) (617207)|delhi|03/2024 (03/2024)|03/2029 (-)|8399.81 (8399.81)|67.13|0
250|dmrts phase - iv [3 priority corridors] (delhi metro rail corporation limited [dmrc]) (702632)|delhi|07/2019 (07/2019)|03/2025 (03/2026)|24948.65 (24948.7)|18390.81|74
251|surat metro rail project (gujarat metro rail corporation limited [gmrcl]) (702630)|gujarat|03/2019 (04/2019)|03/2024 (06/2026)|12020.32 (12020.3)|8232.16|75
252|ahmedabad metro rail project, phase-ii (gujarat metro rail corporation limited [gmrcl]) (702631)|gujarat|03/2019 (03/2019)|03/2024 (12/2025)|5384.17 (5384.17)|4816.5|97
253|ahmedabad metro rail project [phase-i] (gujarat metro rail corporation limited [gmrcl]) (702639)|gujarat|11/2014 (02/2015)|03/2018 (01/2026)|10773 (12924.5)|12266.48|99
254|construction of bangalore metro rail project phase 2. (bengaluru metro rail) (702635)|karnataka|02/2014 (02/2016)|03/2021 (09/2026)|26405.14 (30695.1)|29687.97|95
255|construction bangalore metro rail project phase-2a & 2b (bengaluru metro rail) (702665)|karnataka|06/2021 (01/2019)|06/2026 (06/2026)|14788.1 (14788.1)|9313.22|60
256|kochi metro rail phase 2 development project (cspcc projects) (702664)|kerala|11/2022 (11/2022)|11/2026 (11/2026)|1957.05 (1957.05)|516.92|24
257|bhopal metro rail project (madhya pradesh metro rail co limited [mpmrcl]) (702625)|madhya pradesh|11/2018 (11/2018)|11/2022 (06/2028)|6941.4 (6941.4)|3846.45|51
258|indore metro rail project (madhya pradesh metro rail co limited [mpmrcl]) (702626)|madhya pradesh|11/2018 (11/2018)|11/2022 (12/2028)|7500.8 (7500.8)|4416.11|58
259|pcmc to nigdi- extension of north south corridor of phase-1 (maharashtra metro rail corporation limited [mmrcl]) (617225)|maharashtra|10/2023 (10/2023)|01/2027 (-)|910.18 (910.18)|196.77|32
260|pune metro phase-1 extension line towards south from swargate to katraj (maharashtra metro rail corporation limited [mmrcl]) (617226)|maharashtra|09/2024 (09/2024)|03/2029 (-)|2954.53 (2954.53)|25.24|4
261|thane integral ring metro rail project (maharashtra metro rail corporation limited [mmrcl]) (617327)|maharashtra|09/2024 (09/2024)|09/2029 (-)|12200.1 (12200.1)|8.98|5
262|pune metro rail project phase-2 corridor 2a vanaz to chandani chowk and corridor 2b ramwadi to wagholi/vitthalwadi (maharashtra metro rail corporation limited [mmrcl]) (618971)|maharashtra|07/2025 (07/2025)|07/2029 (-)|3626.24 (3626.24)|0.41|0
263|pune metro rail project phase-2 line-4 kharadi to khadakwasla with spur line 4a nal stop - warje - manikbaug (maharashtra metro rail corporation limited [mmrcl]) (618985)|maharashtra|12/2025 (12/2025)|12/2030 (-)|9857.85 (9857.85)|0|0
264|new suburba station development project (ministry of housing and urban affairs) (701745)|maharashtra|04/2018 (03/2019)|07/2022 (-)|262.76 (262.76)|17.62|6
265|kalyan station precinct imporvement project (ministry of housing and urban affairs) (701991)|maharashtra|04/2018 (07/2020)|07/2023 (-)|600 (600)|272.42|70
266|mumbai metro line 3 (mumbai metro rail corporation limited [mmrc]) (702637)|maharashtra|07/2013 (06/2016)|03/2023 (08/2025)|23136 (37276)|32609.9|97
267|nagpur metro rail phase ii development project (maharashtra metro rail corporation limited [mmrcl]) (702658)|maharashtra|12/2022 (12/2022)|12/2027 (-)|6708 (6708)|1472.03|31
268|delhi metro rail phase-iv [rithala - kundli corridor] (delhi metro rail corporation limited [dmrc]) (617206)|multi-states (delhi, haryana)|01/2025 (01/2025)|01/2029 (-)|6230.99 (6230.99)|72.43|0
269|delhi-ghaziabad-meerut regional rapid transit system [rrts] corridor (national capital region transport corporation [ncrtc]) (702633)|multi-states (delhi, uttar pradesh)|03/2019 (03/2019)|06/2025 (01/2026)|30274 (30274)|27312.17|96
270|chennai metro rail phase-ii development project (chennai metro rail limited [cmrl]) (702668)|tamil nadu|10/2024 (11/2020)|08/2029 (-)|63246 (63246)|30211.38|48
271|kanpur metro rail project (uttar pradesh metro rail corporation [upmrc]) (702628)|uttar pradesh|05/2019 (11/2019)|05/2024 (03/2027)|11076.48 (11076.5)|9089.89|76
272|agra metro rail project (uttar pradesh metro rail corporation [upmrc]) (702629)|uttar pradesh|05/2019 (12/2020)|05/2024 (06/2027)|8379.62 (8379.62)|6062.03|65
273|esr - 8 nos., distribution system - 216 km, new house service connections - 38760 nos. upgrading of feeder mains, pumping station etc. - phase ii (ministry of housing & urban affairs) (702674)|andhra pradesh|02/2017 (07/2018)|03/2023 (03/2026)|172.22 (172.22)|88.86|82
274|muzaffarpur storm water drainage phase-i project (ministry of housing & urban affairs) (702699)|bihar|11/2016 (02/2019)|10/2023 (03/2026)|158.78 (158.78)|69.52|83
275|storm water drainag development project (ministry of housing and urban affairs) (702355)|dadra & nagar haveli and daman & diu|08/2020 (12/2021)|03/2024 (-)|210 (210)|0|20
276|upgradation of sewerage system in gandhinagar city (ministry of housing and urban affairs) (707267)|gujarat|07/2020 (03/2021)|06/2023 (-)|200 (200)|100|10
277|sewerage management scheme part-3 implementation (ministry of housing & urban affairs) (702734)|haryana|03/2017 (11/2017)|09/2023 (03/2026)|278.01 (278.01)|218.89|88
278|sewerage management scheme part-3 implementation (ministry of housing & urban affairs) (702735)|haryana|03/2017 (10/2018)|03/2023 (01/2026)|213.19 (213.19)|168.14|91
279|dhanbad water supply infrastructure project (ministry of housing & urban affairs) (702741)|jharkhand|02/2017 (12/2018)|03/2023 (03/2026)|216.55 (216.55)|129.16|74
280|saap-3 water supply infrastructure saap-3 project (ministry of housing & urban affairs) (702742)|jharkhand|02/2017 (12/2018)|10/2023 (03/2026)|159.31 (159.31)|87.5|66
281|augmentation and strenghthning of urban water supply phase 1 - saap 3 (ministry of housing & urban affairs) (702746)|jharkhand|02/2017 (12/2018)|03/2023 (03/2026)|278.28 (278.28)|186.5|79
282|belgavi improvement in sewerage system project (ministry of housing & urban affairs) (702760)|karnataka|12/2015 (10/2016)|07/2023 (03/2026)|162.73 (162.73)|85.71|80
283|24/7 water supply under amrut for davanagere (ministry of housing & urban affairs) (702764)|karnataka|11/2016 (01/2018)|03/2023 (03/2026)|174.96 (174.96)|93.18|65
284|indore water supply infrastructure project (ministry of housing & urban affairs) (702793)|madhya pradesh|12/2016 (11/2017)|03/2023 (01/2026)|287.17 (287.17)|252.5|99
285|jabalpur sewerage management and treatment infrastructure project (ministry of housing & urban affairs) (702798)|madhya pradesh|10/2018 (12/2017)|03/2023 (01/2026)|362.31 (362.31)|322.31|96
286|satna sewerage management and treatment infrastructure project (ministry of housing & urban affairs) (702808)|madhya pradesh|11/2015 (12/2016)|03/2024 (03/2026)|191.56 (215.89)|191.79|88
287|singrauli sewerage management and treatment infrastructure project (ministry of housing & urban affairs) (702810)|madhya pradesh|05/2016 (11/2017)|03/2023 (03/2026)|402.01 (402.01)|357.68|90
288|kalyan-dombivali water supply infrastructure project (ministry of housing & urban affairs) (702833)|maharashtra|07/2016 (09/2019)|10/2023 (03/2026)|194.2 (194.2)|136.56|75
289|mira-bhayandar water supply infrastructure project (ministry of housing & urban affairs) (702840)|maharashtra|11/2016 (08/2018)|03/2023 (02/2026)|204.55 (204.55)|186.13|99
290|pune water supply infrastructure project (ministry of housing & urban affairs) (702851)|maharashtra|03/2017 (07/2017)|03/2023 (03/2026)|235.95 (235.95)|184.98|95
291|solapur sewerage management infrastructure project (ministry of housing & urban affairs) (702854)|maharashtra|03/2017 (04/2018)|03/2023 (03/2026)|180.24 (180.24)|155.01|91
292|jalandhar water supply infrastructure project (ministry of housing & urban affairs) (703021)|punjab|11/2016 (08/2020)|08/2023 (03/2026)|258.53 (258.53)|161.02|58
293|patiala water supply infrastructure part-2 project (ministry of housing & urban affairs) (703057)|punjab|11/2016 (08/2020)|10/2023 (02/2026)|287 (287)|213.64|99
294|jaunpur sewerage management infrastructure project (ministry of housing & urban affairs) (702948)|uttar pradesh|03/2017 (08/2019)|06/2023 (02/2026)|235.73 (235.73)|221.27|99
295|jhansi water supply infrastructure phase-ii project (ministry of housing & urban affairs) (702949)|uttar pradesh|03/2017 (06/2019)|07/2023 (02/2026)|561.74 (561.74)|485.91|93
296|construction of basement + ground floor+ 10 storeyed building for state of the art director general, gsi building at plot no.gn-40, sector-v, salt lake, kolkata (central public works department (cpwd)) (617280)|west bengal|04/2019 (02/2020)|08/2026 (-)|255.37 (255.37)|93.39|50
297|expansion of malanjkhand copper project (hindustan copper limited [hcl]) (400426)|madhya pradesh|09/2011 (04/2015)|04/2020 (04/2026)|1856.36 (1856.36)|950.94|82
298|expansion of alumina refinery plant with addition of 5th stream having capacity enhancement of 1.0 million tonee per annum (national aluminium company limited [nalco]) (400141)|odisha|04/2017 (04/2017)|12/2022 (09/2025)|4103 (5677.4)|4449.07|80
299|pottangi bauxite mines project (national aluminium company limited [nalco]) (400299)|odisha|05/2018 (05/2018)|03/2025 (05/2026)|1381 (1960.77)|650.04|51
300|conversion of flat bottom settlers and washers with a single train of hrds and dcws in streams 1 and (ministry of mines) (709830)|odisha|na (04/2017)|11/2026 (-)|355 (581)|163.55|12
301|sourcing of bauxite arrangement for 5th stream alumina refinery from south block mining lease of panchpatmaili mines (national aluminium company limited [nalco]) (709831)|odisha|11/2017 (11/2019)|05/2025 (06/2026)|483 (483)|417.31|91
302|25.5 mw wind power project at kayathar in tamilnadu (national aluminium company limited [nalco]) (709832)|tamil nadu|09/2017 (12/2017)|03/2025 (03/2026)|166 (166)|135|66
303|construction of permanent campus of central tribal university of andhra pradesh phase-1 (central tribal university of andhra pradesh) (613008)|andhra pradesh|09/2019 (12/2023)|06/2027 (-)|305 (305)|51.33|38
304|construction of permanent campus of national institute of technology arunachal pradesh (national institute of technology, arunachal pradesh) (612898)|arunachal pradesh|09/2009 (03/2013)|08/2026 (08/2024)|592.61 (592.61)|550.61|80
305|tezpur university projects (tezpur university) (606112)|assam|05/2019 (06/2021)|11/2023 (12/2025)|153.71 (153.71)|125.03|97
306|additional campus of nitpatna (nit patna) (606013)|bihar|07/2022 (08/2022)|07/2024 (01/2026)|499.21 (499.21)|445.97|97
307|phase b of construction of permanent campus of iit bhilai (indian institute of technology, bhilai) (617877)|chhattisgarh|05/2025 (01/2026)|10/2028 (-)|1188.97 (1188.97)|0|0
308|phase 1b - construction of academic block, hostel, residential tower, directors residence and external development works at national institute of technology, delhi campus on engineering, procurement and construction basis (national institute of technology delhi) (612851)|delhi|09/2009 (11/2022)|09/2025 (01/2026)|333.49 (336.42)|297.65|97
309|delhi university eastern campus at surajmal vihar (delhi university) (616886)|delhi|09/2024 (03/2025)|10/2026 (-)|373 (373)|27.63|10
310|construction of permanent campus of central university of gujarat at village kundhela, dist. vadodara, gujarat. (central university of gujarat) (612916)|gujarat|12/2020 (02/2021)|03/2025 (03/2026)|490.63 (490.63)|316.05|83
311|establishment of permanent campus phase 1 of iim sirmaur (indian institute of management, sirmaur) (602099)|himachal pradesh|09/2018 (08/2020)|10/2023 (02/2026)|392.51 (454.78)|328.83|95
312|hostel blocks & dining hall block (indian institute of technology, mandi) (612128)|himachal pradesh|03/2023 (03/2024)|03/2026 (03/2026)|166.66 (166.66)|102.52|76
313|construction of permanent campus of central university of himachal pradesh at dehra, district - kangra, [h.p.] on engineering. procurement and construction [epc mode 1] basis. (central university, himachal pradesh) (612894)|himachal pradesh|03/2021 (08/2022)|11/2024 (03/2026)|251.98 (300.45)|221.2|82
314|construction of permanent campus for iim jammu phase-1 at jagti, nagrota, jammu, j&k (indian institute of management, jammu) (602098)|jammu and kashmir|03/2019 (10/2020)|06/2023 (11/2025)|424.93 (500.91)|484.52|96
315|construction of permanent campus for iit palakkad under phase 1a (indian institute of technology palakkad) (606431)|kerala|07/2017 (03/2020)|06/2022 (06/2026)|1006.45 (1217.4)|663.4|79
316|phase b of construction of permanent campus of iit palakkad (indian institute of technology palakkad) (617878)|kerala|05/2025 (01/2026)|10/2028 (-)|1527 (1527)|9.8|0
317|phase iii a works at iit indore [03 hostels, 01 studio apartment, 01 housing, heavy & sophisticated lab complex, academic pod and infrastructure for center of excellence] (indian institute of technology, indore) (611957)|madhya pradesh|12/2023 (04/2024)|02/2027 (-)|496.28 (496.28)|56.35|37
318|construction and developement of national institute of technology meghalaya permanent campus at sohra (national institute of technology, meghalaya) (612885)|meghalaya|09/2009 (09/2014)|03/2022 (10/2026)|494.52 (429.7)|426.07|91
319|construction of permanent campus for nit mizoram at lengpui, aizawl (nit mizoram) (612876)|mizoram|09/2009 (06/2014)|12/2029 (03/2022)|474.23 (474.23)|167.55|4
320|establishment of nit nagaland (nit nagaland) (613013)|nagaland|09/2009 (12/2014)|12/2025 (-)|275.63 (275.63)|261.7|97
321|iiser berhampur (indian institutes of science education and research, behrampur) (610315)|odisha|10/2018 (09/2019)|03/2021 (06/2026)|1229.32 (843.09)|835.6|98
322|establishment of nit puducherry permanent campus [phase-i and phase-ii] (national institute of technology, puducherry) (612877)|puducherry|09/2009 (07/2013)|12/2024 (08/2025)|618.34 (544.34)|530.45|97
323|construction of permanent campus of indian institute of management [iim] amritsar, punjab, phase-i (indian intitue of management, amritsar) (605292)|punjab|10/2019 (07/2020)|06/2023 (12/2025)|348.31 (348.31)|290.39|91
324|construction of girls hostel 400 seater, boys hostel 600 seater, academic block, international hostel 100 seater, vc residence and purchase of equipment (central university of punjab) (617221)|punjab|08/2024 (04/2025)|10/2027 (-)|210.99 (210.99)|30|19
325|construction of sikkim university campus phase-i package-ii at yangang, south sikkim (sikkim university) (609736)|sikkim|08/2020 (01/2022)|01/2025 (03/2026)|314.06 (314.06)|238.22|85
326|establishment of permanent campus of nit sikkim at khamdong-gangtok district (nit sikkim) (612883)|sikkim|02/2024 (03/2024)|02/2028 (12/2026)|685.76 (610.76)|171.56|24
327|construction of precast housing and hostels at iit hyderabad (indian institute of technology, hyderabad) (609996)|telangana|09/2022 (11/2022)|10/2024 (01/2026)|262 (262)|194.37|83
328|banaras hindu university [ kayakalp of institute of medical sciences] (banaras hindu university) (606479)|uttar pradesh|06/2020 (06/2020)|09/2022 (03/2026)|246 (246)|199.71|97
329|construction & development of infrastructural facilities in the main campus of nit uttarakhand at sumari, pauri garhwal (national institute of technology uttarakhand) (611963)|uttarakhand|06/2020 (04/2024)|09/2027 (-)|650.85 (650.85)|261.11|40
330|hefa projects on development of student hostels, playgrounds, departmental buildings, class room complex and other campus facilities in iit kharagpur (indian institute of technology, kharagpur) (609019)|west bengal|06/2018 (04/2019)|03/2023 (03/2026)|500 (442)|401.6|92
331|national sports university [nsu], imphal [manipur] (department of sports & youth affairs) (400081)|manipur|na (01/2022)|08/2024 (08/2026)|906.47 (611.74)|565.17|95
332|construction of aviation fuel farm facilities at bhogapuram airport (ministry of petroleum & natural gas) (616235)|andhra pradesh|08/2024 (08/2024)|03/2026 (03/2026)|240 (240)|134.94|89
333|construction of lpg facilities at kamardanga, assam (hindustan petroleum corporation limited) (709754)|assam|03/2023 (03/2023)|07/2027 (07/2027)|156.36 (156.36)|74.46|55
334|setting up of new rail fed pol facility at kamardanga, assam (hindustan petroleum corporation limited [hpcl]) (709755)|assam|03/2023 (03/2023)|07/2027 (07/2027)|384.04 (384.04)|168.47|67
335|capacity augmentation of kandla lpg import terminal [klit] from 0.6 mmtpa to 2.5 mmtpa (ministry of petroleum & natural gas) (617839)|gujarat|05/2023 (05/2023)|07/2026 (07/2026)|356.86 (304.4)|90.44|60
336|setting up a common user petroleum terminal at jammu, j&k for resitement of existing psu omc's depots from jammu city (bharat petroleum corporation limited [bpcl]) (400235)|jammu and kashmir|04/2023 (04/2023)|03/2025 (01/2026)|676.89 (715.89)|576.69|91
337|andheri residential towers, mumbai (ministry of petroleum & natural gas) (604833)|maharashtra|06/2017 (06/2017)|05/2025 (06/2026)|281.35 (389.67)|249.5|56
338|lpg bottling plant at mualkhang (ministry of petroleum & natural gas) (617829)|mizoram|07/2024 (07/2024)|10/2028 (11/2027)|225.71 (225.71)|16.32|26
339|srikakulam angul gas pipeline project (ministry of petroleum & natural gas) (701343)|multi-states (andhra pradesh, odisha)|09/2019 (09/2019)|07/2022 (06/2026)|2658.34 (2810)|2282.98|96
340|paradip-numaligarh crude oil pipeline [pncpl] & crude oil import terminal [coit] at paradip (ministry of petroleum & natural gas) (701349)|multi-states (assam, bihar, jharkhand, odisha, west bengal)|01/2019 (01/2019)|07/2024 (06/2026)|10228 (11407)|10270.18|89
341|new mundra panipat crude oil pipeline (ministry of petroleum & natural gas) (400078)|multi-states (gujarat, haryana, rajasthan)|12/2021 (12/2021)|12/2024 (06/2026)|9028 (9028)|7394.54|88
342|kandla gorakhpur lpg pipeline (ministry of petroleum & natural gas) (400012)|multi-states (gujarat, madhya pradesh, uttar pradesh)|12/2018 (12/2018)|12/2021 (03/2026)|10088 (10088)|8217.69|94
343|multi product pipeline from irugur to devangonthi (department of water resources, river development & gr) (400301)|multi-states (karnataka, tamil nadu)|11/2012 (11/2012)|02/2017 (09/2026)|678 (1732)|893.48|74
344|rajasthan refinery project (ministryofpetroleumnaturalgas) (701263)|rajasthan|10/2017 (10/2017)|10/2022 (03/2026)|43129 (79459)|63571.54|90
345|petrochemical evacuation marketing terminal at barmer, rajasthan (hindustan petroleum corporation limited [hpcl]) (709759)|rajasthan|12/2023 (12/2023)|12/2026 (12/2026)|461.05 (461.05)|166.12|72
346|laying of pol pipelines in common corridor for proposed grass root terminal at vallur [chennai] (ministry of petroleum & natural gas) (400043)|tamil nadu|01/2022 (01/2022)|05/2026 (05/2026)|829 (829)|339.98|69
347|grass root pol terminal at vallur, chennai (indian oil corporation limited [iocl]) (400077)|tamil nadu|01/2022 (01/2022)|12/2024 (03/2026)|827 (887.71)|649.51|90
348|grass root rail-fed depot at sekerkote, agartala as resitement of existing dharmanagar depot (indian oil corporation limited [iocl]) (400035)|tripura|06/2022 (06/2022)|09/2025 (06/2026)|656 (656)|526.86|92
349|grass-root terminal at mirzapur, uttar pradesh (ministry of petroleum & natural gas) (604852)|uttar pradesh|09/2022 (09/2022)|11/2026 (11/2026)|980.45 (980.45)|250.55|62
350|kg-dwn-98/2 cluster - ii development project - nelp block (oil and natural gas corporation limited [ongc]) (400120)|andhra pradesh|03/2016 (03/2016)|06/2020 (06/2026)|34012 (34012)|32374.37|96
351|hp-coat [crude to olefins and aromatics technology] demo unit at visakh refinery (hindustan petroleum corporation limited) (709752)|andhra pradesh|09/2021 (09/2021)|06/2024 (03/2026)|160 (220)|106.27|80
352|city gas distribution project at kurnool, guntur & prakasam districts (ministryofpetroleumnaturalgas) (709766)|andhra pradesh|03/2022 (03/2022)|03/2030 (03/2030)|1420 (1420)|170.7|6
353|numaligarh refinery expansion project (ministry of petroleum & natural gas) (604791)|assam|07/2020 (07/2020)|07/2024 (09/2026)|12366 (22494)|18147.42|80
354|development of surface facilities for production and evacuation of crude oil and natural gas from nadua and east khagorija (ministry of petroleum & natural gas) (604863)|assam|01/2018 (01/2018)|02/2020 (06/2026)|682.9 (726.93)|493.53|94
355|guwahati refinery expansion [1.0 to 1.2 mmtpa] along with installation of cru, guwahati refinery (ministry of petroleum & natural gas) (607701)|assam|05/2021 (05/2021)|10/2023 (05/2026)|412.3 (577)|458.56|89
356|construction of field gas gathering station at baghjan area for collection, processing & transportation of natural gas to be produced from baghjan field (ministry of petroleum & natural gas) (616858)|assam|12/2020 (12/2020)|03/2024 (03/2026)|430.76 (430.76)|334.6|89
357|coke drum structure package (ministry of petroleum & natural gas) (617836)|assam|12/2022 (12/2022)|12/2025 (09/2026)|635.28 (635.28)|80.32|51
358|augmentation/revamping of facilities at existing guwahati terminal at betkuchi (ministryofpetroleumnaturalgas) (709776)|assam|04/2022 (04/2022)|09/2026 (09/2026)|277 (323.09)|192.31|74
359|capacity expansion of digboi refinery from 0.65 to 1.0 mmtpa (ministryofpetroleumnaturalgas) (709779)|assam|06/2022 (06/2022)|03/2026 (07/2027)|768 (740)|130.46|49
360|pipeline network project rudrasagar (ministry of petroleum & natural gas) (709847)|assam|01/2023 (01/2023)|04/2026 (04/2026)|344.99 (344.99)|220.37|50
361|borholla ggs life extension project [blep] (ministry of petroleum & natural gas) (709850)|assam|09/2023 (09/2023)|05/2026 (05/2026)|198.7 (198.7)|59.75|45
362|dcu revamp project (nrl) (709864)|assam|08/2021 (08/2021)|07/2024 (06/2026)|370 (370)|274.81|68
363|power recovery turbine [prt] in pfccu unit as an energy conservation scheme (nrl) (709865)|assam|04/2023 (04/2023)|12/2024 (09/2026)|293.5 (293.5)|97.22|98
364|setting up of lpg plant with rail unloading facility at hathua, dist. gopalganj, bihar (ministryofpetroleumnaturalgas) (617304)|bihar|10/2023 (10/2023)|03/2027 (03/2027)|340.15 (340.15)|124.9|39
365|barauni refinery capacity expansion from 6.0 to 9.0 mmtpa (ministry of petroleum & natural gas) (701324)|bihar|01/2020 (01/2020)|04/2023 (08/2026)|14810 (16724)|12484.41|89
366|installation of bitumen manufacturing unit along with allied facilities at barauni refinery (ministryofpetroleumnaturalgas) (709777)|bihar|01/2022 (01/2022)|04/2025 (10/2026)|389.35 (340)|84.81|52
367|city gas distribution projects at darbhanga, madhubani, supaul, sitamarhi and sheohar districts (bharat petroleum corporation limited [bpcl]) (709792)|bihar|12/2022 (12/2022)|03/2030 (03/2030)|3638 (3638)|437.06|30
368|city gas distribution projects at gopalganj, siwan, west champaran, east champaran and deoria districts (bharat petroleum corporation limited [bpcl]) (709793)|bihar|12/2022 (12/2022)|06/2030 (06/2030)|3919 (3919)|457.23|23
369|city gas distribution [cgd] project in kondagaon, bastar, sukma, narayanpur, bijapur & dantewada ga (gail gas) (617819)|chhattisgarh|06/2022 (06/2022)|06/2030 (06/2030)|557.04 (557.04)|8.33|2
370|redevelopment of sobhasan complex (oil and natural gas corporation limited [ongc]) (400087)|gujarat|08/2021 (08/2021)|02/2026 (02/2026)|885.63 (1286.67)|911.57|85
371|redevelopment of santhal field [onshore-mehsana asset] (oil and natural gas corporation limited [ongc]) (400167)|gujarat|02/2017 (02/2017)|03/2026 (03/2026)|1162.56 (1162.56)|1145.85|95
372|redevelopment of linch field (oil and natural gas corporation limited [ongc]) (400169)|gujarat|04/2021 (04/2021)|03/2025 (03/2026)|631.03 (860.04)|600.07|88
373|petrochemical and lube integration project at gujarat refinery (ministry of petroleum & natural gas) (701329)|gujarat|09/2020 (09/2020)|08/2024 (06/2026)|18936 (17825)|13229.31|85
374|installation of new biturox unit along with allied facilities at gujarat refinery (ministryofpetroleumnaturalgas) (709778)|gujarat|01/2022 (01/2022)|08/2025 (09/2026)|328.29 (287)|183.45|72
375|commercial polymer flooding project in bechraji field (oil and natural gas corporation limited [ongc]) (709838)|gujarat|01/2022 (01/2022)|11/2024 (05/2027)|621.4 (739.02)|144.19|25
376|restoration of gas terminal, phase-i [part-a], hazira (oil and natural gas corporation limited [ongc]) (709840)|gujarat|05/2022 (05/2022)|02/2025 (04/2026)|249.43 (249.43)|210.45|95
377|old pipe line replacement [oprp] group-a (oil and natural gas corporation limited [ongc]) (709841)|gujarat|07/2021 (07/2021)|07/2025 (03/2026)|173.03 (169.84)|154.84|89
378|kalol redevelopment project, ahmedabad asset (oil and natural gas corporation limited [ongc]) (709842)|gujarat|08/2022 (08/2022)|03/2027 (03/2027)|1487.41 (1487.41)|938.5|63
379|revamping of sv stations, gas terminal & kribhco terminal (oil and natural gas corporation limited [ongc]) (709845)|gujarat|11/2022 (11/2022)|08/2026 (08/2026)|837.34 (837.34)|325.04|59
380|indian oil technology development and deployment centre at r&d campus-ii, faridabad (ministry of petroleum & natural gas) (604853)|haryana|06/2019 (06/2019)|12/2022 (10/2026)|2281.94 (3200)|1885.39|64
381|poly butadiene rubber plant at panipat (indian oil corporation limited [iocl]) (611917)|haryana|03/2022 (03/2022)|03/2025 (06/2026)|1459 (2531.44)|1435.65|79
382|capacity expansion of panipat refinery from 15 to 25 mmtpa (ministry of petroleum & natural gas) (701289)|haryana|02/2021 (02/2021)|09/2024 (06/2026)|34627 (36225)|27829.24|91
383|installation of multiple effect evaporator [mee] for etp-1, 2 & 4 of panipat refinery and petrochemical complex. (ministryofpetroleumnaturalgas) (709783)|haryana|12/2020 (12/2020)|06/2023 (06/2026)|165.13 (247.69)|155.76|79
384|city gas distribution project at jammu, udhampur, reasi, samba and kathua districts (ministryofpetroleumnaturalgas) (709773)|jammu and kashmir|03/2022 (03/2022)|03/2032 (03/2032)|538 (538)|4.11|0
385|development of jharia cbm block [phase-1] (oil and natural gas corporation limited [ongc]) (610984)|jharkhand|11/2019 (11/2019)|01/2024 (03/2026)|431 (431)|228.44|61
386|laying of natural gas pipeline from hazaribagh to ranchi [hrpl] (ministryofpetroleumnaturalgas) (709785)|jharkhand|02/2023 (02/2023)|02/2026 (03/2027)|202.07 (202.07)|61.84|50
387|power system upgradation project (mangalore refinary and petrochemicals limited) (612790)|karnataka|10/2023 (10/2023)|11/2025 (05/2026)|385 (385)|178.36|74
388|demo bio-atf project (ministry of petroleum & natural gas) (616879)|karnataka|03/2024 (03/2024)|01/2027 (01/2027)|364 (364)|49.39|26
389|revamping/ augmentation of facilities at existing port terminal at mangalore (ministry of petroleum & natural gas) (709774)|karnataka|01/2022 (01/2022)|12/2025 (06/2027)|463 (500.62)|301.09|76
390|augmentation of cckpl and idpl pipelines capacity along with setting up of palakkad top (ministry of petroleum & natural gas) (617838)|kerala|09/2024 (09/2024)|08/2028 (08/2028)|1130 (1130)|189.61|20
391|replacement and extension of jetty pipelines [rejp] at kr (bharat petroleum corporation limited [bpcl]) (709790)|kerala|03/2023 (03/2023)|03/2026 (03/2026)|621.87 (372)|459.74|93
392|setting up polypropylene unit at kochi refinery (ministryofpetroleumnaturalgas) (709799)|kerala|12/2023 (12/2023)|10/2027 (10/2027)|4460 (4460)|399.96|20
393|c2/c3 vijaipur pata pipeline (ministry of petroleum & natural gas) (617830)|madhya pradesh|05/2024 (05/2024)|01/2027 (01/2027)|1792 (1792)|390.2|46
394|ethylene cracker project at bina refinery including downstream petrochemical plants and expansion of refinery (ministryofpetroleumnaturalgas) (709798)|madhya pradesh|05/2023 (05/2023)|05/2028 (05/2028)|43367 (43367)|2592.6|18
395|500 kta pdhpp project, usar (ministry of petroleum & natural gas) (400168)|maharashtra|04/2021 (04/2021)|04/2025 (06/2026)|8797 (11256)|7371.46|88
396|lube modernization & bottom upgradation project at mumbai refinery (ministry of petroleum and natural gas) (616933)|maharashtra|12/2024 (12/2024)|03/2028 (03/2028)|4679 (4679)|222.44|7
397|hp tdae unit in mumbai refinery (hindustan petroleum corporation limited) (709760)|maharashtra|06/2024 (06/2024)|04/2026 (04/2026)|240 (240)|77.58|70
398|city gas distribution project at beed, jalgaon and jalna districts (ministryofpetroleumnaturalgas) (709771)|maharashtra|03/2022 (03/2022)|09/2031 (09/2031)|865 (865)|74.35|3
399|construction of additional tankages and allied facilities at jnpt terminal (ministryofpetroleumnaturalgas) (709780)|maharashtra|04/2022 (04/2022)|08/2026 (08/2026)|341.43 (436.14)|293.12|55
400|atf pipeline from jawaharlal nehru port trust to navi mumbai international airport (indian oil corporation limited [iocl]) (709782)|maharashtra|08/2022 (08/2022)|08/2025 (03/2026)|165 (165)|96.61|83
401|installation of independent de- aromatized solvents [das] production facilities at mr (bharat petroleum corporation limited [bpcl]) (709789)|maharashtra|03/2023 (03/2023)|07/2025 (02/2026)|405 (343)|244.2|97
402|pol & lobs installations with receipt pipelines at rasayani (bharat petroleum corporation limited [bpcl]) (709797)|maharashtra|05/2023 (05/2023)|05/2026 (05/2026)|2585 (2585)|936.03|80
403|part replacement pipeline project [prpp] (oil and natural gas corporation limited [ongc]) (709846)|maharashtra|11/2022 (11/2022)|05/2024 (01/2026)|1219.48 (1145.1)|745|90
404|visakh raipur pipeline project (ministry of petroleum and natural gas) (616254)|multi-states (andhra pradesh, chhattisgarh, odisha)|09/2024 (09/2024)|09/2027 (09/2027)|2212 (2212)|127.64|21
405|north east gas grid (ministry of petroleum & natural gas) (701346)|multi-states (arunachal pradesh, assam, manipur, meghalaya, mizoram, nagaland, sikkim, tripura, west bengal)|04/2020 (04/2020)|03/2024 (03/2026)|9265 (9265)|6622|86
406|pipeline rehabilitation project, phase-ii (ministry of petroleum & natural gas) (617827)|multi-states (assam, bihar, west bengal)|12/2024 (12/2024)|12/2029 (12/2029)|680 (680)|2.32|17
407|upgradation of facilities of numaligarh-siliguri product pipeline [nspl] for transportation of additional products from existing 1.72 mmtpa to 5.5 mmtpa (ministry of petroleum & natural gas) (701350)|multi-states (assam, west bengal)|06/2021 (06/2021)|12/2024 (03/2026)|860 (860)|636.92|99
408|cgd project in banka, dumka, godda, jamtara, pakur, sahibganj ga id 11a.02 (hindustan petroleum corporation limited) (709757)|multi-states (bihar, jharkhand)|06/2022 (06/2022)|06/2030 (06/2030)|1377 (1377)|350.62|32
409|mumbai nagpur jharsuguda pipeline project (ministry of petroleum & natural gas) (701354)|multi-states (chhattisgarh, madhya pradesh, maharashtra, odisha)|06/2020 (06/2020)|05/2023 (02/2026)|7844.25 (8255)|6857.3|97
410|mehsana-bhatinda & bhatinda-jammu natural gas pipeline (ministry of petroleum & natural gas) (701330)|multi-states (gujarat, haryana, punjab, rajasthan)|07/2011 (07/2011)|06/2024 (03/2026)|7392 (7392)|6336.9|90
411|gurdaspur jammu pipeline (gas authority of india limited [gail]) (612853)|multi-states (jammu and kashmir, punjab)|07/2023 (07/2023)|07/2026 (07/2026)|521.9 (521.9)|249.7|43
412|kochi - koottanad - bangalore - mangalore pipeline phase-ii (ministry of petroleum & natural gas) (701228)|multi-states (karnataka, kerala, tamil nadu)|06/2009 (06/2009)|12/2012 (03/2026)|2915 (5909)|4548.29|95
413|city gas distribution maharashtra natural gas limited (ministry of petroleum & natural gas) (701338)|multi-states (karnataka, maharashtra)|01/2006 (01/2006)|06/2031 (06/2031)|5535 (5535)|4037.28|0
414|dhamra haldia pipeline project (ministry of petroleum & natural gas) (701344)|multi-states (odisha, west bengal)|03/2020 (03/2020)|11/2022 (03/2026)|1030.65 (1125)|885.2|91
415|city gas distribution projects at fazilka [except area already authorized], ganganagar and hanumangarh districts (bharat petroleum corporation limited [bpcl]) (709794)|multi-states (punjab, rajasthan)|12/2022 (12/2022)|06/2030 (06/2030)|3207 (3207)|377.38|27
416|augmentation/ revamping of dimapur depot, dimapur (ministryofpetroleumnaturalgas) (709786)|nagaland|08/2023 (08/2023)|11/2027 (11/2027)|227.62 (227.62)|15.85|28
417|integrated para xylene [px] and purified terephthalic acid [pta] project at paradip refinery (ministry of petroleum & natural gas) (604859)|odisha|07/2020 (07/2020)|01/2024 (08/2026)|13805 (11783)|8613.21|92
418|city gas distribution [cgd] project in gajapati, kandhamal, boudh, & sonepur ga (gail gas) (617818)|odisha|02/2022 (02/2022)|02/2030 (02/2030)|514.91 (514.91)|19.92|4
419|cuf pol depot at sadashibpur [meramundali], odisha (ministryofpetroleumnaturalgas) (709800)|odisha|04/2021 (04/2021)|03/2026 (03/2026)|393.54 (393.54)|153.37|54
420|life extension of 48 well platforms of mumbai high & heera fields (oil and natural gas corporation limited [ongc]) (400119)|offshore|12/2015 (12/2015)|04/2018 (03/2026)|3190.69 (3375.9)|3123.2|90
421|prp-viii [group-a] (ministry of petroleum & natural gas) (616950)|offshore|09/2024 (09/2024)|02/2026 (05/2026)|1486.4 (1486.4)|394.85|30
422|daman upside development project (oil and natural gas corporation limited [ongc]) (709839)|offshore|06/2022 (06/2022)|10/2025 (02/2026)|4144.41 (6406.9)|4833.7|93
423|mhn tcpp pgc bgc project [mtpbp] (ministry of petroleum & natural gas) (709848)|offshore|06/2022 (06/2022)|05/2026 (05/2026)|2329.45 (2354.23)|1148.9|66
424|prp-viii group b [nh & bs asset] (ministry of petroleum & natural gas) (709849)|offshore|06/2024 (06/2024)|02/2026 (05/2026)|2379.84 (3165.53)|2115.21|77
425|integrated development of 4 contract areas under dsf-ii (ministry of petroleum & natural gas) (709851)|offshore|05/2023 (05/2023)|04/2027 (04/2027)|6183.79 (6183.79)|895.56|28
426|2g ethanol biorefinery at bathinda (hindustan petroleum corporation limited [hpcl]) (400171)|punjab|05/2020 (05/2020)|02/2023 (03/2026)|1421.46 (1421.46)|1218.24|95
427|city gas distribution project at pathankot district (ministryofpetroleumnaturalgas) (709770)|punjab|03/2022 (03/2022)|09/2033 (09/2033)|151 (151)|8.81|2
428|cbr 9 mmtpa project (chennai petroleum corporation limited [cpcl]) (604795)|tamil nadu|09/2021 (09/2021)|06/2025 (10/2028)|31580 (36354)|1404.61|10
429|laying of new 28 inch desal water pipeline and 10 inch reject water pipeline between cpcl manali refinery and cpcl desalination plant at ennore (chennai petroleum corporation limited [cpcl]) (709750)|tamil nadu|01/2024 (01/2024)|09/2025 (12/2026)|205 (205)|76.2|53
430|city gas distribution projects at the nilgiris and erode districts (bharat petroleum corporation limited [bpcl]) (709796)|tamil nadu|12/2022 (12/2022)|03/2030 (03/2030)|3685 (3685)|261.81|22
431|atf pipeline from bpcls malkapur pol installation to hyderabad international airport (ministryofpetroleumnaturalgas) (617822)|telangana|03/2025 (03/2025)|09/2027 (-)|215 (215)|38.16|17
432|creation of gas dehydration facilities, tripura asset (oil and natural gas corporation limited [ongc]) (709837)|tripura|03/2022 (03/2022)|05/2024 (05/2026)|209.33 (131.51)|71.95|66
433|pp project, pata (gas authority of india limited [gail]) (400161)|uttar pradesh|03/2019 (03/2019)|01/2024 (12/2026)|910.56 (1299.02)|1066|99
434|revamping / augmentation of facilities at mathura bitumen plant (ministryofpetroleumnaturalgas) (709781)|uttar pradesh|04/2022 (04/2022)|06/2027 (12/2026)|260.12 (260.12)|10.51|36
435|city gas distribution projects at lakhimpur kheri , sitapur, bahraich, shravasti,balrampur, siddharth nagar & maharajganj districts (bharat petroleum corporation limited [bpcl]) (709795)|uttar pradesh|12/2022 (12/2022)|06/2030 (06/2030)|16654 (16654)|642.18|13
436|durgapur - haldia pipeline [section-3b of jhbdpl project] (ministry of petroleum & natural gas) (617302)|west bengal|03/2017 (03/2017)|12/2020 (03/2026)|1740 (2493.15)|2314.2|93
437|siliguri-jhapa pipeline project (indian oil corporation limited (iocl)) (617828)|west bengal|09/2024 (09/2024)|03/2029 (03/2029)|267 (267)|1.37|8
438|siliguri marketing terminal [smt] capacity augmentation project (ministry of petroleum & natural gas) (617837)|west bengal|11/2021 (11/2021)|12/2025 (09/2026)|484 (484)|293.69|82
439|haldia panagarh pipeline project (hindustan petroleum corporation limited) (709753)|west bengal|11/2022 (11/2022)|11/2025 (05/2026)|1010 (1107)|718.12|89
440|cgd project in malda, birbhum, murshidabad, dakshin dinajpur ga id 11a.03 (hindustan petroleum corporation limited) (709758)|west bengal|06/2022 (06/2022)|06/2030 (06/2030)|2628 (2628)|355.85|31
441|city gas distribution project at east mednipore, west mednipore & jhargram districts (ministryofpetroleumnaturalgas) (709772)|west bengal|03/2022 (03/2022)|06/2031 (06/2031)|609 (609)|59.3|2
442|city gas distribution projects at alipurduar and cooch behar (bharat petroleum corporation limited [bpcl]) (709791)|west bengal|12/2022 (12/2022)|03/2030 (03/2030)|1017 (1017)|211.59|40
443|aiims darbhanga (pmssy and institute of national importance) (701172)|bihar|na (09/2020)|09/2024 (-)|1264 (1264)|0|0
444|setting up it infrastructure including network security and hosting at aiims, new delhi (pmssy and institute of national importance) (617882)|delhi|09/2025 (09/2025)|09/2026 (-)|358.19 (358.19)|0|0
445|redevelopment of residential colonies at ayur vigyan nagar and west ansari nagar campuses of aiims, new delhi (pmssy and institute of national importance) (617883)|delhi|10/2016 (06/2022)|06/2027 (-)|4441 (4441)|24.68|61
446|aiims rajkot (pmssy and institute of national importance) (701170)|gujarat|01/2019 (01/2019)|03/2026 (03/2026)|1195 (1195)|774.6|93
447|aiims majra rewari haryana (pmssy and institute of national importance) (701173)|haryana|02/2019 (02/2019)|12/2026 (12/2026)|1299 (1646.43)|479.98|45
448|aiims kashmir at awantipora jammu & kashmir (pmssy and institute of national importance) (701167)|jammu and kashmir|01/2019 (03/2019)|12/2025 (06/2026)|1828 (2160.84)|1491.97|72
449|all india institute of medical sciences-aiims madurai (pmssy and institute of national importance) (701168)|tamil nadu|12/2018 (12/2018)|08/2022 (10/2026)|1264 (2021.51)|366.59|43
450|aiims bibinagar (pmssy and institute of national importance) (701171)|telangana|12/2018 (07/2022)|06/2026 (06/2026)|1028 (1365.95)|939.72|86
451|construction of 350 beds + 50 super specialty beds esic hospital sheelanagar, visakhapatnam, andhra pradesh (employee's state insurance company [esic]) (612167)|andhra pradesh|02/2021 (04/2023)|10/2025 (03/2026)|384.27 (384.27)|167.37|70
452|construction of 200 bedded esic hospital with 62 nos staff quarters , beltola (employee's state insurance company [esic]) (612201)|assam|12/2017 (10/2021)|04/2025 (02/2026)|143.23 (154.75)|116.08|96
453|c/o construction of 200 bedded [up-gradable to 300 bedded] esi hospital at surat gujarat. (employee's state insurance company [esic]) (612185)|gujarat|06/2019 (03/2021)|06/2025 (01/2026)|209.36 (209.36)|202.62|99
454|350 bedded [upgradable to 500 beds] esi hospital at sanand (employee's state insurance company [esic]) (612186)|gujarat|06/2022 (04/2023)|03/2026 (05/2027)|558.12 (558.12)|63.62|15
455|demolition, construction and upgradation of esi hospital, kalol, gujarat from 50 beds to 150 beds. (employee's state insurance company [esic]) (612211)|gujarat|08/2022 (10/2023)|10/2025 (06/2026)|205.87 (205.87)|24.06|20
456|construction of 200 bed esi hospital at bommasandra, karnataka (employee's state insurance company [esic]) (612745)|karnataka|02/2015 (10/2024)|01/2027 (05/2027)|278 (278)|228.61|19
457|construction of 100 bed esi hospital and staff quarters [32 nos.] at harohalli, karnataka (employee's state insurance company [esic]) (612748)|karnataka|07/2019 (03/2025)|02/2027 (-)|150.92 (150.92)|6.76|10
458|construction of 200 bedded [upgradable to 500 bedded including 50 beds of sst] esic hospital at bibewadi, pune (employee's state insurance company [esic]) (612188)|maharashtra|05/2018 (03/2023)|09/2025 (02/2026)|429.25 (429.25)|282.09|70
459|construction of 200 bedded esic hospital at butibori, nagpur, maharashtra. (employee's state insurance company [esic]) (612213)|maharashtra|10/2013 (08/2022)|08/2025 (09/2026)|194.93 (196.7)|114.39|62
460|upgradation & extension of esic hospital and construction of pg hostel / staff housing for esic hospital at andheri, mumbai (employee's state insurance company [esic]) (616691)|maharashtra|12/2008 (06/2009)|08/2025 (09/2026)|260.13 (260.13)|210.12|89
461|construction of 100 bedded esi hospital at duburi, odisha. (employee's state insurance company [esic]) (612513)|odisha|12/2010 (02/2025)|06/2027 (-)|164.6 (164.6)|16.4|7
462|construction of 100 bedded esic hospital building and 32 nos residential quarters at vallam vadangal, sipcot, sriperumbudur (employee's state insurance company [esic]) (612178)|tamil nadu|02/2015 (03/2023)|06/2025 (01/2026)|152.95 (177.01)|107.83|99
463|construction of 300 bedded hospital at haridwar (employee's state insurance company [esic]) (612259)|uttarakhand|02/2021 (12/2021)|10/2024 (03/2026)|102.4 (297.63)|322.55|81
464|establishment of 600 bed super specialty hospital with optional development of medical college and further expansion on ppp basis. (mumbai port trust [mpt]) (708662)|maharashtra|08/2019 (01/2022)|06/2026 (12/2027)|693 (693)|58|11
465|jal marg vikas project (inland waterways authority of india [iwai]) (701565)|multi-states (bihar, jharkhand, uttar pradesh, west bengal)|01/2018 (02/2018)|12/2023 (12/2025)|5369.18 (5061.15)|3717.08|75
466|fairway development in west bengal farakka - kahelgaon (inland waterways authority of india [iwai]) (611142)|offshore|01/2018 (08/2018)|07/2023 (04/2024)|177 (197)|383.41|100
467|development of container terminal at tuna-tekra, deendayal port on bot basis under ppp mode (deendayal port trust) (609424)|gujarat|10/2022 (03/2024)|03/2027 (-)|4243.64 (4243.64)|963.03|37
468|construction of oil jetty no.8 at old kandla through internal resources (deendayal port trust [dpt]) (701568)|gujarat|02/2018 (02/2021)|02/2023 (07/2024)|100 (225.85)|186.47|90
469|replacement and revamping of pipeline projects in oil jetty area, kandla (deendayal port trust [dpt]) (701570)|gujarat|09/2021 (09/2021)|09/2023 (03/2025)|171 (211.61)|137.51|71
470|mechanization of berth no.14 for handling containers and other cargo on dbfot basis - phase ii (new mangalore port authority) (617804)|karnataka|12/2023 (06/2024)|03/2027 (-)|153.23 (153.23)|24|33
471|rewas port project (reliance industries ltd) (400382)|maharashtra|12/2019 (01/2020)|03/2023 (-)|6000 (6000)|5999.89|88
472|setting up of a floating storage and regasification unit [fsru] - mumbai (mumbai port trust [mpt]) (701586)|maharashtra|11/2020 (04/2021)|11/2026 (11/2026)|900 (900)|65|0
473|deepening and optimization of inner harbour facilities including development of western dock on bot basis to handle cape size vessels (paradip port trust [ppt]) (701574)|odisha|05/2022 (01/2023)|12/2027 (10/2028)|3004.63 (3004.63)|1277.52|50
474|berth no. 2 [previously berth 3] of hdc mechanization project (haldia dock complex, syama prasad mookerjee port authority) (701576)|west bengal|11/2022 (03/2023)|09/2025 (01/2026)|298.26 (298.26)|468.23|99
475|shalukkhali liquid cargo handling facility development project (haldia dock complex, syama prasad mookerjee port authority) (701577)|west bengal|01/2022 (08/2022)|08/2025 (-)|253.65 (253.65)|9.28|0
476|national maritime heritage complex [nmhc] phase-i (indian port rail & ropeway corporation ltd. [iprcl]) (707215)|gujarat|02/2019 (01/2022)|03/2024 (03/2026)|573 (1238.05)|545.51|73
477|capacity expansion of deposit-14 and 14 nmz at kirandul (national mineral development corporation limited [nmdc]) (615202)|chhattisgarh|08/2021 (07/2022)|12/2028 (03/2028)|1700 (1756.2)|155.07|10
478|replacement of hot leveller no.1 of plate mill at bhilai steel plant (steel authority of india limited [sail]) (617243)|chhattisgarh|07/2024 (08/2024)|07/2026 (-)|198.62 (198.62)|34.96|35
479|replacement of converter vessels, trunnion rings, support system & installation of secondary emission at bhilai steel plant (steel authority of india limited [sail]) (617255)|chhattisgarh|10/2023 (12/2023)|06/2026 (-)|471.83 (471.83)|193.97|55
480|rebuilding of coke oven battery no.7 & 8 at bhilai steel plant (steel authority of india limited [sail]) (617256)|chhattisgarh|11/2023 (01/2024)|10/2025 (03/2026)|884.1 (884.1)|551.1|83
481|nmdc slurry pipeline project phase-1 (national mineral development corporation limited [nmdc]) (706811)|chhattisgarh|11/2015 (09/2020)|06/2023 (03/2026)|2907 (5427)|3336.05|90
482|screening plant-iii at kirandul (national mineral development corporation limited [nmdc]) (709826)|chhattisgarh|na (10/2021)|01/2026 (-)|2718.84 (2718.84)|1409.87|79
483|construction of residential towers at biom kirandul complex (national mineral development corporation limited [nmdc]) (709827)|chhattisgarh|na (10/2022)|12/2025 (-)|349.75 (349.75)|304.58|96
484|new sinter plant at bsl, sail (steel authority of india limited [sail]) (400174)|jharkhand|03/2015 (10/2015)|10/2017 (06/2027)|1034.01 (1752.3)|928.97|53
485|replacement of existing grinders in crm-i & ii at bokaro steel plant (steel authority of india limited [sail]) (617249)|jharkhand|01/2025 (02/2025)|01/2027 (-)|211.94 (211.94)|21.95|16
486|secondary emission control in converters of sms-ii at bokaro steel plant (steel authority of india limited [sail]) (617250)|jharkhand|01/2025 (02/2025)|10/2026 (-)|207.13 (207.13)|21.54|12
487|revamping of old sub-systems of blast furnace 3 at bokaro steel plant (steel authority of india limited [sail]) (617253)|jharkhand|08/2023 (03/2023)|07/2025 (11/2025)|513.82 (513.82)|338.22|76
488|replacement of remaining 04 sets of battery cyclones with 04 nos. of esps in sinter plant-1 at bokaro steel plant (steel authority of india limited [sail]) (617254)|jharkhand|03/2024 (04/2024)|06/2026 (-)|260.37 (260.37)|58.19|27
489|rebuilding of coke oven battery no.6 at bokaro steel plant (steel authority of india limited [sail]) (617257)|jharkhand|11/2023 (12/2023)|11/2026 (-)|627.31 (627.31)|190.32|49
490|construction of screening plant-ii for donimalai and kumaraswamy iron ore mining complex of nmdc limited at ballari dt, karnataka. (national mineral development corporation limited [nmdc]) (400121)|karnataka|11/2014 (06/2024)|08/2026 (-)|1043.63 (1043.63)|375.39|45
491|rebuilding of cob 4 at durgapur steel plant (steel authority of india limited [sail]) (612781)|west bengal|09/2023 (09/2023)|12/2026 (-)|916.78 (916.78)|156.82|26
492|installation of new bar mill at durgapur steel plant (steel authority of india limited [sail]) (617242)|west bengal|07/2024 (08/2024)|06/2027 (-)|2115.44 (2115.44)|276.1|41
493|up-gradation of blast furnace no. 3 at durgapur steel plant (steel authority of india limited [sail]) (617246)|west bengal|09/2024 (08/2024)|06/2026 (-)|758.09 (758.09)|129.95|10
494|third ladle furnace in secondary refinery unit at iisco steel plant (steel authority of india limited [sail]) (617248)|west bengal|11/2024 (12/2024)|07/2026 (-)|227.96 (227.96)|45.76|39
495|revamping of air pollution control systems of sp-1 at durgapur steel plant (steel authority of india limited [sail]) (617251)|west bengal|07/2024 (12/2024)|05/2026 (-)|196.4 (196.4)|14.55|8
496|stamp charge battery no.12 battery proper at iisco steel plant (steel authority of india limited [sail]) (617338)|west bengal|01/2025 (02/2025)|07/2028 (-)|2518.39 (2518.39)|229.27|10
497|nadikudi - srikalahasti new line (south central railway [scr] - ii) (400298)|andhra pradesh|03/2012 (12/2016)|05/2027 (03/2028)|2312 (5932)|2421.35|54
498|gooty-pendekallu doubling 29.225 km (south central railway [scr] - ii) (611752)|andhra pradesh|03/2023 (06/2023)|03/2027 (03/2027)|351.83 (351.83)|18|25
499|guntakal west-mallappa gate rail over rail - ror track (south central railway [scr] - ii) (611754)|andhra pradesh|07/2023 (07/2023)|07/2026 (-)|293.3 (293.3)|0|0
500|kurnool - setting up facilities for coach midlife rehabilitation workshop (wpo/patna) (611927)|andhra pradesh|01/2014 (10/2017)|12/2023 (-)|560.72 (560.72)|276.66|65
501|flyover between pendurthi and simhachalam north to avoid surface crossing at simhachalam 7.135 km pb 73 of 2023 24 nr (east coast railway [ecor] - ii) (612827)|andhra pradesh|04/2023 (05/2024)|04/2027 (-)|183.65 (183.65)|9.51|11
502|3rd & 4th line between vadlapudi -gate jn. cabin and tie line between gate junction to gangavaram port (east coast railway [ecor] - ii) (616697)|andhra pradesh|04/2023 (03/2024)|06/2026 (-)|154.28 (154.28)|27.07|38
503|tiupati katpadi 104.39 kms (south central railway [scr] - ii) (617210)|andhra pradesh|04/2025 (04/2025)|03/2029 (-)|1215.56 (1215.56)|0.12|0
504|3rd line between gudur renigunta 83.17 km (south central railway [scr] - ii) (617216)|andhra pradesh|10/2024 (10/2024)|03/2027 (-)|877.34 (877.34)|45.13|0
505|kurnool coach midlife rehabilitation project (wpo/patna) (705253)|andhra pradesh|05/2016 (07/2014)|12/2020 (-)|563 (563)|120|0
506|kotapalli - narasapur new line (south central railway [scr] - ii) (705436)|andhra pradesh|03/2009 (09/2013)|03/2028 (03/2028)|2501 (2501)|1349.09|29
507|guntur-guntakal doubling project (south central railway [scr] - ii) (705633)|andhra pradesh|03/2017 (11/2017)|12/2025 (12/2026)|3733 (4295)|4753.38|93
508|vijaywada-gudur 3rd line (rvnl - ii) (705648)|andhra pradesh|08/2016 (04/2018)|11/2024 (03/2026)|6654 (6654)|6087.52|94
509|penukonda - dharmavaram doubling project [41.5 km] (south western railway [swr] - ii) (705789)|andhra pradesh|06/2018 (12/2018)|03/2026 (03/2026)|307.66 (307.66)|294.61|87
510|furkating-new tinsukia[194 km] (northeast frontier railway [nfr]) (618986)|assam|09/2025 (09/2025)|06/2029 (-)|3633.58 (3633.58)|0|0
511|doubling of new bonggigaon to kamakhya via goalpara - 176 km (northeast frontier railway [nfr]) (705572)|assam|09/2016 (09/2016)|03/2026 (03/2026)|4060 (4961)|3739.15|93
512|guwahati-dibrugarh via tinsukia & simaluguri-dibrugarh (central organisation for railway electrification [core]) (706922)|assam|09/2020 (09/2018)|09/2020 (06/2024)|890.36 (889.36)|391.73|89
513|mariani-jorhat, tinsukia-dangri and makum -tiraptrack electrification project (gm/c/ nfr) (706940)|assam|09/2018 (01/2022)|05/2024 (-)|183.99 (183.99)|0|0
514|harmuty-murkongselek branch line electrification project (gm/c/ nfr) (706942)|assam|09/2018 (01/2022)|05/2024 (-)|237.52 (237.52)|0|0
515|sakri -hasanpur [via harnagar - kusheshwar asthan] new railway line (east central railway [ecr] - i) (400254)|bihar|12/2023 (08/1997)|12/2024 (03/2027)|735.2 (735.2)|588.68|84
516|construction of bulb line at nabinagar ankorah of east central railway (east central railway [ecr] - i) (617231)|bihar|06/2024 (06/2024)|06/2028 (-)|611.74 (611.74)|0|0
517|khagaria-kusheshwar asthan [42km] new line project (east central railway [ecr] - i) (705364)|bihar|04/2019 (12/1998)|12/2024 (03/2027)|614 (1384.16)|490.08|55
518|hajipur-sagauli new line (east central railway [ecr] - i) (705366)|bihar|10/2007 (10/2004)|03/2020 (12/2026)|2067 (2087)|2015.07|74
519|araria supaul new bg line (east central railway [ecr] - i) (705368)|bihar|06/2018 (03/2009)|03/2024 (01/2027)|1605 (2514)|1611.07|42
520|fatuha-islampur incl. mm for extn.of nl from neora to daniawan , daniawan to biharsharif, biharsharif to barbigha , barbigha to shekhpura (east central railway [ecr] - i) (705373)|bihar|08/2002 (03/2002)|03/2023 (08/2025)|1473 (2882)|2540.71|95
521|jogbani-biratnagar new rail line project (indian railway construction international limited [ircon]) (705450)|bihar|06/2010 (01/2011)|03/2022 (12/2026)|402 (486)|368.42|86
522|samastipur-darbhanga doubling railway project (east central railway [ecr] - i) (705526)|bihar|11/2015 (12/2015)|03/2025 (10/2025)|519 (519)|53629.73|92
523|sagauli-valmiknagar (east central railway [ecr] - i) (705527)|bihar|03/2018 (03/2017)|12/2025 (12/2025)|1216 (2222)|2083.03|92
524|muzaffarpur-sugauli (east central railway [ecr] - i) (705528)|bihar|03/2018 (03/2017)|06/2024 (02/2026)|1586 (1586)|1476.13|99
525|rampur dumra-tal-rajendrapul additional bridge and railway line doubling (indian railway construction international limited [ircon]) (706759)|bihar|03/2016 (05/2017)|12/2024 (12/2025)|2373.64 (1700.24)|1450.99|98
526|barauni-bachwara [16 km] - 3rd & 4th line incl. barauni yard remodelling [32 km] (east central railway [ecr] - i) (706860)|bihar|10/2022 (08/2025)|08/2025 (10/2026)|645 (645)|34.45|55
527|jhajha - batia (east central railway [ecr] - i) (900874)|bihar|03/2023 (03/2023)|03/2028 (01/2030)|588.18 (588.18)|1.19|0
528|kharsia-dharamjaygarh with spur line [east corridor-phase 1] (indian railway construction international limited [ircon]) (400220)|chhattisgarh|03/2016 (01/2014)|09/2018 (03/2026)|3055 (3407.09)|2609.75|94
529|doubling of kirandul-jagdalpur line [150 km] (east coast railway [ecor] - ii) (400291)|chhattisgarh|02/2013 (03/2013)|03/2020 (12/2025)|1589 (1798)|1592.19|95
530|gauge conversion of kendri-dhamtari including abhanpur - rajim branch line 67.20 kms - 2nd material modification to raipur titlagarh doubling. (secr) (602792)|chhattisgarh|07/2011 (05/2021)|02/2025 (03/2026)|1171 (1171)|379.64|100
531|4th line between nipania bhatapara 14.4 km (south east central railway [secr] - ii) (612815)|chhattisgarh|12/2022 (05/2024)|03/2027 (-)|170.49 (170.49)|2.11|6
532|dharamjaigarh-korba 63 km (cerl) (613003)|chhattisgarh|08/2023 (07/2022)|08/2026 (-)|1686.26 (1686.26)|288.83|18.5
533|kharsia- naya raipur-parmalkasa 5th and 6th line [278km] (cao/c/secr) (617200)|chhattisgarh|04/2025 (04/2025)|03/2031 (-)|7853.84 (7853.84)|0|0
534|dallirajhara - rowghat new rail line project, phase-i (rail vikas nigam limited) (617374)|chhattisgarh|na (11/2009)|03/2025 (02/2026)|1516.45 (1881.26)|2063.12|95
535|dallirajhra- rowghat new railway line - phase i [95 km] (rail vikas nigam limited) (705433)|chhattisgarh|07/2009 (12/2009)|09/2025 (12/2025)|1628 (1628)|1440.85|82
536|gevra road-pendra road new railway line [135 km] (indian railway construction international limited [ircon]) (705444)|chhattisgarh|04/2014 (04/2014)|03/2022 (12/2025)|4970 (7448.52)|4797.72|76
537|boridand - ambikapur doubling line project (south east central railway [secr] - ii) (706854)|chhattisgarh|06/2022 (04/2022)|06/2030 (06/2030)|1376 (1576.72)|155.09|22
538|4th line - bhatapara-hathband [8.8 km] [pb-72/nr/2022-23] (secr) (709815)|chhattisgarh|09/2022 (05/2024)|01/2027 (12/2027)|177.03 (177.03)|0|4
539|4th line - bhilai-bhilai nagar [8.8 km] [pb-72/nr/2022-23] (secr) (709816)|chhattisgarh|09/2022 (05/2024)|02/2027 (02/2027)|177.34 (177.34)|1.66|6
540|4th line - dadhapara-belha [9.2 km] [pb-72/nr/2022-23] (secr) (709817)|chhattisgarh|09/2022 (05/2024)|11/2026 (11/2026)|169.06 (169.06)|20.17|62
541|4th line rajnandgaon-dongarhgarh [31.2 km] [pb-72/nr/2022-23] (secr) (709818)|chhattisgarh|09/2022 (05/2024)|01/2027 (01/2027)|328.34 (328.34)|61.96|28
542|3rd and 4th line - saragbundia and madwarani (secr) (709819)|chhattisgarh|09/2022 (05/2025)|12/2026 (12/2026)|167.64 (167.64)|0.11|5
543|redevelopment of new delhi railway station and construction of associated infrastructure (rail land development authority) (613785)|delhi|01/2023 (06/2024)|12/2028 (-)|4744 (4744)|151.37|2
544|development of new bijwasan railway terminal (northern railways) (617379)|delhi|02/2008 (03/2013)|03/2020 (12/2026)|446.21 (446.21)|521.74|80
545|anand vihar-tilak bridge 3rd & 4th line (cao/c/nr) (705583)|delhi|03/2013 (03/2013)|03/2023 (12/2027)|667 (667)|289.26|63
546|kosamba umarpada 70 km (pce/wr) (611918)|gujarat|07/2023 (07/2022)|03/2027 (-)|468 (468)|20.28|8
547|new broad gauge line between naliya to jakhau port (western railway (wr) - ii) (611943)|gujarat|02/2023 (02/2023)|01/2028 (01/2028)|410.26 (410.26)|9.27|5
548|quadrupling between gandhidham adipur with y connection at adipur for providing direct entry towards mundra port and bhuj and high level platform at gopalpur 11kms (western railway (wr) - ii) (611944)|gujarat|02/2023 (02/2023)|03/2026 (01/2026)|152.44 (152.44)|104.58|85
549|petlad bhadran 23 kms (western railway) (611945)|gujarat|05/2022 (05/2022)|05/2030 (05/2030)|307.11 (307.11)|13.59|17
550|samlaya timba road 54 km (pce/wr) (611970)|gujarat|02/2023 (02/2023)|03/2030 (03/2030)|670.17 (670.17)|45.21|12
551|samni jambusar 24 km (pce/wr) (611971)|gujarat|05/2022 (05/2022)|03/2030 (03/2030)|350 (349.93)|67.73|31
552|western railway samakhiali gandhidham quadrupiling 53 kms (western railway (wr) - ii) (611974)|gujarat|08/2023 (08/2023)|12/2026 (06/2027)|1430 (1430)|271.82|25
553|dahod creation of infrastructure facilities for 9000 hp electric locomotives manufacturing at (pce/wr) (611977)|gujarat|05/2022 (02/2023)|02/2025 (-)|487 (487)|222.88|53
554|dahod rolling stock workshop provision of infrastructure for cbs at (pce/wr) (611978)|gujarat|11/2022 (03/2023)|03/2025 (-)|158 (158)|51.87|10
555|sabarmati setting up of maintenance facilities for train sets phase ii (western railway (wr) - ii) (611979)|gujarat|01/2023 (04/2023)|06/2025 (03/2026)|250 (250)|110.15|70
556|4th line between barejadi nandej-sanand-ahmedabad bypass (western railway wr - ii) (612072)|gujarat|02/2023 (02/2023)|03/2027 (07/2028)|961.67 (961.67)|359.61|18
557|redevelopment of ahmedabad railway station and associated infrastructure on engineering, procurement and construction mode (rail land development authority) (613786)|gujarat|01/2023 (11/2023)|03/2028 (-)|2379 (2379)|790.14|23
558|devbhumi dwarka [okha] - kanalus doubling (western railway (wr) - ii) (618972)|gujarat|12/2025 (12/2025)|12/2028 (-)|1456.77 (1456.77)|0|0
559|miyagam-karjan-dabhoi-samlaya [gc] (western railway [wr] - ii) (705458)|gujarat|01/2017 (01/2017)|03/2021 (12/2026)|483.88 (1039.13)|621.62|41
560|modasa-shamlaji road railway line project (western railway wr - ii) (706757)|gujarat|09/2012 (04/2008)|03/2025 (03/2026)|262 (262)|341.47|63
561|rajkot - kanalus doubling project [111.2 kms] (western railway wr - ii) (706763)|gujarat|10/2021 (12/2021)|10/2026 (10/2026)|1080.58 (1080.58)|829.85|78
562|nadiad-petlad [37.26 km] (railway) (709812)|gujarat|05/2022 (10/2023)|06/2030 (06/2030)|461.91 (461.91)|178.31|8
563|new bg line intersection [5 nos] between geratpur-sanand & botad-ahmedabad [16.51 km] (western railway (wr) - ii) (709813)|gujarat|10/2022 (07/2025)|06/2028 (10/2027)|437.21 (437.21)|95.09|19
564|bhiwani - dobh bahali doubling project [42.30 km] (north western railway [nwr]) (611884)|haryana|02/2023 (02/2023)|02/2028 (02/2028)|471 (471)|227.35|66
565|doubling between pradhankunta-patherih-bhojudih of east central railway (east central railway [ecr] - i) (617372)|jharkhand|11/2022 (11/2022)|12/2025 (-)|349.22 (349.22)|115.09|70
566|koderma-arigada doubling 133.38 km of east central railway (east central railway [ecr] - i) (617832)|jharkhand|06/2025 (06/2025)|12/2029 (-)|2887.11 (2887.11)|0|0
567|gomoh - flyover for dn trains (east central railway [ecr] - i) (705765)|jharkhand|01/2018 (01/2018)|03/2026 (03/2026)|686 (686)|600.25|65
568|lodhma - piska - link line bypassing hatia/ranchi with y connection (south eastern railway [ser] - i) (705785)|jharkhand|08/2021 (03/2019)|06/2026 (05/2027)|473 (473)|288.75|5
569|pradhan kuntha jn line doubling project (east central railway [ecr] - i) (706837)|jharkhand|11/2022 (11/2022)|11/2027 (11/2027)|349.22 (349.22)|115.09|62
570|construction of new bg line between hassan to belur [27 km] (south western railway [swr] - ii) (400023)|karnataka|03/2019 (12/2025)|04/2028 (04/2027)|749 (749)|0|0
571|yeshvanthpur - channasandra doubling project [21.70 km] (karnataka rail infrastructure development company limited [k-ride]) (703585)|karnataka|04/2019 (10/2019)|03/2024 (03/2026)|314.1 (683.57)|158.53|55
572|new railway line between ginigera and raichur [165.57 km] (south western railway [swr] - ii) (705434)|karnataka|03/2008 (05/2009)|03/2019 (03/2027)|2565 (3034.98)|2124.53|66
573|gadag-wadi new railway line [257 km] (south western railway [swr] - ii) (705490)|karnataka|04/2013 (08/2017)|03/2027 (12/2027)|2842 (6700)|1439.46|30
574|kadur - chickamagalur - sakleshpur [93km] (south western railway [swr] - ii) (705492)|karnataka|01/2014 (11/2016)|06/2025 (12/2025)|825 (825)|725.47|83
575|bagalkot-kudachi new railway line [142 km] (south western railway [swr] - ii) (705495)|karnataka|10/2013 (11/2012)|03/2027 (01/2027)|1378 (1649)|735.2|35
576|tumkur-chitradurga-davangere new rail line project [191 km] (south western railway [swr] - ii) (705496)|karnataka|10/2013 (01/2017)|03/2019 (12/2027)|1876 (1876)|498.97|14
577|bangalore-whitefield-bangalore city-krishnarajapuram [23.08 km] - quadrupling (south western railway [swr] - ii) (705663)|karnataka|02/2018 (06/2022)|02/2026 (02/2026)|493 (493)|279.82|84
578|shimoga - shikaripura - ranebennur [96 km] (south western railway [swr] - ii) (705761)|karnataka|09/2019 (02/2023)|12/2027 (06/2028)|1454 (1454)|73.08|11
579|bangalore suburban railway project (karnataka rail infrastructure development company limited [k-ride]) (705941)|karnataka|10/2020 (10/2020)|12/2026 (03/2030)|15767 (15767)|2320.86|19
580|belgaum-dharwad via kittur [73.10km] (south western railway [swr] - ii) (706835)|karnataka|09/2020 (03/2025)|12/2027 (03/2029)|1591 (1591)|0.38|0
581|kumbalam-turavur doubling project [15.59 km] (ministry of railways) (705638)|kerala|04/2023 (04/2023)|03/2027 (03/2027)|813 (802.8)|81.31|20
582|ernakulam-kumbalam doubling project [7.71 km] (sr-ers) (705639)|kerala|04/2023 (04/2023)|03/2028 (02/2027)|601 (595.39)|294.57|21
583|lalitpur-satna, rewa-singrauli & mahoba-khajuraho (north central railway) (705480)|madhya pradesh|01/2007 (03/1998)|03/2027 (12/2027)|8914 (8914)|6546.4|73
584|katni - bina third railway line [279 km] (west central railway wcr i) (705651)|madhya pradesh|06/2016 (01/2017)|03/2022 (12/2025)|2478.23 (4127.23)|3344.51|98
585|satna-rewa railway line doubling project (west central railway [wcr] - ii) (705659)|madhya pradesh|11/2015 (08/2017)|03/2026 (03/2026)|500 (584)|545.71|85
586|doubling of katni - singrauli railway line [261 km] (indian railway construction international limited [ircon]) (705660)|madhya pradesh|03/2016 (03/2017)|12/2025 (12/2025)|2445 (4377)|3253.53|100
587|katni grade separator/bye pass (indian railway construction international limited [ircon]) (705661)|madhya pradesh|03/2016 (09/2017)|09/2024 (03/2026)|1248 (1248)|1718.76|95
588|indore - budni new railway line [198 kms] (rvnl - ii) (705763)|madhya pradesh|08/2019 (10/2020)|09/2030 (09/2030)|7474 (7474)|1939.51|27
589|nimach-ratlam doubling [133 km] (western railway [wr] - ii) (705933)|madhya pradesh|10/2021 (10/2021)|10/2027 (10/2027)|1095.88 (1095.88)|1067.49|89
590|dhule [borvihir] - nardana new line [50.60 kms] (central railway) (400019)|maharashtra|01/2019 (04/2023)|12/2026 (09/2027)|492.76 (1170.83)|415.47|25
591|wardha-nanded via yavatmal new bg line (central railway [cr] - ii) (400271)|maharashtra|12/2017 (04/2008)|03/2025 (12/2026)|3445 (3445)|3002.93|50
592|aurangabad-ankai - doubling project 98.25 km (south central railway [scr] - ii) (611751)|maharashtra|05/2023 (05/2023)|03/2027 (-)|960.64 (960.64)|732.32|1
593|redevelopment of chhatrapati shivaji maharaj terminus [csmt] and construction of associated infrastructure (rail land development authority) (613015)|maharashtra|04/2023 (07/2023)|03/2027 (-)|1813 (1813)|635.74|17
594|gondia-balharshah [chanda fort] doubling [240 km] (south east central railway) (617201)|maharashtra|04/2025 (04/2025)|03/2031 (-)|4373.04 (4373.04)|0.29|0
595|doubling between parbhani parli vaijanath stations 64.71 km (south central railway [scr] - ii) (617215)|maharashtra|12/2023 (12/2023)|03/2028 (-)|769.93 (769.93)|43.91|0
596|babupeth - sasti new rail line [13.114 kms] (centralrailway) (617361)|maharashtra|10/2024 (10/2024)|03/2028 (-)|362.81 (362.81)|0.47|0
597|double chord line between nilaje-kopar (centralrailway) (617364)|maharashtra|01/2025 (01/2025)|07/2028 (-)|338.33 (205)|7.8|0
598|ahmednagar - beed - parli - vaijnath new broad gauge line railway project [261.3 km] (central railway [cr] - ii) (705356)|maharashtra|01/1999 (10/2002)|03/2026 (03/2026)|2538.67 (4957.27)|5183.23|98
599|baramati lonand new line project (central railway) (705357)|maharashtra|03/2016 (03/1999)|03/2027 (03/2027)|138.48 (1843.9)|877.37|51
600|wadsa-gadchiroli (south east central railway) (705479)|maharashtra|05/2017 (03/2012)|03/2027 (03/2027)|1886 (1886)|730.33|53
601|3rd line kalyan - kasara [67.35 kilometres] (central railway) (705498)|maharashtra|09/2015 (09/2015)|12/2026 (12/2026)|792.89 (1395.79)|996.09|68
602|3rd line wardha - sewagram - nagpur (central railway [cr] - ii) (705500)|maharashtra|09/2015 (05/2016)|12/2025 (10/2026)|540.02 (916.53)|798.01|84
603|3rd line wardha - ballarshah [132 kilometres] (central railway [cr] - ii) (705502)|maharashtra|03/2016 (12/2016)|12/2025 (02/2026)|1384.72 (2033.59)|1727.83|86
604|pune - miraj-londa [467 kilometres] (central railway) (705503)|maharashtra|06/2016 (06/2016)|02/2025 (08/2025)|4027.53 (4872.52)|5113.51|100
605|doubling of daund manmad line [247.6 km] (central railway) (705504)|maharashtra|10/2017 (03/2017)|12/2025 (03/2026)|2081.27 (3267.06)|2956.98|92
606|4th line wardha - nagpur [78.7 kilometres] (central railway [cr] - ii) (705505)|maharashtra|04/2017 (05/2018)|12/2025 (10/2026)|637.95 (1214.69)|1035.92|88
607|3rd line manmad - jalgaon [160 kilometres] (central railway [cr] - ii) (705506)|maharashtra|05/2017 (04/2018)|12/2024 (08/2025)|1035.16 (1558.75)|1726.94|95
608|solapur-tuljapur-osmanabad (central railway) (705735)|maharashtra|08/2018 (12/2023)|03/2027 (03/2028)|904.92 (3295.74)|1177.85|12
609|nagpur- nagbhir railway line gauge conversion project (mridc) (705799)|maharashtra|10/2019 (04/2020)|12/2025 (12/2025)|1400 (1400)|1472|80
610|mumbai urban transport project [mutp] - phase ii (mumbai rail vikas corporation ltd.[mrvc]) (706779)|maharashtra|05/2008 (04/2008)|03/2014 (12/2027)|8087 (8087)|7428.59|87
611|mumbai urban transport project [mutp] phase-iiia (mumbai rail vikas corporation ltd.[mrvc]) (706780)|maharashtra|04/2019 (04/2019)|12/2027 (12/2027)|33690 (33690)|2922.12|20
612|mumbai urban transport project phase-iii (mumbai rail vikas corporation ltd.[mrvc]) (706781)|maharashtra|11/2016 (12/2016)|03/2022 (12/2026)|10947 (10947)|5760.81|70
613|jiribam-imphal new line project (northeast frontier railway [nfr]) (705391)|manipur|03/2013 (12/2007)|12/2026 (06/2029)|14323 (21885.9)|15824.48|72
614|marikuppam - kuppam new line project [23.70 km] (south western railway [swr] - ii) (705491)|multi-states (andhra pradesh, karnataka)|04/2012 (10/2018)|06/2026 (06/2026)|297 (297)|137.3|20
615|rayadurg-tumkur via kalyandurg new line [207 km] (south western railway [swr] - ii) (705494)|multi-states (andhra pradesh, karnataka)|03/2008 (07/2010)|09/2015 (02/2028)|2496 (2496)|1807.86|70
616|renigunta, wadi & gooty bypass railway project (south central railway [scr] - ii) (705610)|multi-states (andhra pradesh, karnataka)|04/2016 (04/2016)|12/2025 (12/2025)|302 (543)|381|50
617|doubling between mudkhed medchal & mahbubnagar dhone section 417.88 km (south central railway [scr] - ii) (617212)|multi-states (andhra pradesh, maharashtra, telangana)|08/2023 (08/2023)|03/2029 (-)|4686.09 (4686.09)|1048.12|2
618|vizianagaram - titlagarh 3rd line [272 km including by - pass line of 7.68 km] (rvnl - ii) (400253)|multi-states (andhra pradesh, odisha)|06/2016 (11/2016)|12/2025 (12/2025)|4803 (6669.91)|6016.71|94
619|doubling of kottavalasa-koraput rail line [189 km] (east coast railway [ecor] - ii) (705512)|multi-states (andhra pradesh, odisha)|12/2015 (01/2016)|03/2022 (03/2028)|2500 (2500)|2091.69|71
620|tindivanam-nagari new line project [184.5 km] (ministry of railways) (400275)|multi-states (andhra pradesh, tamil nadu)|07/2008 (10/2008)|09/2025 (03/2028)|3631 (3631)|1176.55|19
621|doubling between motumari vishnupuram - 88.81 km and rail over rail - ror at motumari - 10.877 km (south central railway [scr] - ii) (616857)|multi-states (andhra pradesh, telangana)|02/2024 (03/2025)|03/2029 (-)|1595.55 (1595.55)|46.01|2
622|doubling of guntur bibinagar 239 km (south central railway [scr] - ii) (617211)|multi-states (andhra pradesh, telangana)|08/2023 (08/2023)|03/2029 (-)|2853.23 (2853.23)|107.06|2
623|rail connectivity to errupalem amravati namburu 57 km (south central railway [scr] - ii) (617214)|multi-states (andhra pradesh, telangana)|11/2024 (11/2024)|03/2027 (-)|2047.4 (2047.4)|28.44|0
624|kazipet-vijayawada 3rd line with electrification [220 km] (south central railway [scr] - ii) (705612)|multi-states (andhra pradesh, telangana)|03/2013 (08/2014)|02/2025 (12/2025)|1953 (3363)|4037.29|94
625|vijayawada - kazipet byepass line (south central railway [scr] - ii) (705632)|multi-states (andhra pradesh, telangana)|04/2016 (04/2016)|01/2025 (12/2025)|647 (904)|1048.58|93
626|murkongselek-pasighat (northeast frontier railway (nfr) - ii) (705401)|multi-states (arunachal pradesh, assam)|02/2011 (03/2023)|03/2025 (05/2026)|435 (1250)|805.31|65
627|lumding furkating doubling project 140 km (northeast frontier railway [nfr]) (616701)|multi-states (assam, nagaland)|02/2024 (01/2025)|02/2028 (-)|2123.7 (2123.7)|13.74|0
628|dimapur [dhansiri]-sukhobi kohima [zubza] nl [82.5 km] (northeast frontier railway (nfr) - ii) (705392)|multi-states (assam, nagaland)|08/2015 (02/2016)|03/2025 (12/2025)|6663 (6663)|5828.35|81
629|new delhi- howrah speed booster[160kmph] project (pce/ncr) (705794)|multi-states (bihar, delhi, jharkhand, uttar pradesh, west bengal)|09/2019 (09/2019)|03/2024 (-)|6684.81 (6684.81)|127.03|0
630|third railway line between patratu-sonnagar [291 kms] (rvnl - ii) (400234)|multi-states (bihar, jharkhand)|11/2016 (08/2018)|03/2026 (12/2028)|8975 (8975)|4798.96|90
631|multi tracking of son nagar-andal 374.53 rkm & 814.38 tkm (east central railway [ecr] - i) (616699)|multi-states (bihar, jharkhand)|08/2023 (08/2023)|03/2028 (-)|12333.57 (12333.6)|507.61|14
632|koderma-tilaiya new line (east central railway [ecr] - i) (705375)|multi-states (bihar, jharkhand)|11/2004 (03/2002)|02/2025 (02/2026)|1626 (2486.62)|2142.8|94
633|pirpainti - jasidih [100.52 km] new bg line (eastern railway [er] - i) (705385)|multi-states (bihar, jharkhand)|03/2014 (03/2022)|03/2028 (03/2028)|2555 (2555)|795.18|49
634|ner provision of automatic block signalling on gorakhpur cantt[excl] chhapra gramin & burhwal jn [excl] sitapur jn section of high density routes (north eastern railway [ner]) (611669)|multi-states (bihar, uttar pradesh)|na (06/2023)|03/2027 (03/2028)|380.47 (380.47)|238.47|20
635|gorakhpur-valmikinagar doubling project (ner) (617224)|multi-states (bihar, uttar pradesh)|08/2023 (03/2024)|12/2027 (-)|1120 (1120)|287.73|26
636|chhapra-ballia patch doubling (north eastern railway [ner]) (705562)|multi-states (bihar, uttar pradesh)|03/2013 (12/2015)|02/2025 (03/2026)|963 (1046)|912.43|95
637|katihar kumedpur & katihar mukuria bg doubling project (northeast frontier railway [nfr]) (617245)|multi-states (bihar, west bengal)|08/2022 (08/2022)|08/2026 (02/2027)|942.64 (942.64)|461.36|60
638|gondia - dongargarh 4th line [84 km] (south eastern central railway) (618978)|multi-states (chhattisgarh, maharashtra)|10/2025 (10/2025)|10/2030 (-)|2222.53 (2222.53)|0|0
639|rajnandgaon - nagpur [kalumna] third railway line [228.30 km] (south east central railway [secr] - ii) (705617)|multi-states (chhattisgarh, maharashtra)|09/2016 (12/2016)|12/2024 (06/2026)|3545 (3545)|3555.14|96
640|sardega -bhalumuda new double line [37.24 km] (secr) (617390)|multi-states (chhattisgarh, odisha)|09/2024 (09/2024)|03/2028 (-)|1281.81 (1281.81)|128.01|2
641|jagdalpur-koraput (east coast railway [ecor] - ii) (705511)|multi-states (chhattisgarh, odisha)|12/2015 (03/2016)|03/2024 (12/2026)|1547 (1547)|1348.59|92
642|jharsuguda-bilaspur fourth railway line [206 km] (secr) (705616)|multi-states (chhattisgarh, odisha)|09/2016 (09/2016)|10/2024 (03/2026)|2140 (2979)|2198.05|93
643|mumbai-ahmedabad high speed rail project- 508 km (national high speed rail corporation [nhsrc]) (705728)|multi-states (dadra & nagar haveli and daman & diu, gujarat, maharashtra)|03/2015 (09/2017)|08/2027 (12/2029)|108000 (108000)|85337.89|56
644|new delhi- mumbai speed booster[160kmph] project (pce/wr) (705793)|multi-states (delhi, gujarat, madhya pradesh, maharashtra, rajasthan)|09/2019 (09/2019)|03/2024 (-)|6806.44 (6806.44)|135.65|0
645|hospet - tinaighat - vasco rail doubling project (rvnl - ii) (705650)|multi-states (goa, karnataka)|03/2010 (07/2012)|03/2027 (12/2027)|5060 (5060)|5271.61|86
646|hospet-hubli-vasco da gama line electrification project (rvnl) (706950)|multi-states (goa, karnataka)|07/2015 (05/2018)|03/2023 (06/2026)|744.49 (1122.62)|1149.24|99
647|western dedicated freight corridor (dfccil) (705237)|multi-states (gujarat, haryana, maharashtra, rajasthan, uttar pradesh)|02/2008 (01/2012)|03/2022 (12/2025)|51101 (124005)|124623|96
648|new line dahod-indore via sardarpur, jabuwa and dhar (western railway [wr] - ii) (705453)|multi-states (gujarat, madhya pradesh)|06/2012 (06/2012)|02/2027 (02/2027)|456.07 (3516.77)|3945.04|52
649|chhota udaipur - dhar new line project [157 km] (western railway [wr] - ii) (705454)|multi-states (gujarat, madhya pradesh)|11/2008 (01/2014)|12/2025 (12/2025)|1794 (1794)|1815.94|80
650|mumbai central virar vadodara ahmedabaad train protection system 500 rkm (western railway) (611452)|multi-states (gujarat, maharashtra)|09/2019 (03/2023)|12/2025 (12/2026)|311 (311)|263.42|93
651|taranga hill-abu road via ambaji (north western railway [nwr]) (400022)|multi-states (gujarat, rajasthan)|07/2022 (07/2022)|07/2030 (07/2030)|2798 (2798)|2098.09|17
652|luni- samdari- bhildi doubling (north western railway [nwr]) (616842)|multi-states (gujarat, rajasthan)|02/2024 (02/2024)|07/2027 (-)|3085.59 (3085.59)|468.4|13
653|chandigarh-baddi new rail line- 36 km (northen railway [nr]) (705424)|multi-states (haryana, himachal pradesh)|02/2018 (02/2018)|12/2026 (12/2026)|1540 (1540.13)|554.36|37
654|rewari - kathuwas doubling project [27.72 km] (north western railway [nwr]) (611861)|multi-states (haryana, rajasthan)|02/2023 (12/2022)|06/2027 (06/2027)|352 (352)|283.12|73
655|nangal dam-talwara new broad gauge line [84 km] and taking over siding mukerian-talwara [29 km] (northen railway [nr]) (705410)|multi-states (himachal pradesh, punjab)|03/1983 (05/1985)|12/2025 (12/2027)|2018 (2018)|89486.62|83
656|bhanupalli-bilaspur-beri new railway line project (rvnl - ii) (705428)|multi-states (himachal pradesh, punjab)|03/2009 (04/2015)|12/2026 (12/2027)|13447 (13447)|7213.23|61
657|doubling of hatia [ranchi]-bondamunda rail line - 159 km (south eastern railway - jh) (705628)|multi-states (jharkhand, odisha)|03/2016 (02/2017)|06/2025 (06/2026)|3029 (3029.04)|2533|87
658|buramara-chakulia new line [59.96 km] (south eastern railway [ser] - i) (616588)|multi-states (jharkhand, odisha, west bengal)|08/2024 (12/2024)|12/2029 (-)|1459.13 (1459.13)|4.68|0
659|chandil - anara - damodar - 3rd line [121.26 km] (cao/c/ser) (616227)|multi-states (jharkhand, west bengal)|09/2024 (07/2025)|09/2029 (-)|1932.01 (1932.01)|0.49|0
660|kharagpur-adityapur third rail line- 132 km (rvnl - i) (705668)|multi-states (jharkhand, west bengal)|09/2016 (01/2018)|03/2025 (06/2026)|3250 (3250)|3247.89|97
661|hotgi-kudgi-gadag doubling project (south western railway [swr] - ii) (705662)|multi-states (karnataka, maharashtra)|04/2014 (01/2016)|12/2024 (03/2026)|1878 (2459)|2698.29|92
662|baiyyappanahalli - hosur doubling project [48 km] (karnataka rail infrastructure development company limited [k-ride]) (703586)|multi-states (karnataka, tamil nadu)|04/2019 (02/2019)|03/2024 (01/2026)|498.7 (748.7)|658.4|86
663|trivandrum- kanyakumari (southern railway (sr) - i) (705635)|multi-states (kerala, tamil nadu)|08/2017 (03/2016)|03/2025 (12/2026)|1432 (3785.45)|2554.26|51
664|ratlam-mhow-khandwa-akola gauge conversion (western railway [wr] - ii) (705457)|multi-states (madhya pradesh, maharashtra)|04/2008 (03/2010)|03/2027 (09/2028)|1656.25 (6499.86)|4570.33|82
665|itarsi - nagpur third railway line [280 km] (central railway [cr] - ii) (705507)|multi-states (madhya pradesh, maharashtra)|09/2016 (09/2016)|03/2027 (12/2027)|2449.91 (2506.68)|1985.94|55
666|ratlam- dungarpur via banswara new line project (north western railway [nwr]) (617406)|multi-states (madhya pradesh, rajasthan)|10/2015 (05/2023)|03/2028 (-)|2417.24 (2417.24)|6.79|8
667|gwalior - seopurkala with extension to kota [gauge conversion] (north central railway) (705419)|multi-states (madhya pradesh, rajasthan)|03/2011 (07/2018)|03/2025 (02/2026)|2913 (2913)|2124.16|86
668|ramganjmandi-bhopal new line project [262 km] (west central railway [wcr] - ii) (705481)|multi-states (madhya pradesh, rajasthan)|03/2001 (10/2004)|12/2025 (12/2027)|3032 (5073)|3817.81|78
669|nimach-badi sadri new rail line project (western railway [wr] - ii) (705764)|multi-states (madhya pradesh, rajasthan)|04/2017 (09/2021)|03/2026 (06/2026)|495 (825)|151.77|58
670|mathura-jhansi third railway line [274 km] (rvnl - ii) (705667)|multi-states (madhya pradesh, rajasthan, uttar pradesh)|12/2015 (03/2018)|12/2024 (12/2026)|5961 (5961)|5050.26|94
671|jhansi - bina third railway line [153 km] (cao/c/ncr) (705598)|multi-states (madhya pradesh, uttar pradesh)|09/2016 (03/2018)|03/2022 (03/2026)|2002 (2002)|1843.19|93
672|jhansi-khairar-manikpur & khirar-bhimsen (north central railway) (705608)|multi-states (madhya pradesh, uttar pradesh)|03/2018 (04/2019)|03/2026 (03/2026)|4330 (4330)|2388.71|62
673|third line [new] between kazipet - balharshah with electrification [201.04 km] (south central railway [scr] - ii) (705613)|multi-states (maharashtra, telangana)|09/2016 (10/2016)|01/2025 (11/2025)|2595 (3071)|3580.19|94
674|narayangarh-bhadrak 3rd line (south eastern railway [ser] - i) (705629)|multi-states (odisha, west bengal)|03/2019 (03/2017)|12/2025 (06/2026)|2400 (3425.32)|2404.72|66
675|nagapattinam-tiruturaipundi and karaikal-peralam new line (ministry of railways) (400223)|multi-states (puducherry, tamil nadu)|07/2008 (01/2019)|03/2027 (03/2028)|713 (981)|633.24|80
676|sivok-rangpo new rail line (indian railway construction international limited [ircon]) (705432)|multi-states (sikkim, west bengal)|10/2009 (05/2010)|05/2015 (12/2027)|7877 (11775)|9861.45|90
677|sainthia, sitarampur, mughalsarai, allahabad & etawah - bypass line project (eastern railway [er] - i) (602797)|multi-states (uttar pradesh, west bengal)|08/2017 (12/2017)|03/2027 (03/2027)|461.64 (461.64)|197.33|9
678|jharsuguda-barpali-sardega ph ii works- rail connectivity for coal loading bulb at barpali. (south eastern railway [ser] - i) (400006)|odisha|10/2021 (10/2021)|10/2025 (12/2025)|808.99 (808.99)|505.01|31
679|proposed 6 nos road over bridge [rob] at different locations under mcl talcher under deposit scheme. (east coast railway [ecor] - ii) (400045)|odisha|08/2022 (07/2022)|03/2025 (01/2025)|168.32 (168.32)|69.85|82
680|doubling of lingaraj silo connectivity of ntpc line and augmentation of ntpc exchange yard and ntpc block cabin. (east coast railway [ecor] - ii) (400047)|odisha|08/2022 (06/2022)|12/2024 (07/2024)|210 (210)|13.17|40
681|doubling of lines connecting the loading spurs in talcher yard. (east coast railway [ecor] - ii) (400048)|odisha|09/2022 (06/2022)|12/2024 (09/2024)|186.21 (186.21)|45|80
682|brundamal-jharsuguda- flyover connection for joining downline (east coast railway [ecor] - ii) (400232)|odisha|01/2014 (01/2014)|12/2026 (12/2026)|297 (297)|215.87|46
683|3rd & 4th line between sarla - sason [8 km] [pb 73/2023-24/nr] (east coast railway [ecor] - ii) (612834)|odisha|04/2023 (04/2023)|12/2025 (-)|252 (252)|97.64|68
684|bangriposi-gorumahisani new line [ 85.60 km ] (cao/c/ser) (616586)|odisha|08/2024 (09/2025)|12/2029 (-)|2269.49 (2269.49)|4.12|0
685|badampahar-kendujhargarh new line [82.06 km] (cao/c/ser) (616587)|odisha|08/2024 (09/2025)|12/2029 (-)|1875.72 (1875.72)|1.13|0
686|flyover between siju and paradeep coaching yard to avoid surface crossing of trains (east coast railway [ecor] - ii) (616694)|odisha|04/2023 (10/2025)|07/2028 (-)|200.77 (200.77)|30|2
687|paradeep - badabandha 3rd & 4th line / 18.51kms (east coast railway [ecor] - ii) (616695)|odisha|08/2023 (04/2025)|11/2028 (-)|300.15 (300.15)|0.1|5
688|new line between junagarh - nabarangpur [116.21 km] (indian railway) (618995)|odisha|08/2024 (08/2025)|08/2030 (-)|2864.51 (2864.51)|0|0
689|khurda-bolangir new broad gauge rail link [301km] (east coast railway [ecor] - ii) (705358)|odisha|03/1994 (03/2001)|12/2026 (12/2026)|3792 (5089)|5315.25|90
690|talcher-bimlagarh new railway line (east coast railway [ecor] - ii) (705359)|odisha|03/2004 (12/2004)|03/2025 (03/2027)|1928 (1928)|1995.82|50
691|bhadrak-nergundi third line (east coast railway [ecor] - ii) (705510)|odisha|10/2015 (04/2015)|11/2024 (01/2026)|1284 (1284)|1323.62|91
692|koraput - singapur railway doubling (east coast railway [ecor] - ii) (705513)|odisha|12/2015 (12/2015)|12/2027 (03/2028)|2362 (2362)|1856.42|71
693|jarapada- budhapank with flyover at talcher road 3rd and 4th line (east coast railway [ecor] - ii) (705514)|odisha|11/2015 (12/2015)|11/2018 (03/2026)|1000 (810.02)|428.84|58
694|3rd & 4th railway line project from salegaon to budhapank via rajathgarh. (east coast railway [ecor] - ii) (705515)|odisha|07/2013 (12/2015)|03/2026 (03/2026)|1173 (2092)|2063.93|85
695|jeypore-navarangpur new rail line project (east coast railway [ecor] - ii) (705741)|odisha|07/2017 (04/2023)|07/2028 (12/2029)|748 (748)|13.16|1
696|jeypore-malkanagiri new railway line project (east coast railway [ecor] - ii) (705742)|odisha|02/2018 (12/2023)|07/2033 (07/2033)|2344 (2344)|491.99|20
697|khurda road - balangir electrification of railway track project (ministry of railways) (706898)|odisha|09/2018 (09/2019)|03/2021 (-)|267.61 (267.61)|0|0
698|gandhamardan iron ore mines to goaldih station/12.76kms (east coast railway [ecor] - ii) (709811)|odisha|09/2022 (05/2025)|09/2027 (09/2027)|190 (189.93)|0|0
699|jaynagar-bijalpura, incl. extn. bet, bijalpura-bardibas [nepal] (east central railway [ecr] - i) (705362)|offshore|08/2015 (03/2011)|03/2022 (03/2026)|819 (819)|580.51|75
700|north region video surveillance project (rcil) (705298)|pan india|06/2020 (04/2023)|03/2024 (-)|274.39 (274.39)|0|48
701|ludhiana- killa raipur railway doubling project (railway) (705783)|punjab|03/2019 (12/2022)|03/2025 (03/2026)|237.64 (238)|135.92|56
702|devgarh madariya - nathdwara gauge conversion [82.54 km] part of marwar - mavli gauge conversion [152 km] (north western railway [nwr]) (611849)|rajasthan|01/2023 (01/2023)|06/2028 (06/2028)|968.92 (968.92)|192.98|57
703|maintenance cum workshop depot for vande bharat sleeper trains as per conditions under wta 527 (wpo/patna) (611929)|rajasthan|09/2022 (06/2023)|12/2024 (-)|166.86 (166.86)|0|0
704|pushkar- merta city new line (north western railway [nwr]) (616841)|rajasthan|02/2024 (02/2024)|12/2026 (-)|799.64 (799.64)|75.45|6
705|ajmer- chanderiya doubling (north western railway [nwr]) (616843)|rajasthan|02/2024 (02/2024)|06/2027 (-)|1634.79 (1634.79)|203.52|9
706|sadulpur - churu doubling project (north western railway [nwr]) (617403)|rajasthan|01/2024 (01/2024)|06/2026 (-)|468.64 (468.64)|136.58|55
707|pokhran - ramdevra new line (north western railway [nwr]) (617404)|rajasthan|04/2025 (04/2025)|03/2028 (-)|189.21 (189.21)|0|0
708|nathdwara- nathdwara town nl (north western railway [nwr]) (617408)|rajasthan|03/2019 (04/2024)|03/2027 (-)|166.33 (166.33)|89.62|5
709|dholpur - sirmuttra gauge conversion (north central railway) (705482)|rajasthan|03/2022 (04/2020)|02/2019 (02/2027)|747 (747)|436.56|45
710|gudha-thatha mithri construction of railway track project (north western railway [nwr]) (705752)|rajasthan|04/2019 (04/2019)|11/2026 (11/2026)|819.48 (967.06)|393.8|99
711|sawai madhopur-jaipur railway line project (north western railway [nwr]) (705912)|rajasthan|02/2024 (04/2023)|03/2027 (-)|1203.89 (1203.89)|137.81|13
712|agra fort-bandikui doubling line project (cao/c/ncr) (705919)|rajasthan|06/2022 (02/2021)|06/2027 (06/2027)|1390 (1390)|362.92|57
713|sawaimadhopur bye pass line project (north western railway [nwr]) (706866)|rajasthan|12/2022 (01/2023)|03/2026 (05/2027)|304 (304)|60.48|65
714|phase ii extension of mrts from velachery to st thomas mount (ministry of railways) (400280)|tamil nadu|11/2007 (11/2008)|07/2025 (09/2025)|734 (734.01)|479.19|99
715|redevelopment of chennai egmore station (ministry of railways) (613002)|tamil nadu|05/2022 (10/2022)|03/2026 (-)|842 (842)|340|0
716|coach production factory upgradation project (cpm/icf) (705244)|tamil nadu|12/2017 (07/2018)|12/2021 (-)|520 (520)|192.25|0
717|doubling between bhadrachalam road and dornakal (south central railway [scr] - ii) (616856)|telangana|08/2023 (04/2025)|04/2029 (-)|770.12 (770.12)|48.35|0
718|railway manufacturing unit (rvnl - ii) (617409)|telangana|07/2016 (02/2023)|12/2026 (03/2026)|521.36 (521.36)|439.95|80
719|kazipet wagon overhauling project (rvnl) (705252)|telangana|09/2017 (07/2017)|12/2023 (-)|385 (385)|0|0
720|manoharabad-kothapalli new rail line [151 km] (south central railway [scr] - ii) (705437)|telangana|07/2016 (01/2017)|03/2027 (12/2027)|1160 (2781)|2332.39|71
721|bahraich-shravasti-balrampur-siddharthnagar -santkabir nagar (north eastern railway [ner]) (400204)|uttar pradesh|10/2018 (03/2017)|10/2030 (10/2030)|4939.78 (4939.78)|1263.98|8
722|sahjanwa-dohrighat (north eastern railway [ner]) (400205)|uttar pradesh|08/2019 (03/2017)|03/2029 (03/2029)|1319.75 (1319.75)|511.08|3
723|varanasi-pt. deen dayal upadhyaya multitracking 15km including construction of new rail-cum-road bridge across ganga river. (northern railways) (617213)|uttar pradesh|10/2024 (10/2025)|10/2029 (-)|2464.46 (2464.46)|0|0
724|anandnagar - ghugli via maharajganj new line 52.7 km (construction ner) (617252)|uttar pradesh|10/2023 (11/2023)|03/2028 (-)|958.27 (958.27)|455.29|23
725|chunar-chopan doubling project (north central railway) (617284)|uttar pradesh|08/2023 (01/2025)|03/2028 (-)|1423.96 (1423.96)|64.45|8
726|surface triangle line bet. bhadura stn and new crossing stn karma (east central railway [ecr] - i) (617333)|uttar pradesh|10/2022 (05/2024)|02/2027 (-)|199.96 (199.96)|1.05|0
727|doubling between jaunpur jn - zaffarabad 6.28 km (m/s src company infra private limited) (617370)|uttar pradesh|03/2023 (02/2025)|01/2027 (-)|180.66 (180.66)|4|13
728|burhwal gonda 3rd line (north eastern railway [ner]) (705567)|uttar pradesh|11/2017 (07/2019)|03/2025 (01/2026)|1016 (1118)|1461.48|88
729|janghai-pratapgarh- amethi (cao/c/ii/nr) (705588)|uttar pradesh|11/2017 (03/2017)|03/2025 (03/2026)|722 (1194)|1601|70
730|lalitpur-birari with flyover at lalitpur- 16 km (north central railway) (705766)|uttar pradesh|03/2017 (11/2017)|12/2024 (01/2026)|304.44 (356)|241.27|80
731|allahabad-bamhrauli flyover construction & 4th railway line project (north central railway) (705771)|uttar pradesh|04/2019 (10/2020)|03/2026 (03/2026)|494 (494)|371.2|67
732|mughalsarai-allahabad, 3rd line (north central railway) (705772)|uttar pradesh|12/2015 (03/2016)|12/2026 (03/2027)|2649 (2649.44)|1728.5|66
733|aligarh -daud khan flyover construction & 3rd railway line project (cao/c/ncr) (705774)|uttar pradesh|04/2019 (09/2020)|01/2025 (03/2027)|758 (779.49)|421.6|73
734|bhandai - flyover for etawah bound down train- 10 km (north central railway (ncr) - ii) (705777)|uttar pradesh|07/2020 (04/2021)|02/2026 (02/2027)|250.18 (250.18)|115.69|8
735|bhatni-aurnihar with electrification excluding indara-mau (rvnl - i) (705780)|uttar pradesh|03/2018 (03/2017)|12/2024 (03/2026)|2529 (2529.46)|2080.41|94
736|barabanki-malhaur 3rd & 4th railway line project (ministry of railways) (705782)|uttar pradesh|01/2019 (04/2017)|03/2025 (03/2026)|407 (407)|317|75
737|rishikesh-karnaprayag new rail line- 125 km (rvnl - ii) (705429)|uttarakhand|11/2016 (08/2018)|12/2025 (12/2028)|38953 (38953)|26840.95|72
738|kalinarayanpur-krishnanagar doubling alongwith krishnanagar - chapra new line and naihati-ranaghat 3rd line. (eastern railway [er] - i) (400247)|west bengal|07/2015 (11/2005)|02/2027 (02/2027)|1000 (1000)|1054.94|69
739|tarakeshwar-bishnupur new line [82.47 km] (eastern railway [er] - i) (400273)|west bengal|03/2001 (02/2008)|03/2019 (02/2026)|1189 (1542)|1338.36|92
740|dum dum airport-new garia via rajarhat-construction of metro railway (rvnl - ii) (400277)|west bengal|03/2010 (10/2011)|12/2025 (03/2026)|8964 (8964)|8428.89|85
741|construction of balurghat-hilli new bg line (northeast frontier railway [nfr]) (612096)|west bengal|12/2010 (12/2010)|03/2027 (03/2027)|1209 (1181.57)|428.37|12
742|ser upgradation of maintenance infrastructure at shalimar into vande bharat chair car maintenance cum workshop depot. (south eastern railway - jh) (617345)|west bengal|03/2024 (12/2024)|10/2026 (-)|226.87 (226.87)|33.7|36
743|joka-bbd bag new metro project (rvnl - ii) (705730)|west bengal|03/2010 (04/2010)|12/2026 (12/2029)|4835 (10362)|4740.17|51
744|noapara-barasat via bimanbandar - construction of metro railway [18 km] (metro railway, kolkata) (706776)|west bengal|11/2010 (03/2010)|08/2026 (03/2029)|4830 (4830)|2764.13|32
745|baranagar-barrackpore and dakshineshwar- construction of metro railway (rvnl - ii) (706777)|west bengal|03/2010 (03/2010)|12/2026 (12/2030)|2298 (2734)|393.01|17
746|krishnapatnam node - phase 1 - roads and services development (national industrial corridor development corporation) (701658)|andhra pradesh|12/2020 (02/2024)|02/2028 (-)|2139.44 (2139.44)|568.22|27
747|tumakuru node - phase 1 - roads and services development (national highways & infrastructure development corporation ltd. [nhidcl]) (701657)|karnataka|12/2020 (02/2023)|09/2026 (-)|1701.81 (1701.81)|184.16|17
748|rehabilitation and up-gradation from km 170700 bhadrachalam to km 234567 konta on nh-30 to two lane with paved shoulder in the state of andra pradesh on epc mode. (morth) (617907)|andhra pradesh|12/2021 (09/2022)|09/2024 (-)|436.09 (436.09)|207.05|89
749|tadipatri bypass km 0000 to km 6285 of 4-lane on nh-67 in anantapuramu district of ap state under nho on epc mode under annual plan 2022-23 (morth) (617949)|andhra pradesh|03/2023 (03/2024)|03/2026 (-)|159.66 (159.66)|32.57|69
750|gudivada town 2 rob, and road improvement nh-165 (morth) (617984)|andhra pradesh|03/2022 (05/2023)|05/2025 (-)|317.22 (317.22)|0|67
751|widening to two lane with paved shoulders from km 0/0 to 64/020 pamarru to akiveedu (morth) (617985)|andhra pradesh|03/2020 (11/2021)|11/2023 (02/2024)|529.54 (588.65)|0|0
752|kurnool/kadapa border-jammalamadugu section of nh-167k i.e. design ch. km 248010 to km 269900 to 2 (morth) (617986)|andhra pradesh|03/2023 (12/2024)|12/2026 (-)|292.63 (292.63)|0|40
753|construction of bypass road to adoni town connecting nh-167 hagari - jadcharla road from km.62/700 to 71/400 in kurnool district in the state of andhra pradesh. (morth) (617990)|andhra pradesh|03/2023 (02/2024)|11/2025 (-)|242 (242)|78.49|95
754|rehabilitation and up-gradation of nh-167 from km 14/900 to km70/000 design ch. 14/900 to 69/700 chintakunta to adoni section to two lane with paved shoulders in the state of andhra pradesh under corridor approach through engineering, procurement (morth) (617991)|andhra pradesh|11/2016 (05/2017)|05/2019 (11/2020)|290.15 (290.15)|0|0
755|rehabilitation and up-gradation of existin of road from 2-lane to 2-lane with paved shoulders from km. 0.00 to km 53.590 total length-53.590 km of raychoti to vempalli section of nh-440 in the state of andhra pradesh on epc mode. (morth) (618037)|andhra pradesh|12/2021 (05/2022)|05/2024 (-)|439.82 (359.52)|121.22|0
756|dornala to kunta junction from design chainage km 244000 to 267990 section of nh-765 package-2 (morth) (618062)|andhra pradesh|12/2022 (03/2024)|09/2025 (-)|244.83 (244.83)|0|83
757|widening to two lane with paved shoulder of rampachodavaram - koyyuru section of nh 516e from km 43700 to km 113820 in the state of andhra pradesh on epc mode job no. 737 (morth) (618145)|andhra pradesh|03/2022 (01/2023)|01/2025 (-)|568.12 (568.12)|289.47|92
758|widening and reconstruction of existing road to four lane from km.56400 to km 120300 i.e. from b.kothapalli junction to gorantla excluding kadiri bypass from km 70200 to km 77105 of nh 716g in the state of andhra pradesh on epc mode job no. 742 (morth) (618161)|andhra pradesh|03/2022 (09/2023)|12/2025 (-)|839.98 (839.98)|360.45|99
759|rehabilitation and upgradation of nh-167ad from macherla to dachepalli via paluvai junction, rentachinthala, gurazala from km.0.000 to 43.659 to two lane with paved shoulders in the state of andhra pradesh job-729 (morth) (618191)|andhra pradesh|01/2022 (01/2023)|01/2025 (-)|403.22 (403.22)|220.99|97
760|duttalur at nh-565 junction to kavali joining on nh-16 chainage km. 36/400 to km. 107/224 excluding the stretch from km 101.880 to 105.300 67.404 km of nh-167bg from in the state of andhra pradesh on epc mode (morth) (618192)|andhra pradesh|03/2021 (07/2022)|07/2024 (-)|423.67 (423.67)|0|81
761|rehabilitation and upgradation of new nh 544dd from design chainage km. 56/000 to 102/20 of kalyandrg - molakalmuru section (morth) (618194)|andhra pradesh|03/2018 (08/2018)|02/2020 (11/2021)|294.13 (285.29)|287.94|98
762|rehabilitation and up-gradation of pasarlapudi to dhindi section from km 105/170 to km 126/510 of nh -214 new nh -216 to two lane with paved shoulder in the state of andhra pradesh under nhdp-iv (morth) (618237)|andhra pradesh|03/2017 (09/2017)|09/2019 (05/2024)|263.45 (263.45)|151.56|98
763|rehabilitation and up-gradation of thimmapuram to gurajanapalli section from km 26/150 to km 41/161 of nh - 214 new nh - 216 to two lane with paved shoulder in the state of andhra pradesh under nhdp-iv (morth) (618238)|andhra pradesh|08/2016 (01/2017)|07/2018 (12/2021)|350.61 (432.91)|0|0
764|construction of paderu bypass km 0000 to km 13000 of 2- lane with paved shoulder on nh-516e (morth) (618254)|andhra pradesh|03/2023 (01/2025)|07/2026 (-)|244.43 (244.43)|2.14|3
765|two laning with paved shoulders of lambasingi to paderusection of nh 516e (morth) (618255)|andhra pradesh|04/2020 (11/2023)|11/2025 (-)|361.24 (358.05)|77.68|23
766|rehabilitation and upgradation to 2-lane with paved should ders sir, configuration of chaprathipalem to lambasingi section km 165500 to km 205000 of nh-516e in the state of andhra pradesh under green national highways corridor project gnhcp with the loan assistance of world bank on epc mode (morth) (618256)|andhra pradesh|08/2020 (10/2022)|10/2024 (-)|311.22 (311.22)|172.01|76
767|rehabilitation and upgradation to 2-lane with paved shoulders configuration of koyyuru to chaprathipalem section km 120000 to km 165500 of nh-516e in the state of andhra pradesh under green national highways corridor project gnhcp with the loan assistance of world bank on epc mode (morth) (618257)|andhra pradesh|08/2020 (07/2022)|07/2024 (06/2025)|349.29 (349.29)|221.52|86
768|two laning with paved shoulders of gondiguda to araku uptobhallaguda section of nh 516e (morth) (618258)|andhra pradesh|08/2020 (09/2021)|09/2023 (09/2024)|296.66 (289.11)|237.52|91
769|two laning with paved shoulders of paderu to gundigudasection of nh 516e (morth) (618259)|andhra pradesh|08/2020 (03/2021)|03/2023 (03/2024)|222.61 (222.61)|122.52|100
770|construction of i connecting road from z-morh tunnel to zojila tunnel road length 18.475km and ii 14.150 km long 2-l bi-directional single tube zoji-la tunnel across zojila pass on sonamarg - kargil section from km 82 to km 118 of nh-01 under pmdp (nhidcl) (618412)|andhra pradesh|01/2018 (10/2020)|09/2026 (12/2027)|6808.69 (6808.69)|0|0
771|bangalore chennai expressway phase-ii pkg-ii from km.96.000 to km 127.000 baireddypalle to bangarupalem section (national highways authority of india [nhai]) (618475)|andhra pradesh|02/2021 (06/2023)|06/2025 (06/2026)|2548.04 (2548.04)|1058.1|81
772|bangalore chennai expressway phase-ii pkg-iii from km.127.000 to km 156.000 bangarupalem to gudipala section (national highways authority of india [nhai]) (618476)|andhra pradesh|11/2020 (10/2022)|10/2024 (-)|1407.33 (1407.33)|675.5|99
773|six laning of vijayawada bypass from gollapudi to chinnakakani in vijayawada - gundugolanu section from km. 30.00 to km. 47.881 pkg-iv (national highways authority of india [nhai]) (618527)|andhra pradesh|01/2020 (07/2021)|01/2024 (-)|1194.57 (1757.82)|683.06|97
774|renigunta - poyya - naidupeta km 124.60 to km 183.4 of nh 71 (national highways authority of india [nhai]) (618700)|andhra pradesh|03/2020 (01/2022)|01/2024 (10/2024)|1863.09 (2510.14)|1231.42|98
775|6l access controlled greenfield highway from kodur ch. 0000 to vanavolu ch. 24300 of [nh-544g] package-1 (national highways authority of india [nhai]) (618712)|andhra pradesh|01/2023 (02/2024)|02/2026 (-)|912.94 (798.25)|300.35|79
776|6l access controlled greenfield highway from yerragudipadu ch. 129000 to audireddipalle ch. 160000 of [nh 544g] package-6 (national highways authority of india [nhai]) (618713)|andhra pradesh|02/2023 (02/2024)|02/2026 (-)|1200.42 (1019.69)|178.26|24
777|6l access controlled greenfield highway from nallacheruvu palli ch. 96300 to yerragudipadu ch. 129000 of [nh-544g] package-5 (national highways authority of india [nhai]) (618714)|andhra pradesh|02/2022 (02/2024)|02/2026 (-)|1253.26 (1095.78)|253.91|41
778|6l access controlled greenfield highway from odulapalle ch. 72000 to nallacheruvu- palli ch. 96300 of [nh-544g]package-4 (national highways authority of india [nhai]) (618715)|andhra pradesh|01/2023 (02/2024)|02/2026 (-)|1058.9 (946.1)|328.59|63
779|6l access controlled greenfield highway from vankarakunta ch. 45700 to odulapalle ch. 72000 of [nh-544g]package-3 (national highways authority of india [nhai]) (618716)|andhra pradesh|12/2022 (03/2024)|03/2026 (-)|992.91 (888.07)|279.55|65
780|6l access controlled greenfield highway from vanavolu ch. 24300 to vankarakunta ch. 45700 of [nh-544g] package-2 (national highways authority of india [nhai]) (618717)|andhra pradesh|01/2023 (03/2024)|03/2026 (-)|750.81 (626.91)|203.13|72
781|6l access controlled greenfield highway from mallapalle ch. 176000 to kavulakuntla ch. 196000 package-08 (national highways authority of india [nhai]) (618719)|andhra pradesh|02/2023 (02/2024)|02/2026 (-)|909.02 (751.81)|225.97|40
782|6l access controlled greenfield highway from audireddipalle ch. 160000 to mallapalle ch. 176000package-07 (national highways authority of india [nhai]) (618720)|andhra pradesh|02/2023 (03/2024)|03/2026 (-)|987.1 (848.06)|254.31|54
783|6l access controlled greenfield highway from chandrasekharapuram ch. 228000 to polavaram ch. 260000of [nh-544g] package-11 (national highways authority of india [nhai]) (618721)|andhra pradesh|02/2023 (02/2024)|02/2026 (07/2026)|1292.65 (1110.33)|255.71|43
784|khammam-devarapalle pkg iv [4l access controlled greenfield from recherla village to gurvaygudem village design chainage 105236 to 132664] (national highways authority of india [nhai]) (618748)|andhra pradesh|11/2020 (09/2022)|09/2024 (05/2025)|569.37 (752.02)|322.19|94
785|khammam-devarapalle pkg v [4l access controlled greenfield from gurvaygudem village to devarapalle village design chainage 132664 to 162126 (national highways authority of india [nhai]) (618749)|andhra pradesh|12/2020 (09/2022)|09/2024 (06/2025)|711.94 (926.48)|376.11|88
786|4l of pileru to kalur section from km 55.900 to km 92.800 & km 94.500 to km 95.717 of nh-71package-ii (national highways authority of india [nhai]) (618777)|andhra pradesh|03/2022 (10/2023)|11/2025 (-)|1877.47 (592.85)|245.55|98
787|4l of madanapalle to pileru section from km 0.000 to km 55.900 of nh-71package-i (national highways authority of india [nhai]) (618778)|andhra pradesh|02/2022 (01/2023)|01/2025 (06/2025)|1877.47 (1994.1)|1024.27|94
788|development of 4l road from samarlakota to achampeta junction as part of kakinada port connectivity to nh-16 rajanagaram junction in east godavari district (national highways authority of india [nhai]) (618803)|andhra pradesh|09/2022 (08/2023)|08/2025 (-)|645.63 (750.2)|543.32|74
789|dedicated port road to krishnapatnam port package-i from km. 0.000 to km. 18.000 (national highways authority of india [nhai]) (618804)|andhra pradesh|03/2018 (12/2018)|12/2020 (-)|348.72 (341.36)|59.91|75
790|4l greenfield road connecting north and south industrial cluster of khandaleru creek near krishnapatnam port at thamminapatnam to mollur from km 0.0 to km 16.046, part i & 6l extension of dedicated port road of nh-67 km 18.0 to km 19.3, part ii (national highways authority of india [nhai]) (618807)|andhra pradesh|08/2022 (09/2023)|09/2025 (-)|609.43 (559.98)|403.36|73
791|4 laning of nh-544d from km 0.000 to km 37.000 of anantapur- muchukota section pkg-1 (national highways authority of india [nhai]) (618826)|andhra pradesh|10/2022 (07/2023)|07/2025 (-)|907.76 (905.98)|410.28|91
792|4 laning of nh-544d from km 37.000 to km 69.000 of muchukota- bugga section pkg-2 (national highways authority of india [nhai]) (618827)|andhra pradesh|10/2022 (08/2023)|08/2025 (-)|1097.57 (1055.23)|320.15|70
793|4l ps from mandlem existing km. 38.000/design km.30.600 to atmakur existing km.73.000/design km 66.115 of nh340c package2 (national highways authority of india [nhai]) (618919)|andhra pradesh|03/2023 (11/2023)|11/2025 (-)|887.28 (913.03)|374.34|99
794|construction of 2-lane road of potin to pangin section of nh-13 from km 163.59 to km 206.66 package-5 on epc mode in the state of arunachal pradesh under arunachal pradesh package of roads and highways of sardp-ne [job no sardp-ne/p- p/pkg-a/nh-13/ar.pr./pwd/2018-19/116] (morth) (617892)|arunachal pradesh|03/2019 (11/2020)|11/2023 (07/2024)|450.65 (450.65)|303.39|96
795|4-laning of itanagar to bandardewa section of nh-415from km 40430 to km 51735 package-bon epc mode in the state of arunachal pradesh job no. 415/ar. p/2020- 21/031 (morth) (618033)|arunachal pradesh|06/2020 (12/2021)|12/2024 (-)|496.47 (496.47)|153.63|48
796|construction of 2-laning with hard shoulders of hayuliang hawai bypass road on epc basis from design km. 51.825 to km. 63.131 existing km 45.050 of hayulianghawai road to hawai town under sardp-ne -balance work pkg - iv (nhidcl) (618424)|arunachal pradesh|01/2017 (05/2021)|05/2023 (07/2026)|256.66 (216.76)|0|93
797|construction of balance work of 2-lane with ps of joram-koloriang road nh-713 on epc basis from design km 44.989 to km 61.547 existing km 50.050 to km 70.000 in the state of arunachal pradesh under sardp-ne pkg-3 (nhidcl) (618432)|arunachal pradesh|02/2017 (10/2020)|04/2022 (07/2023)|228.72 (228.72)|0|99
798|construction of balance work of 2-lane with ps of joram koloriang road from existing km122.600 to km138.00 [design km108.724 to km123.714] in arunachal pradesh on epc mode under sardp-ne pkg-7 (nhidcl) (618433)|arunachal pradesh|02/2017 (10/2020)|04/2022 (07/2023)|184.89 (184.89)|0|98
799|roing-hunli road greenfield alignment project (nhidcl) (618434)|arunachal pradesh|02/2017 (03/2018)|03/2022 (04/2025)|1718.59 (1718.59)|0|77
800|construction of mangaldoi bypass nh-15 starting at ch 26400 and terminating at ch 41505 under rangia nh division l 15.105 km in the state of assam. job no. 15/as/2021-22/234 (morth) (617895)|assam|03/2022 (04/2023)|04/2025 (-)|535.03 (535.03)|104.57|55
801|4-l bilasipara-guwahati package-10 (nhidcl) (618282)|assam|03/2023 (12/2023)|06/2026 (-)|1264.9 (1264.9)|0|39
802|4-l bilasipara-guwahati package-9 (nhidcl) (618283)|assam|03/2023 (12/2023)|06/2026 (-)|1000.27 (1000.27)|0|40
803|widening/improvement to 4-lane with paved shoulder from km 99930 to km 143680 design chainage 96000 to 139750 of paikan to dhupdhara sahar of bilasipura- guwahati road on nh-17 in the state of assam on epc mode under bharatmala pariyojana in economic corridors project length 43.750km under nho-ne package- 8 (nhidcl) (618284)|assam|03/2023 (12/2023)|12/2026 (-)|1457.59 (1457.59)|0|56
804|widening/improvement to 4 -lane with paved shoulder from ch. 88.000km to ch.99.930 km design ch.84.100km to ch.96.000 km of sagunbashi forest near nichinta to starting of krishnai bypass section of bilasipura guwahati road nh 17 on epc package-7 (nhidcl) (618285)|assam|03/2021 (10/2023)|10/2025 (-)|286.72 (286.72)|0|100
805|construction of new 2-lane bridge with its approaches from km 0000 to km 4385 across river brahmaputra on nh-17 at jogighopa in assam on epc mode (nhidcl) (618286)|assam|09/2021 (11/2021)|11/2024 (06/2026)|746.76 (746.76)|0|0
806|construction and up gradation to 4-lane of existing two lane with paved shoulder from hapachara to tulungia road of nh-117 of existing km 0.00 to km 14.050 and design km 0.000 to km 14.660 under bmp on epc mode (nhidcl) (618289)|assam|03/2020 (06/2020)|12/2022 (06/2024)|224.85 (224.85)|204.19|0
807|construction of 4-lane panchgram bypass from design chainage km 15500 on nh- 37 old nh-53 at kalinagar pt.-i village to design chainage km 27300 at crossing with nh-6 old nh-44 near siddeswar pt.-i village on silchar - churaibari stretch in the state of assam on epc mode under bharatmala pariyojana in economic corridors silchar- churaibari package-2 (nhidcl) (618308)|assam|03/2023 (08/2024)|02/2027 (-)|676.18 (728.97)|0|46
808|4-laning of dhanehari lailapur / vairengte section from existing chainage km 12920 to km 43000 of nh 306 design chainage km 20000 to km 49360 on silchar - vairengte sairang road in the state of assam under bharatmala pariyojna on epc mode. project length 29.360 km under nho-ne package-2 (nhidcl) (618314)|assam|03/2023 (02/2024)|08/2026 (-)|1716.21 (1716.21)|848.23|64
809|4-laning of silchar - dhanehari section from existing chainage km 263800 of nh 37 to km 12920 of nh 306 design chainage km 0000 to km 20000 on silchar - vairengte - sairang road in the state of assam under bharatmala pariyojna on epc mode package-1 (nhidcl) (618315)|assam|02/2023 (01/2024)|07/2026 (-)|1256.9 (1256.9)|0|0
810|dillai to lahorijan package-7 (nhidcl) (618325)|assam|11/2021 (01/2023)|07/2024 (12/2025)|204.1 (204.1)|0|0
811|widening/improvement to 4-lane with paved shoulder from km 38500 to km 51246 design chainage 38500 to 50959 with proposed daboka bypass of daboka- parokhaowa of nh 29 on epc under nho-ne package-1 (nhidcl) (618326)|assam|01/2023 (11/2023)|11/2025 (-)|516.88 (516.88)|0|0
812|widening/improvement to 4-lane with paved shoulder from km 113300 to km 146230 design chainage 113830 to 145712 of kwaram taro village - dillai section in assam on epc package-6 (nhidcl) (618327)|assam|09/2021 (07/2022)|07/2024 (03/2025)|625.64 (625.64)|0|0
813|construction of 4/6 laning from existing km 159.400 of nh-36 to existing km 102.500 of nh-39 and upto end point of assam portion [design km 118.050 to design km 132.375] total new alignment length of 14.325 km of daboka -dimapur section dimapur bypass in the state of assam under sardp-ne 'phase-a' on epc mode assam portion (nhidcl) (618330)|assam|03/2018 (11/2019)|11/2022 (08/2024)|511.02 (511.02)|0|0
814|widening/improvement to 2-lane lane with paved shoulder from km 16900 bogapani to km 27150 golai goan on existing dibrugarh to ledo section with proposed digboi bypass green field and brownfield 2-laneps of nh-315 old nh-38 in tinsukia district under nho- ne package-4 (nhidcl) (618339)|assam|01/2023 (12/2023)|12/2026 (-)|356.65 (356.65)|0|20
815|widening/improvement to 4-lane with paved shoulder from km 626030 nalani hulla gaon to km 650450 chotahapjan on existing tinsukhia -makum bypass of nh-15 old nh-37 and strengthening of existing nh-315 old nh-38 from km 0000 chotahapjan to km 16900 bogapani section 2-lane ps in assam on epcmode under nho-ne package-3 (nhidcl) (618340)|assam|01/2023 (05/2023)|09/2025 (-)|458.59 (458.59)|0|68
816|widening & upgradation to 2 lanes with paved shoulders road from tamenglong to mahur nh-137 in the state of assam starting from km 156.489 near p. leikul to km 176.410 near borowapu on epc mode under nho-ne assam portion package-10 (nhidcl) (618351)|assam|03/2023 (08/2023)|08/2025 (-)|890.33 (693.15)|0|0
817|widening & upgradation to 2 lanes with paved shoulders road from tamenglong to mahur nh-137 in the state of assam starting from km 136.500 near hejaichak to km 156.489 near p. leikul package-9 on epc mode under nho-ne package-9 (nhidcl) (618352)|assam|03/2023 (08/2023)|08/2025 (-)|860.37 (614.43)|0|0
818|widening & upgradation to 2-lanes with paved shoulders road from tamenglong to mahur nh-137 in the state of assam starting from km 116.480 near hangrum to km 136.500 near hejaichak package-8 on epc mode under nho-ne package 8 (nhidcl) (618353)|assam|03/2023 (08/2023)|08/2025 (-)|904.04 (904.04)|0|0
819|wideinig & upgradation to 2-lanes with paved shoulders road from tamenglong to mahur nh-137 in the state of assam starting from km 96.870 near jiri river to km 116.550 near hangrum package-7 on epc mode package7 (nhidcl) (618354)|assam|12/2023 (03/2024)|03/2026 (-)|846.82 (846.82)|0|71
820|widening/improvement to 4-lane with paved shoulder from km 55000 nagabang gamsuk to km 82514 oyan in the state of assam and arunachal pradesh on epc mode under bharatmala pariyojna of length 27.514 km package-3 (nhidcl) (618359)|assam|03/2023 (09/2024)|08/2025 (-)|665.47 (665.47)|0|54
821|widening/improvement to 4-lane with paved shoulder configuration of existing single lane road from srirampur near bhairiguri village to kachukhana harichara paglagaunj package-i of srirampur - dhubri section of nh-127b from existing km 0.000 to km 28.050 design km 0.000 to km 27.650, design length27.650 km under jica oda loan assistance phase-v -balance work (nhidcl) (618371)|assam|03/2022 (11/2024)|11/2026 (-)|613.89 (613.89)|0|43
822|widening / improvement to 4-lane with paved shoulder configuration of existing single lane road from kachukhana harichara paglagaunj to dhubri - phulbari bridge approach package-ii of srirampur - dhubri section of nh-127b from existing km 28.050 to km 55.060 design km 27.650 to km 54.154, design length26.504 km under jica oda loan assistance phase-v [srirampur - dhubri pkg-2] (nhidcl) (618372)|assam|03/2022 (01/2023)|06/2025 (-)|909.02 (909.02)|0|100
823|construction of 4-lane bridge including approaches over river brahmaputra between dhubri on north bank,assam and phulbari on south bank,meghalaya on nh-127b under jica oda loan assistance phase-iii (nhidcl) (618373)|assam|05/2019 (12/2020)|09/2028 (12/2028)|4997.04 (4997.04)|0|67
824|4-laning from rangagara to kaliabor tiniali from km 297.00 to km 315.315 of nh-37 on epc basis under sardp-ne in state of assam (nhidcl) (618435)|assam|01/2016 (10/2017)|04/2020 (03/2025)|386.51 (386.51)|0|0
825|4-laning of jamugurihat to end of biswanath chariali by-pass from km 182.000 to km 208.000 of nh-52 on epc mode in state of assam under sardp-ne (nhidcl) (618436)|assam|03/2015 (12/2016)|06/2019 (03/2025)|599 (599)|0|0
826|construction of balance work of 4-laning of nh-37 section between end of moran bypass to bogibeel junction near lapetketa km. 561.700-km. 580.875 under sardp- ne, phase 'a' in the state of assam on epc mode pkg-i road works & toll plaza (nhidcl) (618437)|assam|01/2016 (09/2024)|08/2025 (-)|274.34 (274.34)|0|100
827|4-laning of nh-37 section between demow to end of moran bypass from km. 534.800 to km. 561.700 including emergency landing facility elf under sardp-ne, phase 'a' in the state of assam on epc mode (nhidcl) (618438)|assam|01/2016 (01/2023)|08/2025 (01/2025)|385.57 (385.57)|0|0
828|construction of balance work of 4-laning of the section from jhanji to demow of nh- 37 old from km 490.800 to km 501.800 11.000 km, under sardp- ne under epc mode in the state of assam pkg-i road works (nhidcl) (618441)|assam|01/2016 (10/2024)|09/2025 (-)|467.79 (476.5)|72.13|0
829|development of external trunk connectivity and internal infrastructure works at multi model logistics parkmmlp at jogighopa in the state of assam on epc mode package-i road and utility works (nhidcl) (618455)|assam|02/2020 (09/2020)|09/2024 (10/2024)|693.97 (693.97)|0|0
830|6l standalone flyovers at bongaigaon, chapaguri, pathsala, simlaguri chowk and baihata bypass junctions on stretches of nh-31 and nh-27 (national highways authority of india [nhai]) (618575)|assam|03/2022 (01/2023)|07/2024 (-)|457.72 (412.15)|371.63|100
831|6l standalone flyovers at raha, demow, borghat, kathiatali junctions and rob at jagiroad on stretches of nh 36 and nh 27 (national highways authority of india [nhai]) (618576)|assam|03/2022 (12/2022)|06/2024 (-)|280.75 (255.53)|211.79|99
832|construction of proposed 4lane revelgunj bypass nh-19 in the state of bihar on epc mode connecting nh 19 to 85 origin (morth) (617897)|bihar|03/2022 (07/2023)|07/2025 (-)|295.24 (295.24)|33.07|73
833|widening & strenthening from km132.895 to km 190.15 nh-80 (morth) (617958)|bihar|03/2021 (11/2022)|11/2024 (-)|566.1 (566.1)|221.6|37
834|rehabilitation & widening work for 2 lane with paved shoulder of existing nh-80 from km 70.15 to km 121.025 of munger-suttanganj -bhagatpurmirzachowki section on epc mode in the state of bihar. (morth) (617959)|bihar|03/2021 (02/2023)|01/2025 (-)|477.54 (477.54)|311.39|95
835|gaya-hisua-rajgir-nalanda-biharsharif section km0.00 to 92.935 nh-82 (morth) (617961)|bihar|01/2014 (11/2016)|11/2019 (07/2022)|1408.85 (2138.16)|0|0
836|rehabilitation and upgrading to 2 lanes/2-lane with paved shoulders configuration and strengthening of of birpur and bihpur section from km 0.0 to km 106 of nh 106 under phase i of national highways interconnectivity improvement projects nhiip icb no. nhiip-br-106-7 [nhiip-br-106-7] (morth) (617966)|bihar|01/2014 (10/2016)|10/2019 (06/2022)|780.77 (961.33)|0|0
837|construction of 4 lane rob and its approaches at the level crossing lc no 29 b of km 29 ekangarsarai at nh 110 new nh 33 & railway km 32.63 at fatwa fut islampur ipr section in the state of bihar on epc mode. (morth) (617969)|bihar|03/2023 (07/2024)|07/2026 (-)|201.08 (201.08)|0.01|32
838|construction of bhabhua bypass from ch. 10800design ch. 10800 to ch. 19860 design ch. 18150 and chand bypass from ch. 38060 design ch. 36250 to ch. 40460 design ch. 38650 and widening of existing road to 2 - lane with paved shoulder from ch. 40460 design ch. 38650 to ch. 46860 design ch. 45050 of nh-219 total length- 16.150 kmunder epc mode in the state of bihar (morth) (618004)|bihar|02/2022 (01/2025)|07/2026 (-)|179.86 (179.86)|0|0
839|sheohar-sitamarhi section km 40.000 to 79.400 km lot-i (morth) (618005)|bihar|02/2016 (05/2016)|05/2018 (06/2021)|178.85 (278.53)|0|98
840|sitamarhi-jaynagar section km 79.400 to km 156.500 lot-ii (morth) (618006)|bihar|02/2016 (06/2016)|12/2018 (06/2021)|369.77 (503.28)|0|98
841|jaynagar-narahia section km 156.500 to km 219.945 lot-iii (morth) (618007)|bihar|02/2016 (05/2016)|11/2018 (03/2021)|553.3 (706.39)|0|99
842|improvement to two lane with paved shoulder from junction of nh22 near hajipur to junction of nh -122 at bachhwara via mahnar and mohiuddin nagar from km 0.00 to km 29.730 of nh 122 b in the state of bihar. (morth) (618073)|bihar|02/2024 (08/2024)|11/2025 (-)|226.16 (226.16)|0|0
843|pre construction activity of nh 122b from km 0 to 72.348 and improvement to two lane with paved shoulders of nh 122b from km 29.730 to km 72.348 in state of bihar under epc mode (morth) (618074)|bihar|02/2022 (05/2023)|11/2024 (-)|624.43 (624.43)|153.21|90
844|improvement to two lane with paved shoulders of bh wb border amdabad manihari section from design km 0.000 to km 23.945 of nh 131 a total length 23.945 km under epc mode in the state of bihar (morth) (618080)|bihar|01/2022 (09/2024)|03/2026 (-)|353.27 (353.27)|0|2
845|improvement to two lane with paved shoulders of nh-319a from km 0 to km 45 in state of bihar under epc mode (morth) (618121)|bihar|02/2022 (06/2023)|12/2024 (-)|427.29 (427.29)|176.32|0
846|estimate for improvement to two lane with paved shoulder from ramnagar to roseda from km 3.500 to 43.000 of nh 527 e on epc mode in state of bihar (morth) (618146)|bihar|01/2022 (10/2024)|04/2026 (-)|495.16 (495.16)|0|0
847|construction of a new 4 lane parallel to existing mg setu with its approaces from km 0.00 to km 14.500 across river ganga on nh-19 at patna in the state of bihar. (morth) (618228)|bihar|02/2019 (03/2021)|09/2024 (01/2025)|2926.42 (2926.42)|0|66
848|construction of a new 4-lane major bridge across river kosi at phulaut including rehabilitation and upgradation of existing birpur and bihpur section of nh-106 from km 106.000 to km 136.000 to 2-lane with paved shoulders in the state of bihar on epc mode (morth) (618234)|bihar|09/2018 (06/2021)|06/2024 (03/2026)|1478.4 (1478.4)|753.21|86
849|construction of new 4-lane bridge parallel to existing vikramashila setufrom km 8920 to km 13375including approach road 35m naugachhia side &53 m bhagalpur sideacross river ganga on newly declared nh-131b at bhagalpur in the state of bihar (morth) (618246)|bihar|07/2020 (05/2023)|05/2027 (-)|1110.23 (1110.23)|0|44
850|construction of 6-lane elevated / extra dose cable bridge on river ganga parallel to & western side of digha-sonepur rail cum-road bridge of nh 139w in the state of bihar (morth) (618250)|bihar|01/2024 (05/2024)|11/2027 (-)|3064.45 (3064.45)|0|8
851|balance work - wb-10 gandak bridge km 402.00 to km 440.00 devanpur - kotwa (national highways authority of india [nhai]) (618569)|bihar|11/2021 (07/2022)|01/2024 (-)|210.05 (358.3)|99.85|63
852|4l elevated highway and at grade improvements at gopalganj town from km. 384.000 to km. 386.750 on nh-27 (national highways authority of india [nhai]) (618570)|bihar|10/2021 (03/2022)|08/2024 (-)|325.57 (248.92)|227.89|96
853|permanent rectification of 3 nos. of black spots in project highway nh-27 of u.p border - dewapur - kotwa section from km.360.915 to km.440.000 total length of 79.085 km of nh-27& permanent rectification of 5 nos. of black spots of project highway nh-27 of kotwa - mehsi - muzaffarpur section from km.440.000 to km.520.000 total length 80.00km (national highways authority of india [nhai]) (618571)|bihar|04/2022 (12/2023)|12/2025 (-)|227.25 (321.23)|193.52|68
854|6l bridge and its approaches across river ganga as part of patna ring road nh- 131g starting from km 8.480 near sherpur to km 23.000 near dighwara (national highways authority of india [nhai]) (618738)|bihar|09/2022 (09/2023)|09/2027 (-)|6291.69 (3351.62)|421.4|13
855|4l greenfield alignment of amas to shivrampur from 0.000 km. to 55.002 km. of nh 119 d pkg-i (national highways authority of india [nhai]) (618739)|bihar|02/2022 (03/2023)|11/2024 (12/2025)|1390.92 (1427.43)|282.35|33
856|4l greenfield alignment of shivrampur to ramnagar from km. 55.002 to km. 109.300 of nh 119 d pkg-ii (national highways authority of india [nhai]) (618740)|bihar|02/2022 (07/2023)|07/2025 (12/2025)|1494.31 (1546.07)|243.51|34
857|4l greenfield alignment from kalyanapur to tal dashraha of nh-119d pkg-iii (nhai) (618741)|bihar|03/2022 (02/2023)|02/2025 (-)|1857.58 (1969.3)|345.49|23
858|ara - mohania pkg-ii (national highways authority of india [nhai]) (618774)|bihar|08/2020 (01/2021)|07/2023 (11/2025)|984.63 (827.51)|798.12|100
859|4l of aurangabad-paithan (nhai) (618779)|bihar|09/2022 (01/2023)|07/2024 (-)|1505 (349.96)|304.99|78
860|aunta - simaria including ganga bridge (national highways authority of india [nhai]) (618839)|bihar|na (08/2018)|02/2022 (05/2025)|1309.47 (2107.68)|796.99|100
861|simaria km. 206.050 to khagaria km. 266.282 (national highways authority of india [nhai]) (618840)|bihar|na (10/2016)|04/2019 (03/2025)|664.02 (891.64)|337.23|97
862|4l elevated section and at-grade improvements at begusarai town simaria - khagaria section from km. 221.047 to km. 225.302 of nh-31 (national highways authority of india [nhai]) (618841)|bihar|10/2021 (06/2022)|12/2024 (12/2025)|491.04 (348.38)|316.67|92
863|bakhtiyarpur-rajauli pkg-ii from km. 54.405 to km.101.630 (national highways authority of india [nhai]) (618861)|bihar|09/2020 (04/2021)|07/2023 (-)|897.45 (1397.47)|697.4|91
864|maheshkunt-saharsa-purnea pkg i km 0.00 to km. 90.00 of nh-107 (national highways authority of india [nhai]) (618902)|bihar|02/2017 (12/2019)|12/2021 (08/2025)|662.44 (1311.22)|867.61|85
865|maheshkunt -saharsa-purnea pkg ii (national highways authority of india [nhai]) (618903)|bihar|na (12/2018)|12/2020 (11/2025)|1028.28 (1244.09)|805.43|89
866|chhapra - hajipur from km. 143.200 to km. 209.200 (national highways authority of india [nhai]) (618904)|bihar|na (01/2011)|07/2013 (-)|2127.86 (2171.6)|3.78|57
867|4l of bal. works of patna - gaya -dobhi pkg-ii from km. 39.00 to km. 83.00 of old nh- 83 (national highways authority of india [nhai]) (618915)|bihar|09/2019 (11/2020)|11/2022 (05/2025)|1637.29 (777.2)|728.91|89
868|4l of bal. works of patna - gaya -dobhi pkg-iii from km. 83.00 to km. 127.217 of old nh-83 (national highways authority of india [nhai]) (618916)|bihar|09/2019 (11/2020)|11/2022 (05/2025)|1077.46 (799.7)|774.78|92
869|umagaon-saharsa package-iv koshi bridge & approach road - bheja-bakaur (nhai) (618953)|bihar|02/2019 (02/2020)|08/2023 (-)|1199.58 (1223.94)|837.89|81
870|2l ps of majhauli to charout section from km. 0.00 to km. 63.655 (nhai) (618955)|bihar|01/2018 (11/2019)|11/2021 (-)|638.29 (1067.51)|125.16|95
871|construction of 4 nos grade separtor between km. 281.000 to km. 307.600 km. 286.400 kumhari km. 299.000 transport nagar km. 302.000 power house km. 304.000 chandra moura chowk to km. 305.000 supeia of nh-53 old nh-06 raipur - durg 4 lane on epc mode in the state of chhattisgarh job no. nh-53old nh-06 cg- 2017-18-56 (morth) (617919)|chhattisgarh|03/2018 (01/2019)|01/2021 (01/2021)|349.03 (349.03)|0|97
872|strengthening and widening of existing 2 lane road to two lane paved shoulder from km 7.750 to 26.542 & km. 32.093 to 45.786 of nh-130 on epc mode in the state of chhattisgarh.job no. 130-cg-2017-18-348 (morth) (617973)|chhattisgarh|11/2017 (05/2019)|11/2020 (-)|188.8 (188.8)|1.06|97
873|up-gradation of nh-930 sherpar to kohka from km.67880 to km.114860 to 2lps in chhattisgarh under epc mode (morth) (618064)|chhattisgarh|03/2020 (05/2022)|05/2024 (-)|278.97 (278.97)|201.05|0
874|up-gradation of nh-130c abhanpur to paund from nh km. 0000 to km 40380 to two lane with paved shoulders in the state of chhattisgarh on epc mode. (morth) (618078)|chhattisgarh|12/2020 (03/2022)|09/2023 (-)|193.16 (193.16)|56.27|0
875|durg-raipur bypass section package - 1 from km. 0.00 to km. 44.50 near tendesara to near khatti village (national highways authority of india [nhai]) (618589)|chhattisgarh|06/2022 (07/2023)|07/2025 (-)|1072.99 (1656.73)|537|60
876|durg-raipur-arang package - 2 from km. 44.50 to km. 92.23 near khatti village to near aurang (national highways authority of india [nhai]) (618590)|chhattisgarh|06/2022 (06/2023)|05/2025 (-)|1216.23 (1561.97)|406.66|40
877|development of 6l of jhanki sargi section road from km 0.000 to km 42.800 of nh- 130cd pkg-cg-1 (national highways authority of india [nhai]) (618673)|chhattisgarh|11/2021 (09/2022)|09/2024 (-)|1368.19 (1129.14)|613.02|77
878|development of 6l sargi basanwahi section from km 42.800 to km 99.500 of nh- 130cd pkg-cg-2 (national highways authority of india [nhai]) (618674)|chhattisgarh|12/2021 (01/2023)|01/2025 (09/2025)|1470.73 (1461.81)|694.31|92
879|development of 6l of basanwahi marangpuri section from km 99.500 to km 124.661 of nh-130-cd (national highways authority of india [nhai]) (618675)|chhattisgarh|03/2022 (10/2023)|10/2025 (07/2026)|1307.16 (1303.63)|373.53|53
880|conversion of partially excavated escape tunnel to uni-directional 2l tunnelincluding construction of cross passages and approach roads on either side of the tunnel from km 12.732 to km 14.568 of kiratpur to nerchowk section of nh-21 (national highways authority of india [nhai]) (618849)|chhattisgarh|05/2022 (09/2022)|03/2024 (08/2025)|444.21 (412.88)|394.5|100
881|development of 6l uer ii [package - i] nh-1 near bakoli till karala kanjhawala road from km. 0.70 to km.15.00 (national highways authority of india [nhai]) (618509)|delhi|07/2020 (10/2021)|10/2023 (02/2025)|2089.94 (2203.45)|1794.18|99
882|6l access controlled highway from dnd maharani bagh - jn. with jaitpur - pushta road of nh-148na from km. 0.00 to km. 9.00 in ncr (national highways authority of india [nhai]) (618578)|delhi|07/2020 (01/2022)|07/2024 (09/2025)|1467.44 (2510.34)|1349.78|95
883|construction of six lane elevated corridor from km. 508.000 to km. 513.150 including approaches on nh-66 (morth) (617942)|goa|04/2023 (04/2024)|04/2026 (02/2026)|641.46 (641.46)|0|62
884|widening 2 lane to 4-lane from km 92/320 to km 115/320 vav chokdi-satlasana to to vrundavan chokdi, kheralu on nh-58 in the state of gujarat. (morth) (617928)|gujarat|03/2022 (03/2024)|03/2026 (-)|151.13 (171.27)|0|78
885|work of development and construction of elevated corridorfrom km 38/660 to km 42/690 iscon junction to start point of approach of sanand flyover of nh-147 in the sate of gujarat (morth) (617976)|gujarat|03/2023 (06/2024)|06/2026 (-)|530.2 (530.2)|28.67|55
886|up-gradation and strengthening to 2laneps from km 95/500 to km 129/775 of nh 168g idar-bhiloda-samlaji in the state of gujarat length 34.275 km (morth) (618108)|gujarat|09/2022 (12/2023)|12/2025 (-)|237.28 (237.28)|0|47
887|delhi-vadodara greenfield alignment nh-148n pkg-26 ch.696890 to ch.726390 (national highways authority of india [nhai]) (618459)|gujarat|09/2020 (12/2022)|08/2024 (-)|1555.2 (1556.4)|941.64|72
888|delhi-vadodara greenfield alignment nh-148n pkg-28 ch.756052 to ch.781282 (national highways authority of india [nhai]) (618460)|gujarat|09/2020 (11/2021)|11/2023 (05/2025)|1263.38 (1266.98)|860.42|96
889|delhi-vadodara greenfield alignment nh-148n pkg-30 ch 803420 to ch.824920 [baletiya village - junction near pratap nagar village] (national highways authority of india [nhai]) (618461)|gujarat|11/2019 (09/2021)|09/2023 (06/2024)|1800.73 (1800.73)|1090.06|99
890|delhi-vadodara greenfield alignment nh-148n pkg-31 ch.824920 to ch.844382 [junction near pratap nagar village - junction near dodka village] (national highways authority of india [nhai]) (618462)|gujarat|11/2019 (05/2021)|05/2023 (-)|1644.85 (1651.14)|926.73|95
891|vadodara mumbai expressway kim to ankleshwar phase ia - pkg v (national highways authority of india [nhai]) (618463)|gujarat|02/2018 (11/2019)|10/2021 (04/2025)|1324.84 (2807.48)|1232.22|61
892|vadodara mumbai expressway gandeva to ena phase ib - pkg vii [km 190.00 to km 217.500] (national highways authority of india [nhai]) (618465)|gujarat|07/2020 (11/2021)|11/2023 (03/2025)|1710.3 (3392.21)|2152.35|52
893|ahmedabad - dholera pkg i from km. 0.00 to km. 22.00 [sardar patel ring road - sindhrej village] (national highways authority of india [nhai]) (618501)|gujarat|05/2020 (01/2022)|01/2024 (10/2024)|1298 (1421.05)|994.98|99
894|ahmedabad - dholera pkg ii from km. 22.00 to km. 48.52 [sindhrej village - vejallka village] (national highways authority of india [nhai]) (618502)|gujarat|05/2020 (01/2022)|01/2024 (-)|1415.34 (1729.69)|982.57|99
895|ahmedabad - dholera pkg iii from km. 48.52 to km. 71.06 [vejallka village - start of dsir zone] (national highways authority of india [nhai]) (618503)|gujarat|05/2020 (07/2021)|07/2023 (05/2024)|1034.04 (1155.41)|942.31|99
896|ahmedabad - dholera pkg iv from km. 71.06 to km. 109.019 [start of dsir zone - adhelai village] (national highways authority of india [nhai]) (618504)|gujarat|05/2020 (12/2021)|12/2023 (10/2024)|1181.76 (1358.73)|1202.2|97
897|sanchore - santalpur from km 67.000 - km 99.000 of nh-754k aj-rgbs-package-3 (national highways authority of india [nhai]) (618614)|gujarat|02/2020 (08/2021)|08/2023 (01/2024)|752.3 (765.25)|560.81|99
898|sanchore - santalpur from km 99.000 - km 130.073 of nh-754k aj-rgbs-package-4 (national highways authority of india [nhai]) (618615)|gujarat|02/2020 (03/2021)|03/2023 (12/2024)|778.15 (835.55)|663.18|73
899|upgradation to 4l ps from bhimasar, junction of nh-41 to anjar- bhuj upto airport junction from km 0.000 to km 65.478 of nh-341 (national highways authority of india [nhai]) (618787)|gujarat|03/2022 (01/2023)|06/2025 (-)|1373.06 (1687.25)|728.15|90
900|kodinar - veraval package vi from km. 221.610 to km. 263.00 of nh-8e & km. 120.900 to km. 121.150 of nh-8d (national highways authority of india [nhai]) (618833)|gujarat|na (02/2018)|07/2020 (10/2024)|894.01 (1127.42)|439.5|98
901|4l kodinar - veraval package vi from km. 222.400 to km. 230.00 kodinar bypass of nh-8e nh 51 new (national highways authority of india [nhai]) (618834)|gujarat|03/2022 (04/2022)|09/2023 (-)|162.73 (192.01)|162|100
902|4l of bal works of talaja - mahuva from 54.990 km. to 100.450 km. of old nh-8e package-ii (national highways authority of india [nhai]) (618835)|gujarat|08/2020 (03/2021)|09/2022 (-)|698.4 (735.51)|418.26|100
903|delhi-amritsar-katra expressway phase-i pkg-iii from junction with jind-panipat road nh-352a near gangana village to junction with jind-karnal road nh-709a near alewa village km 60800 to km 91400 (national highways authority of india [nhai]) (618484)|haryana|12/2020 (12/2021)|12/2023 (05/2024)|1606.27 (1813.91)|631.62|79
904|delhi-amritsar-katra expressway phase-i pkg-iv from junction with jind-karnal road nh-709a near alewa village to junction with ambala-kaithal-hissar road nh-152 near kharak pandwa village km 91400 to km 120250 (national highways authority of india [nhai]) (618485)|haryana|01/2021 (12/2021)|12/2023 (03/2024)|1306.95 (1578.66)|563.2|76
905|gohana - sonipat pkg-2 (national highways authority of india [nhai]) (618580)|haryana|01/2019 (07/2020)|07/2022 (-)|1275.31 (1957.44)|457.89|80
906|jagadhari - tajewala from km -0.175 to 32.337 km of nh-344 (national highways authority of india [nhai]) (618936)|haryana|03/2022 (02/2023)|02/2025 (03/2026)|1269.5 (919.43)|610.57|53
907|rehabilitation and upgradation to 2-lane/intermediate lane configuration of ashyari- shri kyari section km 50.000 to km 75.000 of nh-707 in the state of himachal pradesh under green national highways corridor project gnhcp with the loan assistance of world bank on epc mode. (morth) (618050)|himachal pradesh|08/2020 (09/2021)|09/2023 (11/2024)|345.89 (359.56)|146.64|0
908|rehabilitation and upgrading of nh-707 old 72-b package - 2 hewna to ashyari (morth) (618051)|himachal pradesh|04/2020 (03/2021)|03/2023 (03/2023)|242.8 (220.95)|74.87|98
909|improvement/construction of existing cl-5 road to nh intermediate lane specification with hard shoulder from km 133.000 to 166.000 net length 33.000 kms of nh-505 sumdo-kaza-gramphoo road in the state of himachal pradesh on epc mode under project deepak, bro (morth) (618216)|himachal pradesh|03/2021 (07/2023)|06/2026 (-)|230.55 (203.15)|42.4|0
910|improvement/construction of existing class-5 road to nh intermediate lane specification with hard shoulder from existing km 76/340 to 134/940 design chainage from km 76/300 to 133/000 net length 56.700 kms of nh-505 sumdo-kaza- gramphoo road in the state of himachal pradesh package i (morth) (618217)|himachal pradesh|03/2021 (05/2023)|05/2026 (-)|314.67 (244.15)|76.97|0
911|rehabilitation and upgradation to 2-lane configuration of kalwahn-mandi section km 208.950 to 250.592 of nh-70 in the state of himachal pradesh under green national highways corridor project gnhcp with the loan assistance of world bank on epc mode.package-3 (morth) (618230)|himachal pradesh|08/2020 (10/2022)|04/2025 (-)|314.32 (314.32)|0|0
912|rehabilitation and upgradation to 2-lane configuration of hamirpur-karnohal section km 141.00 to 181.00 of nh-70 in the state of himachal pradesh under green national highways corridor project gnhcp with the loan assistance of world bank on epc mode.package-1 (morth) (618231)|himachal pradesh|08/2020 (06/2022)|12/2024 (-)|371.93 (371.93)|185.24|0
913|nerchowk km 190.000 to pandoh including pandoh bypass km221.305 (national highways authority of india [nhai]) (618850)|himachal pradesh|03/2016 (01/2018)|07/2020 (07/2025)|1464.12 (1651.67)|837.27|99
914|4l sundar nagar bypass from km.173.900 to km.179.600 of nh-21 (national highways authority of india [nhai]) (618852)|himachal pradesh|02/2022 (06/2022)|06/2024 (-)|191.11 (192.11)|181.27|100
915|rehabilitation and upgradation to 4l configuration & strengthening of sihuni to rajol from km 51.000 to km 72.000 of nh-154 package-iia (national highways authority of india [nhai]) (618878)|himachal pradesh|03/2022 (09/2023)|09/2025 (-)|696.65 (776.59)|288.14|82
916|rehabilitation and up-gradation of existing road to 2l ps from end of hamirpur bypass near chilbahal to bhangbar section from km. 138.295 to km.175.270 of nh- 88 pkg-iv (national highways authority of india [nhai]) (618888)|himachal pradesh|03/2022 (04/2023)|04/2025 (-)|1146.19 (1358.62)|270.47|84
917|4l of bhangbar near ranital to kangra bypass section of old nh-88 new nh- 303,503 up to intersection with nh-154 from km 175.270 to km 193.400 pkg-vb (national highways authority of india [nhai]) (618889)|himachal pradesh|03/2021 (12/2022)|12/2024 (-)|1322.95 (1829.49)|739.17|96
918|2l ps of hamirpur bypass from km 121.175 to km.138.295 of nh-103&3 (national highways authority of india [nhai]) (618890)|himachal pradesh|08/2022 (10/2023)|10/2025 (-)|739.39 (754.82)|231.02|91
919|4l of kathlighat to shakral village from km 128.835 to km 146.300 of nh- 5 shimla bypass - pkg i (national highways authority of india [nhai]) (618921)|himachal pradesh|03/2022 (04/2023)|04/2026 (-)|1703.48 (2648.8)|752.37|49
920|up-gradation to 2-lane with paved shoulder from km 12.850 to km20.300 of 7.450km length on goha-khellani section and a link road to goha village of 2.016 km on nh- 244 in ut of jammu and kashmir on epc mode pkg-1 (nhidcl) (618394)|jammu and kashmir|07/2020 (10/2020)|04/2022 (06/2025)|228.39 (225.37)|159.56|90
921|construction & upgradation to 2-lane with paved shoulder from design ch. km 51700 at premnagar km 66315 to km 66535 new thatri at start of km 83rd, tunnel km 82665 of 14.835 km design length on chenani-sudhmahadev-goha khellani- kishtwar-vailoo donipawa-ashajipora section of nh-244 in the ut of j&k on epc mode under nho-gen pkg - 2 (nhidcl) (618395)|jammu and kashmir|03/2021 (08/2021)|03/2023 (07/2025)|512.43 (512.43)|0|0
922|construction & upgradation to 2 lane with paved shoulder from design km. 31.449 khellani ex. km 44.946 to km 51.700 prem nagar ex. km 68617 of 20.251 km length on khellani - kishtwar - chattroo section of nh-244 in the ut of j&k on epc mode under nho-gen pkg- 1 (nhidcl) (618396)|jammu and kashmir|02/2021 (03/2021)|09/2021 (10/2024)|486.45 (486.45)|0|0
923|up-gradation to 2-lane with paved shoulder from km 20.300 to km 29.030 of 8.730 km length on goha-khellani section on nh-244 in ut of jammu and kashmir on epc mode package ii (nhidcl) (618398)|jammu and kashmir|07/2020 (10/2020)|04/2022 (06/2025)|210.79 (210.79)|172.27|94
924|construction of kishtwar bypass with 2 lane with paved shoulder from design km. 80.675 dulhasti to km 95.550 bandarkoot of 14.88 km & a link road to kishtwar town from 0000 to 1.871 of length1.871 km on khellani - kishtwar - chattroo section in ut of jammu and kashmir on epc mode pkg-4 (nhidcl) (618399)|jammu and kashmir|03/2021 (08/2021)|08/2023 (11/2024)|859.67 (859.67)|0|0
925|construction & upgradation to 2-lane with paved shoulder from design km 67.805 at the end of km 83rd tunnel near dhrabshalla ex. km 83905 to km 80.675 start of kishtwar bypass - dulhasti ex. km 970751 of 12.870 km length on chenani- sudhmahadev-goha khellani-kishtwar-vailoo-donipawa-ashajipora seition of nh-244 in the ut of j&k on epc mode under nho-gen pkg-3 (nhidcl) (618400)|jammu and kashmir|03/2021 (07/2021)|12/2022 (10/2024)|398.51 (398.51)|0|0
926|up-gradation to 4-lane with paved shoulder of jammu-akhnoor road section of nh- 144a from ganesh vihar km 6.000 to khati chowk km 26.350 in ut of jammu and kashmir on epc basis pkg-3a (nhidcl) (618406)|jammu and kashmir|03/2018 (07/2019)|07/2021 (05/2022)|322.49 (322.49)|0|0
927|jammu-akhnoor road pkg-i (nhidcl) (618407)|jammu and kashmir|03/2018 (01/2023)|01/2025 (-)|245.3 (245.3)|0|0
928|delhi-amritsar-katra expressway phase-ii pkg-xv [junction with hiranagar road near village gurha baildaran to junction with jammu ring road nh-244a near jakh village from km 468100 to km 503250] (national highways authority of india [nhai]) (618494)|jammu and kashmir|10/2021 (09/2022)|09/2024 (02/2026)|2714.95 (3716.56)|1602.61|88
929|4/6l access control expressway from design chainage km 515.000 to 528.300 kunjwani to sidhra section of nh-44 and from design chainage km 550.900 to km 566.520 domel to katra section phase ii-package xvii (national highways authority of india [nhai]) (618495)|jammu and kashmir|06/2022 (06/2023)|06/2025 (02/2026)|2894.74 (2894.74)|682.85|53
930|delhi-amritsar-katra expressway phase-ii pkg-xvi existing jakh vijaypur-kunjwani section of nh-44 including spur connectivity to jammu airport nh-144a [km 503500 to km 514500] (national highways authority of india [nhai]) (618496)|jammu and kashmir|09/2021 (09/2022)|09/2024 (03/2026)|1821.72 (2522.56)|1120.3|92
931|delhi amritsar katra expressway phase-ii pkg xviii development and upgradation of four lane access control expressway from design chainage km 530.00 to km 545.300 sidhra to domel section of nh-44 (national highways authority of india [nhai]) (618497)|jammu and kashmir|12/2022 (11/2023)|11/2025 (-)|975.38 (975.38)|433.72|51
932|4l ring road/bypass around srinagar city from km 0.000 to km 42.100 phase-i (national highways authority of india [nhai]) (618541)|jammu and kashmir|03/2021 (08/2021)|02/2024 (10/2025)|2919.96 (2604.76)|1662.84|83
933|4l of twin tube tunnel configuration including approaches from marog to digdol from km.154.210 to km.158.650 north bound and from km.155.940 to km.160.260 south bound of ramban to banihal pkg-i of old nh-1a new nh-44 (national highways authority of india [nhai]) (618543)|jammu and kashmir|07/2021 (08/2022)|08/2025 (06/2026)|1912.17 (1034.3)|272.7|21
934|4l twin tube tunnel including approaches from digdol to khuni nallah north bound connecting with existing major bridge on nb and south bound connecting with tunnel t4 ,single tube tunnel of ramban to banihal pkg-ii of old nh-1a new nh-44 (national highways authority of india [nhai]) (618544)|jammu and kashmir|07/2021 (02/2022)|06/2024 (05/2025)|1401.87 (1020.99)|898.96|84
935|4l of km.165.092 to km.171.855 north bound and from km.166.895 to km.173.638 south bound, excl. certain reaches of north bound and south bound of ramban to banihal pkg-iii of old nh-1a new nh-44 (national highways authority of india [nhai]) (618545)|jammu and kashmir|07/2021 (02/2022)|08/2024 (-)|614.48 (444.76)|231.2|35
936|construction of tunnels/viaducts at identified sliding/slip zones at km 130.550 to km.130.750 km. 131.170 to km. 131.763 km. 132.560 to km. 133.168 km. 133.590 to km. 133.743 and km. 147.877 to km. 148.715 of udhampur-ramban section of nh-44 (national highways authority of india [nhai]) (618546)|jammu and kashmir|09/2021 (04/2022)|10/2023 (06/2025)|442.14 (533.11)|324.74|36
937|2l nh-1 from km 8.660 to km 33.775 sumbal to wayul to 4l dual carriageway nh standard as part of srinagar ring road phaseii [design ch. 41.907 to ch. 66.609] (national highways authority of india [nhai]) (618547)|jammu and kashmir|11/2022 (12/2023)|06/2026 (-)|961 (643.64)|355.59|41
938|stand-alone ring road/bypass around jammu city from raya morh km. -0.687 to jagti km. 57.568 (national highways authority of india [nhai]) (618548)|jammu and kashmir|12/2017 (01/2018)|01/2021 (10/2023)|2023.88 (2117.63)|54.24|99
939|construction of twin tube tunnels on jammu kashmir ring road nh-244a between design ch. 50600 to 51700 and design ch. 53535 to 55700 on epc mode under residual nhdp component of bharatmala pariyojna (national highways authority of india [nhai]) (618549)|jammu and kashmir|11/2022 (06/2023)|06/2025 (03/2026)|242.65 (731.59)|637.61|81
940|corridor efficiency improvement including removal of black spots in lakhanpur - samba section of nh-44 from chainage km. 16.300 to km. 74.100 (national highways authority of india [nhai]) (618550)|jammu and kashmir|06/2022 (12/2022)|06/2024 (05/2025)|855.74 (215.68)|176.32|70
941|widening and strengthening of existing paveemnt to two lane with paved shoulders from km 116.00 to km 176.355 of nh-75e in the state of jharkhand on epc mode. (morth) (618060)|jharkhand|01/2022 (01/2023)|07/2024 (-)|315.21 (315.21)|129.49|87
942|widening to 2-lane with paved shoulder from km 0.00 to 44.00 kuru-ghaghra section of nh-143a including re-construction of culverts and bridges. (morth) (618084)|jharkhand|02/2020 (08/2021)|08/2023 (11/2023)|153.01 (133.67)|77|0
943|widening and strengthening/reconstruction to two lane with paved shoulder/ two lane with paved shoulders with service road from km 0000 to km 42250 excluding design ch. 03220 to 04200 & 28350 to 29060 of nh-320g in the state of jharkhand under epc mode (morth) (618123)|jharkhand|03/2022 (08/2023)|08/2025 (-)|423.18 (423.18)|4.11|0
944|4l of palma to gumla from km. 26.00 to km. 89.170 of nh-23 (national highways authority of india [nhai]) (618642)|jharkhand|03/2020 (04/2022)|03/2024 (10/2024)|1882.93 (1895.75)|826.77|98
945|4l of ormanjhi-gola section from km 81.450 to km 53.600 of nh- 320bpkg-ii (national highways authority of india [nhai]) (618644)|jharkhand|02/2022 (06/2023)|06/2025 (-)|1214.93 (1462.19)|763.1|87
946|4l of gola-bokarojaina more section from km 53.600 to km 21.110 of nh-320pkg-1 (national highways authority of india [nhai]) (618645)|jharkhand|02/2022 (06/2023)|06/2025 (01/2026)|1007.97 (1030.64)|366.57|72
947|4l from km 196.87 sankha to km 219.6 khajuri on nh-75 [rehla / garhwa bypass] (national highways authority of india [nhai]) (618829)|jharkhand|09/2020 (10/2021)|10/2023 (-)|1129.48 (1129.48)|527.11|93
948|4l from km 147.450 bhogu to km 196.870 sankha on nh-75 sec-iii (national highways authority of india [nhai]) (618830)|jharkhand|10/2022 (11/2023)|11/2025 (-)|1517.87 (1652.09)|962.12|76
949|4l of mehgama - hansdiha from km. 41.900 to km. 93.000 of nh -133a pkg-ii (national highways authority of india [nhai]) (618946)|jharkhand|03/2022 (05/2023)|05/2025 (03/2026)|1479.72 (1568.18)|849.01|98
950|4l of nh-80 from km 215.00 to km 260.00 mirza chauki to farkka pkg-i (national highways authority of india [nhai]) (618947)|jharkhand|03/2018 (12/2021)|07/2023 (06/2025)|1504.8 (1508.21)|643.11|75
951|4l of basukinath- deoghar section of nh-114a (national highways authority of india [nhai]) (618949)|jharkhand|09/2022 (12/2023)|12/2025 (-)|1444.94 (1553.76)|593.59|76
952|construction of elevated corridor from km. 135.650 to 136.300 on 63, from km. 249 to km. 250.050 on old nh-4 and from km. 192.910 to km. 193.350 on nh-218 from decongestion of traffic in ranichennamma circle in hubli city in the state of karnataka on epc basis (morth) (617935)|karnataka|08/2020 (06/2021)|06/2024 (08/2025)|298 (349.49)|141.25|52
953|balance work of rehabilitation and upgrading to 2lane/2lane with paved shoulder configuration and strengthening from from km 343.80 to 400.33 of gowribidanur-chik ballapur section in the state of karnataka under annual plan 2021-22 under epc mode.-952 (morth) (617954)|karnataka|03/2022 (02/2023)|02/2025 (-)|398.48 (398.48)|179.01|72
954|widening to two lane with paved shoulders from km 40.00 to km 75.00 existing chainages of mangalore - tumkur section of nh-73 in the state of karnataka on epc mode under annual plan 2021-22 job no nh-73-knt-2021-22-945 (morth) (617955)|karnataka|03/2022 (03/2023)|03/2025 (-)|718.52 (718.52)|260.03|72
955|construction of major bridge at km.180.865 across river krishna on nh 167 hagari jadcherla section (morth) (617989)|karnataka|03/2019 (05/2019)|11/2021 (10/2024)|157.32 (187.61)|92.25|68
956|widening to existing 2 lane with paved shoulder to 4 lane with paved shoulder from design km 153.00 to 168.27 mala gate to karkala of nh -169 on shimoga - mangalore section in the state of karnataka on epc mode under annula plan 2021-22 job no. nh-169-knt-2021-22-949 (morth) (617998)|karnataka|03/2022 (02/2023)|02/2025 (-)|177.94 (177.94)|94.59|75
957|widening to 2-lane with paved shoulders from km 116.800 to 149.070design changes on hosadurga - holalkere section of nh-173 in the state of karnataka on epc mode under annual plan 2021-22 job no. nh-173-knt-2021-22-946 (morth) (618000)|karnataka|03/2022 (08/2022)|02/2024 (-)|170.34 (147.39)|60.21|92
958|widening to 4 lane from km. 133.00 to 158.04 design chainage km. 130.88 to 155.145 shirur cross to gaddankeri of nh-367 in the state of karnataka on epc mode. job no. nh-367-knt-2021-22-930 (morth) (618029)|karnataka|01/2022 (01/2023)|01/2025 (-)|350.69 (312.06)|195.06|78
959|widening to 2 lane with paved shoulder from km. 103.225 pattadakal to km. 133.00 shirur cross of nh-367 in the state of karnataka on epc mode.job no. nh-367-knt- 2021-22-934 (morth) (618030)|karnataka|02/2022 (11/2022)|05/2024 (-)|264.14 (264.14)|3.58|0
960|balance work of construction of two/four lane with paved shoulder from km 422.000 to 523.600 chitradurga to shivamogga of nh-13 in the state of kanataka on epc mode. (morth) (618031)|karnataka|01/2021 (12/2021)|06/2024 (-)|516.96 (516.96)|333.48|0
961|widening to intermediate/two lane to 2 lane with paved shoulder from existing chanages km 112.750 to 142.00 liingasur to mudabal cross & from km. 147.070 to km. 149.070 maski city limit of jewargi chamrajnagar setion of nh-150a in the state of karnataka on epc mode. job no. nh-150a-knt-2021-22-951 (morth) (618087)|karnataka|03/2022 (01/2023)|07/2024 (-)|255.88 (255.88)|175.75|93
962|widening to 4 lane from km 51.60 to 76.20 hebri to parkala and from km 85.20 to 88.90 karavali junction to malpe of thirthahalli-udupi-malpe section of nh-169a in the state of karnataka on epc mode under annual plan 2021-22 job no. nh-169a- knt-2021-22-927 (morth) (618109)|karnataka|01/2022 (12/2022)|12/2024 (-)|355.72 (355.72)|170.76|76
963|construction of major bridge across sharavathi backwaters and approches between ambargodu and kalasavalli near sigandhur in sagar taluk on nh 369e in the state of karnataka on epc mode.job no. nh-369e-knt-2018-19-895 dated 06.03.2019. (morth) (618144)|karnataka|03/2019 (12/2019)|12/2022 (-)|423.15 (423.15)|0|0
964|4/6l of bangalore - pune section of bypass connecting dharwad - hubli from km. 403.80 to km. 433.20 (national highways authority of india [nhai]) (618517)|karnataka|12/2021 (03/2023)|09/2025 (-)|1135.39 (763.36)|659.51|76
965|6l of mh/kn border nimbal village to kn/ts border singnodi village from km. 26.000 to km. 97.000 in gulbarga of nh-150c pkg-ii (national highways authority of india [nhai]) (618630)|karnataka|02/2022 (12/2022)|06/2025 (05/2026)|2355.56 (1923.3)|696.37|55
966|4l of addahole near gundya to bantwal cross section pkg-02 from design km 270.270 to design km 318.55 including flyover at kalladka town including approaches from km. 311.57 to km. 313.67 of nh-75 old nh-48 (national highways authority of india [nhai]) (618702)|karnataka|12/2020 (11/2021)|11/2023 (04/2026)|1660.19 (1318.24)|1235.46|89
967|belakeri port to kumta - sirsi road from km 0.00 - km 4.265 of belekeri port road link rd. and km 4.965 - km 60.00 of sh-69 (national highways authority of india [nhai]) (618799)|karnataka|03/2018 (12/2020)|12/2022 (12/2025)|456.32 (456.79)|381.34|79
968|4l of bettadahalli- shivamogga section from km.170.415 to km. 226.750 of nh-206 tumkur- shivamogga pkg-iv (national highways authority of india [nhai]) (618887)|karnataka|01/2019 (10/2021)|10/2023 (10/2024)|2082.98 (2545.11)|859.62|80
969|4l of sannur to bikarnakatte section from km 691.350 to km 736.362 of nh-169 karkala - mangalore package-iii (national highways authority of india [nhai]) (618896)|karnataka|03/2021 (10/2022)|10/2024 (06/2026)|1386.41 (2038.71)|900.61|60
970|widening to 2 lanes with paved shoulders from km.87/000 to 133/720 nattukal to thanau jn. in palakkad of nh-966 old nh-213 on epc mode basis under nho annual plan 2016-17 in the state of kerala (morth) (618070)|kerala|02/2017 (08/2017)|08/2019 (06/2025)|294.28 (315.63)|0|98
971|6l of chengala - neeleshwaram from km. 56.200 to km. 93.468 (national highways authority of india [nhai]) (618595)|kerala|06/2020 (10/2021)|04/2024 (-)|1746.45 (2538.06)|775.85|79
972|6l of taliparamba to muzhappilangad from km 134.650 to km 170.6 of nh-66 (national highways authority of india [nhai]) (618596)|kerala|08/2020 (11/2021)|05/2024 (08/2025)|2714.6 (3557.65)|1006.75|80
973|6l of azhiyur-vengalam from km. 189.200 to km. 230.400 of nh-66 (national highways authority of india [nhai]) (618597)|kerala|10/2020 (10/2021)|07/2024 (-)|3205.77 (3898.46)|771.21|57
974|6l minor bridge paloli palam at km. 203.160 & major bridge morad at km. 204.895 and allied works (national highways authority of india [nhai]) (618598)|kerala|03/2020 (12/2020)|06/2022 (02/2024)|210 (216.94)|70.89|93
975|6l of ramanatukkara junction to start of valanchery bypass section of nh-66 (national highways authority of india [nhai]) (618599)|kerala|01/2021 (01/2022)|07/2024 (03/2025)|4924.11 (4919.46)|1668.84|99
976|6l of valanchery bypass to kappirikkad of nh 66 from km. 298500 to km 335850 (national highways authority of india [nhai]) (618600)|kerala|02/2021 (01/2022)|07/2024 (03/2025)|4023.94 (4023.94)|1348.96|98
977|6l of kappirikkad to thalikulam section from km 335.85 to km 369.015 of nh - 66 old nh-17 (national highways authority of india [nhai]) (618601)|kerala|06/2021 (09/2022)|01/2025 (10/2025)|4225.59 (4225.59)|646.6|85
978|6l of thalikulam to kodugallur section from km 369.015 to km 397.850 of nh - 66 old nh-17 (national highways authority of india [nhai]) (618602)|kerala|06/2021 (09/2022)|02/2025 (11/2025)|4302.06 (4302.06)|618.13|80
979|6l of kodugallur to edapppally section from km 397.750 to km 423.780 of nh - 66 old nh-17 (national highways authority of india [nhai]) (618603)|kerala|11/2021 (10/2022)|04/2025 (-)|3465.82 (3606.2)|767.36|64
980|aroor-thuravoor thekku (national highways authority of india [nhai]) (618604)|kerala|08/2022 (02/2023)|01/2026 (-)|2429.52 (2382.83)|1567.88|81
981|thuravoor thekku-paravoor (national highways authority of india [nhai]) (618605)|kerala|09/2021 (03/2022)|09/2024 (03/2026)|2878.97 (2638.67)|1880.96|65
982|paravoor-kottankulangara (national highways authority of india [nhai]) (618606)|kerala|12/2021 (08/2022)|02/2025 (-)|3273.61 (3200.24)|1131.86|61
983|kottankulangara- start of kollam bypass (national highways authority of india [nhai]) (618607)|kerala|06/2021 (04/2022)|10/2024 (-)|2842.14 (3680.49)|684.52|73
984|widening/development of existing nh-85 from km 0.000 to km 124.636 section to 2l/lps section in the state of kerala on epc mode under bharatmala pariyojana (national highways authority of india [nhai]) (618708)|kerala|09/2022 (06/2023)|06/2025 (-)|1187.47 (1265.47)|545.52|50
985|kargil zanskar road (nhidcl) (618408)|ladakh|03/2021 (07/2021)|01/2023 (03/2025)|398.37 (398.37)|0|0
986|widening & up-gradation to 2 lane with paved shoulder of nh-301 kargil- zanskar road from design km 57.000 ex. km. 57.905 to km 87.000 ex. km. 88.2491 of 30.000 km length pkg-lll (nhidcl) (618409)|ladakh|03/2021 (07/2021)|01/2023 (02/2025)|381.01 (381.01)|0|0
987|widening & up-gradation to 2 lane with paved shoulder of nh-301 kargil- zanskar road from design km .30.040 ex. km. 30.000 to design km 57.000 ex. km. 57.905 of 26.960 km length pkg-ii (nhidcl) (618410)|ladakh|03/2021 (07/2021)|01/2023 (12/2026)|404.89 (404.89)|0|0
988|rehabilitation and upgradation umaria to shahdol section of nh-78 from existing km. 68/4 to km. 142/2 to 2lps including construction of birshinghpur and shahdol bypass on epc mode under nhdp-iva (morth) (617911)|madhya pradesh|03/2015 (08/2015)|07/2017 (07/2023)|511.83 (613.16)|0|0
989|upgradation of dindori-sagartola-kabichabutra mp-cg border section of nh -45 from km 000design to km 77.00 design to two lane with paved shoulder configration along with one time improvement in 04 nos. of bypaased built-up areas in a total length of 9.1 km in the state of madhya pradesh on epc mode. (morth) (617915)|madhya pradesh|01/2022 (09/2023)|09/2025 (-)|329.14 (319.09)|0|0
990|upgradation & widening of jharkheda- berasia - dholkhedi from design km 0000 to km 87900 design length 87.90km of nh-346 including 3 nos. bypasses of 13.10 km in the state of madhya pradesh under epc mode. (morth) (618019)|madhya pradesh|03/2022 (05/2023)|05/2025 (-)|365.21 (365.21)|0|0
991|rehabilitation & upgradation of kurwaimungaolichanderi road section of nh-346, from design chainge 0.000 to 81.300 km total length 83.1 km to two lane with paved shoulder configuration along with one time improvement in 07 nos of bypassed built- up areas in a total length of 22.615 km in the state of madhya pradesh on epc mode. (morth) (618020)|madhya pradesh|03/2022 (02/2023)|02/2025 (07/2025)|386.49 (386.49)|160.38|0
992|construction of mihona bypass, lahar bypass, daboh bypass & bhander bypass total length 20.60 km to 2-lane with paved shoulder from on mihona-bhander-mp/up border section of nh 552e in the state of madhya pradesh on epc mode (morth) (618045)|madhya pradesh|03/2022 (06/2023)|12/2024 (-)|179.18 (179.18)|71.77|67
993|construction of kaithi-padaria kala bypass, patna-tamoli bypass, jaso bypass and nagod bypass total length 15.44 km to 2-lane with paved shoulders flexible pavement on nh-943 in the state of madhya pradesh on epc mode. (morth) (618068)|madhya pradesh|03/2022 (10/2023)|10/2025 (-)|158.36 (158.36)|0|0
994|upgradation of nasrullagani-rehti-budhni scction to 2-lane with paved shoulder from km 0150 to km 50500 of nh-146b in the state of madhya pradesh on epc mode. (morth) (618085)|madhya pradesh|12/2021 (04/2023)|10/2024 (02/2025)|305.12 (293.74)|0|0
995|indore - edlabad pkg-ii [tejajinagar to balwara] (national highways authority of india [nhai]) (618621)|madhya pradesh|03/2022 (01/2023)|01/2025 (-)|1162.8 (1530.82)|484.47|79
996|4l of indore - boregaon pkg-iii [balwara to dhangaon] from km. 42.260 to km. 82.660 of nh347bg & 753l (national highways authority of india [nhai]) (618622)|madhya pradesh|01/2021 (04/2022)|04/2024 (05/2025)|1001.69 (888.81)|679.16|87
997|4l greenfield rudhi to deshgaon pkg v of betul-khandwa/deshgaon (national highways authority of india [nhai]) (618654)|madhya pradesh|11/2022 (10/2023)|10/2025 (03/2026)|521.21 (469.68)|162.85|59
998|i 4l vidisha to hinotiya from km 0.000 to km 27.000 vidisha mehulwa-talbehat pkg- i section of nh- 346 and ii 4l vidisha to morikori from km 39.000 to 59.476 section of nh-146 (national highways authority of india [nhai]) (618663)|madhya pradesh|09/2022 (12/2023)|12/2025 (05/2026)|1003.87 (941.12)|305.39|70
999|berkhedi to godpehra on nh-44 sagar link road (national highways authority of india [nhai]) (618664)|madhya pradesh|02/2022 (11/2022)|11/2024 (08/2025)|524.84 (471.31)|292.9|0
1000|4l of sagar - mohari from km.8 to km.50 pkg-i (national highways authority of india [nhai]) (618665)|madhya pradesh|03/2021 (04/2022)|04/2024 (-)|790.78 (660.38)|411.38|75
1022|upgradation of exhisting 2 lane flexible pavement to 2 lane paved shoulders rigid pavement from design chainage km 66.00 to design km 82.440 start of kolhapur municipal corporation near phulewadi to kale, design length 16.440 km section on talere gaganbawada-kolhapur road nh 166g in the state of maharashtra on epc mode (morth) (618098)|maharashtra|03/2021 (11/2022)|05/2024 (05/2025)|167.97 (167.97)|0|83
1023|strengthening and widening of road sakoli- wadsa-armori-gadchiroli-ashti- allapalli - sironcha national highway nh 353c in km 262/00 to 321/00 including 16 minor bridges and 2 major bridge total length 59 km section from repanpalli to sironcha in gadchiroli dist in the state of maharashtra. (morth) (618133)|maharashtra|03/2021 (06/2022)|05/2024 (07/2025)|280.57 (280.57)|0|0
1024|upgradatiobn and rehabilitation of section of nh 361 f from parli 00/000 to gangakhed 30/400 to two lanes with paved shoulder / four lane configurations on epc mode in the state of maharashtra. (morth) (618136)|maharashtra|03/2021 (02/2022)|09/2023 (08/2024)|224.44 (224.44)|0|87
1025|mhaswad to tembhurni section of nh-548c - 2l ps (morth) (618152)|maharashtra|01/2017 (08/2017)|07/2019 (07/2019)|488.6 (488.6)|0|96
1026|satara to mhaswad (morth) (618153)|maharashtra|01/2017 (08/2017)|08/2019 (-)|653.46 (653.46)|0|98
1027|rehabilitation & upgradation of jamkhed to sautada section of nh548 d from km 195.375 to km 208.774, length 13.399 km to 2l ps /4l configuration with rigid pavement in the state of maharashtra on epc mode. (morth) (618154)|maharashtra|03/2022 (01/2023)|07/2024 (-)|157.62 (157.62)|0|62
1028|paithan - shirur section 2lps km 0.0 to 55.00 (morth) (618172)|maharashtra|03/2017 (06/2017)|06/2019 (03/2022)|341.8 (341.8)|0|80
1029|shirur-kharda section from 55937 km to 114486 km to 2lps/4l (morth) (618173)|maharashtra|02/2017 (06/2017)|06/2019 (03/2022)|381.77 (381.77)|0|83
1030|rehabilitation and upgradation of satana to mangrul chandwad section of nh752 g design ch km 64.000 to ch km 101.140 two lane with paved shoulder/four lane configuration in the state of maharashtra on epc mode. (morth) (618175)|maharashtra|03/2022 (05/2023)|05/2025 (-)|428.8 (428.8)|0|62
1031|pal phata phulambri - khultabad 2lps (morth) (618177)|maharashtra|03/2018 (06/2018)|12/2019 (06/2021)|227.19 (227.19)|0|99
1032|pune raigarh district border to mangaon ch 69000 to 103775 nh-753f (morth) (618180)|maharashtra|03/2018 (06/2018)|12/2019 (-)|223.46 (223.46)|0|89
1033|rehabilitation / upgradation to 4 lane with paved shoulder of existing section in sillod town with design ch. km54500 to km 60679 [length6.179 km] section of nh 753f aurangabad-jalgaon road on epc mode in the state of maharashtra (morth) (618181)|maharashtra|03/2023 (01/2024)|07/2025 (-)|153.79 (153.79)|0|93
1034|rehabilitation and up-gradation to 2 lane with paved shoulder configuration of mahud sangola road nh 965 g 159400 to 161900and 162400 to 183960 design chainage from km. 32/300 to km. 34/800 and km. 35/800 to km. 56/860 rigid pavement on epc mode in the state of maharashtra. (morth) (618188)|maharashtra|02/2023 (11/2023)|05/2025 (-)|253.78 (253.78)|0|99
1035|balance work of rehabilitation and up-gradation to 2-lane road with paved shoulders configuration for nh- 965dd from pacharal-mandangad-mhapral-rajewadi upto junction of nh-66 ch-22700 to 75100 km and ambadave connector birth place of dr. babasaheb ambedkar ch-0000 to 7325 km length km 59.725 in the state of maharashtra on epc mode. balance work (morth) (618198)|maharashtra|03/2018 (01/2022)|01/2024 (-)|388.93 (341.69)|0|81
1036|rehabilitation, upgradation & widening of existing highway to rigid pavement 2 lane with paved shoulder of nh 965dd from lonand shirval-bhor mandangad-pchral section shindewadiphata to varandah ghat dist border from km 33/550 to 92/550 in the state of maharashtra on epc mode. (morth) (618199)|maharashtra|02/2023 (07/2024)|07/2026 (-)|723.13 (723.13)|0|34
1037|vadodara mumbai expressway phase ii - pkg xi [km. 77.000 to km. 103.400] ganjad - talsari (national highways authority of india [nhai]) (618468)|maharashtra|06/2020 (05/2022)|05/2024 (01/2025)|1524.71 (1913.95)|813.07|99
1038|vadodara mumbai expressway phase ii - pkg xiii [km. 26.582 to km. 50.700] shirsad - masvan (national highways authority of india [nhai]) (618469)|maharashtra|06/2020 (02/2022)|02/2024 (06/2025)|3536.9 (4679.54)|1707.29|87
1039|vadodara mumbai expressway phase ii - pkg xiv [km. 3.000 to km. 20.200 of spur] shirsad - akloli (national highways authority of india [nhai]) (618470)|maharashtra|05/2021 (11/2022)|05/2024 (06/2025)|2058.79 (2324.72)|541.49|80
1040|vadodara mumbai expressway phase ii - pkg xv [km. 20.200 to km. 43.000 of spur] akloli - amne (national highways authority of india [nhai]) (618471)|maharashtra|05/2021 (11/2022)|05/2024 (11/2025)|2610.88 (2918.39)|571.76|90
1041|vadodara mumbai expressway phase ii - pkg xvi [km. 43.000 to km. 69.800 of spur] amne - bhoj (national highways authority of india [nhai]) (618472)|maharashtra|06/2021 (11/2022)|10/2024 (06/2025)|4051.8 (4315.56)|824.37|86
1042|vadodara mumbai expressway phase ii - pkg xvii [km. 69.800 to km. 79.783 of spur] bhoj - morbe (national highways authority of india [nhai]) (618473)|maharashtra|09/2021 (01/2023)|07/2025 (-)|2208.68 (2463.02)|802.11|84
1043|tunnel at khambataki ghat section and its approaches from existing km. 771.730 to existing km. 782.000 (national highways authority of india [nhai]) (618512)|maharashtra|11/2017 (02/2019)|02/2022 (08/2025)|907.03 (816.12)|520.53|85
1044|6l of kagal-satara section from km 592.500 to km 658.000 of nh-48 pkg-i (national highways authority of india [nhai]) (618513)|maharashtra|12/2021 (01/2023)|01/2025 (04/2026)|2111.95 (1435.46)|613.7|49
1045|6l of kagal-satara section from km 658.000 to km 725.000 of nh-48 pkg-ii (national highways authority of india [nhai]) (618514)|maharashtra|12/2021 (12/2022)|12/2024 (-)|2330.71 (317.4)|171.02|70
1046|flyover at km.544.650 including rob, service roads ,footpath for rcc drains on urban link to nagpur -raipur road pardi octroi naka to itwari (national highways authority of india [nhai]) (618555)|maharashtra|12/2015 (03/2016)|03/2019 (03/2019)|1097.81 (758.4)|25.94|0
1047|4l of indora chowk to pachpaoli and agrasen chowk - ashoka chowk (national highways authority of india [nhai]) (618557)|maharashtra|03/2023 (07/2023)|06/2026 (-)|1038.84 (918.53)|551.23|69
1048|4l mitigation measure structures on ch/mh border to wainganga bridge section of nh-6 new nh-53 (national highways authority of india [nhai]) (618588)|maharashtra|02/2021 (11/2021)|11/2023 (01/2025)|540.24 (468.92)|464.23|70
1049|balance work of 4l panvel to indapur section of nh-66 old nh- 17 from km 0.000 panvel to km 42.300 kasu (national highways authority of india [nhai]) (618594)|maharashtra|12/2022 (03/2023)|10/2024 (-)|329.82 (196.87)|183.56|43
1050|bodhre - dhule (national highways authority of india [nhai]) (618693)|maharashtra|02/2021 (01/2022)|07/2024 (-)|1344.78 (1292.7)|712.97|78
1051|4l of ratnagiri - kolhapur section from km 67.140 to km 112.340 of nh-166 pkg ii (national highways authority of india [nhai]) (618836)|maharashtra|02/2022 (05/2023)|05/2025 (-)|1985.38 (1798)|300.57|62
1052|4l of ratnagiri - kolhapur section from km 112.340 to km 145.300 of nh-166 pkgiii (national highways authority of india [nhai]) (618837)|maharashtra|02/2022 (05/2023)|05/2025 (05/2026)|1939.23 (1910.41)|389.93|62
1053|4l of nagpur-katol section from km. 13.00 to km. 62.900 of nh-353j (national highways authority of india [nhai]) (618937)|maharashtra|02/2021 (10/2021)|10/2023 (-)|1166.96 (1432.82)|836.13|56
1054|widening/improvement of existing 2-lane road to 4-lane divided highway from sekmai to nilakuthi section of imphal-kohima road design chainage from km 297700 to km 308729 of nh-39 new nh-02 in state of manipur on epc mode pkg-5b (nhidcl) (618298)|manipur|03/2021 (07/2021)|01/2023 (06/2025)|211.7 (211.7)|209.48|78
1055|improvement/up-gradation of existing 2-lane road to 4-lane divided highway from taphukuki to daili section of imphal-kohima road nh-02 design chainage from km 262175 to km 274610 in the state of manipur on epc mode pkg-4a (nhidcl) (618300)|manipur|09/2020 (10/2020)|04/2022 (07/2025)|379.39 (379.39)|0|78
1056|widening/improvement to 2-lane with earthen shoulder of yaingangpokpi - finch corner road section of nh-202 from km 16.900 to km 30.970 of nh-202 in the state of manipur on epc mode package-2 (nhidcl) (618302)|manipur|03/2020 (07/2020)|06/2022 (12/2025)|256.04 (256.04)|0|35
1057|widening/improvement to 2-lane with earthen shoulder of yaingangpokpi - finch corner road section of nh-202 from km 0.000 to km 16.900 of nh-202 in the state of manipur on epc mode package-1 (nhidcl) (618303)|manipur|03/2020 (07/2020)|06/2022 (04/2025)|222.77 (222.77)|0|37
1058|widening to 2 lane with paved shoulder of lmphal to jiribam section of nh-37 from design ch. from km 169570 near nungkao vlllage under tamenglong district to km 205974 near jiribam bridge under jiribam district under nho-ne pkg-7 (nhidcl) (618333)|manipur|01/2023 (12/2023)|12/2025 (-)|760.16 (760.16)|365.34|75
1059|widening to 2 lane with paved shoulder of lmphal to jiribam section of nh-37 from design ch. from km 131.280 to km 169.570 on epc mode in manipur under nho- tsp pkg-6 (nhidcl) (618334)|manipur|12/2021 (02/2023)|02/2025 (05/2025)|504.76 (504.76)|269.89|0
1060|widening to 2 lane with paved shoulder of lmphal to jiribam section of nh-37 from design ch. from km 101280 near khongsang village to km 131280 near puilon kambiron village on epc mode in manipur pkg-5 (nhidcl) (618335)|manipur|12/2021 (11/2022)|05/2024 (02/2026)|410.68 (410.68)|309.93|80
1061|widening to 2 -lane with paved shoulder of imphal to jiribam section of nh-37 from design chainage 66.110 km to 101.280 km existing chainage km 67.496 to km 103.557 on epc mode in manipur pkg-4 (nhidcl) (618336)|manipur|09/2021 (06/2022)|12/2023 (08/2025)|579.63 (579.63)|355.94|79
1062|widening to 2 -lane with paved shoulder of imphal to jiribam section of nh-37 from design chainage 33.000 km to 66.390 km existing chainage from km 33.395 to km 67.496 on epc mode in manipur pkg-3 (nhidcl) (618337)|manipur|03/2021 (09/2021)|03/2023 (07/2025)|467 (467)|552.2|82
1063|widening to 2-lane with hard shoulder of churachandpur to tuivai section of nh- 102b from design chainage 69.875 km to 121.769 km in the state of manipur on epc mode package-3 (nhidcl) (618344)|manipur|03/2021 (08/2021)|08/2023 (04/2025)|673.27 (673.27)|480.59|50
1064|widening to 2-lane with hard shoulder of churachandpur to tuivai section from km 48.587 to km 69.875 in the state of manipur on epc mode under nho package-2b (nhidcl) (618345)|manipur|06/2020 (08/2020)|08/2022 (02/2023)|365.53 (365.53)|168.23|64
1065|widening to 2-lane with hard shoulder of churachandpur to tuivai section of nh- 102b from km 32.835 to km 48.587 in the state of manipur on epc mode under nho package-2a (nhidcl) (618346)|manipur|04/2020 (07/2020)|06/2022 (02/2023)|232.99 (232.99)|127.15|81
1066|widening to 2-lane with hard shoulder of churachandpur to tuivai section of nh- 102b from km 13.747 to km 32.835 in the state of manipur on epc mode under nho package-1b (nhidcl) (618347)|manipur|04/2020 (07/2020)|06/2022 (04/2025)|241.52 (241.52)|0|45
1067|construction of of 2 -lane with paved shoulders road from tamenglong-tousem- lisang-mahur road nh-137 starting near dialong village from km 10.000 at dialong to km 31.430 near old tamenglong , near barak river on epc mode package-2 (nhidcl) (618355)|manipur|07/2021 (09/2021)|03/2023 (12/2025)|483.87 (483.87)|351.99|92
1068|construction of 2 -lane with paved shoulders road from tamenglong to mahur in the state of manipur from km 31.430 at old tamenglong to km 43.480 ending near phelong on epc mode package-3 (nhidcl) (618356)|manipur|03/2021 (06/2021)|12/2022 (12/2025)|234.08 (234.08)|0|94
1069|construction of 2 -lane with paved shoulders road from tamenglong to mahur nh- 137 in manipur starting from km 54.180 near azuram to km 80.630 near mandeu on epc mode package 5 (nhidcl) (618357)|manipur|09/2021 (11/2021)|05/2023 (04/2025)|477.86 (477.86)|330.1|84
1070|construction of 2 -lane with paved shoulders road from tamenglong to mahur nh- 137 starting from km 80.630 near mandeu to km 96.870 near jiri river on epc mode package-6 (nhidcl) (618358)|manipur|09/2021 (11/2021)|05/2023 (07/2027)|311.18 (311.18)|223.12|84
1071|construction of 2-laning with hard shoulder of ukhrul tolloi - tadubi section of nh- 102a from design chainage km 9450 to km 50850 in the state of manipur on epc mode under nho-ne package-2 (nhidcl) (618387)|manipur|03/2023 (03/2024)|03/2026 (-)|578.98 (578.98)|234.11|77
1072|construction of 2-laning with hard shoulder road of ukhrul - tolloi - tadubi section of nh-102a from design chainage 50.850 km to 81.870 km in the state of manipur on epc mode under nho-tsp package -3 (nhidcl) (618388)|manipur|09/2021 (07/2023)|01/2025 (03/2025)|315.56 (315.56)|227.97|90
1073|construction of 2-laning with hard shoulder road of ukhrul - tolloi - tadubi section of nh-102a from design chainage 81.870 km to 105.825 km in the state of manipur on epc mode under nho-tsp package -4 (nhidcl) (618389)|manipur|09/2021 (08/2022)|02/2024 (10/2025)|310.76 (310.76)|247|96
1074|improvement of existing road to 2 laning with hard shoulders of maram-peren section package-1b, length- 17.660 km from design chainage 22.340 km to 40.000 km on nh-129a in the state of manipur on epc mode (nhidcl) (618415)|manipur|02/2021 (06/2021)|12/2022 (08/2023)|188.36 (188.36)|0|99
1075|improvement of existing road to 2 laning with hard shoulders of maram -peren section package-1a, length- 22.340km from design chainage 0.000 km to 22.340 km on nh-129a in the state of manipur on epc mode (nhidcl) (618416)|manipur|02/2021 (06/2021)|12/2022 (02/2023)|226.32 (226.32)|0|0
1076|rehabilitation and up-gradation of nongstoin wahkaji section of project road km 0000 to km 43060 to intermediate lane with earthern shoulder under sardp-ne phase-a in the state of meghalaya on epc mode. job no- sardp-ne/nong-don- maw/mg/2020-21/294 (morth) (617885)|meghalaya|08/2020 (02/2022)|08/2023 (07/2024)|302.88 (302.88)|182.58|98
1077|improvement/widening to 2-l with paved shoulder/ 4-laning of nh-40 section from km 151330 to km 163400 design km 63.530 to km 71.520 including dawki bridge of length 368 m between shillong-dawki under jica oda loan assistance phase-ii pkg- 5 -balance work (nhidcl) (618374)|meghalaya|07/2020 (05/2024)|11/2026 (11/2027)|284.21 (284.21)|0|32
1078|improvement/widening to 2-lane with paved shoulder from design km 45.760 to km 63.530 between shillong-dawki under jica oda loan assistance phase-ii -balance work pkg-4 (nhidcl) (618375)|meghalaya|07/2020 (04/2024)|04/2026 (07/2026)|445.51 (445.51)|0|37
1079|improvement/widening to 2-lane with paved shoulder between shillong-dawki road up to bangladesh border from design km 10.670 to km 37.550 under jica oda loan assistance phase-ii -balance work-pkg-2 (nhidcl) (618376)|meghalaya|07/2020 (02/2024)|08/2026 (07/2026)|525.67 (525.67)|0|41
1080|improvement/widening to 2-l with paved shoulder/4-l from km 81740 to km 93490 design km 0000 to km 10670 of nh-40 new nh-106 & 206 section & 4-l from design km 0.00 to km 0.930 of nh-44 section between shillong-dawki under jica oda loan assistance phase-ii -balance work pkg-1 (nhidcl) (618377)|meghalaya|07/2020 (10/2023)|10/2025 (-)|351.12 (351.12)|0|78
1081|rehabilitation and up gradation of nongstoin-rambrai-kyrshai road up to meghalaya- assam border from km 0.335 to km 34.039 to 2-lane under nho - ne in the state of meghalaya package-1 (nhidcl) (618418)|meghalaya|09/2021 (05/2022)|05/2024 (06/2025)|359.86 (359.86)|0|69
1082|construction of 2-lane with paved shoulders of shillong western bypass starting from nh-06 near ladumsaw existing km 60.900 of old nh40 to nh106 old nh 44e package-iii, from km 24700 to km 38256 under sardp-ne phase a in the state of meghalaya on epc mode greenfield alignment (nhidcl) (618419)|meghalaya|03/2023 (09/2024)|09/2026 (-)|562.48 (562.48)|0|33
1083|construction of 2 lane with paved shoulder of shillong western bypass starting from nh-06 near ladumsaw existing km 60.900 of old nh-40 to nh-106 old nh-44e, package-ii km 12800 to km 24700 under sardp-ne phase a in the state of meghalaya on epc mode (nhidcl) (618420)|meghalaya|03/2023 (09/2024)|09/2026 (-)|686.03 (686.03)|0|0
1084|construction of 2-lane with paved shoulder of shillong western bypass starting from nh-06 near ladumsaw existing km 60.900 of old nh-40 to nh106 old nh-44e, km 0000 to km 12800 package-i under sardp-ne phase a in the state of meghalaya on epc mode greenfield alignment (nhidcl) (618421)|meghalaya|03/2023 (09/2024)|09/2026 (-)|620.3 (620.3)|0|46
1085|up-gradation to 2-lane with paved shoulders of ngopa - pawlrang section of nh 102b of aizawl - imphal economic corridor from existing chainage km 32.796 to km 72.030 [design chainage km 31.280 to km 68.170] in the state of mizoram under bharatmala pariyojna on epc mode under nho-ne package-2 keifang- tuivai pkg-2 (nhidcl) (618341)|mizoram|09/2021 (09/2023)|02/2025 (06/2026)|523.78 (523.78)|0|64
1086|rehabilitation and upgradation to 2 lane with paved shoulder of economic corridor of nh-6 from design chaiange km 0.000 to km 13.510 package-1 in the state of mizoram under bharatmala pariyojana on epc mode (nhidcl) (618342)|mizoram|03/2020 (07/2020)|06/2022 (06/2024)|206.9 (206.9)|0|0
1087|rehabilitation and up gradation to 2-lane with paved shoulder of keifang section economic corridor of nh-06 from existing chainage km 30050 keifang to km 50360 keifang, design chainage km 27400 to km 45040 pkgiii in the state of mizoram under bharatmala pariyojna on epc mode seling-dulte - iii (nhidcl) (618343)|mizoram|03/2020 (07/2020)|06/2022 (12/2024)|292.23 (292.23)|0|0
1088|construction of 2-laning with hard shoulder of lunglei to chhumkhum from design chainage km 0.000 to km 37.420 of nh-302 [lunglei-tlabung] package-a (nhidcl) (618362)|mizoram|03/2021 (06/2021)|12/2022 (05/2025)|698.45 (698.45)|0|0
1089|construction of 2-laning with hard shoulder configuration of chhumkhum to tlabung from design chainage km 37.420 to km 74.950 of nh-302 in mizoram under bharatmala pariyojana on epc mode [pkg-b] (nhidcl) (618363)|mizoram|06/2021 (07/2021)|01/2023 (05/2025)|740.58 (740.58)|0|0
1090|widening and up-gradation to 2- lane with paved shoulder configuration and geometric improvement from km. 208. 000 to km 250.000 package-5 on aizawl tuipang section of nh-54 in the state of mizoram package-5 (nhidcl) (618379)|mizoram|09/2019 (10/2019)|04/2023 (-)|752.89 (752.89)|125.62|95
1091|widening and up-gradation to 2- lane with paved shoulder configuration and geometric improvement from km. 125. 000 to km 166 package-3 on aizawl tuipang section of nh-54 in the state of mizoram package-3 (nhidcl) (618380)|mizoram|09/2019 (10/2019)|04/2023 (11/2024)|867.09 (867.09)|0|0
1092|widening and up-gradation to 2-lane with paved shoulder configuration and geometric improvements from km 250.00 lunglei to km 298.00 on aizawl-tuipang section under jica oda loan assistance phase-i package-6 (nhidcl) (618381)|mizoram|09/2019 (12/2019)|06/2023 (03/2025)|768.76 (768.76)|168.78|98
1093|widening and up-gradation to 2-lane with paved shoulder configuration and geometric improvements from km 298.00 to km 339.00 on aizawl-tuipang section under jica oda loan assistance phase-i package-7 (nhidcl) (618382)|mizoram|09/2019 (10/2020)|04/2024 (03/2025)|605.76 (750.32)|0.01|100
1094|widening and up-gradation to 2-lane with paved shoulder configuration and geometric improvements from km 339.00 to km 380.00 siaha on aizawl-tuipang section under jica oda loan assistance phase-i package-8 (nhidcl) (618383)|mizoram|09/2019 (03/2020)|09/2023 (05/2025)|637.06 (637.06)|101.89|99
1095|widening and up-gradation to 2- lane with paved shoulder configuration and geometric improvement from km. 166. 000 to km 208.000 package-4 on aizawl tuipang section of nh-54 in the state of mizoram package-4 (nhidcl) (618384)|mizoram|09/2019 (10/2019)|04/2023 (09/2024)|899.45 (899.45)|191.59|99
1096|6l aluru - jakkuva section of nh-130cd road from km 365.033 to km 396.800 pkg. 1 (national highways authority of india [nhai]) (618681)|multi-states (andhra pradesh, odisha)|02/2021 (03/2022)|03/2024 (04/2025)|1216.12 (1241.66)|627.48|90
1097|bangalore chennai expressway phase-iii package i gudipala to walajajhpet from km 156.000 to km 180.000 (national highways authority of india [nhai]) (618477)|multi-states (andhra pradesh, tamil nadu)|10/2020 (05/2022)|05/2024 (08/2024)|1481.87 (1481.87)|711.04|91
1098|6l of veera kaveri raja puram to pondavakkam from km 61.380 to km 96.040 of nh 716b pkg-iii (national highways authority of india [nhai]) (618634)|multi-states (andhra pradesh, tamil nadu)|03/2021 (01/2023)|01/2025 (-)|1439.77 (1439.77)|685.44|98
1099|6l of varadharajula to kumarajapet from km 0.000 to km 43.800 of nh-716b pkg-i (national highways authority of india [nhai]) (618771)|multi-states (andhra pradesh, tamil nadu)|02/2021 (12/2022)|12/2024 (08/2025)|1924.75 (1887.38)|922.92|98
1100|6l of kumarajapet to veera kaveri raja puram from km 43.800 to km 61.380 of nh- 716b pkg-ii (national highways authority of india [nhai]) (618772)|multi-states (andhra pradesh, tamil nadu)|02/2021 (10/2023)|10/2025 (-)|702.52 (799.36)|354.34|92
1101|khammam-devarapalle pkg iii [4l access controlled greenfield from chintagudem village to recherla village design chainage 63117 to 105236] (national highways authority of india [nhai]) (618747)|multi-states (andhra pradesh, telangana)|01/2021 (09/2022)|10/2024 (09/2025)|829.5 (1227.07)|459.37|98
1102|6l of aurangabad to bihar-jharkhand border chordaha section from km. 180.000 to km. 209.827 of nh-2 pkg-01 (national highways authority of india [nhai]) (618531)|multi-states (bihar, jharkhand)|02/2021 (12/2024)|12/2026 (-)|1054.46 (786.81)|86|16
1103|6l of aurangabad to bihar-jharkhand border chordaha section from km. 209.827 to km. 249.525 of nh-19 pkg-02 (national highways authority of india [nhai]) (618532)|multi-states (bihar, jharkhand)|06/2021 (03/2022)|03/2024 (04/2025)|1822.46 (738.11)|565.91|92
1104|hariharganj to parwa mode section from km 23.284 to km 57.049 of nh-98 (national highways authority of india [nhai]) (618951)|multi-states (bihar, jharkhand)|09/2020 (03/2022)|02/2024 (-)|1125.78 (1186.56)|474.19|79
1131|construction of 2-lane with paved shoulder of kohima- bypass road connecting nh- 39new nh-02, nh-150new nh-02, nh-61new nh-29, nh-39new nh-02 from design km 32.00 to design km 43.454design length-11.454 km in the state of nagaland under sardp-ne on epc mode package-iv (nhidcl) (618290)|nagaland|07/2020 (10/2020)|04/2022 (02/2025)|202.36 (202.36)|0|0
1132|construction of 2-lane with paved shoulder of kohima-bypass road connecting nh- 39 new nh-02, nh150new nh-02, nh7-61 new nh-29 and nh-39 new nh-02 from design km 21.000 to km 32.268 [design length11.268 km] in the state of nagaland under sardp-ne on epc mode package- 3 (nhidcl) (618291)|nagaland|07/2020 (06/2023)|06/2025 (-)|159.85 (342.29)|0|0
1133|construction of 2-lane with paved shoulder of kohima-bypass road connecting new nh-02 and new nh-29 from design km 10.500 to design km 21.000 [design length- 10.500 km] including tunnel of 500m at ch. 11.000 in the state of nagaland under sardp-ne on epc mode package-2 (nhidcl) (618292)|nagaland|07/2020 (10/2020)|10/2022 (01/2024)|277.44 (277.44)|0|0
1134|construction of 2-lane with paved shoulder of kohima-bypass road connecting nh- 39new nh-02, nh-150new nh-02, nh-61new nh-29 and nh-39new nh-02 from design km 0.00 to km 10.500 in the state of nagaland under sardp-ne on epc mode package-1 -balance work (nhidcl) (618293)|nagaland|07/2020 (11/2023)|11/2026 (-)|232.29 (350.88)|0|20
1135|balance work of construction of 2-lane with hard shoulder of kohima - jessami road on nh-29 old nh-150 from existing km 98.380 near chizami vill. to km120.367 nagaland/manipur border [design km 95.700 to design km 117.200] [design length 21.500 km] in the state of nagaland under bharatmala pariyojna on epc mode package-v under nho (nhidcl) (618296)|nagaland|03/2020 (11/2023)|11/2025 (-)|330.8 (330.8)|0|91
1136|construction of 2-lane with hard shoulder of kohima - jessami road on nh-29 old nh- 150 from existing km 30.474 near kidwema road chakahabama to existing km 53.220 near kikruma village design km 29.60 to km 51.50 design length-21.90 km in the state of nagaland under bharatmala pariyojna on epc mode under nho package-ii -balance work (nhidcl) (618297)|nagaland|03/2020 (01/2024)|01/2026 (-)|355.79 (355.79)|0|29
1137|4-laning of balance work of dimapur-kohima road from design km 152.490 to km 166.700 existing km 156.000 to km 172.900 excluding dimapur & kohima bypass under sardp-ne package-iii (nhidcl) (618328)|nagaland|03/2016 (09/2023)|09/2025 (-)|562.98 (794.75)|0|0
1138|construction of 4/6 laning from km 132.375 to km 153.058 total new alignment length of 20.683 km of daboka-dimapur section dimapur bypass nagaland portion of nh-36 & 39 in the state of nagaland on epc basis under phasea of sardp-ne (nhidcl) (618329)|nagaland|02/2017 (09/2017)|09/2020 (02/2023)|819.39 (819.39)|0|0
1139|widening to 2 lane with hard shoulder of akegwo-avangkhu section of nh-202k for package-i design chainage 0000 km to 34795 km, in the state of nagaland on epc mode under nh o-ne (nhidcl) (618364)|nagaland|12/2022 (08/2023)|02/2026 (-)|430.24 (430.24)|0|78
1140|widening to 2 lane with hard shoulder of akegwo-avangkhu section of nh-202k for package-iii design chainage 69875 km to 106816 km in the state of nagaland on epc mode under nho-ne (nhidcl) (618365)|nagaland|12/2022 (08/2023)|02/2026 (-)|497.18 (497.18)|0|80
1141|widening to 2 lane with hard shoulder of akegwo-avangkhu section of nh-202k for package-ii design chainage 34795 km to 69875 km in the state of nagaland on epc mode under nho-ne (nhidcl) (618366)|nagaland|12/2022 (08/2023)|02/2026 (-)|442.54 (442.54)|0|38
1142|construction of 2 laning with hard shoulder of peren-dimapur section on nh 129a from design km 146.208 to km 163.592 length- 17.384 km in the state of nagaland on epc mode under nho-tsp package-iii (nhidcl) (618413)|nagaland|02/2021 (06/2023)|06/2025 (11/2025)|177.77 (199.02)|0|76
1143|construction of balance work for 2-lane with hard shoulder of peren- dimapur section on nh-129a from design km 126.775 to km 146.208 length 19.433 km in the state of nagaland on epc mode under nho-tsp package-ii (nhidcl) (618414)|nagaland|01/2021 (09/2023)|09/2025 (-)|258.52 (258.52)|0|0
1144|construction of 2-lane with hard shoulders of merangkong-tamlu-mon road wakching twon portion on epc basis from existing chainage km 59000 to km 73640 [design km. 59000 to km, 72450] design length - 13.450 km under sardp-ne package-v balance work (nhidcl) (618422)|nagaland|03/2021 (09/2023)|09/2025 (-)|161.73 (161.73)|0|0
1145|construction of 2-lane with hard shoulders of merangkong-tamlu-mon mtm road from existing km 20.456 to km 41.065 design km. 20 to km. 40.0 design length- 20.000 km in the state of nagaland under sardp-ne phase-a pkg-2 balance work (nhidcl) (618423)|nagaland|03/2018 (08/2023)|08/2025 (-)|215.79 (215.79)|0|0
1146|widening and strengthening to 4lps/2lps from km 0.000 to 35.800 kuakhia - mangalpur section of nh 20 in the state of odisha on annual plan 2021-22 (morth) (617899)|odisha|03/2022 (02/2024)|02/2026 (-)|636.1 (636.1)|47.79|45
1147|construction of bypass road to balangir town from km 72/400 desing km 0/0 to km 79/800 design km 11/670 of nh-26 in the state of odisha. (morth) (617904)|odisha|02/2022 (04/2023)|10/2025 (-)|238.78 (238.78)|6.09|0
1148|construction of 4 lane rob with approaches in lieu of lc no. rv-172 at km 176.00 of nh-201 present nh-26 at kesinga including land acquisition in the state of odisha on epc mode under annual plan 2021-22 (morth) (617905)|odisha|12/2021 (05/2023)|05/2025 (-)|324.09 (324.09)|65.83|70
1149|widening and strengthening to 2lps including la of kandarpur-balikuda from km 277/500 to 318/970 of nh-55 in the state of odisha under annual plan 2021-22. (morth) (617921)|odisha|03/2022 (06/2023)|06/2025 (-)|499.79 (499.79)|99.63|50
1150|construction of bypass to nayagarh town from km 235.469 to 252.482 of nh-57 including land acquisition in the state of odisha. (morth) (617924)|odisha|01/2022 (05/2023)|04/2025 (-)|300.33 (300.33)|78.14|68
1151|construction of bypass to khordha town from km 294/000 to 300/300 on nh-57 including la in the state of odisha on epc mode. (morth) (617925)|odisha|02/2022 (05/2023)|11/2024 (07/2025)|157.49 (157.49)|33.61|35
1152|construction of bypass on nh-59 from km 336/350 to 349/910 13.56 km near berhampur town including 4-lane rob in the state of odisha. (morth) (617930)|odisha|03/2021 (03/2022)|03/2024 (-)|196.94 (196.94)|30.46|35
1153|construction of four lane rob and its approaches in lieu of existing level crossing no. rv-71 at km 435 on nh-217 new nh-353 at khariar including land acquisition under nho in annual plan 2021-22 for the state of odisha for f.y. 2021-22 to f.y 2033-34 (morth) (618003)|odisha|11/2021 (06/2023)|12/2024 (-)|154.49 (154.49)|22.32|0
1154|widening & strengthenlng to 2lps from km 0,000 to 40.000 dhaugaon- podamari section of nh 326 in the state of odisha under annual plan 2021.22. (morth) (618012)|odisha|03/2022 (02/2024)|02/2026 (-)|186.52 (186.52)|42.7|60
1155|bhadrak km 136.500 to baleshwar km 199.141 (national highways authority of india [nhai]) (618523)|odisha|11/2014 (03/2019)|09/2021 (-)|844.67 (1394.82)|231.14|91
1156|6l greenfield kaliagura baunsaguar section of nh-130-cd road from km 249000 to km 293000 package od-5 (national highways authority of india [nhai]) (618677)|odisha|09/2021 (05/2022)|05/2024 (10/2025)|1539.75 (1918.49)|881.05|92
1157|6l greenfield baunsaguar - baraja section of nh-130-cd road from km 293000 to km 338500 package od-6 (national highways authority of india [nhai]) (618678)|odisha|08/2021 (06/2022)|05/2024 (06/2025)|1265.59 (1635.44)|762.26|98
1158|6l greenfield kandili - aluru section of nh-130-cd road from km 342500 to km 365033 package-od-8 (national highways authority of india [nhai]) (618680)|odisha|12/2021 (10/2022)|10/2024 (08/2025)|1492.74 (1912.84)|965.07|92
1159|balance work of panikoili rimoli section of new nh-20 from km 0.00 to km. 163.000 (national highways authority of india [nhai]) (618819)|odisha|09/2020 (03/2021)|03/2022 (07/2022)|183.03 (200.79)|89.36|99
1160|rehabilitation and up gradation from 4 to 8 laning of chandikhole paradip section of nh-53 old nh 5a from km.39.000 to km.60.00 package-3 (national highways authority of india [nhai]) (618820)|odisha|03/2023 (12/2023)|12/2025 (-)|861.84 (938.55)|344.24|81
1161|rehabilitation and up gradation from 4 to 8 laning of chandikhole paradip section of nh-53 old nh 5a from km 18.00 to km 39.00 in the state of odisha on ham mode package-2 (national highways authority of india [nhai]) (618821)|odisha|03/2023 (12/2023)|12/2025 (-)|920.47 (950.4)|363.82|83
1162|3l major bridge over river brahmani at km. 401.250 duburi - chandikhole section of nh-200 new nh -53 (national highways authority of india [nhai]) (618908)|odisha|04/2022 (08/2022)|01/2025 (-)|153.61 (103.68)|61.82|0
1163|4-l of rajamunda to barkote section of nh-23 from km. 287.200 to km. 337.185 (national highways authority of india [nhai]) (618913)|odisha|10/2017 (12/2018)|06/2021 (12/2024)|609.63 (630.97)|114.77|96
1164|work of widening/upgradation of 2-lane with paved shoulder of sri muktsar sahib to malout road from km 279.400 to km 307.060 section of nh-354 in the state of punjab on epc mode. job no. nh-354-pb-2021-22-555 (morth) (618023)|punjab|03/2022 (10/2023)|04/2025 (-)|152.58 (152.58)|0|96
1165|up-gradation to two lane with paved shoulder configuration of nh-354 section arifkes- ferozepur-muktsar-malaut from km 201.500 to km 212.500 & km 229.690 to km 269.960 and strengthening of existing pavement from km 212.500 to km 229.690 excluding km 218.500 to 223.690 of nh-354 on epc mode in the state of punjab. job no. nh-354-pb-2020-21-532 (morth) (618024)|punjab|03/2021 (10/2023)|04/2025 (-)|263.19 (263.19)|0|0
1166|delhi-amritsar-katra expressway phase-i pkg-vii from junction with patiala-bathinda road nh-7 near bhawanigarh to junction with ludhiana-malerhkotla sh-11 near bhogiwal village km 188830 to km 225770 (national highways authority of india [nhai]) (618487)|punjab|12/2020 (07/2022)|07/2024 (-)|1759.82 (1774.32)|1217.21|95
1167|delhi-amritsar-katra expressway phase-i pkg-viii from junction with ludhiana- malerkotla sh-11 near bhogiwal village to junction with ludhiana-moga road nh-5 near mullanpur dakha km 225770 to km 260860 (national highways authority of india [nhai]) (618488)|punjab|12/2020 (03/2023)|03/2025 (-)|1895.74 (2034.94)|751.95|31
1168|delhi-amritsar-katra expressway phase-i pkg-ix from junction with ludhiana-moga road nh-5 near mullanpur dakha to junction with jalandhar - moga road nh-703 near kang sahibu village km 260860 to km 303900 (national highways authority of india [nhai]) (618489)|punjab|12/2020 (07/2022)|07/2024 (09/2025)|1851.47 (2407.14)|1305.41|69
1169|delhi-amritsar-katra expressway phase-i pkg-x from jn. with jalandhar - moga road nh-703 to jn. with jalandhar-kapurthala road nh-703a and to jn. with kapurthala - sultanpur lodhi road nh-703a km 000 to km 24000 to amritsar connectivity (national highways authority of india [nhai]) (618490)|punjab|12/2020 (07/2022)|07/2024 (09/2025)|2177.54 (2062.74)|1004.28|62
1170|delhi-amritsar-katra expressway phase-i pkg-xi from junction with jalandhar - kapurthala road nh-703a near khojewal village to junction with amritsar-mehta- srihargobindpur-tanda road nh-503a near srihargobindpur km 319400 to km 362420 (national highways authority of india [nhai]) (618491)|punjab|03/2021 (11/2022)|11/2024 (-)|2175.35 (2206.71)|941.19|43
1171|delhi-amritsar-katra expressway phase-i pkg-xii from junction with amritsar-mehta- srihargobindpur-tanda road nh-503a near srihargobindpur to junction with pathankot-gurdaspur road nh-54 near gurdaspur km 362420 to km 397700 (national highways authority of india [nhai]) (618492)|punjab|03/2021 (01/2024)|12/2025 (-)|1734.18 (1538.47)|470.44|25
1172|delhi-amritsar-katra expressway phase-i spur-i from jn. with kapurthala - sultanpur lodhi road nh-703a near isharwal village to jn. with kapurthala - tarn taran road nh-703aa near goinwal sahib [km 24000 to km 41000 of amritsar connectivity] (national highways authority of india [nhai]) (618493)|punjab|12/2021 (04/2023)|04/2026 (-)|2165.23 (1519.6)|331.17|27
1173|development of 6l greenfield jalandhar bypass starting from kahlwan nh-03 ending at kang sahbu nh-703 via sarmastpur nh-44 - madara nh-03 - khajurla nh-44 (national highways authority of india [nhai]) (618552)|punjab|03/2021 (01/2023)|01/2025 (03/2026)|1754.84 (2167.39)|797.22|41
1174|6l of jodhpur romana bathinda - mandi dabwali punjab haryana border section of nh-54 from km. 0.000 to km. 27.400 of nh-54 (national highways authority of india [nhai]) (618610)|punjab|05/2020 (08/2023)|08/2025 (-)|789.26 (1318.91)|507.03|98
1175|6l amritsar-bathinda greenfield section from village tiba on ne-5a to jn. with moga jalandhar road nh-703 near dharamkot from km 0.000 to km 39.000 of nh-754a pkg-1 (national highways authority of india [nhai]) (618617)|punjab|03/2021 (11/2022)|11/2024 (09/2025)|1229.38 (1549.32)|732.07|64
1176|6l amritsar-bathinda greenfield section from jn. with bhagta bhai ka-bhadaur road near dyalpura bhai ka to jn. with mandi dabwali bathinda road on nh-54 near sangat kalan from km 93.000 to km 154.866 of nh-754a pkg-3 (national highways authority of india [nhai]) (618618)|punjab|03/2021 (06/2024)|06/2026 (-)|2029.17 (2677.23)|504.83|65
1177|6l access controlled ludhiana-bathinda greenfield highway from jn. with amritsar- bathanda greenfield road nh-754a near rampura phul to jn. with moga-barnala road nh-703 near village tallewal from km 0.0 to km 30.3 of nh-754ad pkg-1 (national highways authority of india [nhai]) (618647)|punjab|06/2021 (09/2023)|09/2025 (-)|906.51 (1020.52)|429.44|78
1178|moga - bagha purana - bajakhana from km. 0.00 to km. 43.32 (national highways authority of india [nhai]) (618764)|punjab|05/2020 (12/2022)|12/2024 (08/2025)|864.23 (1264.17)|625.94|75
1179|4/6l greenfield ludhianarupnagar highway from jn. with ne-5 village near to manewalludhiana to jn. with nh-205 near bheora village rupnagar from km 66.0 to km 91.0 i/c spur to kharar from km 0.0 to km 19.5 with ludhiana bypass of nh-205k pkg-3 (national highways authority of india [nhai]) (618785)|punjab|07/2021 (02/2023)|02/2025 (-)|1501.02 (1815.13)|992.69|76
1180|6l of it city chowk to kurali chandigarh road (national highways authority of india [nhai]) (618789)|punjab|03/2021 (10/2022)|10/2024 (06/2025)|1525.31 (1936.54)|1689.83|98
1181|amritsarairport junction - ramdas from km. 100.835 to km. 139.813 pkg - iv (national highways authority of india [nhai]) (618794)|punjab|12/2020 (03/2022)|09/2023 (-)|524.88 (416.58)|345.41|60
1182|amritsar bypass pkg iii from km. 71.496 to km. 105.158 (national highways authority of india [nhai]) (618795)|punjab|02/2021 (08/2022)|08/2024 (-)|1474.77 (1228.42)|863.93|79
1183|4l of beas-mehta-batala-dera baba nanak from intersection with jalandhar-amritsar highway nh-3 near beas till start of batala bypass near village acchhal from km. 0.000 to km. 31.300 pkg-1 (national highways authority of india [nhai]) (618809)|punjab|08/2021 (06/2023)|06/2025 (-)|809.51 (966.99)|467.61|53
1184|4l of existing beas baba bakala - dera baba nanak section from start of batala bypass till intersection with ajnala gurdaspur highway nh 354 near dera baba nanak from km. 31.300 to km. 69.100 with additional batala bypass pkg-ii (national highways authority of india [nhai]) (618810)|punjab|10/2021 (06/2023)|06/2025 (-)|1003.38 (993.6)|564.01|74
1185|4l of amritsar-ghoman - tanda - una section from km 8.270 to km 54.000 of nh- 503a package-i (national highways authority of india [nhai]) (618906)|punjab|12/2020 (06/2022)|06/2024 (-)|857.91 (1443.47)|466.83|58
1186|beawer gomti 4lps from km 58.245 to km 108.600 pkg-i (morth) (617887)|rajasthan|12/2020 (10/2021)|10/2023 (12/2025)|379.23 (379.23)|201.18|0
1187|construction of two lane with paved shoulder for fatehpur bypass design km 0.000 to km 7.400 , mandawa bypass design km 20.925 to km 27.300 & jhunjhunu bypass design km 41.625 to km 54.689 of nh-11 on epc mode in the state of rajasthan . (morth) (617891)|rajasthan|03/2022 (02/2023)|08/2024 (06/2025)|186.29 (186.29)|66.7|99
1188|upgradation to two lane paved shoulder in km 33/0 to 126/520 of nh-23 old nh- 11b kothun-lalsot-karoli-dholpur road in the state of rajasthan under epc mode length-93.52 km. (morth) (617900)|rajasthan|12/2021 (09/2022)|09/2024 (03/2025)|150.11 (150.11)|12.2|97
1189|widening of pachpadra-bagundi section to 4 lane from km 73/60 to 95/70 of nh-25 on epc mode in the state of rajasthan. (morth) (617901)|rajasthan|01/2022 (12/2022)|12/2024 (07/2025)|194.88 (194.88)|48.47|85
1190|construction of 2 lane with paved shoulder for the work of development of remaining sections of nh-325 balotra to sanderao via jalore to 2 lane with paved shoulder configuration by construction of byasses for town portions1 asotra- brahmdham bypass 2siwana bypass 3 mokalsar bypass 4 major realignment at kathadi 5 major realignment at bishangarh 6 jalore bypass 7 ahore town portion 8 dujana bypass in the state of rajasthan on epc mode (morth) (618011)|rajasthan|12/2021 (05/2022)|05/2024 (06/2025)|411.44 (411.44)|66.63|83
1191|up-gradation to 2 lane with paved shoulder from charbhuja at design km 0.00 existing km 150.00 to neechli oden nathdwara at design ch. km 88.800 existing km 55.950 of nh-162e on epc mode. (morth) (618093)|rajasthan|02/2022 (09/2023)|09/2025 (-)|838.43 (838.43)|55.04|0
1192|upgradation of two lane paved shoulder from shahpura existing km. 0.00 design ch. 000 to thanagazi existing km.37352 design ch. 36810 of nh-248a on epc mode in the state of rajasthan. (morth) (618118)|rajasthan|03/2022 (02/2023)|07/2024 (03/2025)|174.34 (174.34)|63.51|90
1193|construction of 2 lane with paved shoulder for northern bypass phase-ii of kota city in the state of rajasthan. (morth) (618200)|rajasthan|03/2022 (10/2023)|04/2025 (06/2026)|317.74 (317.74)|5.97|0
1194|delhi-vadodara greenfield alignment nh-148n pkg-14 ch. 388.420 to ch. 419.000 [junction with nh- 76 to junction with nh-12 near village ummedpura] (national highways authority of india [nhai]) (618456)|rajasthan|11/2019 (05/2021)|05/2023 (03/2025)|1119.35 (1194.17)|975.7|99
1195|delhi-vadodara greenfield alignment nh-148n pkg-10 ch. 292.950 to ch. 319.400 [end of interchange on nh-166 near village mui to hardeoganj village near indergarh] (national highways authority of india [nhai]) (618457)|rajasthan|11/2019 (05/2021)|05/2023 (07/2024)|1272.97 (1265.16)|1070.22|94
1196|delhi-vadodara greenfield alignment nh-148n pkg-15 ch. 419.000 to ch.427.300 [junction with nh-12 near village ummedpura to major bridge over takli river near nayagaon jageer village] (national highways authority of india [nhai]) (618458)|rajasthan|07/2020 (07/2021)|01/2024 (02/2026)|1854.68 (1854.68)|1270.78|85
1197|deogarh near dhandhaniya-rajasthan/gujarat border phase-i aj/drgb-package-6 (national highways authority of india [nhai]) (618612)|rajasthan|10/2019 (08/2021)|08/2023 (12/2024)|846.59 (740.62)|666.43|100
1198|deogarh near dhandhaniya-rajasthan/gujarat border phase-i aj/drgb-package-7 (national highways authority of india [nhai]) (618613)|rajasthan|10/2019 (07/2021)|07/2023 (12/2024)|662.08 (597.77)|503.05|100
1199|tanot -ramgarh-bhadasar-jaisalmer nh-68 and bhadasarmokal-sarkaritala up to pakisthan border nh-968 pkg-bm/5 (national highways authority of india [nhai]) (618796)|rajasthan|02/2018 (04/2019)|04/2021 (-)|828.58 (830.37)|226.86|100
1200|4l of karwar km. 281.980 of nh-62 nagaur road to dangiyavas of jodhpur ring road pkg-ii (national highways authority of india [nhai]) (618838)|rajasthan|11/2021 (08/2022)|08/2024 (-)|736.75 (512.77)|395.34|98
1201|construction of two lane with paved shoulder gangtok bypass road from ranipool to burtuk ch 0.00 km to 23.316 l23.316 km in the state of sikkim (morth) (618071)|sikkim|10/2021 (05/2022)|05/2024 (01/2025)|385.15 (342.89)|0|78
1202|construction & upgradation of existing road to 2-lane with paved shoulder from new rolep bridge at km 37.600 to chochenpheri at km 52.00 in the section of rongli to chochenpheri of nh 717b pkg-ii c (nhidcl) (618446)|sikkim|10/2020 (05/2021)|05/2024 (02/2025)|493.42 (478.79)|0|64
1203|construction of 2-laning with paved shoulder of new greenfield alignment from helipad near menla at km 82000 to menla at km 94030 of rhenock-menla spur nh- 717b package-iiib on epc basis under sardp-ne phase 'a' in the state of sikkim. (nhidcl) (618447)|sikkim|01/2021 (02/2021)|02/2024 (11/2025)|410.6 (379.3)|0|33
1204|construction of 2-laning with paved shoulder of new greenfield alignment from chochenpheri at km 52000 to helipad near menla at km 82000 of rhenock-menla spur nh-717b package-iiia on epc basis under sardp-ne phase 'a' in the state of sikkim. (nhidcl) (618448)|sikkim|10/2020 (12/2020)|12/2023 (09/2025)|816.79 (786.6)|0|0
1205|construction & upgradation of existing road to 2-lane with paved shoulder from km27.200 end of rongli bypass to km37.600new rolep bridge of rhenok-menla spur nh-717b on epc mode under sardp-ne phase-a in sikkim pkg-ii b (nhidcl) (618449)|sikkim|07/2020 (10/2020)|04/2023 (02/2025)|230.45 (244.91)|0|64
1206|rehabilitation & upgradation of existing road to 2-lane with paved shoulder including geometric improvement of section from start of rabangla km33.600 to km58.840 under sardp-ne phase a pkg- iv (nhidcl) (618450)|sikkim|07/2020 (10/2020)|05/2022 (04/2025)|292.8 (292.8)|1.91|18
1207|construction of bypass to madurai achambathu viratipathu in between km 6/850 10/382 of nh 49 extn new nh 85 including land acquisition on engineering, procurement & construction epc basis contract under nh o annual plan 2021-22 in the state of tamil nadu job no.nh-49 extn new nh 85 - tn-2021-22-997 (morth) (617962)|tamil nadu|03/2022 (09/2024)|08/2026 (-)|238.97 (260.07)|85.64|72
1208|bangalore chennai expressway phase-iii package ii walajahpet to arakkonam from km 180.000 to km 204.500 (national highways authority of india [nhai]) (618478)|tamil nadu|01/2021 (07/2022)|07/2024 (-)|1106.65 (1106.65)|496.04|90
1209|bangalore chennai expressway phase-iii package iii arakkonam to kancheepuram from km 204.500 to km 230.000 (national highways authority of india [nhai]) (618479)|tamil nadu|12/2020 (08/2022)|07/2024 (03/2025)|1525.1 (1525.1)|353.81|53
1210|4l bangalore-chennai expressway from km. 230.000 to km. 261.705 of kanchepuram to sriperumbudur section phase-iii/package-iv (national highways authority of india [nhai]) (618481)|tamil nadu|02/2021 (07/2022)|07/2024 (-)|3605.73 (3605.73)|878.13|62
1211|karaipettai to walajapet from km 71.015 to 107.091 (national highways authority of india [nhai]) (618521)|tamil nadu|08/2018 (02/2019)|02/2021 (04/2025)|766.51 (766.51)|426.79|88
1212|4l of madurai ring road phase 1 [vadipatti-thamrapatti] from km 0.00 - km 29.960 (national highways authority of india [nhai]) (618563)|tamil nadu|12/2018 (03/2020)|03/2022 (08/2025)|900.05 (900.05)|535.7|90
1213|4l of left-over works including additional structures from kerala/tamil nadu border to kanyakumari section from km 43.0 to km 96.174 of nh66 (national highways authority of india [nhai]) (618608)|tamil nadu|11/2022 (08/2023)|08/2025 (04/2026)|1564.23 (1263.42)|802.39|70
1214|6l of pondavakkam to kannigaipair from km 96.040 to km 116.100 of nh 716b pkg- iv (national highways authority of india [nhai]) (618635)|tamil nadu|02/2021 (01/2023)|01/2025 (11/2025)|1359.81 (1359.81)|301.77|31
1215|4l of thirumangalam to vadugapatti section from km 0.000 to km 36.000 of nh-744 (national highways authority of india [nhai]) (618744)|tamil nadu|03/2022 (02/2023)|02/2025 (-)|1076.97 (791.6)|651.91|92
1216|4l of vadugapatti to therkuvenganallur rajapalyam section from km 36.000 to km 71.600 of nh-744 (national highways authority of india [nhai]) (618745)|tamil nadu|02/2022 (04/2023)|04/2025 (-)|1317.6 (1137.16)|917.08|99
1217|melur - pilayarpatti - karaikudi from km 99.920 of nh 38 to km 12.9 of nh 383 ext. (national highways authority of india [nhai]) (618756)|tamil nadu|12/2018 (03/2020)|03/2022 (05/2025)|1103.86 (1085.41)|157.65|90
1218|construction of new double tier 4l elevated corridor from chennai port to maduravoyal in chennai district from km -0.342 to km 20.593 and package ii from km 4.604 to km 9.700 (national highways authority of india [nhai]) (618800)|tamil nadu|03/2023 (11/2023)|05/2026 (-)|1616.97 (1616.97)|99.84|13
1219|construction of new double tier 4-lane elevated corridor from chennai port to maduravoyal in chennai district from km -0342 to km 20223 package 1 from km - 0342 to km 4604 (national highways authority of india [nhai]) (618801)|tamil nadu|03/2023 (11/2023)|05/2026 (-)|1388.59 (1388.59)|120.51|14
1220|4l of madathukulam - pollachi from km. 74.38 to km. 116.95 of old nh-209 new nh- 83 (national highways authority of india [nhai]) (618894)|tamil nadu|01/2019 (12/2020)|12/2022 (-)|1772.13 (1772.13)|211.73|90
1221|kamalapuram to oddanchatram from km. 0.00 to km. 35.822 (national highways authority of india [nhai]) (618895)|tamil nadu|01/2019 (01/2021)|01/2023 (03/2026)|1319.42 (1319.42)|331.43|88
1222|4l of sethiyathope -cholapuram section from km. 65.960 to km. 116.440 section of nh45 c pkg-ii (national highways authority of india [nhai]) (618897)|tamil nadu|na (08/2018)|08/2020 (06/2024)|2356.19 (2356.9)|1011.27|100
1223|6-laning of km 9.900 to km 19/948 aramgarh to shamshabad section of hyderabad- bangalore section of nh-44 under nho epc basis in the state of telangana (morth) (617913)|telangana|01/2018 (05/2018)|05/2020 (07/2021)|283.15 (300.7)|252.28|88
1224|widening to two/four lane with paved shoulder from km.180.600 to km.223.000 of nh-63 on nizamabad-jagadalpur road on epc mode under nho in the state of telangana. (morth) (617936)|telangana|10/2016 (03/2017)|03/2019 (-)|253.99 (183.26)|0|0
1225|rehabilitation and upgradation of lb-nagar to malkapur section to 6-lane main carriageway with service roads, drains cum footpath, including vups and widening of minor bridge & road safety provisions from km. 15/00 to km 40/00 of nh-65 old nh-9 under nh o for the year 2020-21 in the state of telangana on epc mode. (morth) (617940)|telangana|03/2021 (07/2022)|07/2024 (09/2025)|545.11 (545.11)|258.75|60
1226|construction of six lane elevated corridor from km 7.950 uppal to km 14.200 of nh- 163 to de-congest the urban limits of hyderabad-bhoopalapatnam section on epc mode in the state of telangana (morth) (617980)|telangana|03/2018 (07/2018)|07/2020 (04/2026)|626.76 (626.76)|13.91|49
1227|widening and strengthening of existing 2-lane to 2- lane with paved shoulders from km 159/0 to 165/4 and 186/0 to 215/0 of nh-163 on epc mode int the state of telangana (morth) (617982)|telangana|01/2018 (06/2018)|11/2019 (12/2020)|230.03 (230.03)|0|0
1228|widening & strengthening of existing 2lps to 4 lane ps from km 150000 to km 159000 and km 165400 to km 186000 of nh-163 old nh-202 under nh o for the year 2020-21 on epc mode in the state of telangana. (morth) (617983)|telangana|03/2021 (07/2022)|07/2024 (04/2025)|317.19 (300.56)|168.8|82
1229|rehabilitation & upgradation of nh - 167 from design km 187.723 to 234.434 miryalaguda to kodad section to two lane with paved shoulder on epc mode in the state of telangana (morth) (617992)|telangana|03/2018 (09/2018)|09/2020 (-)|322.81 (322.81)|43.78|0
1230|rehabilitation and upgradation of nh-167 from design km 113.900 to 154.479 mallepally haliya section to two lane with paved shoulders on epc mode in the stte of telangana (morth) (617994)|telangana|02/2018 (06/2018)|11/2019 (-)|294.13 (257.61)|3.16|88
1231|widening to two lane with paved shoulders from km 67.000 to km 114.425 of kalwakurthy- mallapally section of nh 167 erstwhile section of sh 18 in the state of telangana on epc mode under nh o annual plan 2016-17 (morth) (617995)|telangana|01/2017 (05/2017)|05/2019 (07/2021)|300 (300)|2.08|99
1232|widening to 2/4 lane with paved shoulders from km 182.120 to km 227.600 of nh 167 on haggari-jadcherla road on epc mode under nho in the state of telangana (morth) (617996)|telangana|10/2016 (02/2017)|02/2019 (07/2023)|298 (298)|228.09|95
1233|construction of 4-lane flyover at amberpet-x road, hyderabad on nh-202 in the state of telangana (morth) (618001)|telangana|05/2018 (06/2021)|06/2023 (04/2024)|216.53 (265.88)|154.05|36
1234|rehabiitation and upgradation from km 121/000 to 154/000 nakrekal to mallampally section of nh-365 to 2 lane with paved shoulders in the state of telangana in the epc mode (morth) (618025)|telangana|03/2018 (06/2018)|12/2019 (-)|192.67 (192.67)|0|96
1235|rehabilitation and upgradation to two lane with paved shoulders from km 0/000 to 72/6 of nh-365 nakrekal to tanamcherla section under nhdp iv in the state of telangana under epc mode (morth) (618026)|telangana|06/2017 (11/2017)|10/2019 (-)|605.08 (605.08)|0|0
1236|widening to two lane with paved shoulders from km 0/000 to km 79/300 of kalwakurthy - kollapur section of nh-167k in the state of telangana under annual plan 2021-22 on epc mode under nho. (morth) (618104)|telangana|03/2022 (07/2023)|07/2025 (-)|886.69 (886.69)|557.4|78
1237|widening and strengthening to 4 lane / 2-lane with paved shoulders of mahabubnagar - chincholi section from km 60/255 to km 102/834 of nh-167n in the state of telangana on epc mode. (morth) (618105)|telangana|03/2022 (10/2023)|10/2025 (-)|631.49 (631.49)|71.91|0
1238|widening and strengthening to 2/4 lane with paved shoulders of mahabubnagar chincholi section from km 0/0 to km 60/255 of nh-167n in the state of telangana under annual plan 2021-22 on epc modepackage-i under nho job no.167n-ts- 2021-22-75 (morth) (618106)|telangana|01/2022 (01/2023)|01/2025 (-)|703.68 (703.68)|252.3|87
1239|widening & strengthening of existing carriageway in 2 lane with paved shoulders from km 25/0 to 59/2 design ch km 25.467 to 59.200 of nh - 353c on epc mode in the state of telangana (morth) (618132)|telangana|02/2018 (06/2018)|06/2020 (-)|206.13 (206.13)|152.77|98
1240|widening and improvement of existing carriage way to 2 lane with paved shoulders from km. 86/160 to 131/730 of jangaon-duddeda section of nh-365b in the state of telangana on epc mode (morth) (618141)|telangana|01/2022 (12/2022)|12/2024 (06/2025)|423.48 (423.48)|159.94|0
1241|widening to two lane with paved shoulders from km.40/410 to 84/037 of thirumanlagiri-- suryapet section of nh-365b earstwhile section of sh-16 (morth) (618142)|telangana|01/2017 (05/2017)|05/2019 (05/2019)|244.54 (244.54)|0|99
1242|widening to two lane with paved shoulders from km.0/970 to km.40/410 of jangaon - thirumal giriof nh- 365b in the state of telanganaon epc mode under nho annual plan 2016-17 (morth) (618143)|telangana|03/2017 (11/2017)|10/2019 (10/2019)|197 (197)|0|92
1243|rehabilitation and up-gradation of valigonda to thorrur section to two lane with paved shoulders from km 39.180 to km 108.300 of nh-930p in the state of telangana on engineering, procurement and construction epc basis (morth) (618186)|telangana|01/2022 (12/2022)|12/2024 (04/2025)|549.28 (549.28)|280.02|82
1244|widening to two lane with paved shoulders of 'bodhan basar bhainsa ' section from km 38/900 to 95/300 of nh-161bb in the state of telangana under annual plan 2021- 22 on epc mode under nh o. (morth) (618190)|telangana|03/2022 (03/2023)|03/2025 (-)|644.45 (644.45)|348.93|0
1245|widening to 2 lane with paved shoulders of siddipet-elkathurthy section from km 69/978 to km 133/619 of nh-765dg in the state of telangana under annual plan 2021-22 on epc mode (morth) (618196)|telangana|01/2022 (12/2022)|12/2024 (01/2025)|578.85 (578.85)|0|76
1246|widening to 2 lane with paved shoulders of medak - siddipet section from km 0/0 to km 69/978 of nh-765dg in the state of telangana under annual plan 2021-22 on epc mode (morth) (618197)|telangana|01/2022 (01/2023)|01/2025 (07/2025)|882.18 (882.18)|347.42|73
1247|improvement of geometrics of kalkallu to gundla pochanpalli from km 454.00 to km 471.00 of nh-44 (national highways authority of india [nhai]) (618558)|telangana|03/2022 (01/2023)|01/2025 (07/2026)|955.49 (903.17)|427.03|35
1248|6l of existing 4l from gundlapochampally to bowenpally from km 471.300 to km 481.331 of nh-44 (national highways authority of india [nhai]) (618559)|telangana|12/2021 (08/2022)|07/2024 (04/2026)|521.53 (528.21)|256.27|50
1249|improvement of geometrics of thondupally to kothur from km 22.300 to km 34.14 of nh-44 (national highways authority of india [nhai]) (618560)|telangana|03/2022 (03/2023)|09/2024 (-)|541.58 (527.43)|45.13|10
1250|khammam-devarapalle pkg i [4l access controlled greenfield from thallampadu village to somavaram village design chainage 0000 to 33604] (national highways authority of india [nhai]) (618746)|telangana|01/2021 (10/2022)|10/2024 (01/2026)|797.36 (1337.18)|570.63|91
1251|4l of kodad design km 0.00/existing km 185.00 of nh-65 to khammam design km 31.800/existing km 29.400 of nh-365a (national highways authority of india [nhai]) (618945)|telangana|01/2021 (01/2022)|05/2024 (05/2025)|1149.17 (1606.99)|688.18|99
1252|rehabilitation and up-gradation of road from km 16.077 to km 43.935 total length 27.858 km of lalchara-kanchanpur section via shivbari on nh-44a to 2 lane with paved shoulder in the state of tripura on epc mode pkg-2 under bharatmala pariyojana manu-simlung -2 (nhidcl) (618307)|tripura|02/2022 (01/2023)|01/2025 (04/2025)|456.88 (456.88)|0|0
1253|improvement and widening to 2-lane with paved shoulder of road from design km 36.000 rangamati to design km 72.000 pati chhari total length 36.000 km on teliamura to harina section of nh 208 in the state of tripura on epc mode under jica oda loan phase vi package-3 (nhidcl) (618368)|tripura|01/2024 (09/2024)|09/2026 (-)|670.9 (670.9)|0|6
1254|improvement and widening to 2-lane with paved shoulder of road from existing km 438.170 khowai chowmuhani to existing km 439.410 south pulinpur of nh-08 and from design km 0.000 south pulinpur to design km 36.00 near rangamati of nh 208 on khowai teliamura- harina section total length 37.24 in the state of tripura on epc mode under jica oda loan phase vi package-2 (nhidcl) (618369)|tripura|01/2024 (09/2024)|09/2026 (-)|657.21 (657.21)|0|42
1255|improvement and widening to 2-lane with paved shoulder of road from km 101.300 to km 127.319 total length 26.019 km i.e. the khowai teliamura-amarpur-harina- sabroom section of nh 208 in the state of tripura on epc under jica oda loan phase vi package-1 (nhidcl) (618370)|tripura|01/2024 (07/2024)|07/2026 (-)|431.78 (431.78)|0|0
1256|rehabilitation and up-gradation of road from design km 25.250 to km 36.460 total lengh 11.210 km of kailashahar-kurti bridge section on nh-208a to 2-lane with paved shoulder on epc basis under nho package-iii- balance work (nhidcl) (618385)|tripura|02/2020 (09/2024)|09/2025 (-)|174.43 (174.43)|0|0
1257|rehabilitation & upgradation of road from km 0.00 to km 18.600 total length-18.600 km of kumarghat-kailashahar section on nh-208 to 2-lane with paved shoulder on epc bais under nho (nhidcl) (618386)|tripura|02/2020 (07/2020)|01/2022 (10/2024)|277.5 (302.03)|0|0
1258|melaghar-srimantapur section on nh-08 spur from km 23 to km 34.500 11.5 km and overlay from km 20.30 to km 22.00 1.7 km total length 13.2 km (nhidcl) (618411)|tripura|01/2023 (05/2023)|11/2024 (12/2025)|195.95 (195.95)|0|0
1259|construction of 4-lane with paved shoulder agartala bypass western side, length 25.402 km connecting nh-8 near amtali to nh-108b near lembuchhera in the state of tripura on epc basis under nho-ne (nhidcl) (618417)|tripura|03/2023 (03/2024)|03/2027 (-)|2026.05 (2026.05)|0|0
1260|construction of jasra bypass with four lane paved shoulder configurationfrom km 379.670 on nh-76new nh-35 to km 18.00 on nh-27new nh-30 on epc in the state of uttar pradesh. (morth) (617957)|uttar pradesh|02/2023 (03/2024)|09/2025 (-)|274.06 (274.06)|0|91
1261|widening to four lane rigid pavement configuration from km 90.00 to km 100.800 on nh-96 km 42.0 to km 53.300 as per new nh-330,design length of 11.300 km under epc mode in the state of uttar pradesh. (morth) (617964)|uttar pradesh|12/2022 (11/2024)|11/2026 (-)|309.63 (309.63)|24.81|22
1262|construction of four-lane elevated viaduct from km.4634 to km.6345 on nh-24a including retaining wall, service lane, at grade road and improvement of junctions, on epc mode (morth) (618008)|uttar pradesh|03/2021 (03/2022)|09/2023 (03/2024)|185.09 (269.81)|158.8|100
1263|balance work of construction of ring road for raebareli city on eastern side of nh- 24b phase-1 on epc mode. (morth) (618009)|uttar pradesh|12/2019 (10/2020)|04/2022 (07/2022)|319.96 (347.8)|0|0
1264|construction of balrampur bypass with 2l flexible pavement configuration from km.223.000 of nh-330 to km.328.300 of nh-730 under epc mode (morth) (618054)|uttar pradesh|12/2022 (08/2024)|02/2026 (-)|515.69 (515.69)|80.95|40
1265|construction of pratapgarh bypass extension connecting nh-31 to nh-330 on epc mode in the state of uttar pradesh. (morth) (618055)|uttar pradesh|10/2022 (01/2024)|06/2025 (-)|225.17 (225.17)|0|66
1266|improvement and up-gradation to two lane with paved shoulder configuration from existing km. 420.00 shohrathgarh to km. 454.00 uska bazar of nh-730 in the state of uttar pradesh epc basis (morth) (618056)|uttar pradesh|01/2022 (03/2024)|09/2025 (04/2026)|509.65 (484.42)|84.14|48
1267|construction of shohratgarh bypass on nh-730 under epc mode in the state of uttar pradesh (morth) (618057)|uttar pradesh|10/2022 (11/2023)|05/2025 (-)|189.31 (189.31)|0|0
1268|widening & strenghteningof section from bharthana chowk to kodarkoot km.0.00 to km.40.00 of nh-91-a on epc mode (morth) (618063)|uttar pradesh|03/2020 (03/2023)|09/2024 (08/2025)|262.37 (343.77)|112.46|90
1269|construction of two lane with paved shoulder from existing km.0.000 to km.55.610 design km. 0.000 to km. 54.048 of nh-124d (morth) (618075)|uttar pradesh|12/2021 (02/2024)|02/2026 (-)|840.93 (773.58)|134.9|55
1270|construction of mariahu bypass with four lane paved shoulder configuration km. 53.540 to km.59.200 of nh-135a on epc mode in the state of uttar pradesh (morth) (618081)|uttar pradesh|03/2023 (02/2024)|02/2026 (-)|438.24 (362.39)|0|44
1271|widening & upgradation to four lane configuration from km.34.900 bhadohi to km.73.134 jaunpur of nh-135a on epc mode (morth) (618082)|uttar pradesh|03/2021 (11/2022)|05/2024 (-)|395.62 (392.03)|0|84
1272|improvement and upgradation to two lane with paved shoulder configuration from existing km 55.00 to km 90.00 design length 34.76 of nh-227a near chhapia village to near sikriganj in the state of up on epc mode. (morth) (618110)|uttar pradesh|11/2021 (11/2022)|05/2024 (07/2025)|307.11 (307.11)|125.88|0
1273|improvement and upgradation to two lane with paved shoulder configuration from existing km 90.00 to 130.00 design length 39.15 of nh-227a near sikriganj to barhalganj in the state of up on epc mode. (morth) (618111)|uttar pradesh|08/2021 (12/2023)|06/2025 (-)|403.36 (345.34)|0|84
1274|rehabilitation and upgradation from km 51.600 to km 75.700 of nh-321g nuhkhas to etah section to two lane with paved shoulder configuration under epc mode in the state of uttar pradesh (morth) (618124)|uttar pradesh|01/2022 (02/2024)|08/2025 (-)|343.54 (343.54)|53.25|47
1275|rehabilitation and up-gradation from km. 0000 to km.40390 of nh-730s maharajganjnichloulthuthibari to two lane with paved shoulders in the state of u.p. on engineering, procurement & construction epc basis. (morth) (618163)|uttar pradesh|03/2023 (06/2024)|12/2025 (-)|809.25 (603.19)|0|52
1276|construction of four lane highway with paved shoulder from km.74.700 to km.112.950 of nh-731a i/c yamuna bridge on ham in the state of uttar pradesh. (morth) (618164)|uttar pradesh|03/2022 (06/2024)|06/2026 (-)|1141.67 (1157.31)|0|66
1277|construction of 4-lane highway with paved shoulders from km 49.155 to km 74.700 of nh-731a on hybrid annuity mode in the state of uttar pradesh (morth) (618165)|uttar pradesh|01/2022 (02/2024)|01/2026 (-)|1156.72 (1156.72)|0|90
1278|construction of 4-lane green field highway from km. 35.000 to km. 49.155 of nh- 731a with paved shoulders on hybrid annuity mode in the state of uttar pradesh (morth) (618166)|uttar pradesh|01/2022 (10/2023)|10/2025 (-)|697.66 (697.66)|0.04|98
1279|rehabilitation & upgradation of nh-731a from km.0.00 to km.35.00 to 2-lane with paved shoulder under epc mode (morth) (618167)|uttar pradesh|03/2021 (08/2022)|08/2023 (-)|264.86 (264.86)|0|50
1280|widening to four lane with paved shoulder from design km.49.200 to km.89.285 of nh-731b on epc mode in the state of uttar pradesh (morth) (618168)|uttar pradesh|03/2022 (01/2024)|01/2026 (-)|917.91 (965.3)|116.91|50
1281|construction of two lane with paved shoulder highway from design ch.0.000 to ch.49.2oo of nh-731b on epc mode (morth) (618169)|uttar pradesh|03/2022 (11/2023)|11/2025 (-)|640.18 (602.76)|227.12|93
1282|rehabilitation and upgradation to 2-lane with paved sholuders configuration of near karri village-etawah section km30.000 to km 57.346 pakage-ii of nh-92 in state of uttar pradesh undergreen national highway corridor projectgnhcp with the loan assistance of world bank on epc mode. (morth) (618229)|uttar pradesh|04/2020 (08/2022)|02/2024 (02/2025)|211.09 (206.56)|0|100
1283|construction of 6-lane bridge on ganga on nh-96 and its approaches in phaphamau allahabad on epc mode (morth) (618233)|uttar pradesh|07/2018 (02/2021)|02/2024 (07/2024)|1948.25 (1465.41)|0|60
1284|rehabilitation and upgradation to 2-lane with paved sholuders configuration of bewar- naer karri village section km0.00 to km30.00 pakage-i of nh-92 in state of uttar pradesh undergreen national highway corridor projectgnhcp with the loan assistance of world bank on epc mode. (morth) (618240)|uttar pradesh|04/2020 (09/2022)|03/2024 (05/2024)|236.47 (236.47)|0|90
1285|rehabilitation and upgradation to 2-lane with paved sholuders configuration of miranpur katra to radhaita section of nh-730ckm.114.000 to km 137.250pakage-iii in state of uttar pradesh undergreen national highway corridor projectgnhcp with the loan assistance of world bank on epc mode. (morth) (618265)|uttar pradesh|04/2020 (07/2022)|07/2024 (12/2025)|172.5 (169.56)|0|71
1286|rehabilitation and upgradation to 2-lane with paved sholuders configuration of bewar- allahaganj- section of nh-730ckm.0.000 to km 52.770pakage-i in state of uttar pradesh undergreen national highway corridor projectgnhcp with the loan assistance of world bank on epc mode. (morth) (618266)|uttar pradesh|04/2020 (11/2022)|11/2024 (-)|325.24 (340.16)|0|98
1287|6l greenfield kanpur - lucknow expressway pkg ii from km. 28.500 to km. 73.744 (national highways authority of india [nhai]) (618498)|uttar pradesh|12/2021 (11/2022)|05/2025 (-)|2471.56 (2489)|1162.84|87
1288|6l elevated kanpur - lucknow exeressway pkg-1 from km. 10980 to km. 28500 (national highways authority of india [nhai]) (618499)|uttar pradesh|12/2021 (02/2023)|07/2025 (-)|1972.94 (1943.27)|765.57|75
1289|construction of 4l connector from delhi meerut expressway km 50.000 of pkg iv to km 8.520 of nh-235 pkg-5 (national highways authority of india [nhai]) (618500)|uttar pradesh|09/2021 (03/2022)|03/2024 (12/2025)|1081.39 (1116.19)|401.34|76
1290|varanasi ring road pkg-ii connecting sandaha village km 11.70 / nh-29 with revasa village km 818.80 / nh-2 (national highways authority of india [nhai]) (618529)|uttar pradesh|12/2017 (02/2019)|02/2022 (06/2025)|1991.71 (1832.66)|985.18|92
1291|construction of ring road around kanpur from km.000 to km. 23.325 chachendi sachendi i to maharajpur package-i (national highways authority of india [nhai]) (618537)|uttar pradesh|01/2023 (12/2023)|06/2026 (-)|1753.75 (1311.7)|318.17|47
1292|6l of agra bypass northern connecting km. 174.500 of nh-2 new nh-19 to km. 141.000 of yamuna expressways (national highways authority of india [nhai]) (618553)|uttar pradesh|01/2022 (02/2023)|02/2025 (-)|957.62 (1034.42)|757.89|99
1293|construction of left out portion of agra inner ring road connecting village deori to nh-44 village bad from km. 0.000 to km. 7.772 (national highways authority of india [nhai]) (618554)|uttar pradesh|07/2022 (03/2023)|09/2024 (-)|879.26 (787.58)|606.99|87
1294|strengthening of existing 4l ayodhya bypass section from design km. 121 600 to km. 144020 of nh 28 new nh 27pkg-3 (nhai) (618565)|uttar pradesh|03/2023 (09/2023)|03/2025 (08/2025)|526.45 (281.13)|259.66|81
1295|4l green field northern east side gorakhpur bypass 26.616 kms starting from nh- 29e chainage 83.308 and end at nh-28 chainage 285.100 (national highways authority of india [nhai]) (618566)|uttar pradesh|02/2023 (01/2024)|01/2026 (-)|1973.98 (1244.44)|835.5|52
1296|4l rampur bypass from km. 181.000 to km. 189.500 (national highways authority of india [nhai]) (618689)|uttar pradesh|10/2021 (10/2022)|04/2024 (01/2025)|364.47 (307.95)|271.61|99
1297|dl/up border - epe crossing pkg-02 (national highways authority of india [nhai]) (618710)|uttar pradesh|09/2020 (05/2021)|11/2023 (08/2024)|2002.79 (1889.78)|1732.01|98
1298|6l access controlled greenfield highway from gogwan jalalpur shamli to ranipur barsi saharanpur of shamli -ambala section package-i design ch. form km 00.600 to km 45.500 (national highways authority of india [nhai]) (618722)|uttar pradesh|06/2022 (05/2023)|05/2025 (01/2026)|1843.59 (1247.55)|567.64|56
1299|4l spur of meerut-garh-mukteshwar section connecting nh-119 and nh-58 bypassing meerut town of nh 709 a (national highways authority of india [nhai]) (618761)|uttar pradesh|10/2021 (02/2023)|02/2025 (-)|991.89 (977.73)|800.68|52
1300|4l spur of panipat - shamli connecting nh-709ad panipat shamli muzaffarnagar and nh-709a karnal meerut bypassing shamli district up (national highways authority of india [nhai]) (618770)|uttar pradesh|10/2021 (10/2022)|10/2024 (03/2025)|516.16 (273.42)|232.93|74
1301|4l of sonauli - gorakhpur (national highways authority of india [nhai]) (618798)|uttar pradesh|12/2021 (03/2023)|03/2025 (02/2026)|2555.5 (2275.43)|1238.07|54
1302|2l ps of raebareli - jagdishpur with 4l jagdishpur bypass spur (national highways authority of india [nhai]) (618854)|uttar pradesh|02/2021 (01/2022)|01/2024 (06/2025)|706.41 (752.52)|515.37|97
1303|improvement and up-gradation of existing road to 2/4l ps from km 40.000 to 88.750, start of khutar bypass to start of shahjahanpur bypass of nh 731pkg-i (national highways authority of india [nhai]) (618855)|uttar pradesh|03/2022 (02/2023)|02/2025 (09/2025)|838.68 (838.68)|556.76|99
1304|improvement and up-gradation of existing road to 4l ps from km 123.650 to 175.080, from start of shahabad bypass to end of hardoi bypass of nh 731 pkg-2b (national highways authority of india [nhai]) (618856)|uttar pradesh|09/2022 (11/2023)|11/2025 (04/2026)|1101.79 (1212.26)|312.56|50
1305|improvement and up-gradation of existing road to 4l ps from km 229.070 to 260.800, end of hardoi district to lucknow ring road of nh 731 pkg-4 (national highways authority of india [nhai]) (618859)|uttar pradesh|09/2021 (10/2022)|10/2024 (05/2025)|575.66 (553.61)|371.12|93
1306|4l from mathura bypass start at existing km. 154.20 of nh-44 to gaju village at km 32.982 of nh-530b pkg-ib (national highways authority of india [nhai]) (618864)|uttar pradesh|01/2022 (03/2023)|03/2025 (10/2025)|1722.11 (1820.77)|1000.51|99
1307|4l from gaju village at km. 32.982 to devinagar bypass end at km. 208.000 of nh- 530b pkg-1c. (national highways authority of india [nhai]) (618865)|uttar pradesh|12/2021 (01/2023)|01/2025 (-)|1384.79 (1496.44)|823.04|99
1308|construction of four lane highway form ghazipur- ballia-up/bihar state border greenfield section of nh-31 package i [from hridaipur km 0.000 to shahapur km 42.500] on epc mode in the state of uttar pradesh. (national highways authority of india [nhai]) (618883)|uttar pradesh|10/2022 (07/2023)|07/2025 (12/2025)|1706.47 (1579.59)|723.1|92
1309|construction of four lane highway from ghazipur- ballia-up/bihar state border greenfield section of nh-31 package ii [from shahapur km 42.500 to pindari km 78.150] on epc mode in the state of uttar pradesh. (national highways authority of india [nhai]) (618884)|uttar pradesh|10/2022 (10/2023)|10/2025 (-)|1493.65 (1311.44)|610.51|80
1310|construction of four lane highway from ghazipur- ballia-up/bihar state border greenfield section of nh-31 package iv [from buxur spur of length km 17.270 on epc mode in the state of uttar pradesh. (national highways authority of india [nhai]) (618885)|uttar pradesh|10/2022 (06/2023)|06/2025 (-)|617.88 (549.02)|218.78|74
1311|4l greenfield western side spur of rampur-rudrapur section from km 0.000 to km 13.700 connecting nh-24 to nh-87 bypassing rampur town (national highways authority of india [nhai]) (618911)|uttar pradesh|12/2021 (05/2023)|11/2024 (03/2026)|646.27 (637.83)|146.09|61
1312|bijnor-kotawali (national highways authority of india [nhai]) (618925)|uttar pradesh|02/2021 (11/2021)|05/2023 (02/2026)|300.58 (334.48)|247.05|95
1313|4l prayagraj greenfield by-pass from design km 50860 near nibi kala uperhar to design km 64763 on nh-19 near khodaypur kasgaon including interchange loop at nh-19 (national highways authority of india [nhai]) (618959)|uttar pradesh|08/2023 (12/2023)|03/2025 (-)|1017.99 (427.54)|406.1|99
1314|4 lane inner ring road around allahabad city pkg-2 prayagraj southern bypass 43.200 - 50.860 (national highways authority of india [nhai]) (618960)|uttar pradesh|08/2023 (12/2023)|06/2026 (-)|1377.51 (1007.62)|292.08|39
1315|6l access control greenfield highway of vill-khyawari to vill-latifpur at saharanpur bypass from km. 82.000 to km. 119.790 pkg-4 (national highways authority of india [nhai]) (618968)|uttar pradesh|03/2021 (09/2022)|09/2024 (-)|1428.19 (1439.35)|1166.56|69
1316|6l access control greenfield highway of vill-lohadda to vill-karaunda mahajan from km. 27.000 to km. 56.500 pkg-2 (national highways authority of india [nhai]) (618970)|uttar pradesh|03/2021 (09/2022)|09/2024 (-)|1335.45 (1335.38)|977.98|62
1317|construction of 2 lane with paved shoulder of kund bypass from design km 35.130 to km 47.700 existing km 33.130 to km 41.260 of nh-109 in the state of uttarakhand (morth) (617929)|uttarakhand|02/2018 (05/2018)|05/2020 (02/2021)|247.41 (247.41)|0|73
1318|construction & widening including augustmuni bypass ch-16.545 to ch - 19.890 to 2l/ps from km 16.545-km 33.130 & 45.980 -57.975 augustmuni to kund & guptkashi to sitapur on nh 109 in uk (morth) (617968)|uttarakhand|03/2017 (02/2018)|02/2020 (07/2021)|418.89 (418.89)|178.35|95
1319|reconstruction of existing 2 l/il to 2l with paved shoulder from existing km 52.200 to 92.880 of nh- (morth) (617970)|uttarakhand|10/2016 (06/2017)|06/2019 (03/2021)|282.08 (282.08)|156.65|100
1320|rehabilitation and upgradation to 2 lane with paved shoulder configuration from km 122.00 dharasu bend to km 147.230 silkyara bend of nh-94 in the state of uttarakhand (morth) (617975)|uttarakhand|03/2017 (11/2017)|11/2019 (10/2021)|237.79 (237.79)|50.38|100
1321|construction, operation & maintenance of 2-l bi-directional silkyara bend- barkot tunnel with escape passage including approaches tunnel-4.531 & approach road- 0.328 on dharasu-yamunotri section b/w chainage 25.400km and 51.00km falling along nh-134 old nh-94 on epc mode (nhidcl) (618390)|uttarakhand|03/2018 (07/2018)|07/2022 (06/2026)|1383.78 (1383.78)|0|68
1322|construction for mitigation measures of 5 nos. landslides, 05 no. sinking zones and 01 no. bridge from ch. 450.00 to ch. 468.00 18 km. length on nh-07 package-iii (nhidcl) (618391)|uttarakhand|12/2023 (06/2024)|12/2025 (-)|250.33 (250.33)|0|64
1323|construction for mitigation measures of 10 nos. landslides, 01 no. sinking zones and 1 no. of minor bridge in between at ch. km 368.00 to km 433.00 on nh-07 on epc mode in uttarakhand package-1 (nhidcl) (618393)|uttarakhand|12/2023 (06/2024)|12/2025 (-)|216.68 (216.68)|0|87
1324|construction of new road at the missing link portion of nh-81 along approved alignment between harishchandrapur and eastern approach of kalindri bridge from km 46.550 to km 59.697 in the district of malda. (morth) (617960)|west bengal|08/2016 (11/2016)|11/2018 (11/2021)|271.17 (291.2)|7.4|0
1325|development to 4/6-lanning of nh-31 new nh-10 with both side service roads from 569.258 km to 581.030 km end of ah-02 on nh- 31 near shivmandir to sevoke army cantonment in districts of darjeeling and jalpaiguri in the state of west bengal on epc mode-reg. (morth) (618227)|west bengal|03/2022 (03/2023)|09/2025 (-)|995.04 (1059.2)|435.36|61
1326|construction & upgradation of existing road to 2-lane with paved shoulder including geometric improvement of kafer- lava more section from km 40.00 to km 61.100 of nh717-a on epc under sardp-ne a in state of west bengal pkg-va (nhidcl) (618427)|west bengal|06/2020 (10/2020)|04/2023 (10/2025)|311.02 (273.78)|6.11|0
1327|construction & upgradation of existing road to 2-lane with paved shoulder including geometric improvement of sect. from pedong bypass to reshi border km 79.700 to km 96.254 of nh-717a under sardp-ne-a on epc as part of alternate connectivity to gangtok lava more-reshi border pkg-vb (nhidcl) (618429)|west bengal|06/2020 (10/2020)|04/2022 (06/2023)|345.38 (395.59)|0|0
1328|construction of alternative highway to gangtok in sikkim via bagrakot -chuikhim- nimbong -kafer-bakhim-algarah-rhenock in the state of west bengal and from rhenok-rorathang-pakyong along with spur from aritar-rolep-menla in the state of sikkim from km 0.00 to km 13.00 of bagrakot -kafer section of nh 717a on epc mode under phase-a of sardp-ne in the state of west bengal pkg- iva (nhidcl) (618430)|west bengal|03/2018 (10/2019)|04/2022 (06/2025)|402.94 (402.94)|0|0
1329|construction of alternative highway to gangtok in sikkim via bagrakot -chuikhim- nimbong -kafer-bakhim-algarah-rhenock in the state of west bengal and from rhenok-rorathang-pakyong along with spur from aritar-rolep-menla in the state of sikkim from km 13.00 to km 25.60 of bagrakot -kafer section of nh 717a on epc mode under phase-a of sardp-ne in the state of west bengal pkg- ivb (nhidcl) (618431)|west bengal|03/2018 (10/2020)|04/2023 (03/2025)|295.97 (295.97)|0.39|0
1330|bridge over ganga river at d/s of farraka barrage including approaches connecting farakka-raiganj (national highways authority of india [nhai]) (618825)|west bengal|08/2018 (12/2018)|12/2021 (02/2025)|622.04 (646.1)|339.1|95
1331|4l of purulia bypass section from km 84.030 to km 94.345 of nh-32 (national highways authority of india [nhai]) (618910)|west bengal|01/2021 (02/2022)|08/2023 (02/2024)|557.55 (562.57)|444.43|65
1332|setting up of physical infrastructure for the national institute of communication finance [nicf] at ghitorni (national communication academy - finance (erstwhile nicf)) (709859)|delhi|10/2014 (04/2018)|02/2020 (06/2026)|248.2 (248.2)|236.91|98
1333|provision of 4g based mobile services in uncovered villages and national highways of meghalaya (department of telecommunications) (701598)|meghalaya|09/2019 (09/2020)|03/2022 (03/2026)|971.96 (971.96)|215.36|99
1334|mobile connectivity in left wing extremism [lwe] affected areas-phase 1 upgradation (department of telecommunications [dot]) (617413)|multi-states (andhra pradesh, bihar, chhattisgarh, jharkhand, madhya pradesh, maharashtra, odisha, telangana, uttar pradesh, west bengal)|04/2022 (05/2024)|05/2025 (03/2026)|1884.6 (1884.6)|376.8|93
1335|mobile connectivity in left wing extremism [lwe] affected areas-phase2 (department of telecommunications [dot]) (701599)|multi-states (andhra pradesh, bihar, chhattisgarh, jharkhand, madhya pradesh, maharashtra, odisha, telangana, uttar pradesh, west bengal)|na (09/2021)|03/2023 (03/2026)|1577.57 (1577.57)|660.02|87
1336|provision of 4g based mobile services in 7,287 uncovered villages of 44 aspirational district across 5 states of andhra pradesh, chhattisgarh, jharkhand, maharashtra & odisha (department of telecommunications [dot]) (701602)|multi-states (andhra pradesh, chhattisgarh, jharkhand, maharashtra, odisha)|11/2021 (05/2022)|11/2023 (05/2026)|3685 (3685)|1332.2|82
1337|provision of 4g mobile services in uncovered villages of arunachal pradesh and 2 districts of assam (department of telecommunications) (701597)|multi-states (arunachal pradesh, assam)|12/2020 (10/2021)|04/2023 (03/2026)|1255.49 (1255.49)|299.02|99
1338|354 uncovered villages scheme (department of telecommunications [dot]) (701600)|multi-states (bihar, gujarat, himachal pradesh, jammu and kashmir, ladakh, rajasthan, uttar pradesh)|12/2019 (04/2020)|10/2021 (08/2025)|336.89 (301.13)|237.19|100
1339|502 aspirational district scheme in four states - bihar, madhya pradesh, rajastha and uttar pradesh (department of telecommunications [dot]) (704495)|multi-states (bihar, madhya pradesh, rajasthan, uttar pradesh)|na (03/2021)|03/2022 (12/2025)|421.65 (228.94)|143.06|97
1340|phase-i of consolidation of existing cdr data centers and nib-p3 data centers with state of the art (bsnl) (709749)|multi-states (maharashtra, telangana)|03/2020 (03/2020)|06/2021 (12/2025)|461.42 (461.42)|166.02|81
1341|saturation 4g mobile coverage of uncovered villages through usof (department of telecommunications [dot]) (400013)|pan india|07/2022 (07/2022)|06/2024 (03/2026)|26316 (30620)|9791.8|80
1342|4g services by bsnl (department of telecommunications [dot]) (701593)|pan india|11/2020 (11/2020)|03/2024 (03/2026)|28466 (19592)|8471.19|97
1343|bharatnet (department of telecommunications [dot]) (706775)|pan india|07/2017 (10/2011)|08/2023 (03/2027)|61109 (188000)|46431.54|81
1344|mpls-ip based access and aggregation network [maan] in bsnl along with test and measuring equipment (bsnl) (709856)|pan india|05/2023 (05/2023)|08/2024 (01/2026)|645.13 (645.13)|377.59|92
1345|planning, engineering, supply, installation, testing, commissioning, integration & annual maintenance of 4g mobile network at 1 lakh sites on pan india basis including mumbai & delhi lsa on turnkey basis under phase ix.2 project. (bsnl) (709857)|pan india|05/2023 (06/2023)|06/2025 (03/2026)|24544.55 (24544.5)|8472.04|97
1346|interception and diversion and stp works in bhagalpur under hybrid annuity based ppp mode-namami gange programme (national mission for clean ganga) (616600)|bihar|10/2017 (03/2022)|02/2025 (12/2025)|413.29 (413.29)|126.67|97
1347|sewage treatment plant 100mld and sewerage network 288 km in digha-patna under hybrid annuity based ppp mode-namami gange programme (national mission for clean ganga) (616611)|bihar|08/2017 (07/2019)|12/2025 (-)|824 (824)|396.71|56
1348|sewage treatment plant 50mld and sewerage network 150 km in kankarbagh- patna under hybrid annuity based ppp mode-namami gange programme (national mission for clean ganga) (616612)|bihar|08/2017 (07/2019)|12/2025 (-)|578.89 (578.89)|171.79|54
1349|sewer network, sps and stp at begusarai (national mission for clean ganga) (616615)|bihar|03/2010 (03/2018)|04/2025 (12/2025)|230.06 (230.06)|261.82|97
1350|sewer networks, sps and stp at hajipur (national mission for clean ganga) (616616)|bihar|03/2010 (03/2018)|06/2025 (12/2025)|305.19 (305.19)|346.46|95
1351|interception & diversion with rehabilitation of sewerage scheme at agra under hybrid annuity based ppp model-namami gange programme (national mission for clean ganga) (616594)|uttar pradesh|05/2020 (04/2023)|04/2025 (12/2025)|842.25 (842.25)|208.64|77
1352|pollution abatement works for river kali meerut under meerut municipality interception & diversion with stp (national mission for clean ganga) (616605)|uttar pradesh|05/2020 (11/2024)|12/2024 (05/2027)|690.71 (690.71)|34.79|41
1353|pollution abatement works for river ganga at hooghly chinsurah- municipal town interception & diversion with stp (national mission for clean ganga) (616604)|west bengal|05/2018 (12/2021)|03/2025 (12/2025)|154.73 (154.73)|96.17|92
1354|sardar gouthu latchanna thotapalli barrage project (water resources-ap) (400100)|andhra pradesh|04/2005 (01/2006)|12/2019 (06/2026)|353.05 (1023.24)|869.11|95
1355|gundlakamma project (water resources-ap) (400101)|andhra pradesh|04/2005 (04/2005)|12/2019 (03/2027)|397.41 (697.39)|619.09|98
1356|polavaram irrigation project (water resources-ap) (701415)|andhra pradesh|01/2009 (11/2009)|04/2022 (03/2026)|10151.04 (55548.9)|25833.68|84
1357|borolia irrigation project (department of water resources, river development & gr) (701370)|assam|04/1996 (12/1996)|12/2022 (03/2026)|256.16 (256.16)|44.7|55
1358|punpun barrage project (water resources-br) (400104)|bihar|04/2007 (04/2007)|12/2019 (03/2026)|571.07 (658.12)|447.68|44
1359|kelo irrigation project (water resources-ct) (400111)|chhattisgarh|04/2008 (04/2008)|12/2019 (06/2026)|459.97 (727.04)|616.93|72
1360|kudali irrigation project (department of water resources, river development & gr) (701399)|chhattisgarh|04/2009 (12/2009)|12/2025 (-)|382.29 (382.29)|239.03|86
1361|sardar sarovar cadwm project (narmada and water resources, water supply and kalpsar department-gj) (400097)|gujarat|04/2017 (04/2017)|12/2019 (03/2026)|5021.76 (6670.31)|4956.98|90
1362|sardar sarovar project (narmada and water resources, water supply and kalpsar department-gj) (701372)|gujarat|04/1996 (04/1996)|12/2019 (03/2026)|20718.17 (33412.5)|31860.86|93
1363|subernarekha multipurpose project, jharkhand (department of water resources-jh) (701376)|jharkhand|04/2011 (01/2012)|12/2019 (03/2026)|3807.77 (9579.58)|5790.29|70
1364|upper tunga irrigation project (water resources-ka) (701377)|karnataka|04/2014 (04/2014)|12/2019 (03/2026)|770.16 (1606.07)|1515.32|99
1365|omkareshwar cadwm project (water resource-mp) (400096)|madhya pradesh|04/2017 (04/2017)|12/2019 (03/2026)|648.09 (648.09)|206.06|49
1366|bargi diversion project phase - iv [km. 154 to km 197] (water resources-mp) (400115)|madhya pradesh|04/2008 (01/2009)|12/2019 (03/2026)|751.03 (893.35)|783.1|75
1367|bargi diversion project phase - iii [km. 104 to km 154] (water resources-mp) (400116)|madhya pradesh|04/2007 (04/2007)|12/2019 (03/2026)|1229.15 (1399.7)|1993.52|80
1368|gosikhurd cadwm project (department of water resources-mh - ii) (400095)|maharashtra|04/2017 (04/2017)|12/2019 (06/2026)|743.73 (743.73)|396.38|52
1369|urmodi irrigation project (department of water resources-mh - ii) (400105)|maharashtra|04/2017 (04/2018)|06/2022 (12/2026)|580.79 (895.81)|713.46|76
1370|sulwade-jamphal-kanoli lift irrigation scheme (department of water resources-mh - ii) (400107)|maharashtra|04/2017 (02/2019)|06/2023 (06/2027)|2407.67 (2407.67)|2587.54|80
1371|purna barrage-2 [ner dhamana] medium irrigation project (department of water resources-mh - ii) (400109)|maharashtra|04/2017 (04/2018)|06/2020 (06/2026)|848.07 (888.43)|690.49|69
1372|jigaon irrigation project (department of water resources-mh - ii) (400112)|maharashtra|04/2017 (04/2018)|06/2028 (-)|7222.95 (7222.95)|9348.58|91
1373|bodwad parisar sinchan yojna (department of water resources-mh) (617422)|maharashtra|05/2002 (01/2017)|07/2027 (-)|1923.81 (1923.81)|1770.13|49
1374|waghur project (department of water resources-mh - ii) (701383)|maharashtra|04/1996 (04/1996)|12/2019 (03/2026)|1058.99 (1758.51)|1557.67|89
1375|gosikhurd project (department of water resources-mh - ii) (701386)|maharashtra|04/2008 (04/2008)|12/2019 (06/2028)|7196.47 (12770.1)|13898.18|72
1376|aruna medium irrigation project (department of water resources-mh - ii) (701391)|maharashtra|04/2009 (01/2010)|12/2019 (12/2025)|210.45 (1472.14)|1705.83|97
1377|lower pedhi project (department of water resources-mh - ii) (701396)|maharashtra|04/2008 (04/2008)|12/2019 (06/2026)|255.97 (1480.7)|1324.98|65
1378|nardave medium irrigation project (department of water resources-mh - ii) (701398)|maharashtra|04/2009 (04/2009)|12/2019 (06/2026)|211.46 (781.85)|623.5|72
1379|thoubal multipurpose project (water resources department-mn) (701400)|manipur|04/1997 (04/1997)|12/2019 (03/2026)|1449.44 (1822.24)|1837.91|98
1380|north koel reservoir project (department of water resources, river development & gr) (701412)|multi-states (bihar, jharkhand)|08/2017 (01/2021)|03/2021 (03/2026)|1622.27 (2430.76)|167.16|36
1381|integrated anandpur barrage project (water resources-or) (603945)|odisha|04/1997 (01/1998)|12/2019 (06/2026)|567.03 (2990.05)|2715.12|62
1382|kanupur irrigation project (irrigation and cad-tg) (701404)|odisha|04/2003 (01/2004)|12/2019 (06/2026)|989.43 (2301.28)|2712.75|79
1383|relining of rajasthan feeder and sirhind feeder canal (department of water resources-pb) (701410)|punjab|02/2016 (04/2018)|06/2021 (06/2026)|1441.26 (2462.16)|3012.69|80
1384|shahpur kandi dam project (department of water resources-pb) (701411)|punjab|02/2010 (04/2018)|06/2022 (10/2025)|2285.81 (2715.7)|2169.72|88
1385|sri ram sagar project stage - ii (irrigation and cad-tg) (400102)|telangana|04/2005 (04/2005)|12/2019 (03/2026)|736.13 (949.87)|940.7|96
1386|indiramma flood flow canal project (irrigation and cad-tg) (400103)|telangana|04/2005 (01/2006)|12/2019 (12/2026)|1331.3 (5940.09)|4491.08|92
1387|j. chokka rao devadula lift irrigation scheme (irrigation and cad-tg) (701405)|telangana|04/2006 (04/2006)|12/2019 (12/2025)|8200.71 (14730)|4664.8|87
1388|rajiv bhima lift irrigation scheme (irrigation and cad-tg) (701406)|telangana|04/2007 (01/2008)|12/2019 (03/2026)|1402 (2509.66)|1839.76|100
1389|saryu nahar cadwm project (irrigation & water resources-up) (400093)|uttar pradesh|04/2017 (04/2017)|12/2019 (03/2026)|1672.7 (1672.7)|22.24|1
1390|morna [gureghar] irrigation project (department of water resources, river development & gr) (701395)|uttar pradesh|04/2007 (12/2007)|12/2025 (-)|219.9 (219.9)|115.2|31
1391|madhya ganga canal phase-ii (irrigation & water resources-up) (701408)|uttar pradesh|04/2008 (04/2008)|12/2019 (12/2025)|1060.67 (4417.21)|4552.44|82
1392|jamrani dam multipurpose project (irrigation-uk) (613787)|uttarakhand|10/2023 (11/2023)|06/2029 (-)|2584.1 (2584.1)|987.61|21
