1,guwahati airport new integrated terminal building construction project (adani airport holdings limited) (706724),assam,03/2018,03/2025 (-),1712 (1712),0,94.1
2,c/o nitb imphal airport (airport authority of india [aai]) (706718),manipur,07/2022,07/2024 12/2026,499 (499),160.48,41
3,widening of basic strip at western side of runway chainage 80m to 920m i/c slope stabilization measures [balance work] of uphill and improvement of storm water drainage system at pakyong airport, sikkim on design & build basis [epc] with integrated 10 years maintenance. (airport authority of india [aai]) (612793),sikkim,12/2023,02/2026 (-),323.26 (323.26),29.69,12
4,tikak extension ocp (mis mocoal integration logins) (615820),assam,07/2022,07/2031 (-),159.77 (159.77),80.84,0
5,tirap ocp (mis mocoal integration logins) (615821),assam,11/2022,11/2030 (-),289.46 (289.46),105.47,0
6,construction of permanent campus of national institute of technology arunachal pradesh (national institute of technology, arunachal pradesh) (612898),arunachal pradesh,03/2013,08/2026 (-),592.61 (592.61),549.96,75
7,tezpur university projects (tezpur university) (606112),assam,06/2021,11/2023 08/2025,153.71 (153.71),288.87,93
8,construction and developement of national institute of technology meghalaya permanent campus at sohra (national institute of technology, meghalaya) (612885),meghalaya,09/2014,03/2022 07/2025,494.52 (494.52),413.57,86
9,construction of permanent campus for nit mizoram at lengpui, aizawl (ministry of education) (612876),mizoram,05/2014,12/2029 12/2029,474.23 (474.23),167.55,4
10,establishment of nit nagaland (nit nagaland) (613013),nagaland,09/2012,12/2025 (-),275.63 (275.63),257.82,93
11,construction of sikkim university campus phase-i package-ii at yangang, south sikkim (sikkim university) (609736),sikkim,01/2022,01/2025 09/2025,314.06 (314.06),238.22,82
12,establishment of permanent campus of nit sikkim at khamdong-gangtok district (ministry of education) (612883),sikkim,03/2024,02/2028 12/2026,685.76 (610.76),121.56,7
13,dibang multipurpose project (national highways & infrastructure development corporation ltd. [nhidcl]) (602182),arunachal pradesh,02/2023,02/2032 02/2032,31876.39 (31876.4),3436.38,16
14,240mw heo he project (north eastern electric power corporation limited) (611698),arunachal pradesh,05/2025,07/2029 (-),1938.85 (1938.85),49.31,3
15,186 mw tato-i h e project (north eastern electric power corporation limited) (611699),arunachal pradesh,05/2025,07/2029 (-),1750.07 (1750.07),102.79,2
16,subansiri lower he project [2000 mw] (national highways & infrastructure development corporation ltd. [nhidcl]) (602096),multi-states (arunachal pradesh, assam),09/2003,09/2010 05/2026,6285.33 (26075.5),24685.13,96
17,teesta-vi he project, sikkim [500 mw], executed by lanco teesta hydro power limited [a wholly owned subsidiary of nhpc ltd. acquired through nclt] (national highways & infrastructure development corporation ltd. [nhidcl]) (602181),sikkim,03/2019,03/2024 12/2027,5748.04 (5748.04),4495.28,68
18,rangit-iv he project [120 mw] executed by jal power corporation ltd. [jpcl] - a wholly owned subsidiary of nhpc ltd. acquired through nclt (national highways & infrastructure development corporation ltd. [nhidcl]) (605156),sikkim,03/2021,05/2024 12/2025,938.29 (1828.11),1554.15,90
19,north eastern region power system improvement project [nerpsip] (power grid corporation of india limited [powergrid]) (607709),multi-states (meghalaya, manipur, mizoram, tripura, nagaland, assam),03/2016,12/2018 09/2025,5111.33 (6700),5253.47,96
20,comprehensive scheme for strengthening of transmission and distribution [t&d] systems [csst&ds] in arunachal pradesh and sikkim (power grid corporation of india limited [powergrid]) (602223),multi-states (sikkim, arunachal pradesh),01/2016,12/2018 03/2027,4754.42 (4754.42),7321.07,81
21,rajasthan refinery project (ministryofpetroleumnaturalgas) (701263),arunachal pradesh,10/2017,10/2022 03/2026,43129 (72937),59524.37,87
22,paradip-numaligarh crude oil pipeline [pncpl] & crude oil import terminal [coit] at paradip (ministry of petroleum & natural gas) (701349),assam,01/2019,07/2024 09/2025,10228 (11407),9701.95,86
23,construction of lpg facilities at kamardanga, assam (hindustan petroleum corporation limited) (709754),assam,03/2023,07/2027 07/2027,156.36 (156.36),49.78,39
24,setting up of new rail fed pol facility at kamardanga, assam (hindustan petroleum corporation limited [hpcl]) (709755),assam,03/2023,07/2027 07/2027,384.04 (384.04),110.44,48
25,grass root rail-fed depot at sekerkote, agartala as resitement of existing dharmanagar depot (indian oil corporation limited [iocl]) (400035),tripura,06/2022,09/2025 09/2025,656 (656),465.73,84
26,numaligarh refinery expansion project (ministry of petroleum & natural gas) (604791),assam,07/2020,07/2024 12/2025,12366 (22494),16502.36,75
27,assam bio refinery, abrpl (ministry of petroleum & natural gas) (604792),assam,02/2018,09/2021 07/2025,1750 (4200),4650,99
28,development of surface facilities for production and evacuation of crude oil and natural gas from nadua and east khagorija (ministry of petroleum & natural gas) (604863),assam,01/2018,02/2020 12/2025,682.9 (726.93),488.37,94
29,guwahati refinery expansion [1.0 to 1.2 mmtpa] along with installation of cru, guwahati refinery (ministry of petroleum & natural gas) (607701),assam,05/2021,10/2023 05/2026,412.3 (577),430.83,84
30,construction of field gas gathering station at baghjan area for collection, processing & transportation of natural gas to be produced from baghjan field (ministry of petroleum & natural gas) (616858),assam,12/2020,03/2024 12/2025,430.76 (430.76),326.12,85
31,upgradation of facilities of numaligarh-siliguri product pipeline [nspl] for transportation of additional products from existing 1.72 mmtpa to 5.5 mmtpa (ministry of petroleum & natural gas) (701350),assam,06/2021,12/2024 10/2025,860 (860),566.18,98
32,augmentation/revamping of facilities at existing guwahati terminal at betkuchi (ministryofpetroleumnaturalgas) (709776),assam,04/2022,09/2026 09/2026,277 (323.09),185.18,67
33,capacity expansion of digboi refinery from 0.65 to 1.0 mmtpa (ministryofpetroleumnaturalgas) (709779),assam,06/2022,03/2026 03/2026,768 (740),99.02,35
34,pipeline network project rudrasagar (ministry of petroleum & natural gas) (709847),assam,01/2023,04/2026 04/2026,344.99 (344.99),210.89,46
35,borholla ggs life extension project [blep] (ministry of petroleum & natural gas) (709850),assam,09/2023,05/2026 05/2026,198.7 (198.7),36.78,29
36,dcu revamp project (nrl) (709864),assam,08/2021,07/2024 10/2025,370 (370),249.41,57
37,power recovery turbine [prt] in pfccu unit as an energy conservation scheme (nrl) (709865),assam,04/2023,12/2024 10/2025,293.5 (293.5),97.22,93
38,north east gas grid (ministry of petroleum & natural gas) (701346),multi-states (sikkim, arunachal pradesh, nagaland, meghalaya, assam, mizoram, tripura, manipur),04/2020,03/2024 03/2026,9265 (9265),6375.02,85
39,augmentation/ revamping of dimapur depot, dimapur (ministryofpetroleumnaturalgas) (709786),nagaland,08/2023,11/2027 11/2027,227.62 (227.62),9.01,20
40,creation of gas dehydration facilities, tripura asset (oil and natural gas corporation limited [ongc]) (709837),tripura,03/2022,05/2024 12/2025,209.33 (131.51),65.97,62
41,agthori kamakhya section with construction of new rail cum- road bridge at saraighat - 7.062km (northeast frontier railway [nfr]) (613788),assam,05/2025,12/2029 (-),1473.77 (1473.77),0,0
42,doubling of new bonggigaon to kamakhya via goalpara - 176 km (northeast frontier railway [nfr]) (705572),assam,09/2016,03/2026 03/2026,4060 (4961),3683.75,93
43,guwahati-dibrugarh via tinsukia & simaluguri-dibrugarh (central organisation for railway electrification [core]) (706922),assam,09/2018,09/2020 06/2024,890.36 (889.36),391.73,89
44,murkongselek-pasighat (northeast frontier railway [nfr]) (705401),multi-states (arunachal pradesh, assam),03/2012,03/2025 12/2025,435 (1250),901,56
45,lumding furkating doubling project 140 km (northeast frontier railway [nfr]) (616701),multi-states (assam, nagaland),01/2025,02/2028 (-),2123.7 (2123.7),13.74,0
46,dimapur [dhansiri]-sukhobi kohima [zubza] nl [82.5 km] (northeast frontier railway [nfr]) (705392),multi-states (nagaland, assam),02/2016,03/2025 12/2025,6663 (6663),5202.29,79
47,sivok-rangpo new rail line (indian railway construction international limited [ircon]) (705432),sikkim,05/2010,05/2015 12/2027,7877 (12133),8883.6,80
48,provision of 4g based mobile services in uncovered villages and national highways of meghalaya (department of telecommunications [dot]) (701598),meghalaya,09/2020,03/2022 03/2025,971.96 (971.96),208.25,98
49,provision of 4g mobile services in uncovered villages of arunachal pradesh and 2 districts of assam (department of telecommunications [dot]) (701597),multi-states (assam, arunachal pradesh),10/2021,04/2023 09/2025,1255.49 (1255.49),284.04,89
50,borolia irrigation project (department of water resources, river development & gr) (701370),assam,12/1996,12/2022 03/2025,256.16 (256.16),0,0
51,thoubal multipurpose project (water resources department-mn) (701400),manipur,04/1997,12/2019 03/2026,1449.44 (1822.24),1837.91,98
1,construction of new domestic terminal building building and miscellaneous works including maintenance, operations and aicmc at kadapa airport (airport authority of india [aai]) (612786),andhra pradesh,01/2024,01/2026 03/2026,265.91 (265.91),45.54,31
2,construction of new integrated terminal building and associated works including apron to park 3 code e type of aircraft or 6 code c type of aircraft at vijayawada airport. (airport authority of india [aai]) (701107),andhra pradesh,09/2020,09/2022 12/2025,611.8 (611.8),464.55,77
3,construction of new domestic terminal building at rajahmundry airport. (airport authority of india [aai]) (701121),andhra pradesh,08/2023,08/2025 12/2025,347.15 (347.15),81.23,49
4,guwahati airport new integrated terminal building construction project (adani airport holdings limited) (706724),assam,03/2018,03/2025 (-),1712 (1712),0,94.1
5,development of new civil enclave at bihta (airport authority of india [aai]) (612183),bihar,03/2025,09/2027 (-),1413 (1413),0,1
6,development of new civil enclave and associated works at darbhanga airport (airport authority of india [aai]) (612194),bihar,07/2024,01/2026 (-),911.66 (911.66),133.01,23
7,construction of new domestic terminal building [phase-i and ii] and other allied structures at jpni airport, patna (airport authority of india [aai]) (701101),bihar,10/2018,07/2023 11/2025,1216.9 (1216.9),1046.48,94
8,goa airport terminal building extension project (airport authority of india [aai]) (701105),goa,12/2019,12/2021 09/2025,255.69 (255.69),130,88
9,development of dholera international greenfield airport , gujarat (airport authority of india [aai]) (701126),gujarat,07/2022,06/2026 06/2026,1305 (1551),666.42,63
10,construction of ntb complex including apron, taxi track and other associated civil works and electrical & mechanical installations towards tawi river side at ca jammu. (airport authority of india [aai]) (611047),jammu and kashmir,07/2023,06/2026 06/2026,861.37 (861.37),154.3,30
11,construction of new domestic terminal building and miscellaneous works at hubli airport (airport authority of india [aai]) (612787),karnataka,01/2024,01/2026 03/2026,320.47 (320.47),56.54,36
12,construction of new domestic terminal building and miscellaneous works at belagavi airport. (airport authority of india [aai]) (612788),karnataka,02/2024,01/2026 01/2026,322.45 (322.45),115.82,48
13,development of additional resa on either end on runway 10-28 at calicut airport. construction of embankment with slope protection, drainage system and associated works for additional resa on either end on runway 10-28 (airport authority of india [aai]) (612789),kerala,02/2024,09/2025 03/2026,484.57 (484.57),74.67,19
14,construction of terminal building & associated works at leh airport, ladakh (airport authority of india [aai]) (400010),ladakh,09/2018,09/2021 10/2025,480 (640),427.04,67
15,c/o nitb imphal airport (airport authority of india [aai]) (706718),manipur,07/2022,07/2024 12/2026,499 (499),160.48,41
16,procurment of 30 nos acfts of wt capacity 10kl at various airports (airport authority of india [aai]) (611440),multi-states (andhra pradesh, bihar, delhi, gujarat, jharkhand, karnataka, kerala, madhya pradesh, odisha, tamil nadu, telangana, uttar pradesh, west bengal),05/2023,06/2025 (-),215.17 (215.17),104.92,53
17,sitc of atm automation system and asmgcs [including smr & mlat] for mumbai, navi mumbai, mopa [without asmgcs], hial & bial (airport authority of india [aai]) (611570),multi-states (goa, karnataka, maharashtra, telangana),10/2022,09/2025 (-),500.48 (500.48),306.21,74
18,construction of new passenger terminal building for domestic operations at jodhpur airport. (airport authority of india [aai]) (701127),rajasthan,04/2023,11/2024 10/2025,480 (480),254.71,77
19,construction of new integrated passenger terminal building at udaipur airport (airport authority of india [aai]) (701128),rajasthan,11/2022,03/2026 10/2026,887 (887),312.4,44
20,widening of basic strip at western side of runway chainage 80m to 920m i/c slope stabilization measures [balance work] of uphill and improvement of storm water drainage system at pakyong airport, sikkim on design & build basis [epc] with integrated 10 years maintenance. (airport authority of india [aai]) (612793),sikkim,12/2023,02/2026 (-),323.26 (323.26),29.69,12
21,modernization of chennai airport, phase ii, part 2 (airport authority of india [aai]) (611602),tamil nadu,06/2023,07/2025 03/2026,1207 (1207),376.47,21
22,construction of new terminal building, second link taxi track, apron expansion, and associated works at prayagraj airport- on design & build basis. (airport authority of india [aai]) (612063),uttar pradesh,08/2023,11/2024 08/2025,219.18 (274.38),206.33,97
23,lucknow airport-terminal 3- phase 1 & other associated works (adani airport holdings limited) (701091),uttar pradesh,09/2018,03/2026 (-),3100 (3100),0,99.96
24,development of lal bahadur shastri international airport, varanasi including c/o new terminal building, apron extension, runway extension, ptt and allied works. (airport authority of india [aai]) (701113),uttar pradesh,07/2024,07/2027 07/2027,2869.65 (2869.65),302.3,14
25,development of new integrated civil enclave at agra airport (airport authority of india [aai]) (701122),uttar pradesh,07/2024,07/2026 (-),579 (579),74.3,14
26,development of new civil enclave at bagdogra airport (airport authority of india [aai]) (611495),west bengal,10/2023,01/2027 01/2027,1549 (1549),262.41,10
27,re-construction of rigid portions of secondary runway, k and a taxiway and strengthening of c taxiway at nscbi airport kolkata. (airport authority of india [aai]) (612791),west bengal,12/2023,02/2025 08/2026,328.3 (328.3),98.15,44
28,tikak extension ocp (mis mocoal integration logins) (615820),assam,07/2022,07/2031 (-),159.77 (159.77),80.84,0
29,tirap ocp (mis mocoal integration logins) (615821),assam,11/2022,11/2030 (-),289.46 (289.46),105.47,0
30,porda chimtapani ocp [10 mty] (south eastern coalfields limited [secl]) (400144),chhattisgarh,12/2020,03/2029 (-),2310.12 (2310.12),83.66,10
31,chhal oc seam iii [6 mty] (south eastern coalfields limited [secl]) (400145),chhattisgarh,12/2013,03/2022 09/2025,610.63 (610.63),577.46,85
32,kusmunda oc expansion [15 to 50 mty] (south eastern coalfields limited [secl]) (400147),chhattisgarh,08/2013,03/2023 03/2030,7612.33 (7612.33),4697.95,81
33,baroud oc expansion [3.0-10.0mty] (south eastern coalfields limited [secl]) (400149),chhattisgarh,08/2020,03/2029 (-),2309.8 (2309.8),913.03,47
34,dipka expansion ocp [40 mty] (south eastern coalfields limited [secl]) (400354),chhattisgarh,12/2020,03/2029 (-),5241.4 (5241.4),2675,37
35,gevra oc [70 mty] (south eastern coalfields limited [secl]) (400424),chhattisgarh,03/2016,03/2023 03/2026,11816.4 (11816.4),5328.96,77
36,jampali oc rce [2.0 mty] (secl - cil) (613795),chhattisgarh,05/2020,03/2025 06/2025,278.64 (278.64),210.07,82
37,amera oc rce [1.0 mty] (south eastern coalfields limited [secl]) (613798),chhattisgarh,02/2015,03/2026 (-),335.97 (335.97),87.47,42
38,amgaon oc rce [1.0 mty] (south eastern coalfields limited [secl]) (613799),chhattisgarh,07/2015,03/2026 (-),316.11 (316.11),188.53,71
39,jagannathpur oc rce project[3.0 mty] (south eastern coalfields limited [secl]) (613800),chhattisgarh,07/2016,03/2025 03/2026,459.49 (459.49),274.35,92
40,mahamaya ocp [1.50 mty] (south eastern coalfields limited [secl]) (613801),chhattisgarh,05/2018,03/2026 (-),410.26 (410.26),169.3,38
41,katkona ro ug mine (south eastern coalfields limited [secl]) (615191),chhattisgarh,01/2023,03/2029 (-),329.21 (329.21),60.3,2
42,pelma oc mdo (south eastern coalfields limited [secl]) (616234),chhattisgarh,10/2022,03/2033 (-),1725.04 (1725.04),15.63,17
43,kusmunda oc expansion project 50-75 mty (secl - cil) (617287),chhattisgarh,11/2024,03/2030 (-),4516.88 (4516.88),16.97,3
44,manikpur oc expansion project 7 mty (south eastern coalfields limited [secl]) (617288),chhattisgarh,01/2025,03/2029 (-),382.61 (382.61),0.86,1
45,dipka oc (secl - cil) (612838),gujarat,01/2017,03/2025 (-),7580 (7580),3091,65
46,hura c ocp (ecl - cil) (400018),jharkhand,08/2022,03/2029 (-),859.41 (859.41),450.47,62
47,konar expansion ocp (ministry of coal) (400073),jharkhand,01/2022,03/2032 (-),799.34 (799.34),426.16,46
48,karo expansion ocp (ministry of coal) (400074),jharkhand,01/2022,03/2029 (-),908.47 (908.47),251.79,22
49,sanghmitra oc (ministry of coal) (400136),jharkhand,03/2027,03/2032 (-),2660 (2660),0,0
50,chandragupt ocp (ministry of coal) (400138),jharkhand,08/2020,03/2032 (-),973.5 (973.5),440.32,15
51,kotre basantpur pachmo ocp (ministry of coal) (400139),jharkhand,08/2020,03/2032 (-),861.06 (625.4),441.05,41
52,pachwara south coal block (nlc india limited [nlcil]) (400142),jharkhand,12/2019,09/2028 (-),2242.9 (2242.9),1165.64,54
53,rpr magadh exp ocp (ministry of coal) (400150),jharkhand,08/2020,03/2028 (-),7254.37 (7254.37),1534.64,38
54,north urimari expansion ocp (ministry of coal) (400151),jharkhand,07/2021,03/2029 (-),778.8 (778.8),695.11,67
55,epr rohini - karketta ocp (ministry of coal) (400153),jharkhand,01/2021,03/2028 (-),1020.42 (1020.42),83.95,20
56,epr pundi ocp (ministry of coal) (400154),jharkhand,11/2020,03/2027 (-),713.35 (713.35),236.57,10
57,epr ashok oc (ministry of coal) (400155),jharkhand,05/2021,03/2028 (-),2898.28 (2898.28),176.6,21
58,epr amrapali ocp (ministry of coal) (400156),jharkhand,02/2020,03/2028 (-),5136.15 (5136.15),1125.18,43
59,rajrappa rce ocp (ministry of coal) (400160),jharkhand,12/2009,03/2016 03/2027,510.85 (510.85),488.57,76
60,chitra east oc (eastern coal fields limited [ecl]) (400172),jharkhand,08/2018,03/2026 (-),513.99 (513.99),228.71,51
61,jharkhand-laiyo ocp (ministry of coal) (400352),jharkhand,08/2020,03/2031 (-),764.57 (764.57),145.81,25
62,moonidih xv seam ug (bccl - cil) (400425),jharkhand,08/2011,03/2019 05/2026,1230.27 (1230.27),624.17,81
63,2.5 mtpa patherdih nlw washery (ministry of coal) (611017),jharkhand,04/2016,04/2018 03/2026,334.27 (334.27),138.69,48
64,amalagamated ntst kujama ocp 8.5mty (ministry of coal) (611864),jharkhand,01/2023,03/2030 (-),4011.85 (4011.85),398.5,28
65,muraidih ug project (ministry of coal) (613808),jharkhand,02/2011,04/2014 12/2026,339.87 (339.87),190.65,70
66,tapin south expn (ministry of coal) (615349),jharkhand,11/2020,03/2028 (-),230.41 (230.41),21,20
67,sirka oc (ministry of coal) (615822),jharkhand,05/2020,03/2028 (-),222.82 (222.82),139.31,60
68,tetariakhar oc (ministry of coal) (615843),jharkhand,11/2019,03/2025 03/2027,243.52 (243.52),44.64,28
69,chuperbhita simlong ocp mdo 6 mty (eastern coal fields limited [ecl]) (616225),jharkhand,12/2023,03/2037 (-),979.08 (979.08),0,0
70,jarangdih expn. ocp 1.5 mty (ccl - cil) (616236),jharkhand,02/2020,03/2029 (-),414.37 (414.37),85.6,26
71,block e ocp (ministry of coal) (616253),jharkhand,03/2024,03/2029 (-),5850.83 (5850.83),0,2
72,amadand ocp[4.0mty] (ministry of coal) (400148),madhya pradesh,03/2016,03/2021 03/2027,869.44 (869.44),274.45,75
73,rampur batura ocp [4.0mty] (south eastern coalfields limited [secl]) (400152),madhya pradesh,07/2019,03/2026 (-),1248.93 (1248.93),495.4,44
74,block b expansion [3.5 to 8.0 mtpa] opencast coal mining project (northern coalfields limited [ncl]) (400162),madhya pradesh,07/2019,03/2023 03/2027,998.71 (998.71),458.01,46
75,nigahi expansion [15 to 25 mtpa] opencast mining project (northern coalfields limited [ncl]) (400321),madhya pradesh,11/2020,03/2025 03/2028,1729.68 (1729.68),772.91,44
76,kanchan oc exp (south eastern coalfields limited [secl]) (613802),madhya pradesh,12/2014,03/2026 (-),371.04 (371.04),144.61,47
77,jhiria west ocp [1.5 mty] (south eastern coalfields limited [secl]) (613803),madhya pradesh,01/2024,03/2026 (-),366.94 (366.94),25.07,41
78,rpr tawa-iii ug 0.84 mty (wcl - cil) (613804),madhya pradesh,12/2021,03/2027 (-),314.09 (314.09),5.7,17
79,amalgamated dhankasa & jamunia ug (western coalfields limited [wcl]) (615185),madhya pradesh,09/2022,03/2027 (-),399.2 (399.2),72.21,67
80,rpr of vishnupuri ug to oc (western coalfields limited [wcl]) (615187),madhya pradesh,11/2022,03/2029 (-),220.62 (220.62),0,11
81,urdhan expansion oc cost plus (western coalfields limited [wcl]) (615194),madhya pradesh,01/2023,03/2031 (-),206.88 (206.88),23.22,1
82,sharda ug mine (western coalfields limited [wcl]) (615195),madhya pradesh,09/2023,03/2028 (-),166.25 (166.25),2.78,9
83,gandhigram ug mine (western coalfields limited [wcl]) (615206),madhya pradesh,08/2019,03/2026 (-),414.15 (414.15),13.27,57
84,bhatadi expansion oc (western coalfields limited [wcl]) (400033),maharashtra,05/2022,03/2028 (-),580.61 (580.61),20.52,26
85,amalgamated yekona i & yekona ii oc (western coalfields limited [wcl]) (400177),maharashtra,08/2015,03/2025 03/2026,727.28 (727.28),524.54,80
86,dinesh[makardhokra-iii] oc (western coalfields limited [wcl]) (400178),maharashtra,02/2020,03/2027 (-),822.88 (822.88),621.73,35
87,dhuptala oc [sasti ug to oc ] (western coalfields limited [wcl]) (400353),maharashtra,10/2021,03/2028 (-),711.01 (711.01),80.33,17
88,saoner ug mine -1 expansion 1.2 mty (western coalfields limited [wcl]) (615184),maharashtra,01/2022,03/2028 (-),228.64 (228.64),139.81,68
89,sasti expansion opencast (western coalfields limited [wcl]) (615186),maharashtra,08/2020,03/2026 (-),319.04 (319.04),90.96,20
90,new majri ug to oc 3 mty cost plus (western coalfields limited [wcl]) (615188),maharashtra,09/2022,03/2027 (-),402.27 (402.27),41.08,24
91,makardhokra expn oc 4.9 mty (western coalfields limited [wcl]) (615189),maharashtra,06/2022,03/2026 (-),361.87 (361.87),67.64,12
92,singhori deep oc min 2.0 mty (western coalfields limited [wcl]) (615190),maharashtra,05/2022,03/2029 (-),335.75 (335.75),26.64,6
93,gokul extension oc mine (western coalfields limited [wcl]) (615192),maharashtra,04/2021,03/2026 (-),309.58 (309.58),29.85,8
94,kolgaon expansion deep oc mine 0.80 mty (western coalfields limited [wcl]) (615199),maharashtra,09/2023,03/2027 (-),198.71 (198.71),0.71,3
95,ballarpur north west oc mine (western coalfields limited [wcl]) (615330),maharashtra,12/2022,03/2029 (-),360.81 (360.81),0,4
96,gadegaon oc 3 mty (western coalfields limited [wcl]) (615331),maharashtra,10/2023,03/2030 (-),497.41 (497.41),0,0
97,ghonsa expansion deep oc mine 1.5 mty (western coalfields limited [wcl]) (615914),maharashtra,03/2021,03/2029 (-),184.71 (184.71),10.48,6
98,amlg gauri pauni expansion oc - 9.0 mty (western coalfields limited [wcl]) (615916),maharashtra,04/2024,03/2030 (-),1225.21 (1225.21),78.41,1
99,gaurideep/gauri central ocp 7.00 mty cp (western coalfields limited [wcl]) (615917),maharashtra,06/2024,03/2030 (-),973.07 (973.07),0.11,0
100,rpr of bhanegaon oc (western coalfields limited [wcl]) (615918),maharashtra,09/2022,03/2028 (-),405.2 (405.2),11.71,8
101,n. extn. mungoli nirguda d ocp 6.125 mty (western coalfields limited [wcl]) (615919),maharashtra,06/2024,03/2030 (-),1024.91 (1024.91),165.54,0
102,niljai expansion deep ocp (western coalfields limited [wcl]) (615982),maharashtra,08/2016,03/2022 03/2026,319.75 (319.75),367.6,79
103,ukni deep oc mine -cost plus (western coalfields limited [wcl]) (616044),maharashtra,01/2019,03/2021 03/2026,237.06 (237.06),159.21,87
104,amalgamated inder-kamptee deep oc (western coalfields limited [wcl]) (616050),maharashtra,09/2018,03/2024 03/2026,235.9 (235.9),237.12,98
105,adasa ug to oc mine (western coalfields limited [wcl]) (616223),maharashtra,11/2018,03/2024 03/2026,316 (316),308.84,86
106,amal gondegaon ghatrohana expn ocp (western coalfields limited [wcl]) (616229),maharashtra,09/2024,03/2030 (-),668.54 (668.54),0.53,0
107,waghoda ug mine [1.02 mty] (western coalfields limited [wcl]) (617233),maharashtra,01/2025,03/2030 (-),379.3 (379.3),0,0
108,kolarpimpri expansion oc [2.5 mty] (western coalfields limited [wcl]) (617278),maharashtra,02/2025,03/2030 (-),630.37 (630.37),0,0
109,master plan for jharia and raniganj coalfields (bharat coking coal limited [bccl]) (400313),multi-states (jharkhand, west bengal),08/2009,08/2019 12/2028,2661.73 (2661.73),787.75,43
110,bina kakri amalgamation expansion opencast mining project [14 mtpa] (northern coalfields limited [ncl]) (400369),multi-states (madhya pradesh, uttar pradesh),08/2020,03/2024 03/2027,836.42 (836.42),778.77,89
111,khadia expansion [10 to 16 mtpa] opencast mining project (northern coalfields limited [ncl]) (615183),multi-states (madhya pradesh, uttar pradesh),06/2021,03/2025 03/2027,491.67 (491.67),202.18,40
112,subhadra ocp (mahanadi coalfields limited (mcl)) (400165),odisha,05/2021,03/2029 03/2029,1693.81 (1693.81),1278.66,42
113,siarmal ocp (mahanadi coalfields limited (mcl)) (400166),odisha,02/2021,03/2029 03/2028,5194.95 (5194.95),3455.65,54
114,bhubaneswari expansion ocp (mahanadi coalfields limited (mcl)) (400179),odisha,01/2023,03/2031 (-),3145.45 (6321.73),1250.66,21
115,balaram expansion ocp (mahanadi coalfields limited (mcl)) (400183),odisha,08/2020,03/2029 (-),3504.21 (3504.21),1027.23,52
116,gopalji kaniha ocp [10 to 30 mty] (mahanadi coalfields limited (mcl)) (400185),odisha,04/2022,03/2030 (-),8416.19 (6107.87),1694.31,17
117,integrated lakhanpur-belpahar-lilari ocp (mahanadi coalfields limited (mcl)) (400187),odisha,05/2018,03/2027 (-),2434.75 (2434.75),1805.65,61
118,bharatpur re-organization ocp (mahanadi coalfields limited (mcl)) (400392),odisha,11/2018,03/2029 (-),2838.86 (2838.86),1748.9,47
119,basundhara west extension opencast pro (mahanadi coalfields limited (mcl)) (615193),odisha,05/2014,03/2027 (-),479.15 (479.15),259.2,62
120,naini coal mine (singareni collieries company limited [sccl]) (615857),odisha,03/2020,03/2026 (-),494.3 (494.3),491.33,80
121,integrated kulda garjanbahal ocp 40 mty (mahanadi coalfields limited (mcl)) (616226),odisha,04/2023,03/2033 (-),3563.5 (3563.5),150.7,3
122,bhubaneswari expn ocp 50 mty (mahanadi coalfields limited (mcl)) (616231),odisha,03/2024,03/2033 (-),5366.27 (5366.27),0,3
123,hingula ii oc expn ph iii 15 mty (mahanadi coalfields limited (mcl)) (616232),odisha,11/2022,03/2029 (-),1561.85 (1561.85),50.15,23
124,balabhadra ocp (mahanadi coalfields limited (mcl)) (616233),odisha,04/2023,03/2030 (-),978.44 (978.44),211.36,8
125,jawahar khani open cast mine (singareni collieries company limited [sccl]) (615818),telangana,12/2021,03/2025 03/2027,297.88 (297.88),46.39,20
126,kalyanikhani opencast project (singareni collieries company limited [sccl]) (615858),telangana,05/2017,03/2026 (-),384.32 (384.32),281.83,75
127,kakathiya khani opencast - iii project phase - i (singareni collieries company limited [sccl]) (615859),telangana,05/2017,03/2026 (-),413.84 (413.84),397.55,79
128,godavarikhani coal mine - 5 (singareni collieries company limited [sccl]) (615860),telangana,05/2019,03/2025 03/2026,607.04 (607.04),178.82,71
129,indaram opencast project (singareni collieries company limited [sccl]) (615861),telangana,12/2022,03/2025 03/2026,424.81 (424.81),402.64,80
130,goleti opencast mine (singareni collieries company limited [sccl]) (615862),telangana,08/2021,03/2026 (-),345.6 (345.6),73.25,20
131,venkatesh khani coal mine (singareni collieries company limited [sccl]) (615863),telangana,06/2020,03/2026 (-),484.5 (484.5),434.44,75
132,ramagundam oc-ii extension project (singareni collieries company limited [sccl]) (615864),telangana,06/2015,03/2026 (-),489.62 (489.62),405.54,77
133,kakatiyakhani oc - 2 project (singareni collieries company limited [sccl]) (615865),telangana,09/2017,03/2025 03/2026,442.42 (442.42),203.15,63
134,mohanpur expansion oc -phase ii (eastern coal fields limited [ecl]) (400173),west bengal,11/2020,03/2026 (-),888.99 (888.99),85.51,30
135,bonjemehari expansion ocp (eastern coal fields limited [ecl]) (400180),west bengal,08/2021,03/2026 03/2026,570.11 (570.11),81.29,16
136,nakrakonda kumardih- b ocp (eastern coal fields limited [ecl]) (400181),west bengal,08/2018,03/2029 (-),502.68 (502.68),70.97,25
137,siduli [oc & ug] (ecl - cil) (400182),west bengal,05/2018,03/2027 (-),535.18 (535.18),5.05,14
138,tilaboni ug (eastern coal fields limited [ecl]) (400186),west bengal,03/2023,03/2029 03/2029,749.08 (749.08),51.73,10
139,jhanjra expansion ug (eastern coal fields limited [ecl]) (400312),west bengal,04/2020,03/2029 (-),1210.12 (1210.12),514.93,40
140,sonepur bazari expansion ocp [12 mty] (eastern coal fields limited [ecl]) (400315),west bengal,07/2021,03/2029 (-),5365.88 (5365.88),571.02,17
141,2.0 mtpa bhojudih nlw washery (ministry of coal) (611016),west bengal,03/2019,09/2020 09/2025,384.57 (384.57),353.21,97
142,itapara ocp (eastern coal fields limited [ecl]) (612816),west bengal,12/2023,03/2030 (-),929.1 (929.1),65.61,7
143,shyamsundarpur ug including sarpi (eastern coal fields limited [ecl]) (613793),west bengal,04/2020,03/2026 (-),483.65 (483.65),55.89,12
144,parasea-belbaid ug project (eastern coal fields limited [ecl]) (613794),west bengal,01/2023,03/2028 (-),389.1 (389.1),131.42,16
145,parascole jambad ocp (eastern coal fields limited [ecl]) (616230),west bengal,11/2024,03/2037 (-),1193.55 (1193.55),6.79,0
146,50 mw wind power project (nlc india limited [nlcil]) (617299),gujarat,02/2024,06/2025 01/2026,383.84 (383.84),303.5,41
147,nlc talabira thermal power project (nlc india limited [nlcil]) (400231),odisha,01/2024,03/2030 (-),27212.96 (27213),1938.68,1
148,300 mw spp part of 510 mw cpsu scheme (nlc india limited [nlcil]) (612819),rajasthan,03/2023,09/2024 09/2025,1813 (1813),769.57,68
149,50 mw solar pp minedout area (nlc india limited [nlcil]) (615327),tamil nadu,02/2024,03/2025 09/2025,218.03 (218.03),160.93,46
150,ghatampur thermal power plant 3 x 660 mw (nlc india limited [nlcil]) (400259),uttar pradesh,08/2016,11/2020 10/2025,17237.8 (21780.9),20135.48,92
151,dharamjaigarh-korba (wr) (400203),chhattisgarh,03/2017,12/2026 08/2026,1686.22 (1686.22),342.96,40
152,shivpur-kathautia new rail [bg] line [49 km] [package ii of tori-shivpur-kathautia line] (ministry of coal) (400416),jharkhand,05/2022,06/2025 (-),1799.64 (1799.64),1293.71,60
153,tubed coal mine (damodar valley corporation) (400192),jharkhand,10/2016,05/2026 05/2026,1581 (1581),599.18,34
154,badam coal mining project of ntpc (national thermal power corporation [ntpc]) (603293),jharkhand,09/2019,12/2056 04/2027,502 (784),302.2,59
155,dibang multipurpose project (national highways & infrastructure development corporation ltd. [nhidcl]) (602182),arunachal pradesh,02/2023,02/2032 02/2032,31876.39 (31876.4),3436.38,16
156,240mw heo he project (north eastern electric power corporation limited) (611698),arunachal pradesh,05/2025,07/2029 (-),1938.85 (1938.85),49.31,3
157,186 mw tato-i h e project (north eastern electric power corporation limited) (611699),arunachal pradesh,05/2025,07/2029 (-),1750.07 (1750.07),102.79,2
158,buxar thermal power project [1320 mw] (satluj jal vidyut nigam [sjvn] thermal limited) (602579),bihar,06/2019,01/2024 11/2025,10439.09 (13756.6),11970.96,92
159,lara super thermal power project stage-ii [2 x 800 mw] (national thermal power corporation [ntpc]) (611930),chhattisgarh,08/2023,06/2028 (-),15530 (15530),2288,14
160,sipat super thermal power project, stage-iii [1x800 mw] (national thermal power corporation [ntpc]) (617188),chhattisgarh,09/2024,09/2029 (-),9791 (9791),0,0
161,bagodara solar power project (satluj jal vidyut nigam [sjvn] thermal limited) (709747),gujarat,05/2021,12/2025 12/2025,339.35 (339.35),317.59,51
162,dhaulasidh hydro electric project [66 mw] (satluj jal vidyut nigam [sjvn] thermal limited) (602582),himachal pradesh,05/2021,11/2025 03/2027,687.97 (1511.87),908.65,67
163,luhri stage-i hydro electric project [210 mw] (satluj jal vidyut nigam [sjvn] thermal limited) (602593),himachal pradesh,11/2020,01/2026 08/2029,1810.56 (3584.53),1742.92,51
164,382 mw sunni dam hep (satluj jal vidyut nigam [sjvn] thermal limited) (602633),himachal pradesh,04/2018,03/2027 (-),2615 (2615),495.57,0.5
165,sunni dam hydro electric project [382 mw] (satluj jal vidyut nigam [sjvn] thermal limited) (611586),himachal pradesh,01/2023,04/2028 12/2028,2614.51 (4540.71),956.76,29
166,pakal dul [drangdhuran] hydroelectric project, 1000 mw (national highways & infrastructure development corporation ltd. [nhidcl]) (602525),jammu and kashmir,02/2018,04/2020 09/2026,8112.12 (8112.12),6916.1,71
167,kiru he project (national highways & infrastructure development corporation ltd. [nhidcl]) (602532),jammu and kashmir,03/2019,09/2023 03/2026,4287.59 (4287.59),3055.87,66
168,ratle he project - 850 mw, ratle hydroelectric power corporation limited. (national highways & infrastructure development corporation ltd. [nhidcl]) (602535),jammu and kashmir,02/2021,02/2026 08/2029,5281.94 (5281.94),1009.79,24
169,kwar he project (national highways & infrastructure development corporation ltd. [nhidcl]) (605155),jammu and kashmir,05/2022,11/2026 (-),4526.12 (4526.12),1078.61,23
170,patratu thermal power station expansion project phase-i [3x800 mw] (national thermal power corporation [ntpc]) (400261),jharkhand,11/2017,03/2023 11/2026,17112 (20302),17365,81
171,koderma thermal power station phase ii [2x800 mw] at koderma, jharkhand (damodar valley corporation) (611509),jharkhand,11/2024,03/2029 (-),14358 (14358),1116.7,1
172,omkareshwar floating solar power project [90 mw] (satluj jal vidyut nigam [sjvn] thermal limited) (709820),madhya pradesh,11/2022,08/2024 (-),646.17 (646.17),0,0
173,subansiri lower he project [2000 mw] (national highways & infrastructure development corporation ltd. [nhidcl]) (602096),multi-states (arunachal pradesh, assam),09/2003,09/2010 05/2026,6285.33 (26075.5),24685.13,96
174,talcher thermal power station stage iii [2 x 660 mw] expansion (national thermal power corporation [ntpc]) (602961),odisha,09/2022,05/2027 03/2028,11843.75 (12543),3975,26
175,bikaner solar power project (satluj jal vidyut nigam [sjvn] thermal limited) (709748),rajasthan,05/2022,04/2024 12/2025,5491.89 (5491.89),4606.84,82
176,teesta-vi he project, sikkim [500 mw], executed by lanco teesta hydro power limited [a wholly owned subsidiary of nhpc ltd. acquired through nclt] (national highways & infrastructure development corporation ltd. [nhidcl]) (602181),sikkim,03/2019,03/2024 12/2027,5748.04 (5748.04),4495.28,68
177,rangit-iv he project [120 mw] executed by jal power corporation ltd. [jpcl] -a wholly owned subsidiary of nhpc ltd. acquired through nclt (national highways & infrastructure development corporation ltd. [nhidcl]) (605156),sikkim,03/2021,05/2024 12/2025,938.29 (1828.11),1554.15,90
178,khurja super thermal power plant [2x660 mw] (thdc india limited) (602194),uttar pradesh,08/2019,02/2024 08/2025,11089.42 (13276.2),12429.05,96
179,singrauli super thermal power project, stage-iii [2x800 mw] (national thermal power corporation [ntpc]) (612142),uttar pradesh,03/2024,02/2030 (-),17195 (17195),1626,8
180,tapovan-vishnugad hep [4x130 mw] (national thermal power corporation [ntpc]) (602185),uttarakhand,11/2006,03/2013 04/2029,2978 (10907.3),7123.58,77
181,tehri pumped storage plant project [4x250 mw] (thdc india limited) (602193),uttarakhand,06/2011,06/2022 11/2025,4825.6 (8339),7939.82,98
182,vishnugad pipalkoti hydro electric project [444 mw] (thdc india limited) (602195),uttarakhand,01/2014,12/2022 03/2027,3860.35 (6823.72),4828.89,72
183,raghunathpur thermal power station phase ii [2x660 mw] at raghunathpur, purulia, west bengal (damodar valley corporation) (400062),west bengal,02/2025,06/2029 (-),17673 (17673),1183.7,1
184,rammam-iii hepp [3x40 mw] (national thermal power corporation [ntpc]) (602184),west bengal,09/2014,09/2019 03/2029,1381.84 (1381.84),1266,45
185,installation of fgd for 4x210 & 2x250 mw mtps u 1-6 (damodar valley corporation) (602538),west bengal,02/2021,01/2024 12/2025,1037 (1106),1085.39,91
186,transmission scheme for solar energy zone in ananthpuram 2500mw and kurnool 1000mw (power grid corporation of india limited [powergrid]) (611967),andhra pradesh,09/2023,09/2025 04/2026,1248.69 (1248.69),820.26,78
187,augmentation of 1x1500 mva 3rd 765/400 kv transformation capacity at kurnool new substation (power grid corporation of india limited [powergrid]) (612856),andhra pradesh,12/2023,09/2025 11/2025,163.61 (163.61),50.72,39
188,transmission system strengthening at kurnool- iii ps for integration of additional re generation projects [powergrid kurnool iii ps re transmission limited] (power grid corporation of india limited [powergrid]) (617183),andhra pradesh,03/2025,12/2027 (-),2886 (2886),28.86,0
189,western region expansion scheme-xxv (power grid corporation of india limited [powergrid]) (611737),chhattisgarh,02/2023,11/2023 09/2025,385.84 (385.84),378.16,96
190,transmission scheme for evacuation of 4.5gw re injection at khavda ps under phase ii- part b (power grid corporation of india limited [powergrid]) (611656),gujarat,03/2023,03/2025 10/2025,1167.55 (1167),1013.39,91
191,transmission scheme for evacuation of 4.5gw re injection at khavda ps under phase ii- part c (power grid corporation of india limited [powergrid]) (611657),gujarat,03/2023,03/2025 11/2025,2820.99 (2820.99),2454.26,84
192,establishment of khavda pooling station-2 kps2 in khavda re park kps2 transmission system limited (power grid corporation of india limited [powergrid]) (611660),gujarat,03/2023,12/2024 08/2025,966.79 (966.79),894.76,95
193,transmission system for evacuation of additional 7 gw re power from khavda re park under phase-iii part b [vataman transmission limited] (power grid corporation of india limited [powergrid]) (612139),gujarat,12/2023,12/2025 06/2026,3751.82 (3751.82),1500.72,21
194,transmission system for evacuation of power from potential renewable energy zone in khavda area of gujarat under phase iv [7 gw] part e3 (power grid corporation of india limited [powergrid]) (612151),gujarat,07/2023,07/2025 10/2025,334 (334),70.44,22
195,transmission system for evacuation of power from potential energy renewable zone in khavda area of gujarat under ph-iv [7gw] part e2 (power grid corporation of india limited [powergrid]) (612855),gujarat,05/2024,05/2026 02/2026,679 (679),81.48,18
196,augmentation of transformation capacity at jam khambhaliya ps [gis] [spv name powergrid jam khambhaliya transmission limited] (power grid corporation of india limited [powergrid]) (615342),gujarat,10/2024,07/2026 (-),329 (329),9.97,1
197,provision of dynamic reactive compensation at khavda pooling station 1 [kps1] and khavda pooling station 3 [kps3] (power grid corporation of india limited [powergrid]) (615343),gujarat,11/2024,11/2026 (-),501 (501),5.01,1
198,transmission system for evacuation of power from potential renewable energy zone in khavda area of gujarat under phase-iv [7gw] part b [spv name powergrid south olpad transmission limited] (power grid corporation of india limited [powergrid]) (615345),gujarat,10/2024,10/2026 (-),4766 (4766),513.29,5
199,augmentation of transformation capacity at kps1 [gis] and kps2 [gis] [phase-v part b1 and part b2 scheme] [spv name- powergrid kps1 and 2 augmentation transmission limited] (power grid corporation of india limited [powergrid]) (617069),gujarat,02/2025,02/2027 (-),466 (466),6.99,0
200,augmentation of banaskantha [raghanesda] ps [gis] [powergrid banaskantha transco limited] (power grid corporation of india limited [powergrid]) (617182),gujarat,03/2025,03/2027 (-),172 (172),1.72,0
201,implementation of lilo of both circuits of 400kv vindhyachal ps-sasan d/c line at hindalco switchyard (power grid corporation of india limited [powergrid]) (617272),haryana,06/2024,12/2026 (-),370 (370),1,1
202,transmission system for evacuation of power from pakaldul hep in chenab valley heps - lta system (power grid corporation of india limited [powergrid]) (608302),jammu and kashmir,02/2022,04/2025 08/2025,318.12 (318.12),286.31,99
203,transmission scheme for evacuation of power from ratle hep [850 mw] & kiru [624 mw] part b (power grid corporation of india limited [powergrid]) (617179),jammu and kashmir,07/2024,07/2026 (-),218.6 (218.6),0,0
204,transmission scheme for integration of renewable energy zone [phase ii] in koppal ii [phase a&b] and gadag ii[phase a] in karnataka [powergrid koppal gadag transmission limited] (power grid corporation of india limited [powergrid]) (612140),karnataka,12/2023,12/2025 (-),2889.39 (2889.39),1154.31,37
205,system strengthening at koppal-ii and gadagii for integration of re generation projects [spv name powergrid koppal gadag augmentation transmission limited] (power grid corporation of india limited [powergrid]) (616672),karnataka,01/2025,06/2027 (-),1354 (1354),16.65,0
206,augmentation of transformation capacity by 3x500 mva, 400/220 kv icts [6th-8th] and 1x1500 mva, 765/400 kv ict [4th] at bidar ps [spv name- powergrid bidar augmentation transmission limited] (power grid corporation of india limited [powergrid]) (617068),karnataka,02/2025,06/2027 (-),288 (288),5.76,0
207,transmission scheme for integration of davanagere/ chitradurga and bellary rez in karnataka [powergrid chitradurga bellary rez transmission limited] (power grid corporation of india limited [powergrid]) (617184),karnataka,03/2025,09/2027 (-),3453 (3453),20.7,0
208,transmission system for evacuation of power from rajasthan rez ph-iv [part-2 5.5gw] [jaisalmer/barmer complex] part h1 [powergrid kurawar transmission limited] (power grid corporation of india limited [powergrid]) (615344),madhya pradesh,10/2024,10/2026 (-),3674 (3674),408.18,13
209,transmission system for evacuation of power from rajasthan rez ph-iv [part-2 5.5 gw] [jaisalmer/barmer complex] part c [spv name powergrid mandsaur transmission limited] (power grid corporation of india limited [powergrid]) (615346),madhya pradesh,08/2024,08/2026 (-),2708 (2708),649.92,26
210,transmission system for evacuation of power from mahan energen limited generating station in madhya pradesh [spv name - powergrid mel power transmission limited] (power grid corporation of india limited [powergrid]) (617279),madhya pradesh,06/2025,12/2027 (-),558 (558),5.58,0
211,transmission system for evacuation of power from potential re zone in khavda area of gujarat under phase iv 7gw-part e4 (power grid corporation of india limited [powergrid]) (611966),maharashtra,11/2023,07/2025 11/2025,224.41 (224.41),22.44,9
212,transmission system for integration of kurnool-iv rez phase-i [for 4.5 gw] [powergrid kurnool-iv transmission limited] (power grid corporation of india limited [powergrid]) (617185),multi-states (andhra pradesh, karnataka),03/2025,03/2027 (-),5550 (5550),111,0
213,transmission system for kurnool wind energy zone/ solar energy zone part-a and part-b (power grid corporation of india limited [powergrid]) (900808),multi-states (andhra pradesh, telangana),03/2023,11/2024 12/2025,3546.94 (3546.94),3121.3,94
214,comprehensive scheme for strengthening of transmission and distribution [t&d] systems [csst&ds] in arunachal pradesh and sikkim (power grid corporation of india limited [powergrid]) (602223),multi-states (arunachal pradesh, sikkim),01/2016,12/2018 03/2027,4754.42 (4754.42),7321.07,81
215,north eastern region power system improvement project [nerpsip] (power grid corporation of india limited [powergrid]) (607709),multi-states (assam, manipur, meghalaya, mizoram, nagaland, tripura),03/2016,12/2018 09/2025,5111.33 (6700),5253.47,96
216,eastern region expansion scheme-43 [eres-43] (power grid corporation of india limited [powergrid]) (617271),multi-states (bihar, odisha, west bengal),09/2024,03/2026 (-),342.69 (342.69),0.2,0
217,eastern region expansion scheme-44 [eres-44] (power grid corporation of india limited [powergrid]) (617270),multi-states (bihar, west bengal),11/2024,05/2026 (-),408.94 (408.94),0.2,0
218,transmission network expansion in gujarat to increase its atc from ists part b (power grid corporation of india limited [powergrid]) (400005),multi-states (dadra & nagar haveli and daman & diu, gujarat, maharashtra),07/2022,06/2023 12/2025,4546.26 (4546.26),4148.46,93
219,transmission system strengthening scheme for evacuation of power from sez in rajasthan 8.1 gw under phase ii part g (power grid corporation of india limited [powergrid]) (608922),multi-states (delhi, haryana, rajasthan),05/2022,11/2023 11/2025,1666 (2218),2139.28,95
220,transmission system for evacuation of power from rez in rajasthan 20gw under phase-iii part j (power grid corporation of india limited [powergrid]) (611735),multi-states (delhi, rajasthan),12/2022,03/2025 04/2026,331 (331),75.92,28
221,transmission scheme for evacuation of power from rez in rajasthan [20 gw] under phase-iii part d [sikar khetri transmission ltd] (power grid corporation of india limited [powergrid]) (612132),multi-states (delhi, rajasthan),02/2024,08/2025 05/2026,2000 (2000),1314.8,59
222,transmission system strengthening scheme for evacuation of power from solar energy zones in rajasthan 8.1 gw under phase ii- part- g1 (power grid corporation of india limited [powergrid]) (608301),multi-states (delhi, uttar pradesh),02/2022,09/2023 11/2025,359.47 (359.47),330.71,93
223,transmission system for evacuation of power from potential renewable energy zone in khavda area of gujarat under phase-v [8 gw] part a [spv name powergrid west central transmission limited] (power grid corporation of india limited [powergrid]) (615347),multi-states (gujarat, maharashtra),11/2024,05/2029 (-),24819 (24819),1489.14,1
224,transmission system for evacuation of power from rajasthan rez ph-iv [part- 3/6gw] [bikaner complex] part a [spv name powergrid bikaner iv transmission limited] (power grid corporation of india limited [powergrid]) (615339),multi-states (haryana, punjab, rajasthan),11/2024,11/2026 (-),5969 (5969),167.13,4
225,transmission system for evacuation of power from rajasthan rez ph-iv [part-3/ 6 gw] [bikaner complex] part b [spv name powergrid siwani transmission limited] (power grid corporation of india limited [powergrid]) (615340),multi-states (haryana, rajasthan),11/2024,11/2026 (-),5357 (5357),267.85,8
226,transmission system for strengthening of srinagar-leh tr. system (power grid corporation of india limited [powergrid]) (606781),multi-states (jammu and kashmir, ladakh),03/2022,12/2024 09/2025,288.71 (288.71),202.1,59
227,transmission scheme for solar energy zone in bidar [2500 mw], karnataka [bidar transmission ltd] (power grid corporation of india limited [powergrid]) (612138),multi-states (karnataka, telangana),02/2024,02/2026 (-),2147.62 (2147.62),1068.65,55
228,transmission system for evacuation of power from rajasthan rez ph-iv [part-2 5.5 gw] [jaisalmer/barmer complex] part d [spv name powergrid beawar mandsaur transmission limited] (power grid corporation of india limited [powergrid]) (615333),multi-states (madhya pradesh, rajasthan),08/2024,08/2026 (-),2227 (2227),534.48,19
229,transmission system for evacuation of power from rajasthan rez ph-iv [part-2 5.5 gw] [jaisalmer/barmer complex] part e [spv name powergrid mewar transmission limited] (power grid corporation of india limited [powergrid]) (615334),multi-states (madhya pradesh, rajasthan),08/2024,08/2026 (-),3251 (3251),685.96,17
230,rajasthan rez ph-v [part-1- 4 gw] [sirohi/nagaur] complex [rajasthan v power transmission limited] (power grid corporation of india limited [powergrid]) (617186),multi-states (madhya pradesh, rajasthan),03/2025,03/2027 (-),5028 (5028),139.2,1
231,transmission system for evacuation of power from rajasthan rez ph-iv [part-1] [bikaner complex] part d [neemrana bareilly transmission ltd] (power grid corporation of india limited [powergrid]) (612133),multi-states (rajasthan, uttar pradesh),12/2023,12/2025 06/2026,2056 (2056),1336.4,55
232,transmission system for evacuation of power from rajasthan rez ph-iv [part-4 3.5 gw] part a [spv name powergrid ghiror transmission limited] (power grid corporation of india limited [powergrid]) (616670),multi-states (rajasthan, uttar pradesh),12/2024,12/2026 (-),5846 (5846),236.18,3
233,transmission system strengthening scheme for evacuation of power from solar energy zones in rajasthan[8.1 gw] under phase-ii- part e (power grid corporation of india limited [powergrid]) (611659),rajasthan,03/2023,09/2024 10/2025,1433.28 (1433),1341.7,93
234,transmission system for evacuation of power from rez in rajasthan 20gw under phase iii- part e2 (power grid corporation of india limited [powergrid]) (611947),rajasthan,11/2023,06/2025 09/2025,428.3 (428.3),107.07,46
235,transmission system for evacuation of power from rez in rajasthan 20 gw under phase-iii part h (power grid corporation of india limited [powergrid]) (611948),rajasthan,10/2023,04/2025 12/2025,2211.29 (2211.29),1780.53,72
236,transmission system for evacuation of power from rez in rajasthan 20 gw under phase-iii part c1 (power grid corporation of india limited [powergrid]) (611949),rajasthan,10/2023,04/2025 10/2025,1796.02 (1796.02),1201.17,79
237,transmission system for evacuation of power from rez in rajasthan 20 gw under phase-iii part b1 (power grid corporation of india limited [powergrid]) (611950),rajasthan,09/2023,04/2025 12/2025,2190.54 (2190.54),1740.6,77
238,transmission system for evacuation of power from rez in rajasthan 20gw under phase-iii part e1 (power grid corporation of india limited [powergrid]) (611951),rajasthan,08/2023,02/2025 09/2025,688.74 (688.74),585.42,93
239,transmission system for evacuation of power from rajasthan rez ph-iv [part-1] [bikaner complex] part a [bikaner neemrana transmission ltd] (power grid corporation of india limited [powergrid]) (612134),rajasthan,12/2023,12/2025 03/2026,2998.34 (2998.34),1592.11,49
240,transmission system for evacuation of power from rajasthan rez ph-iv [part-2 5.5 gw][jaisalmer/barmer complex] part b [spv name powergrid sirohi transmission limited] (power grid corporation of india limited [powergrid]) (615332),rajasthan,08/2024,08/2026 (-),3279 (3279),547.59,19
241,transmission system strengthening for interconnections of bhadla-iii & bikaner iii complex [spv name powergrid bhadla bikaner transmission limited] (power grid corporation of india limited [powergrid]) (615335),rajasthan,08/2024,08/2026 (-),1382 (1382),41.46,2
242,additional transmission system for evacuation of power from bhadla-iii ps as part of rajasthan rez phase iii scheme [20 gw] [spv name powergrid bhadla-iii power transmission limited] (power grid corporation of india limited [powergrid]) (615337),rajasthan,08/2024,02/2026 (-),369 (369),17.82,6
243,transmission system for evacuation of power from rajasthan rez ph -iv [part-2 5.5 gw] [jaisalmer/barmer complex] part f [spv name powergrid barmer i transmission limited] (power grid corporation of india limited [powergrid]) (615338),rajasthan,11/2024,11/2026 (-),2735 (2735),81.42,5
244,augmentation at fatehgarh-ii ps, fatehgarh-iv ps [section-ii] and barmer-i ps [powergrid fatehgarh barmer augmentation transmission limited] (power grid corporation of india limited [powergrid]) (617181),rajasthan,03/2025,12/2026 (-),404 (404),4.04,0
245,transmission system under ists for evacuation of power from kudankulam unit-3&4 [2x1000 mw] [spv name powergrid kudankulam tarnsmission limited] (power grid corporation of india limited [powergrid]) (616671),tamil nadu,01/2025,12/2026 12/2026,548 (548),10.96,4
246,transmission system for strengthening to facilitate evacuation of power from bhadla/bikaner complex (power grid corporation of india limited [powergrid]) (617269),uttar pradesh,12/2024,06/2026 (-),212.81 (212.81),0.2,0
247,c/o 184 ms flats for hon'ble mps at bks marg, new delhi (central public works department [cpwd]) (617282),delhi,05/2022,05/2025 08/2025,646.53 (646.52),518.46,98
248,chennai metro rail phase-ii development project (chennai metro rail limited [cmrl]) (702668),tamil nadu,11/2020,08/2029 (-),63246 (63246),47162.73,0
249,integrated command control center [iccc] - construction and development of integrated command control center with security, surveillance, itms, connecting port, ship service, smart solid waste management, smart public transport system (smart city mission) (707229),andaman & nicobar,11/2021,05/2023 (-),209.88 (209.88),0,0
250,in-situ slum redevelopment project in bihar (pmay, ministry of housing and urban affairs) (702522),bihar,06/2015,03/2024 (-),454.65 (454.65),204.64,0
251,in-situ slum redevelopment project in haryana (pmay, ministry of housing and urban affairs) (702544),chandigarh,06/2015,03/2024 (-),285.85 (285.85),127.58,0
252,affordable housing construction project in chhattisgarh (pmay, ministry of housing and urban affairs) (702524),chhattisgarh,06/2015,03/2024 (-),3797.69 (3797.69),2694,0
253,redevelopment of seven general pool residential accommodation [gpra] colonies in delhi (national buildings construction corporation [nbcc]) (400188),delhi,05/2018,12/2022 12/2025,32850 (32850),0,0
254,rehablitation in junavadaj area smart city project (ministry of housing & urban affairs) (701719),gujarat,06/2016,07/2022 (-),539 (539),39.63,50
255,in-situ slum redevelopment project in gujarat (pmay, ministry of housing and urban affairs) (702540),gujarat,06/2015,03/2024 (-),5477.4 (5477.4),3035.81,0
256,in-situ slum redevelopment project in jharkhand (pmay, ministry of housing and urban affairs) (702555),jharkhand,06/2015,03/2024 (-),212.74 (212.74),41,0
257,in-situ slum redevelopment project in uttar pradesh (pmay, ministry of housing and urban affairs) (702612),uttar pradesh,06/2015,03/2024 (-),576.99 (576.99),141.94,0
258,green building development project (ministry of housing & urban affairs) (701766),uttarakhand,08/2019,11/2023 (-),150.97 (150.97),18.95,0
259,patna metro rail project (patna metro rail corporation ltd. [pmrcl]) (702627),bihar,02/2019,02/2024 06/2027,13365.77 (13365.8),4039.77,40.07
260,delhi metro rail phase-iv [2 corridors] (delhi metro rail corporation limited [dmrc]) (617207),delhi,03/2024,03/2029 (-),8399.81 (8399.81),5.57,0
261,dmrts phase - iv [3 priority corridors] (delhi metro rail corporation limited [dmrc]) (702632),delhi,07/2019,03/2025 03/2026,24948.65 (24948.7),15423.06,68
262,surat metro rail project (gujarat metro rail corporation limited [gmrcl]) (702630),gujarat,04/2019,03/2024 06/2026,12020.32 (12020.3),7386.41,68
263,ahmedabad metro rail project, phase-ii (gujarat metro rail corporation limited [gmrcl]) (702631),gujarat,03/2019,03/2024 12/2025,5384.17 (5384.17),4151.57,87
264,ahmedabad metro rail project [phase-i] (gujarat metro rail corporation limited [gmrcl]) (702639),gujarat,03/2018,03/2018 08/2025,10773 (12924.5),11857.91,99.34
265,construction of bangalore metro rail project phase 2. (bengaluru metro rail) (702635),karnataka,02/2016,03/2021 09/2026,26405.14 (30695.1),29477.97,94
266,construction bangalore metro rail project phase-2a & 2b (bengaluru metro rail) (702665),karnataka,01/2019,06/2026 06/2026,14788.1 (14788.1),8424.54,53
267,kochi metro rail phase 2 development project (cspcc projects) (702664),kerala,11/2022,11/2026 11/2026,1957.05 (1957.05),306.45,10
268,bhopal metro rail project (madhya pradesh metro rail co limited [mpmrcl]) (702625),madhya pradesh,11/2018,11/2022 06/2028,6941.4 (6941.4),3116.75,43
269,indore metro rail project (madhya pradesh metro rail co limited [mpmrcl]) (702626),madhya pradesh,11/2018,11/2022 12/2028,7500.8 (7500.8),3839.27,54
270,pcmc to nigdi- extension of north south corridor of phase-1 (maharashtra metro rail corporation limited [mmrcl]) (617225),maharashtra,10/2023,01/2027 (-),910.18 (910.18),110.33,21
271,pune metro phase-1 extension line towards south from swargate to katraj (maharashtra metro rail corporation limited [mmrcl]) (617226),maharashtra,09/2024,03/2029 (-),2954.53 (2954.53),18.66,3
272,new suburba station development project (ministry of housing & urban affairs) (701745),maharashtra,03/2019,07/2022 (-),262.76 (262.76),17.62,6
273,kalyan station precinct imporvement project (ministry of housing & urban affairs) (701991),maharashtra,07/2020,07/2023 (-),600 (600),49.42,0
274,mumbai metro line 3 (mumbai metro rail corporation limited [mmrc]) (702637),maharashtra,06/2016,03/2023 06/2024,23136 (23942),27519.07,91.9
275,nagpur metro rail phase ii development project (maharashtra metro rail corporation limited [mmrcl]) (702658),maharashtra,12/2022,12/2027 (-),6708 (6708),977.38,24
276,delhi metro rail phase-iv [rithala - kundli corridor] (delhi metro rail corporation limited [dmrc]) (617206),multi-states (delhi, haryana),01/2025,01/2029 (-),6230.99 (6230.99),0.14,0
277,delhi-ghaziabad-meerut regional rapid transit system [rrts] corridor (national capital region transport corporation [ncrtc]) (702633),multi-states (delhi, uttar pradesh),03/2019,06/2025 (-),30274 (30274),25812.26,86
278,kanpur metro rail project (uttar pradesh metro rail corporation [upmrc]) (702628),uttar pradesh,11/2019,05/2024 03/2027,11076.48 (11076.5),9079.81,73
279,agra metro rail project (uttar pradesh metro rail corporation [upmrc]) (702629),uttar pradesh,12/2020,05/2024 06/2027,8379.62 (8379.62),6055.19,57
280,storm water drainag development project (ministry of housing & urban affairs) (702355),dadra & nagar haveli and daman & diu,12/2021,03/2024 (-),210 (210),0,0
281,upgradation of sewerage system in gandhinagar city (smart city mission) (707267),gujarat,03/2021,06/2023 (-),200 (200),100,10
282,construction of basement + ground floor+ 10 storeyed building for state of the art director general, gsi building at plot no.gn-40, sector-v, salt lake, kolkata (central public works department (cpwd)) (617280),west bengal,02/2020,08/2026 (-),255.37 (255.37),78.34,35
283,rakha underground mining project (hindustan copper limited [hcl]) (611798),jharkhand,03/2024,03/2033 (-),2705 (2705),0,0
284,surda underground copper mining project (hindustan copper limited [hcl]) (611800),jharkhand,03/2024,03/2028 (-),665.02 (665.02),13.33,1
285,expansion of malanjkhand copper project (hindustan copper limited [hcl]) (400426),madhya pradesh,04/2015,04/2020 04/2026,1856.36 (1856.36),924.98,79
286,expansion of alumina refinery plant with addition of 5th stream having capacity enhancement of 1.0 million tonee per annum (national aluminium company limited [nalco]) (400141),odisha,04/2017,12/2022 09/2025,4103 (5677.4),3913.98,75
287,pottangi bauxite mines project (national aluminium company limited [nalco]) (400299),odisha,05/2018,03/2025 05/2026,1381 (1960.77),650.04,51
288,utkal d and e coal block (national aluminium company limited [nalco]) (709829),odisha,02/2016,03/2025 (-),1021.97 (1021.97),0,0
289,conversion of flat bottom settlers and washers with a single train of hrds and dcws in streams 1 and (ministry of mines) (709830),odisha,04/2017,11/2026 (-),355 (581),0,0
290,sourcing of bauxite arrangement for 5th stream alumina refinery from south block mining lease of panchpatmaili mines (national aluminium company limited [nalco]) (709831),odisha,11/2019,05/2025 06/2026,483 (483),403.44,90
291,25.5 mw wind power project at kayathar in tamilnadu (national aluminium company limited [nalco]) (709832),tamil nadu,12/2017,03/2025 03/2026,166 (166),135,65
292,construction of permanent campus of central tribal university of andhra pradesh phase-1 (central tribal university of andhra pradesh) (613008),andhra pradesh,12/2023,06/2027 (-),305 (305),83.33,24
293,construction of permanent campus of national institute of technology arunachal pradesh (national institute of technology, arunachal pradesh) (612898),arunachal pradesh,03/2013,08/2026 (-),592.61 (592.61),549.96,75
294,tezpur university projects (tezpur university) (606112),assam,06/2021,11/2023 08/2025,153.71 (153.71),288.87,93
295,additional campus of nitpatna (nit patna) (606013),bihar,08/2022,07/2024 01/2026,499.21 (499.21),425.47,91
296,phase 1b - construction of academic block, hostel, residential tower, directors residence and external development works at national institute of technology, delhi campus on engineering, procurement and construction basis (ministry of education) (612851),delhi,11/2022,09/2025 (-),333.49 (333.49),272.95,88
297,delhi university eastern campus at surajmal vihar (delhi university) (616886),delhi,01/2025,10/2026 (-),373 (373),18.03,15
298,construction of permanent campus of central university of gujarat at village kundhela, dist. vadodara, gujarat. (gujarat) (612916),gujarat,02/2021,03/2025 03/2026,490.63 (490.63),301.44,76
299,establishment of permanent campus phase 1 of iim sirmaur (indian institute of management, sirmaur) (602099),himachal pradesh,08/2020,10/2023 02/2026,392.51 (454.78),320.75,92
300,hostel blocks & dining hall block (indian institute of technology, mandi) (612128),himachal pradesh,03/2024,03/2026 03/2026,166.66 (166.66),72.09,58
301,construction of permanent campus of central university of himachal pradesh at dehra, district - kangra, [h.p.] on engineering. procurement and construction [epc mode 1] basis. (central university, himachal pradesh) (612894),himachal pradesh,08/2022,11/2024 11/2025,251.98 (300.45),183.36,78
302,construction of permanent campus for iim jammu phase-1 at jagti, nagrota, jammu, j&k (indian institute of management, jammu) (602098),jammu and kashmir,10/2020,06/2023 08/2025,424.93 (500.91),484.52,96
303,additional infrastructure at iisc bangalore-rcc monolithic for men hostel s14, women hostel s11 , postdoctoral hostel s12 2 block , international hostel s 12 , d&e block s 12 2 block fr. (iisc bangalore) (610940),karnataka,08/2021,03/2024 09/2025,420.41 (420.41),360.72,99
304,construction of permanent campus for iit palakkad under phase 1a (indian institute of technology palakkad) (606431),kerala,03/2020,06/2022 11/2026,1006.45 (1217.4),615.95,66
305,phase iii a works at iit indore [03 hostels, 01 studio apartment, 01 housing, heavy & sophisticated lab complex, academic pod and infrastructure for center of excellence] (indian institute of technology, indore) (611957),madhya pradesh,11/2023,12/2026 (-),496.28 (496.28),138.6,30
306,hostel 4 -earlier known as hostel 20 (indian institute of technology, bombay) (612135),maharashtra,05/2022,09/2025 (-),182.33 (182.33),132.44,94
307,academic block 1 & 2 (indian institute of technology, bombay) (612203),maharashtra,01/2023,07/2026 03/2027,68 (263.93),22.15,16
308,construction and developement of national institute of technology meghalaya permanent campus at sohra (national institute of technology, meghalaya) (612885),meghalaya,09/2014,03/2022 07/2025,494.52 (494.52),413.57,86
309,construction of permanent campus for nit mizoram at lengpui, aizawl (ministry of education) (612876),mizoram,05/2014,12/2029 12/2029,474.23 (474.23),167.55,4
310,establishment of nit nagaland (nit nagaland) (613013),nagaland,09/2012,12/2025 (-),275.63 (275.63),257.82,93
311,iiser berhampur (indian institutes of science education and research, behrampur) (610315),odisha,09/2019,03/2021 11/2025,1229.32 (773.76),835.55,97
312,establishment of nit puducherry permanent campus [phase-i and phase-ii] (national institute of technology, puducherry) (612877),puducherry,07/2013,12/2024 08/2025,618.34 (544.34),509.24,94
313,construction of permanent campus of indian institute of management [iim] amritsar, punjab, phase-i (indian intitue of management, amritsar) (605292),punjab,07/2020,06/2023 12/2025,348.31 (348.31),290.39,91
314,construction of girls hostel 400 seater, boys hostel 600 seater, academic block, international hostel 100 seater, vc residence and purchase of equipment (central university of punjab) (617221),punjab,04/2025,10/2027 (-),210.99 (210.99),0,0
315,construction of sikkim university campus phase-i package-ii at yangang, south sikkim (sikkim university) (609736),sikkim,01/2022,01/2025 09/2025,314.06 (314.06),238.22,82
316,establishment of permanent campus of nit sikkim at khamdong-gangtok district (ministry of education) (612883),sikkim,03/2024,02/2028 12/2026,685.76 (610.76),121.56,7
317,construction of precast housing and hostels at iit hyderabad (indian institute of technology, hyderabad) (609996),telangana,11/2022,10/2024 01/2026,262 (262),164.4,71
318,banaras hindu university [ kayakalp of institute of medical sciences] (banaras hindu university) (606479),uttar pradesh,06/2020,09/2022 03/2026,246 (246),185.83,93
319,construction & development of infrastructural facilities in the main campus of nit uttarakhand at sumari, pauri garhwal (national institute of technology uttarakhand) (611963),uttarakhand,04/2024,09/2027 (-),650.85 (650.85),130,24
320,hefa projects on development of student hostels, playgrounds, departmental buildings, class room complex and other campus facilities in iit kharagpur (indian institute of technology, kharagpur) (609019),west bengal,04/2019,03/2023 03/2026,500 (442),382.6,87
321,ioe projects [civil works], iit kharagpur (indian institute of technology, kharagpur) (609041),west bengal,04/2019,03/2023 12/2026,287.2 (287.2),310,86
322,construction of aviation fuel farm facilities at bhogapuram airport (ministry of petroleum & natural gas) (616235),andhra pradesh,08/2024,03/2026 03/2026,240 (240),31.23,50
323,construction of lpg facilities at kamardanga, assam (hindustan petroleum corporation limited) (709754),assam,03/2023,07/2027 07/2027,156.36 (156.36),49.78,39
324,setting up of new rail fed pol facility at kamardanga, assam (hindustan petroleum corporation limited [hpcl]) (709755),assam,03/2023,07/2027 07/2027,384.04 (384.04),110.44,48
325,setting up a common user petroleum terminal at jammu, j&k for resitement of existing psu omc's depots from jammu city (bharat petroleum corporation limited [bpcl]) (400235),jammu and kashmir,04/2023,03/2025 09/2025,676.89 (676.89),518.22,77
326,construction of 80,000 mt lpg cavern at mangalore (ministry of petroleum & natural gas) (701269),karnataka,12/2018,12/2022 08/2025,854 (854),712.3,99
327,andheri residential towers, mumbai (ministry of petroleum & natural gas) (604833),maharashtra,06/2017,05/2025 06/2026,281.35 (389.67),227.54,50
328,srikakulam angul gas pipeline project (ministry of petroleum & natural gas) (701343),multi-states (andhra pradesh, odisha),09/2019,07/2022 12/2025,2658.34 (2810),2192.68,94
329,rajasthan refinery project (ministryofpetroleumnaturalgas) (701263),multi-states (arunachal pradesh, gujarat, rajasthan),10/2017,10/2022 03/2026,43129 (72937),59524.37,87
330,paradip-numaligarh crude oil pipeline [pncpl] & crude oil import terminal [coit] at paradip (ministry of petroleum & natural gas) (701349),multi-states (assam, bihar, jharkhand, odisha, west bengal),01/2019,07/2024 09/2025,10228 (11407),9701.95,86
331,new mundra panipat crude oil pipeline (ministry of petroleum & natural gas) (400078),multi-states (gujarat, haryana, rajasthan),12/2021,12/2024 12/2025,9028 (9028),7071.08,84
332,kandla gorakhpur lpg pipeline (ministry of petroleum & natural gas) (400012),multi-states (gujarat, madhya pradesh, uttar pradesh),12/2018,12/2021 12/2025,10088 (10088),7598.13,92
333,multi product pipeline from irugur to devangonthi (department of water resources, river development & gr) (400301),multi-states (karnataka, tamil nadu),11/2012,02/2017 10/2025,678 (1732),675.25,67
334,petrochemical evacuation marketing terminal at barmer, rajasthan (hindustan petroleum corporation limited [hpcl]) (709759),rajasthan,12/2023,12/2026 12/2026,461.05 (461.05),111.57,51
335,laying of pol pipelines in common corridor for proposed grass root terminal at vallur [chennai] (ministry of petroleum & natural gas) (400043),tamil nadu,01/2022,05/2026 05/2026,829 (829),297.77,62
336,grass root pol terminal at vallur, chennai (indian oil corporation limited [iocl]) (400077),tamil nadu,01/2022,12/2024 03/2026,827 (887.71),619.5,85
337,grass root rail-fed depot at sekerkote, agartala as resitement of existing dharmanagar depot (indian oil corporation limited [iocl]) (400035),tripura,06/2022,09/2025 09/2025,656 (656),465.73,84
338,grass-root terminal at mirzapur, uttar pradesh (ministry of petroleum & natural gas) (604852),uttar pradesh,09/2022,11/2026 11/2026,980.45 (980.45),236.22,50
339,kg-dwn-98/2 cluster - ii development project - nelp block (oil and natural gas corporation limited [ongc]) (400120),andhra pradesh,03/2016,06/2020 06/2026,34012 (34012),35498.35,96
340,hp-coat [crude to olefins and aromatics technology] demo unit at visakh refinery (hindustan petroleum corporation limited) (709752),andhra pradesh,09/2021,06/2024 03/2026,160 (220),77.06,64
341,hp trijet unit in visakh refinery (hindustan petroleum corporation limited) (709761),andhra pradesh,07/2024,07/2027 07/2027,193 (193),0.43,23
342,city gas distribution project at kurnool, guntur & prakasam districts (ministryofpetroleumnaturalgas) (709766),andhra pradesh,03/2022,03/2030 03/2030,1420 (1420),162.47,6
343,numaligarh refinery expansion project (ministry of petroleum & natural gas) (604791),assam,07/2020,07/2024 12/2025,12366 (22494),16502.36,75
344,assam bio refinery, abrpl (ministry of petroleum & natural gas) (604792),assam,02/2018,09/2021 07/2025,1750 (4200),4650,99
345,development of surface facilities for production and evacuation of crude oil and natural gas from nadua and east khagorija (ministry of petroleum & natural gas) (604863),assam,01/2018,02/2020 12/2025,682.9 (726.93),488.37,94
346,guwahati refinery expansion [1.0 to 1.2 mmtpa] along with installation of cru, guwahati refinery (ministry of petroleum & natural gas) (607701),assam,05/2021,10/2023 05/2026,412.3 (577),430.83,84
347,construction of field gas gathering station at baghjan area for collection, processing & transportation of natural gas to be produced from baghjan field (ministry of petroleum & natural gas) (616858),assam,12/2020,03/2024 12/2025,430.76 (430.76),326.12,85
348,augmentation/revamping of facilities at existing guwahati terminal at betkuchi (ministryofpetroleumnaturalgas) (709776),assam,04/2022,09/2026 09/2026,277 (323.09),185.18,67
349,capacity expansion of digboi refinery from 0.65 to 1.0 mmtpa (ministryofpetroleumnaturalgas) (709779),assam,06/2022,03/2026 03/2026,768 (740),99.02,35
350,pipeline network project rudrasagar (ministry of petroleum & natural gas) (709847),assam,01/2023,04/2026 04/2026,344.99 (344.99),210.89,46
351,borholla ggs life extension project [blep] (ministry of petroleum & natural gas) (709850),assam,09/2023,05/2026 05/2026,198.7 (198.7),36.78,29
352,dcu revamp project (nrl) (709864),assam,08/2021,07/2024 10/2025,370 (370),249.41,57
353,power recovery turbine [prt] in pfccu unit as an energy conservation scheme (nrl) (709865),assam,04/2023,12/2024 10/2025,293.5 (293.5),97.22,93
354,city gas distribution project at khagaria, saharsa and madhepura (ministry of petroleum & natural gas) (617303),bihar,03/2019,03/2030 03/2030,163 (163),95.54,40
355,setting up of lpg plant with rail unloading facility at hathua, dist. gopalganj, bihar (ministryofpetroleumnaturalgas) (617304),bihar,10/2023,03/2027 03/2027,340.15 (340.15),88.08,24
356,barauni refinery capacity expansion from 6.0 to 9.0 mmtpa (ministry of petroleum & natural gas) (701324),bihar,01/2020,04/2023 08/2026,14810 (16724),11728.01,87
357,installation of bitumen manufacturing unit along with allied facilities at barauni refinery (ministryofpetroleumnaturalgas) (709777),bihar,01/2022,04/2025 10/2026,389.35 (340),46.94,37
358,city gas distribution projects at darbhanga, madhubani, supaul, sitamarhi and sheohar districts (bharat petroleum corporation limited [bpcl]) (709792),bihar,12/2022,03/2030 03/2030,3638 (3638),396.42,21
359,city gas distribution projects at gopalganj, siwan, west champaran, east champaran and deoria districts (bharat petroleum corporation limited [bpcl]) (709793),bihar,12/2022,06/2030 06/2030,3919 (3919),392.59,14
360,redevelopment of sobhasan complex (oil and natural gas corporation limited [ongc]) (400087),gujarat,08/2021,02/2026 02/2026,885.63 (1286.67),765.43,73
361,redevelopment of santhal field [onshore-mehsana asset] (oil and natural gas corporation limited [ongc]) (400167),gujarat,02/2017,03/2026 03/2026,1162.56 (1162.56),1156.9,94
362,redevelopment of linch field (oil and natural gas corporation limited [ongc]) (400169),gujarat,04/2021,03/2025 10/2025,631.03 (860.04),505.07,77
363,petrochemical and lube integration project at gujarat refinery (ministry of petroleum & natural gas) (701329),gujarat,09/2020,08/2024 12/2025,18936 (17825),12190.08,83
364,installation of new biturox unit along with allied facilities at gujarat refinery (ministryofpetroleumnaturalgas) (709778),gujarat,01/2022,08/2025 09/2026,328.29 (287),144.16,55
365,commercial polymer flooding project in bechraji field (oil and natural gas corporation limited [ongc]) (709838),gujarat,01/2022,11/2024 11/2025,621.4 (621.4),137.71,21
366,restoration of gas terminal, phase-i [part-a], hazira (oil and natural gas corporation limited [ongc]) (709840),gujarat,05/2022,02/2025 12/2025,249.43 (249.43),209.42,93
367,old pipe line replacement [oprp] group-a (oil and natural gas corporation limited [ongc]) (709841),gujarat,07/2021,07/2025 03/2026,173.03 (169.84),148,87
368,kalol redevelopment project, ahmedabad asset (oil and natural gas corporation limited [ongc]) (709842),gujarat,08/2022,03/2027 03/2027,1487.41 (1487.41),776.61,61
369,revamping of sv stations, gas terminal & kribhco terminal (oil and natural gas corporation limited [ongc]) (709845),gujarat,11/2022,08/2026 08/2026,837.34 (837.34),205.78,49
370,indian oil technology development and deployment centre at r&d campus-ii, faridabad (ministry of petroleum & natural gas) (604853),haryana,06/2019,12/2022 03/2026,2281.94 (3200),1800.61,63
371,poly butadiene rubber plant at panipat (indian oil corporation limited [iocl]) (611917),haryana,03/2022,03/2025 06/2026,1459 (2531.44),1043.9,70
372,capacity expansion of panipat refinery from 15 to 25 mmtpa (ministry of petroleum & natural gas) (701289),haryana,02/2021,09/2024 12/2025,34627 (36225),23977.47,88
373,installation of multiple effect evaporator [mee] for etp-1, 2 & 4 of panipat refinery and petrochemical complex. (ministryofpetroleumnaturalgas) (709783),haryana,12/2020,06/2023 06/2026,165.13 (247.69),129.27,70
374,city gas distribution project at jammu, udhampur, reasi, samba and kathua districts (ministryofpetroleumnaturalgas) (709773),jammu and kashmir,03/2022,03/2032 03/2032,538 (538),4.09,0
375,development of jharia cbm block [phase-1] (oil and natural gas corporation limited [ongc]) (610984),jharkhand,11/2019,01/2024 08/2025,431 (431),211.34,58
376,laying of natural gas pipeline from hazaribagh to ranchi [hrpl] (ministryofpetroleumnaturalgas) (709785),jharkhand,02/2023,02/2026 02/2026,202.07 (202.07),55.46,45
377,power system upgradation project (mangalore refinary and petrochemicals limited) (612790),karnataka,10/2023,11/2025 11/2025,385 (385),132.73,63
378,demo bio-atf project (ministry of petroleum & natural gas) (616879),karnataka,03/2024,01/2027 01/2027,364 (364),22.82,10
379,revamping/ augmentation of facilities at existing port terminal at mangalore (ministry of petroleum & natural gas) (709774),karnataka,01/2022,12/2025 12/2025,463 (500.62),264.44,82
380,replacement and extension of jetty pipelines [rejp] at kr (bharat petroleum corporation limited [bpcl]) (709790),kerala,03/2023,03/2026 03/2026,621.87 (621.87),192.66,83
381,setting up polypropylene unit at kochi refinery (ministryofpetroleumnaturalgas) (709799),kerala,12/2023,10/2027 10/2027,4460 (4460),255.64,12
382,ethylene cracker project at bina refinery including downstream petrochemical plants and expansion of refinery (ministryofpetroleumnaturalgas) (709798),madhya pradesh,05/2023,05/2028 05/2028,43367 (43367),1788.6,13
383,debottlenecking and augmentation of cryogenic facilities at uran lpg import terminal (department of water resources, river development & gr) (400158),maharashtra,04/2021,02/2024 12/2025,1164.69 (1629.86),901.73,84
384,500 kta pdhpp project, usar (ministry of petroleum & natural gas) (400168),maharashtra,04/2021,04/2025 10/2025,8797 (11256),6768.36,85
385,construction of lube oil blending plant at rasayani (ministry of petroleum & natural gas) (610985),maharashtra,05/2022,12/2023 12/2025,423.39 (526.26),287.49,78
386,lube modernization & bottom upgradation project at mumbai refinery (ministry of petroleum and natural gas) (616933),maharashtra,12/2024,03/2028 03/2028,4679 (4679),188.88,4
387,hp tdae unit in mumbai refinery (hindustan petroleum corporation limited) (709760),maharashtra,06/2024,04/2026 04/2026,240 (240),34.4,37
388,city gas distribution project at beed, jalgaon and jalna districts (ministryofpetroleumnaturalgas) (709771),maharashtra,03/2022,09/2031 09/2031,865 (865),68.01,2
389,construction of additional tankages and allied facilities at jnpt terminal (ministryofpetroleumnaturalgas) (709780),maharashtra,04/2022,08/2026 08/2026,341.43 (436.14),279.19,50
390,atf pipeline from jawaharlal nehru port trust to navi mumbai international airport (indian oil corporation limited [iocl]) (709782),maharashtra,08/2022,08/2025 03/2026,165 (165),89.94,72
391,installation of independent de- aromatized solvents [das] production facilities at mr (bharat petroleum corporation limited [bpcl]) (709789),maharashtra,03/2023,07/2025 12/2025,405 (343),201.28,84
392,pol & lobs installations with receipt pipelines at rasayani (bharat petroleum corporation limited [bpcl]) (709797),maharashtra,05/2023,05/2026 05/2026,2585 (2585),564.58,58
393,part replacement pipeline project [prpp] (oil and natural gas corporation limited [ongc]) (709846),maharashtra,11/2022,05/2024 11/2025,1219.48 (1145.1),745.24,90
394,visakh raipur pipeline project (ministry of petroleum and natural gas) (616254),multi-states (andhra pradesh, chhattisgarh, odisha),09/2024,09/2027 09/2027,2212 (2212),11.52,7
395,multi-product pipeline from krishnapatnam coastal installation to the proposed installation at hyderabad [malkapur] (ministry of petroleum & natural gas) (701341),multi-states (andhra pradesh, telangana),09/2019,03/2025 08/2025,1932 (2208),1552.37,98
396,north east gas grid (ministry of petroleum & natural gas) (701346),multi-states (arunachal pradesh, assam, manipur, meghalaya, mizoram, nagaland, sikkim, tripura, west bengal),04/2020,03/2024 03/2026,9265 (9265),6375.02,85
397,upgradation of facilities of numaligarh-siliguri product pipeline [nspl] for transportation of additional products from existing 1.72 mmtpa to 5.5 mmtpa (ministry of petroleum & natural gas) (701350),multi-states (assam, west bengal),06/2021,12/2024 10/2025,860 (860),566.18,98
398,cgd project in banka, dumka, godda, jamtara, pakur, sahibganj ga id 11a.02 (hindustan petroleum corporation limited) (709757),multi-states (bihar, jharkhand),06/2022,06/2030 06/2030,1377 (1377),329.43,26
450,gooty-pendekallu doubling 29.225 km (south central railway [scr] - ii) (611752),andhra pradesh,06/2023,03/2027 03/2027,351.83 (351.83),18,25
451,guntakal west-mallappa gate rail over rail - ror track (south central railway [scr] - ii) (611754),andhra pradesh,07/2023,07/2026 (-),293.3 (293.3),0,0
452,kurnool - setting up facilities for coach midlife rehabilitation workshop (wpo/patna) (611927),andhra pradesh,10/2017,12/2023 (-),560.72 (560.72),276.66,65
453,flyover between pendurthi and simhachalam north to avoid surface crossing at simhachalam 7.135 km pb 73 of 2023 24 nr (east coast railway [ecor] - ii) (612827),andhra pradesh,05/2024,04/2027 (-),183.65 (183.65),4.16,11
454,3rd & 4th line between vadlapudi -gate jn. cabin and tie line between gate junction to gangavaram port (east coast railway [ecor] - ii) (616697),andhra pradesh,03/2024,06/2026 (-),154.28 (154.28),10.79,16
455,tiupati katpadi 104.39 kms (south central railway [scr] - ii) (617210),andhra pradesh,04/2025,03/2029 (-),1215.56 (1215.56),0,0
456,3rd line between gudur renigunta 83.17 km (south central railway [scr] - ii) (617216),andhra pradesh,10/2024,03/2027 (-),877.34 (877.34),2.97,0
457,kotapalli - narasapur new line (south central railway [scr] - ii) (705436),andhra pradesh,09/2013,03/2028 03/2028,2501 (2501),1264.18,29
458,guntur-guntakal doubling project (south central railway [scr] - ii) (705633),andhra pradesh,11/2017,12/2025 12/2026,3733 (4295),4112.59,92
459,vijaywada-gudur 3rd line (rvnl - ii) (705648),andhra pradesh,04/2018,11/2024 12/2025,6654 (6654),5922,90
460,penukonda - dharmavaram doubling project [41.5 km] (south western railway [swr] - ii) (705789),andhra pradesh,12/2018,03/2026 03/2026,307.66 (307.66),267.83,60
461,agthori kamakhya section with construction of new rail cum- road bridge at saraighat - 7.062km (northeast frontier railway [nfr]) (613788),assam,05/2025,12/2029 (-),1473.77 (1473.77),0,0
462,doubling of new bonggigaon to kamakhya via goalpara - 176 km (northeast frontier railway [nfr]) (705572),assam,09/2016,03/2026 03/2026,4060 (4961),3683.75,93
463,guwahati-dibrugarh via tinsukia & simaluguri-dibrugarh (central organisation for railway electrification [core]) (706922),assam,09/2018,09/2020 06/2024,890.36 (889.36),391.73,89
464,sakri -hasanpur [via harnagar - kusheshwar asthan] new railway line (east central railway [ecr] - i) (400254),bihar,08/1997,12/2024 03/2027,735.2 (735.2),585.09,81
465,construction of bulb line at nabinagar ankorah of east central railway (east central railway [ecr] - i) (617231),bihar,05/2026,06/2028 (-),611.74 (611.74),0,0
466,sakri-hasanpur road new rail line project (east central railway [ecr] - i) (705363),bihar,03/2011,12/2024 03/2025,735 (735),605,78
467,khagaria-kusheshwar asthan [42km] new line project (east central railway [ecr] - i) (705364),bihar,12/1998,12/2024 03/2027,614 (1384),479.22,55
468,hajipur-sagauli new line (east central railway [ecr] - i) (705366),bihar,10/2004,03/2020 12/2026,2067 (2087),1908.49,74
469,araria supaul new bg line (east central railway [ecr] - ii) (705368),bihar,03/2009,03/2024 01/2027,1605 (2514),1311.39,33
470,fatuha-islampur incl. mm for extn.of nl from neora to daniawan , daniawan to biharsharif, biharsharif to barbigha , barbigha to shekhpura (east central railway [ecr] - ii) (705373),bihar,03/2002,03/2023 08/2025,1473 (2882),2824.8,91
471,new b.g. railway line- araria to galgalia [thakurgunj] (northeast frontier railway [nfr]) (705400),bihar,06/2007,12/2024 07/2025,2650 (4412),4152.4,96
472,jogbani-biratnagar new rail line project (indian railway construction international limited [ircon]) (705450),bihar,01/2011,03/2022 12/2026,402 (486),361,86
473,samastipur-darbhanga doubling railway project (east central railway [ecr] - i) (705526),bihar,12/2015,03/2025 10/2025,519 (519),337.03,82
474,sagauli-valmiknagar (east central railway [ecr] - ii) (705527),bihar,03/2017,12/2025 12/2025,1216 (2222),2039,91
475,muzaffarpur-sugauli (east central railway [ecr] - ii) (705528),bihar,03/2017,06/2024 08/2025,1586 (1586),1586.82,99
476,rampur dumra-tal-rajendrapul additional bridge and railway line doubling (indian railway construction international limited [ircon]) (706759),bihar,05/2017,12/2024 12/2025,2374 (2374),1777,85
477,kharsia-dharamjaygarh with spur line [east corridor-phase 1] (indian railway construction international limited [ircon]) (400220),chhattisgarh,01/2014,09/2018 03/2026,3055 (3438),2574.54,94
478,doubling of kirandul-jagdalpur line [150 km] (east coast railway [ecor] - ii) (400291),chhattisgarh,03/2013,03/2020 12/2025,1589 (1798),1541.7,92
479,gauge conversion of kendri-dhamtari including abhanpur - rajim branch line 67.20 kms - 2nd material modification to raipur titlagarh doubling. (secr) (602792),chhattisgarh,05/2021,02/2025 11/2025,1171 (1171),848,82
480,4th line between nipania bhatapara 14.4 km (south east central railway [secr] - ii) (612815),chhattisgarh,05/2024,03/2027 (-),170.49 (170.49),0,0
481,dharamjaigarh-korba 63 km (cerl) (613003),chhattisgarh,07/2022,08/2026 (-),1686.26 (1686.26),288.83,18.5
482,kharsia- naya raipur-parmalkasa 5th and 6th line [278km] (cao/c/secr) (617200),chhattisgarh,04/2025,03/2031 (-),7853.84 (7853.84),0,0
483,dallirajhra- rowghat new railway line - phase i [95 km] (rvnl - ii) (705433),chhattisgarh,12/2009,09/2025 12/2025,1628 (1628),1440.85,82
484,gevra road-pendra road new railway line [135 km] (indian railway construction international limited [ircon]) (705444),chhattisgarh,04/2014,03/2022 12/2025,4970 (4970),4271.55,72
485,chirimiri-nagpur halt new railway line project (south east central railway [secr] - ii) (705756),chhattisgarh,06/2020,06/2030 06/2030,241 (656.52),71,0
486,boridand - ambikapur doubling line project (south east central railway [secr] - ii) (706854),chhattisgarh,04/2022,06/2030 06/2030,1376 (1576.23),218,18
487,nipania-bhatapra [14.4 km] 4th line [pb-72/nr/2022-23] (secr) (709814),chhattisgarh,05/2024,12/2026 12/2026,170 (184),0,0
488,4th line - bhatapara-hathband [8.8 km] [pb-72/nr/2022-23] (secr) (709815),chhattisgarh,05/2024,01/2027 12/2027,177.03 (177.03),0,0
489,4th line - bhilai-bhilai nagar [8.8 km] [pb-72/nr/2022-23] (secr) (709816),chhattisgarh,05/2024,02/2027 02/2027,177.34 (177.34),0.76,2
490,4th line - dadhapara-belha [9.2 km] [pb-72/nr/2022-23] (secr) (709817),chhattisgarh,05/2024,11/2026 11/2026,169.06 (169.06),10.13,4
491,4th line rajnandgaon-dongarhgarh [31.2 km] [pb-72/nr/2022-23] (secr) (709818),chhattisgarh,05/2024,01/2027 01/2027,328.34 (328.34),48.02,25
492,3rd and 4th line - saragbundia and madwarani (secr) (709819),chhattisgarh,09/2022,12/2026 12/2026,177 (177),0,0
493,redevelopment of new delhi railway station and construction of associated infrastructure (ministry of railways) (613785),delhi,06/2024,12/2028 (-),4744 (4744),31.77,0
494,north region video surveillance project (rcil) (705298),delhi,04/2023,03/2024 (-),274.39 (274.39),0,0
495,provision of work-site tampers [wst] railway project (edtk[mc]/rb) (705694),delhi,01/2016,12/2023 01/2026,187.72 (187.72),141.91,100
496,wst machine procurement project (edtk[mc]/rb) (705708),delhi,06/2018,03/2024 12/2027,176 (176),0,0
497,pct machine procurement project (edtk[mc]/rb) (705710),delhi,04/2019,04/2024 06/2027,336 (336),74.32,81.25
498,rbmv machine procurement project (edtk[mc]/rb) (705712),delhi,10/2019,06/2024 12/2027,480 (480),0.33,3.75
499,srgm machine procurement project (edtk[mc]/rb) (705717),delhi,10/2019,12/2023 03/2026,440 (440),390.03,75
500,wst machine procurement project (edtk[mc]/rb) (705720),delhi,12/2019,04/2024 12/2026,384 (384),0,0
501,dts machine procurement project (edtk[mc]/rb) (705721),delhi,12/2019,12/2024 12/2026,447.6 (447.6),0,0
502,brm machine procurement project (edtk[mc]/rb) (705722),delhi,09/2019,06/2024 12/2027,210 (210),0.02,0
503,track machine procurement project (edtk[mc]/rb) (705726),delhi,04/2020,03/2025 01/2028,6339 (6339),4166.47,41
504,kosamba umarpada 70 km (pce/wr) (611918),gujarat,07/2022,03/2027 (-),468 (468),20,0
505,adraj moti vijapur 40 kms (western railway [wr] - ii) (611937),gujarat,05/2022,05/2026 05/2026,417.53 (417.53),223,86
506,vijapur ambliyasan 42 km (pce/wr) (611938),gujarat,05/2022,05/2026 05/2026,415.38 (415.38),364,96
507,himatnagar khedbrahma 55 km (wr) (611939),gujarat,04/2017,06/2001 06/2026,482.42 (482.42),461,96
508,new broad gauge line between naliya jakhau port 25 kms (pce/wr) (611943),gujarat,02/2023,01/2028 01/2028,410.26 (410.26),6,4
509,quadrupling between gandhidham adipur with y connection at adipur for providing direct entry towards mundra port and bhuj and high level platform at gopalpur 11kms (pce/wr) (611944),gujarat,02/2023,03/2026 03/2026,152.44 (152.44),20,68
510,petlad bhadran 23 kms (pce/wr) (611945),gujarat,05/2022,05/2030 05/2030,307.11 (307.11),82,8
511,choranda motikoral 18 kms (pce/wr) (611969),gujarat,08/2023,10/2026 (-),246 (246),0,0
512,samlaya timba road 54 km (pce/wr) (611970),gujarat,02/2023,03/2030 03/2030,670.17 (670.17),102,12
513,samni jambusar 24 km (pce/wr) (611971),gujarat,05/2022,03/2030 03/2030,350 (349.93),87,32
514,jambusar kavi 26 kms (pce/wr) (611972),gujarat,04/2023,12/2026 (-),318 (318),0,0
515,miyagam karjan choranda maalsar 37 kms (pce/wr) (611973),gujarat,06/2023,12/2026 (-),450 (450),0,0
516,western railway samakhiali gandhidham quadrupiling 53 kms (pce/wr) (611974),gujarat,08/2023,12/2026 (-),1430 (1430),0,0
517,dahod creation of infrastructure facilities for 9000 hp electric locomotives manufacturing at (pce/wr) (611977),gujarat,02/2023,02/2025 (-),487 (487),108.69,0
518,dahod rolling stock workshop provision of infrastructure for cbs at (pce/wr) (611978),gujarat,03/2023,03/2025 (-),158 (158),47.31,0
519,sabarmati setting up of maintenance facilities for train sets phase ii (pce/wr) (611979),gujarat,04/2023,06/2025 (-),250 (250),0,0
520,4th line between barejadi nandej-sanand-ahmedabad bypass (western railway) (612072),gujarat,02/2023,03/2027 03/2027,961.67 (961.67),132.63,16
521,redevelopment of ahmedabad railway station and associated infrastructure on engineering, procurement and construction mode (ministry of railways) (613786),gujarat,11/2023,03/2028 (-),2379 (2379),607.69,15
522,miyagam-karjan-dabhoi-samlaya [gc] (western railway [wr] - ii) (705458),gujarat,01/2017,03/2021 12/2026,844 (1600),693,68
523,modasa-shamlaji road railway line project (secr) (706757),gujarat,04/2008,03/2025 03/2027,262 (262),203,58
524,rajkot - kanalus doubling project [111.2 kms] (western railway [wr] - ii) (706763),gujarat,12/2021,10/2026 10/2026,1080.58 (1080.58),731,72
527,bhiwani - dobh bahali doubling project [42.30 km] (north western railway [nwr]) (611884),haryana,02/2023,02/2028 02/2028,471 (471),187.33,57
528,gomoh - flyover for dn trains (east central railway [ecr] - ii) (705765),jharkhand,01/2018,03/2026 03/2026,686 (686),536.04,59
529,lodhma - piska - link line bypassing hatia/ranchi with y connection (south eastern railway [ser] - i) (705785),jharkhand,03/2019,06/2026 05/2027,473 (473),284.26,4
530,construction of new bg line between hassan to belur [27 km] (south western railway [swr] - ii) (400023),karnataka,12/2025,04/2028 04/2027,749 (749),0,0
531,yeshvanthpur - channasandra doubling project [21.70 km] (karnataka rail infrastructure development company limited [k-ride]) (703585),karnataka,10/2019,12/2024 06/2026,314 (314),144,59
532,new railway line between ginigera and raichur [165.57 km] (south western railway [swr] - ii) (705434),karnataka,05/2009,03/2019 03/2027,2565 (3034.98),2063.57,66
533,gadag-wadi new railway line [257 km] (south western railway [swr] - ii) (705490),karnataka,08/2017,03/2027 12/2027,2842 (6700),1721.14,30
534,kadur - chickamagalur - sakleshpur [93km] (south western railway [swr] - ii) (705492),karnataka,11/2016,06/2025 12/2025,825 (825),770.18,83
535,bagalkot-kudachi new railway line [142 km] (south western railway [swr] - ii) (705495),karnataka,11/2012,03/2027 01/2027,1378 (1649),670.74,35
536,tumkur-chitradurga-davangere new rail line project [191 km] (south western railway [swr] - ii) (705496),karnataka,01/2017,03/2019 12/2027,1876 (1876),516.17,13
537,shimoga - shikaripura - ranebennur [96 km] (south western railway [swr] - ii) (705761),karnataka,02/2023,12/2027 06/2028,1454 (1454),69.58,11
538,belgaum-dharwad via kittur [73.10km] (south western railway [swr] - ii) (706835),karnataka,03/2025,12/2027 03/2029,1591 (1591),0.75,0
539,kumbalam-turavur doubling project [15.59 km] (southern railway [sr] - ii) (705638),kerala,04/2023,03/2027 03/2027,813 (813),292.15,15
540,ernakulam-kumbalam doubling project [7.71 km] (sr-ers) (705639),kerala,04/2023,03/2028 03/2028,601 (601),283,17
541,lalitpur-satna, rewa-singrauli & mahoba-khajuraho (north central railway) (705480),madhya pradesh,03/1998,03/2027 12/2027,8914 (8914),4971.65,70
542,katni - bina third railway line [279 km] (west central railway wcr i) (705651),madhya pradesh,01/2017,03/2022 12/2025,2478.23 (4127.23),3295.49,90
543,satna-rewa railway line doubling project (west central railway [wcr] - ii) (705659),madhya pradesh,08/2017,03/2026 03/2026,500 (584),561.26,80
544,doubling of katni - singrauli railway line [261 km] (indian railway construction international limited [ircon]) (705660),madhya pradesh,03/2017,12/2026 12/2027,2445 (4377),3122,100
545,katni grade separator/bye pass (indian railway construction international limited [ircon]) (705661),madhya pradesh,09/2017,09/2024 03/2026,1248 (1248),1537.77,92
546,indore - budni new railway line [198 kms] (rvnl - ii) (705763),madhya pradesh,10/2020,09/2030 09/2030,7474 (7474),1658.03,22
547,nimach-ratlam doubling [133 km] (western railway [wr] - ii) (705933),madhya pradesh,10/2021,10/2027 10/2027,1095.88 (1095.88),1056.18,89
548,dhule [borvihir] - nardana new line [50.60 kms] (cr) (400019),maharashtra,04/2023,12/2026 09/2027,493 (1171),234.48,9
549,wardha-nanded via yavatmal new bg line (central railway [cr] - ii) (400271),maharashtra,04/2008,03/2028 03/2028,3445 (3445),3002.93,50
550,aurangabad-ankai - doubling project 98.25 km (south central railway [scr] - ii) (611751),maharashtra,05/2023,03/2027 (-),960.64 (960.64),0,0.01
551,western railway vasai bypass double line between naigaon juchandra 6 km (pce/wr) (611975),maharashtra,07/2023,03/2026 (-),176 (176),0,0
552,jogeshwari at development of jos-at as trainset maintenance depot for energy efficient vande bharat sleeper trains (pce/wr) (611976),maharashtra,06/2023,10/2025 (-),221 (221),0,0
553,redevelopment of chhatrapati shivaji maharaj terminus [csmt] and construction of associated infrastructure (ministry of railways) (613015),maharashtra,07/2023,03/2027 (-),1813 (1813),525.2,12
554,gondia-balharshah [chanda fort] doubling [240 km] (south east central railway) (617201),maharashtra,04/2025,04/2030 (-),4373.04 (4373.04),0,0
555,doubling between parbhani parli vaijanath stations 64.71 km (south central railway [scr] - ii) (617215),maharashtra,12/2023,03/2028 (-),769.93 (769.93),0,0
556,western region video surveillance project (rcil) (705300),maharashtra,04/2023,12/2023 (-),227.59 (227.59),0,0
557,ahmednagar - beed - parli - vaijnath new broad gauge line railway project [261.3 km] (central railways) (705356),maharashtra,10/2002,03/2026 03/2026,2539 (4957),4725.34,92
558,baramati lonand new line project (central railway [cr] - ii) (705357),maharashtra,03/1999,03/2027 03/2027,736 (1844),712,50
559,wadsa-gadchiroli (south east central railway) (705479),maharashtra,03/2012,03/2027 03/2027,1886 (1886),706.28,49
560,3rd line kalyan - kasara [67.35 kilometres] (central railway [cr] - ii) (705498),maharashtra,09/2015,12/2026 12/2026,793 (1432),894.16,50
561,3rd line wardha - sewagram - nagpur (central railway [cr] - ii) (705500),maharashtra,05/2016,12/2025 12/2025,540 (698),724.75,80
562,3rd line wardha - ballarshah [132 kilometres] (central railway [cr] - ii) (705502),maharashtra,12/2016,12/2025 02/2026,1385 (1385),1102.48,77
563,pune - miraj-londa [467 kilometres] (central railway [cr] - ii) (705503),maharashtra,06/2016,02/2025 08/2025,3627 (6689),6548,84
564,doubling of daund manmad line [247.6 km] (central railway [cr] - ii) (705504),maharashtra,03/2017,12/2025 12/2025,2081 (3075),2769,88
565,4th line wardha - nagpur [78.7 kilometres] (central railway [cr] - ii) (705505),maharashtra,05/2018,12/2025 02/2026,638 (1137),969,80
566,3rd line manmad - jalgaon [160 kilometres] (central railway [cr] - ii) (705506),maharashtra,04/2018,12/2024 08/2025,1035 (1559),1692,97
567,solapur-tuljapur-osmanabad (wr) (705735),maharashtra,12/2023,03/2028 03/2028,905 (3296),1150,10
568,nagpur- nagbhir railway line gauge conversion project (mridc) (705799),maharashtra,04/2020,12/2025 12/2025,1400 (1400),1472,80
569,mumbai urban transport project [mutp] - phase ii (mumbai rail vikas corporation ltd.[mrvc]) (706779),maharashtra,04/2008,03/2014 12/2027,8087 (8087),7364,87
570,mumbai urban transport project [mutp] phase-iiia (mumbai rail vikas corporation ltd.[mrvc]) (706780),maharashtra,04/2019,12/2027 12/2027,33690 (33690),2246.15,16
571,mumbai urban transport project phase-iii (mumbai rail vikas corporation ltd.[mrvc]) (706781),maharashtra,12/2016,03/2022 12/2026,10947 (10947),5057.67,60
572,pachora-jamner with extension upto malkapur ng to bg (cr) (709808),maharashtra,01/2022,08/2027 03/2028,955 (2094),118,2
573,kalyan-murbad via ulhasnagar [umbrella work] (central railway [cr] - ii) (709809),maharashtra,04/2023,03/2027 03/2027,836 (836),9.29,1
574,marikuppam - kuppam new line project [23.70 km] (south western railway [swr] - ii) (705491),multi-states (andhra pradesh, karnataka),10/2018,06/2026 06/2026,297 (297),123.17,15
575,rayadurg-tumkur via kalyandurg new line [207 km] (south western railway [swr] - ii) (705494),multi-states (andhra pradesh, karnataka),07/2010,09/2015 02/2028,2496 (2496),1691.88,67
576,renigunta, wadi & gooty bypass railway project (south central railway [scr] - i) (705610),multi-states (andhra pradesh, karnataka),04/2016,12/2025 12/2025,302 (543),381,50
577,doubling between mudkhed medchal & mahbubnagar dhone section 417.88 km (south central railway [scr] - ii) (617212),multi-states (andhra pradesh, maharashtra, telangana),08/2023,03/2029 (-),4686.09 (4686.09),0,0
578,vizianagaram - titlagarh 3rd line [272 km including by - pass line of 7.68 km] (rvnl - ii) (400253),multi-states (andhra pradesh, odisha),11/2016,12/2026 12/2026,4803 (6670),5722.01,89
579,doubling of kottavalasa-koraput rail line [189 km] (east coast railway [ecor] - ii) (705512),multi-states (andhra pradesh, odisha),01/2016,03/2022 03/2028,2500 (2500),2033.31,70
580,malkangiri pandurangapuram new railway line project (indian railways) (616702),multi-states (andhra pradesh, odisha, telangana),01/2027,11/2031 (-),3591.76 (3591.76),0,0
581,tindivanam-nagari new line project [184.5 km] (southern railway [sr] - ii) (400275),multi-states (andhra pradesh, tamil nadu),10/2008,09/2016 03/2028,3631 (3631),1113.53,18
582,doubling between motumari vishnupuram - 88.81 km and rail over rail - ror at motumari - 10.877 km (south central railway [scr] - ii) (616857),multi-states (andhra pradesh, telangana),03/2025,03/2029 (-),1595.55 (1595.55),7.69,1
583,doubling of guntur bibinagar 239 km (south central railway [scr] - ii) (617211),multi-states (andhra pradesh, telangana),08/2023,03/2029 (-),2853.23 (2853.23),43.88,1
584,rail connectivity to errupalem amravati namburu 57 km (south central railway [scr] - ii) (617214),multi-states (andhra pradesh, telangana),11/2024,03/2027 (-),2047.4 (2047.4),0,0
585,kazipet-vijayawada 3rd line with electrification [220 km] (south central railway [scr] - ii) (705612),multi-states (andhra pradesh, telangana),08/2014,02/2025 12/2025,1953 (3363),2915.49,90
586,vijayawada - kazipet byepass line (south central railway [scr] - ii) (705632),multi-states (andhra pradesh, telangana),04/2016,01/2025 12/2025,647 (904),870,91
587,murkongselek-pasighat (northeast frontier railway [nfr]) (705401),multi-states (arunachal pradesh, assam),03/2012,03/2025 12/2025,435 (1250),901,56
588,lumding furkating doubling project 140 km (northeast frontier railway [nfr]) (616701),multi-states (assam, nagaland),01/2025,02/2028 (-),2123.7 (2123.7),13.74,0
589,dimapur [dhansiri]-sukhobi kohima [zubza] nl [82.5 km] (northeast frontier railway [nfr]) (705392),multi-states (assam, nagaland),02/2016,03/2025 12/2025,6663 (6663),5202.29,79
590,new delhi- howrah speed booster[160kmph] project (pce/ncr) (705794),multi-states (bihar, delhi, jharkhand, uttar pradesh, west bengal),09/2019,03/2024 (-),6684.81 (6684.81),127.03,0
591,third railway line between patratu-sonnagar [281 kms] (rvnl - ii) (400234),multi-states (bihar, jharkhand),08/2018,03/2026 07/2026,8975 (8975),4950,88
592,multi tracking of son nagar-andal [374.53 rkm & 814.38 tkm] (east central railway [ecr] - i) (616699),multi-states (bihar, jharkhand),08/2023,03/2028 (-),12333.57 (12333.6),444.74,10
593,koderma-tilaiya new line (east central railway [ecr] - ii) (705375),multi-states (bihar, jharkhand),03/2002,02/2025 02/2026,1626 (2020),2060.97,92
594,pirpainti - jasidih [100.52 km] new bg line (eastern railway [er] - i) (705385),multi-states (bihar, jharkhand),03/2022,03/2028 03/2028,2555 (2555),763.08,48
595,ner provision of automatic block signalling on gorakhpur cantt[excl] chhapra gramin & burhwal jn [excl] sitapur jn section of high density routes (north eastern railway [ner]) (611669),multi-states (bihar, uttar pradesh),06/2023,03/2027 (-),380.47 (380.47),24.53,0
596,gorakhpur-valmikinagar doubling project (ner) (617224),multi-states (bihar, uttar pradesh),03/2024,12/2027 (-),1120 (1120),181.86,20
597,chhapra-ballia patch doubling (north eastern railway [ner]) (705562),multi-states (bihar, uttar pradesh),11/2015,02/2025 03/2026,963 (1046),906,95.4
598,rajnandgaon - nagpur [kalumna] third railway line [228.30 km] (south east central railway [secr] - ii) (705617),multi-states (chhattisgarh, maharashtra),12/2016,12/2024 06/2026,3545 (3545),3163.08,95
599,jagdalpur-koraput (east coast railway [ecor] - ii) (705511),multi-states (chhattisgarh, odisha),03/2016,03/2024 12/2026,1547 (1547),1308.2,90
600,jharsuguda-bilaspur fourth railway line [206 km] (secr) (705616),multi-states (chhattisgarh, odisha),09/2016,10/2024 12/2025,2140 (2979),2124.15,88
601,mumbai-ahmedabad high speed rail project- 508 km (national high speed rail corporation [nhsrc]) (705728),multi-states (dadra & nagar haveli and daman & diu, gujarat, maharashtra),09/2017,08/2027 12/2029,108000 (108000),78690.89,53
602,new delhi- mumbai speed booster[160kmph] project (pce/wr) (705793),multi-states (delhi, gujarat, madhya pradesh, maharashtra, rajasthan),09/2019,03/2024 (-),6806.44 (6806.44),135.65,0
603,hospet - tinaighat - vasco rail doubling project (rvnl - ii) (705650),multi-states (goa, karnataka),07/2012,03/2027 12/2027,5060 (5060),5007.82,86
604,hospet-hubli-vasco da gama line electrification project (rvnl) (706950),multi-states (goa, karnataka),05/2018,03/2023 03/2024,744.49 (1122.62),969.05,95
605,western dedicated freight corridor (dfccil) (705237),multi-states (gujarat, haryana, maharashtra, rajasthan, uttar pradesh),01/2012,03/2022 12/2025,51101 (124005),124623,96
606,new line dahod-indore via sardarpur, jabuwa and dhar (western railway [wr] - ii) (705453),multi-states (gujarat, madhya pradesh),06/2012,02/2027 02/2027,1942 (2691),3412.98,67
607,chhota udaipur - dhar new line project [157 km] (western railway [wr] - ii) (705454),multi-states (gujarat, madhya pradesh),01/2014,12/2025 12/2025,1794 (1794),1800.85,80
608,mumbai central virar vadodara ahmedabaad train protection system 500 rkm (western railway) (611452),multi-states (gujarat, maharashtra),03/2023,12/2025 06/2025,311 (311),208,92
609,taranga hill-abu road via ambaji (north western railway [nwr]) (400022),multi-states (gujarat, rajasthan),07/2022,07/2030 07/2030,2798 (2798),1891.9,14
610,luni- samdari- bhildi doubling (north western railway [nwr]) (616842),multi-states (gujarat, rajasthan),02/2024,07/2027 (-),3085.59 (3085.59),154.46,7
611,chandigarh-baddi new rail line- 36 km (northen railway [nr]) (705424),multi-states (haryana, himachal pradesh),02/2018,12/2026 12/2026,1540 (1540),506.73,31
612,rewari - kathuwas doubling project [27.72 km] (north western railway [nwr]) (611861),multi-states (haryana, rajasthan),12/2022,06/2027 06/2027,352 (352),239.01,59
613,nangal dam-talwara new broad gauge line [84 km] and taking over siding mukerian-talwara [29 km] (northen railway [nr]) (705410),multi-states (himachal pradesh, punjab),05/1985,12/2025 01/2027,2018 (2018),1848,74
614,bhanupalli-bilaspur-beri new railway line project (rvnl - ii) (705428),multi-states (himachal pradesh, punjab),04/2015,12/2026 12/2027,13447 (13447),6391.15,59
615,doubling of hatia [ranchi]-bondamunda rail line - 159 km (south eastern railway - jh) (705628),multi-states (jharkhand, odisha),02/2017,06/2025 06/2026,3029 (3029),2458.15,85
616,buramara-chakulia new line [59.96 km] (south eastern railway [ser] - i) (616588),multi-states (jharkhand, odisha, west bengal),12/2024,12/2029 (-),1459.13 (1459.13),1.04,0
617,chandil - anara - damodar - 3rd line [121.26 km] (cao/c/ser) (616227),multi-states (jharkhand, west bengal),07/2025,09/2029 (-),1932.01 (1932.01),0.03,0
618,murarai - barharwa 3rd line (eastern railway [er] - ii ) (617240),multi-states (jharkhand, west bengal),01/2026,05/2028 (-),935.19 (935.19),0,0
619,kharagpur-adityapur third rail line- 132 km (rvnl - ii) (705668),multi-states (jharkhand, west bengal),01/2018,03/2025 12/2025,3250 (3250),3176.46,97
620,hotgi-kudgi-gadag doubling project (south western railway [swr] - ii) (705662),multi-states (karnataka, maharashtra),01/2016,12/2024 03/2026,1878 (2459),2628.8,89
621,baiyyappanahalli - hosur doubling project [48 km] (karnataka rail infrastructure development company limited [k-ride]) (703586),multi-states (karnataka, tamil nadu),02/2019,12/2024 01/2026,499 (499),595,97
622,trivandrum- kanyakumari (sr-ers) (705635),multi-states (kerala, tamil nadu),03/2016,03/2024 12/2027,1432 (3785),2451,46
623,ratlam-mhow-khandwa-akola gauge conversion (western railway [wr] - ii) (705457),multi-states (madhya pradesh, maharashtra),03/2010,03/2027 09/2028,5678 (6531.9),4314,87
624,itarsi - nagpur third railway line [280 km] (central railway [cr] - ii) (705507),multi-states (madhya pradesh, maharashtra),09/2016,03/2027 03/2027,2450 (2450),1815.49,52
625,gwalior - seopurkala with extension to kota [gauge conversion] (north central railway) (705419),multi-states (madhya pradesh, rajasthan),07/2018,03/2025 02/2026,2913 (2913),2751,83
626,ramganjmandi-bhopal new line project [262 km] (west central railway [wcr] - ii) (705481),multi-states (madhya pradesh, rajasthan),10/2004,12/2025 12/2027,3032 (5073),3592.92,70
627,nimach-badi sadri new rail line project (western railway [wr] - ii) (705764),multi-states (madhya pradesh, rajasthan),09/2021,03/2026 12/2025,495 (825),306,46
628,mathura-jhansi third railway line [274 km] (rvnl - ii) (705667),multi-states (madhya pradesh, rajasthan, uttar pradesh),03/2018,12/2024 12/2026,5961 (5961),4928.62,94
629,jhansi - bina third railway line [153 km] (cao/c/ncr) (705598),multi-states (madhya pradesh, uttar pradesh),03/2018,03/2022 03/2026,2002 (2002),1884.84,93
630,jhansi-khairar-manikpur & khirar-bhimsen (north central railway) (705608),multi-states (madhya pradesh, uttar pradesh),03/2017,03/2026 03/2026,4330 (4330),1989,53
631,third line [new] between kazipet - balharshah with electrification [201.04 km] (south central railway [scr] - ii) (705613),multi-states (maharashtra, telangana),10/2016,01/2025 11/2025,2595 (3071),3142.35,92
632,narayangarh-bhadrak 3rd line (south eastern railway [ser] - i) (705629),multi-states (odisha, west bengal),03/2017,12/2025 06/2026,2400 (2400),2188,65
633,nagapattinam-tiruturaipundi and karaikal-peralam new line (southern railway [sr] - ii) (400223),multi-states (puducherry, tamil nadu),01/2019,03/2026 03/2027,713 (981),598.38,80
634,sivok-rangpo new rail line (indian railway construction international limited [ircon]) (705432),multi-states (sikkim, west bengal),05/2010,05/2015 12/2027,7877 (12133),8883.6,80
635,sainthia, sitarampur, mughalsarai, allahabad & etawah - bypass line project (eastern railway [er] - i) (602797),multi-states (uttar pradesh, west bengal),12/2017,03/2027 03/2027,461.64 (461.64),178.45,6
636,proposed 6 nos road over bridge [rob] at different locations under mcl talcher under deposit scheme. (east coast railway [ecor] - ii) (400045),odisha,07/2022,03/2025 01/2025,168.32 (168.32),69.85,82
637,brundamal-jharsuguda- flyover connection for joining downline (east coast railway [ecor] - ii) (400232),odisha,01/2014,12/2026 12/2026,297 (297),193.22,30
638,3rd & 4th line between sarla - sason [8 km] [pb 73/2023-24/nr] (east coast railway [ecor] - ii) (612834),odisha,04/2023,12/2025 (-),252 (252),79.55,45
639,bangriposi-gorumahisani new line [ 85.60 km ] (cao/c/ser) (616586),odisha,09/2025,12/2029 (-),2269.49 (2269.49),0,0
640,badampahar-kendujhargarh new line [82.06 km] (cao/c/ser) (616587),odisha,09/2025,12/2029 (-),1875.72 (1875.72),0,0
641,flyover between siju and paradeep coaching yard to avoid surface crossing of trains (east coast railway [ecor] - ii) (616694),odisha,10/2025,07/2028 (-),200.77 (200.77),0,0
642,paradeep - badabandha 3rd & 4th line / 18.51kms (east coast railway [ecor] - ii) (616695),odisha,04/2025,11/2028 (-),300.15 (300.15),0.01,0
643,khurda-bolangir new broad gauge rail link [301km] (east coast railway [ecor] - ii) (705358),odisha,03/2001,12/2026 12/2026,3792 (5089),4983.45,89
644,talcher-bimlagarh new railway line (east coast railway [ecor] - ii) (705359),odisha,12/2004,03/2025 03/2027,1928 (1928),1902.91,47
645,bhadrak-nergundi third line (east coast railway [ecor] - ii) (705510),odisha,04/2015,11/2024 01/2026,1284 (1284),1298,80
646,koraput - singapur railway doubling (east coast railway [ecor] - ii) (705513),odisha,12/2015,12/2027 03/2028,2362 (2362),1787.49,68
647,jarapada- budhapank with flyover at talcher road 3rd and 4th line (east coast railway [ecor] - ii) (705514),odisha,12/2015,11/2018 03/2026,1000 (810.02),401.61,36
649,baghuapal flyover construction project (cao/c/ecor) (705767),odisha,10/2022,03/2028 03/2028,257.97 (258),0.83,0
650,rourkela - bondamunda 5th line doubling project (south eastern railway [ser] - i) (706856),odisha,03/2022,09/2026 09/2026,245 (245),82,35
651,kodingamali bauxite mines to singaram railway station (indian railway) (709810),odisha,01/2026,08/2027 08/2027,190.9 (190.9),0,0
652,gandhamardan iron ore mines to goaldih station/12.76kms (east coast railway [ecor] - ii) (709811),odisha,05/2025,09/2027 09/2027,190 (190),0,0
653,junagarh visavadar 42 kms (wr) (611980),offshore,02/2023,09/2028 09/2028,492.83 (492.83),3,1
654,jaynagar-bijalpura, incl. extn. bet, bijalpura-bardibas [nepal] (east central railway [ecr] - i) (705362),offshore,03/2011,03/2022 03/2026,819 (819),588.32,75
655,ludhiana- killa raipur railway doubling project (cao/c/nr) (705783),punjab,12/2022,03/2025 03/2026,237.64 (237.64),118,55
656,dedicated test track for rdso phase ii (north western railway [nwr]) (611614),rajasthan,11/2021,11/2026 11/2026,819.48 (967.06),471,86
657,devgarh madariya - nathdwara gauge conversion [82.54 km] part of marwar - mavli gauge conversion [152 km] (north western railway [nwr]) (611849),rajasthan,01/2023,06/2028 06/2028,969 (969),411,45
658,maintenance cum workshop depot for vande bharat sleeper trains as per conditions under wta 527 (wpo/patna) (611929),rajasthan,06/2023,12/2024 (-),166.86 (166.86),0,0
659,ringus khatushyamji new line (north western railway [nwr]) (616696),rajasthan,03/2024,03/2028 (-),254.06 (254.06),1.65,0
660,ras- merta city new line incl bypass at merta road (north western railway [nwr]) (616840),rajasthan,02/2024,03/2028 (-),947 (947),1.36,0
661,pushkar- merta city new line (north western railway [nwr]) (616841),rajasthan,02/2024,12/2026 (-),799.64 (799.64),13.91,3
662,ajmer- chanderiya doubling (north western railway [nwr]) (616843),rajasthan,02/2024,06/2027 (-),1634.79 (1634.79),59.51,5
663,dholpur - sirmuttra gauge conversion (north central railway) (705482),rajasthan,04/2020,02/2019 02/2027,747 (747),392,39
664,gudha-thatha mithri construction of railway track project (north western railway [nwr]) (705752),rajasthan,04/2019,11/2026 11/2026,819.48 (967.06),471,98
665,sawai madhopur-jaipur railway line project (north western railway [nwr]) (705912),rajasthan,04/2023,03/2027 (-),1203.89 (1203.89),35.05,9
666,agra fort-bandikui doubling line project (cao/c/ncr) (705919),rajasthan,02/2021,06/2027 06/2027,1390 (1390),123,25
667,sawaimadhopur bye pass line project (north western railway [nwr]) (706866),rajasthan,01/2023,03/2026 05/2027,304 (304),134,35
668,ph ii extension of mrts from velachery to st thomas mount (southern railways [sr] - construction) (400280),tamil nadu,11/2008,07/2024 08/2025,734 (982),475.73,99
669,redevelopment of chennai egmore station (wr) (613002),tamil nadu,10/2022,03/2026 (-),842 (842),340,0
670,coach production factory upgradation project (cpm/icf) (705244),tamil nadu,07/2018,12/2021 (-),520 (520),192.25,0
671,morappur - dharmpuri new railway line project (southern railway [sr] - i) (705755),tamil nadu,12/2016,03/2028 03/2028,359 (359),40,1
672,doubling between bhadrachalam road and dornakal (south central railway [scr] - ii) (616856),telangana,04/2025,04/2029 (-),770.12 (770.12),0,0
673,manoharabad-kothapalli new rail line [151 km] (south central railway [scr] - ii) (705437),telangana,01/2017,03/2027 12/2027,1160 (2781),1713.38,71
674,bahraich-shravasti-balrampur-siddharthnagar -santkabir nagar (north eastern railway [ner]) (400204),uttar pradesh,03/2017,10/2030 10/2030,4939.78 (4939.78),1217.13,8
675,sahjanwa-dohrighat (north eastern railway [ner]) (400205),uttar pradesh,03/2017,03/2029 03/2029,1319.75 (1319.75),457.35,3
676,anandnagar - ghugli via maharajganj 50 km (construction ner) (617252),uttar pradesh,11/2023,03/2028 (-),958.27 (958.27),432.01,23
677,chunar-chopan doubling project (north central railway) (617284),uttar pradesh,01/2025,03/2028 (-),1423.96 (1423.96),26,2
678,domingarh-gorakhpur-gorakhpur cantt.-kusumhi - 3rd railway line project (north eastern railway [ner]) (705566),uttar pradesh,06/2018,02/2025 09/2025,351 (521.47),494,98
679,burhwal gonda 3rd line (north eastern railway [ner]) (705567),uttar pradesh,07/2019,03/2025 09/2025,1016 (1118),1113.75,70
680,janghai-pratapgarh- amethi (cao/c/ii/nr) (705588),uttar pradesh,03/2017,03/2025 03/2026,722 (1194),1100,70
681,lalitpur-birari with flyover at lalitpur- 16 km (north central railway) (705766),uttar pradesh,03/2017,12/2024 11/2025,304.44 (356),214,65
682,mughalsarai-allahabad, 3rd line (north central railway) (705772),uttar pradesh,03/2016,12/2026 03/2027,2649 (2649),1399,62
683,aligarh -daud khan flyover construction & 3rd railway line project (cao/c/ncr) (705774),uttar pradesh,09/2020,01/2025 03/2027,758 (779.49),315.37,55
684,bhandai flyover construction project (cao/c/ncr) (705777),uttar pradesh,04/2021,02/2026 02/2027,250.18 (250.18),118,15
685,phephna-indara, mau-shahganj doubling excluding indara-mau (south eastern railway [ser] - i) (705779),uttar pradesh,03/2017,12/2024 03/2026,1178 (1777),1489.5,85
686,bhatni-aurnihar with electrification excluding indara-mau (rvnl - ii) (705780),uttar pradesh,03/2017,12/2024 10/2025,2529 (2529.46),2051.69,94
687,barabanki-malhaur 3rd & 4th railway line project (cao/c/nr) (705782),uttar pradesh,04/2017,03/2025 03/2026,407 (407),317,75
688,janghai-phaphamau doubling rail line project (rvnl) (705784),uttar pradesh,03/2020,03/2025 03/2025,357 (978.77),579,95
689,bahraich - nanpara - nepalganj road gauge conversion (north eastern railway [ner]) (705863),uttar pradesh,04/2021,07/2025 08/2025,950 (950),507.02,86
690,allahabad division - aligarh - harduaganj flyover (north central railway) (705918),uttar pradesh,02/2021,06/2026 03/2027,1457 (1457),50,8
691,rishikesh-karnaprayag new rail line- 125 km (rvnl - ii) (705429),uttarakhand,08/2018,12/2025 03/2027,38953 (38953),24645.15,65
692,kalinarayanpur-krishnanagar doubling alongwith krishnanagar - chapra new line and naihati-ranaghat 3rd line. (eastern railway [er] - i) (400247),west bengal,11/2005,02/2027 02/2027,1000 (1000),1029.97,67
693,tarakeshwar-bishnupur new line [82.47 km] (eastern railway [er] - i) (400273),west bengal,02/2008,03/2019 02/2026,1189 (1542),1287.05,90
694,dum dum airport-new garia via rajarhat-construction of metro railway (rvnl - ii) (400277),west bengal,10/2011,12/2025 03/2026,8964 (8964),8097.47,80
695,construction of balurghat-hilli new bg line (northeast frontier railway [nfr]) (612096),west bengal,12/2010,03/2027 03/2025,1209 (1209),405.31,9
696,kalipahari bakhtarnagar 5th line (eastern railway [er] - i) (617322),west bengal,07/2025,06/2027 06/2027,350.46 (350.46),0,0
697,joka-bbd bag new metro project (rvnl - ii) (705730),west bengal,04/2010,12/2026 12/2028,4835 (10362),4361.23,59
698,noapara-barasat via bimanbandar - construction of metro railway [18 km] (metro railway, kolkata) (706776),west bengal,03/2010,08/2026 03/2029,4830 (4830),2764.13,32
699,bangalore-whitefield-bangalore city-krishnarajapuram [23.08 km] - quadrupling (south western railway [swr] - ii) (705663),karnataka,06/2022,02/2026 02/2026,493 (493),252.45,82
700,baranagar-barrackpore and dakshineshwar- construction of metro railway (rvnl - ii) (706777),west bengal,03/2010,12/2026 12/2025,2298 (2734),393,17
701,capacity expansion of deposit-14 and 14 nmz at kirandul (national mineral development corporation limited [nmdc]) (615202),chhattisgarh,07/2022,12/2028 03/2028,1700 (1756.2),65.44,2
702,replacement of hot leveller no.1 of plate mill at bhilai steel plant (steel authority of india limited [sail]) (617243),chhattisgarh,08/2024,07/2026 (-),198.62 (198.62),10.53,8
703,replacement of converter vessels, trunnion rings, support system & installation of secondary emission at bhilai steel plant (steel authority of india limited [sail]) (617255),chhattisgarh,12/2023,06/2026 (-),471.83 (471.83),111.75,35
704,rebuilding of coke oven battery no.7 & 8 at bhilai steel plant (steel authority of india limited [sail]) (617256),chhattisgarh,01/2024,10/2025 (-),884.1 (884.1),453.2,75
705,nmdc slurry pipeline project phase-1 (national mineral development corporation limited [nmdc]) (706811),chhattisgarh,09/2020,06/2023 12/2025,2907 (5427),3012.02,84
706,screening plant-iii at kirandul (national mineral development corporation limited [nmdc]) (709826),chhattisgarh,10/2021,01/2026 (-),2718.84 (2718.84),1327.11,72
707,construction of residential towers at biom kirandul complex (national mineral development corporation limited [nmdc]) (709827),chhattisgarh,10/2022,12/2025 (-),349.75 (349.75),247.42,85
708,new sinter plant at bsl, sail (steel authority of india limited [sail]) (400174),jharkhand,05/2015,10/2017 06/2027,1034.01 (1752.3),883.23,51
709,replacement of existing grinders in crm-i & ii at bokaro steel plant (steel authority of india limited [sail]) (617249),jharkhand,02/2025,01/2027 (-),211.94 (211.94),7.52,6
710,secondary emission control in converters of sms-ii at bokaro steel plant (steel authority of india limited [sail]) (617250),jharkhand,02/2025,10/2026 (-),207.13 (207.13),7.91,6
711,revamping of old sub-systems of blast furnace 3 at bokaro steel plant (steel authority of india limited [sail]) (617253),jharkhand,10/2023,07/2025 11/2025,513.82 (513.82),220.42,69
712,replacement of remaining 04 sets of battery cyclones with 04 nos. of esps in sinter plant-1 at bokaro steel plant (steel authority of india limited [sail]) (617254),jharkhand,04/2024,06/2026 (-),260.37 (260.37),44.22,22
713,rebuilding of coke oven battery no.6 at bokaro steel plant (steel authority of india limited [sail]) (617257),jharkhand,12/2023,11/2026 (-),627.31 (627.31),88.21,37
714,construction of screening plant-ii for donimalai and kumaraswamy iron ore mining complex of nmdc limited at ballari dt, karnataka. (national mineral development corporation limited [nmdc]) (400121),karnataka,06/2024,08/2026 (-),1043.63 (1043.63),214.48,25
715,installation of 4th slab caster along with its auxiliaries and a new ladle furnace in sms-ii at rourkela steel plant (steel authority of india limited [sail]) (400065),odisha,02/2022,05/2025 07/2025,1105.23 (1105.23),736.47,96
716,rebuilding of cob 4 at durgapur steel plant (steel authority of india limited [sail]) (612781),west bengal,12/2023,12/2026 (-),916.78 (916.78),118.63,12
717,installation of new bar mill at durgapur steel plant (steel authority of india limited [sail]) (617242),west bengal,10/2024,06/2027 (-),2115.44 (2115.44),206.67,24
718,up-gradation of blast furnace no. 3 at durgapur steel plant (steel authority of india limited [sail]) (617246),west bengal,10/2024,06/2026 (-),758.09 (758.09),53.31,3
719,third ladle furnace in secondary refinery unit at iisco steel plant (steel authority of india limited [sail]) (617248),west bengal,12/2024,07/2026 (-),227.96 (227.96),16.24,29
720,revamping of air pollution control systems of sp-1 at durgapur steel plant (steel authority of india limited [sail]) (617251),west bengal,12/2024,05/2026 (-),196.4 (196.4),0.19,2
721,krishnapatnam node - phase 1 - roads and services development (national industrial corridor development corporation) (701658),andhra pradesh,02/2024,02/2028 (-),2139.44 (2139.44),327.99,14
722,tumakuru node - phase 1 - roads and services development (national highways & infrastructure development corporation ltd. [nhidcl]) (701657),karnataka,02/2023,09/2026 (-),1701.81 (1701.81),95,8
723,exhibition cum convention centre dwarka [phase i] (india international convention & expo centre) (400429),delhi,12/2017,10/2019 01/2025,5178 (5401),4470,97.4
724,setting up of physical infrastructure for the national institute of communication finance [nicf] at ghitorni (national communication academy - finance (erstwhile nicf)) (709859),delhi,04/2018,02/2020 10/2025,248.2 (248.2),236.91,98
725,provision of 4g based mobile services in uncovered villages and national highways of meghalaya (department of telecommunications [dot]) (701598),meghalaya,09/2020,03/2022 03/2025,971.96 (971.96),208.25,98
726,mobile connectivity in left wing extremism [lwe] affected areas-phase2 (department of telecommunications [dot]) (701599),multi-states (andhra pradesh, bihar, chhattisgarh, jharkhand, madhya pradesh, maharashtra, odisha, telangana, uttar pradesh, west bengal),09/2021,03/2023 11/2025,1577.57 (1577.57),596.17,87
727,provision of 4g based mobile services in 7,287 uncovered villages of 44 aspirational district across 5 states of andhra pradesh, chhattisgarh, jharkhand, maharashtra & odisha (department of telecommunications [dot]) (701602),multi-states (andhra pradesh, chhattisgarh, jharkhand, maharashtra, odisha),05/2022,11/2023 11/2025,3685 (3685),1101.39,79
728,provision of 4g mobile services in uncovered villages of arunachal pradesh and 2 districts of assam (department of telecommunications [dot]) (701597),multi-states (arunachal pradesh, assam),10/2021,04/2023 09/2025,1255.49 (1255.49),284.04,89
729,354 uncovered villages scheme (department of telecommunications [dot]) (701600),multi-states (bihar, gujarat, himachal pradesh, jammu and kashmir, ladakh, rajasthan, uttar pradesh),04/2020,10/2021 08/2025,336.89 (301.13),225.71,97
730,502 aspirational district scheme in four states - bihar, madhya pradesh, rajastha and uttar pradesh (department of telecommunications [dot]) (704495),multi-states (bihar, madhya pradesh, rajasthan, uttar pradesh),03/2021,03/2022 12/2025,421.65 (228.94),126.45,96
731,phase-i of consolidation of existing cdr data centers and nib-p3 data centers with state of the art (bsnl) (709749),multi-states (maharashtra, telangana),03/2020,06/2021 12/2025,461.42 (461.42),166.02,81
758,upper tunga irrigation project (water resources-ka) (701377),karnataka,04/2014,12/2019 03/2025,770.16 (1606.07),1511.22,99
759,omkareshwar cadwm project (water resource-mp) (400096),madhya pradesh,04/2015,12/2019 03/2026,648.09 (648.09),172.56,3
760,bargi diversion project phase - iv [km. 154 to km 197] (water resources-mp) (400115),madhya pradesh,01/2009,12/2019 07/2025,751.03 (893.35),777.99,74
761,bargi diversion project phase - iii [km. 104 to km 154] (water resources-mp) (400116),madhya pradesh,04/2007,12/2019 07/2025,1229.15 (1399.7),1807.2,79
762,gosikhurd cadwm project (department of water resources-mh - ii) (400095),maharashtra,04/2017,12/2019 06/2026,743.73 (743.73),252,50
763,urmodi irrigation project (department of water resources-mh - ii) (400105),maharashtra,04/2018,06/2022 06/2025,580.79 (895.81),713.46,76.22
764,sulwade-jamphal-kanoli lift irrigation scheme (department of water resources-mh - ii) (400107),maharashtra,02/2019,06/2023 06/2027,2407.67 (2407.67),2436.43,80
765,purna barrage-2 [ner dhamana] medium irrigation project (department of water resources-mh - ii) (400109),maharashtra,04/2018,06/2020 06/2025,848.07 (888.43),690.49,69
766,jigaon irrigation project (department of water resources-mh - ii) (400112),maharashtra,04/2018,06/2028 (-),7222.95 (7222.95),8501.45,90
767,waghur project (department of water resources-mh - ii) (701383),maharashtra,04/1996,12/2019 03/2026,1058.99 (1758.51),1530.36,89
768,tillari irrigation project (department of water resources-mh - ii) (701384),maharashtra,01/2006,12/2019 01/2025,368.34 (649.6),724.36,99
769,gosikhurd project (department of water resources-mh - ii) (701386),maharashtra,04/2008,12/2019 06/2026,7196.47 (12770.1),13533.29,72
770,bembla irrigation project (department of water resources-mh - ii) (701388),maharashtra,04/2007,12/2019 06/2025,1352.53 (2685.41),2689.7,98
771,arjuna medium irrigation project (department of water resources-mh - ii) (701390),maharashtra,01/2008,12/2019 12/2024,333.87 (611),803.89,100
772,aruna medium irrigation project (department of water resources-mh - ii) (701391),maharashtra,01/2010,12/2019 01/2025,210.45 (1472.14),1697.94,97
773,krishna koyana lift irrigation project (department of water resources-mh - ii) (701392),maharashtra,04/2009,12/2019 12/2023,973.62 (2774.9),1069.82,90
774,lower pedhi project (department of water resources-mh - ii) (701396),maharashtra,04/2008,12/2019 06/2026,255.97 (1480.7),1324.78,64
775,nardave medium irrigation project (department of water resources-mh - ii) (701398),maharashtra,04/2009,12/2019 03/2025,211.46 (781.85),623.5,72.59
776,thoubal multipurpose project (water resources department-mn) (701400),manipur,04/1997,12/2019 03/2026,1449.44 (1822.24),1837.91,98
777,north koel reservoir project (department of water resources, river development & gr) (701412),multi-states (bihar, jharkhand),01/2021,03/2021 03/2026,1622.27 (2430.76),142.1,32
778,integrated anandpur barrage project (water resources-or) (603945),odisha,01/1998,12/2019 06/2025,567.03 (2990.05),2629.74,62
779,kanupur irrigation project (irrigation and cad-tg) (701404),odisha,01/2004,12/2019 12/2024,989.43 (2301.28),2563.56,79
780,relining of rajasthan feeder and sirhind feeder canal (department of water resources-pb) (701410),punjab,04/2018,06/2021 06/2025,1441.26 (2462.16),2962.99,80
781,shahpur kandi dam project (department of water resources-pb) (701411),punjab,04/2018,06/2022 10/2025,2285.81 (2715.7),2072.33,80
782,j. chokharao lis cadwm project (irrigation and cad-tg) (400094),telangana,04/2016,12/2019 03/2023,759.94 (13445.4),0,0
783,sri ram sagar project stage - ii (irrigation and cad-tg) (400102),telangana,04/2005,12/2019 12/2024,736.13 (949.87),940.7,96
784,indiramma flood flow canal project (irrigation and cad-tg) (400103),telangana,01/2006,12/2019 03/2025,1331.3 (5940.09),4491.08,92
785,j. chokka rao devadula lift irrigation scheme (irrigation and cad-tg) (701405),telangana,04/2006,12/2019 12/2025,8200.71 (14730),4558.89,87
786,rajiv bhima lift irrigation scheme (irrigation and cad-tg) (701406),telangana,01/2008,12/2019 03/2026,1402 (2509.66),1839.76,100
787,saryu nahar cadwm project (irrigation & water resources-up) (400093),uttar pradesh,04/2017,12/2019 03/2026,1672.7 (1672.7),0,0
788,arjun sahayak project (irrigation & water resources-up) (400117),uttar pradesh,04/2009,12/2019 12/2019,741.38 (2465.68),3218.3,100
789,morna [gureghar] irrigation project (department of water resources, river development & gr) (701395),uttar pradesh,12/2007,06/2023 (-),219.9 (219.9),0,0
790,madhya ganga canal phase-ii (irrigation & water resources-up) (701408),uttar pradesh,07/2007,12/2019 12/2024,1060.67 (4417.21),4415.24,82
791,jamrani dam multipurpose project (irrigation-uk) (613787),uttarakhand,04/2023,06/2029 (-),2584.1 (2584.1),486.52,16
