id|code|department|name|state|date_start|date_start_revised|date_end|date_end_revised|cost_target|cost_target_revised|cost_spent|progress
1|606431|adani airport holdings limited|guwahati airport new integrated terminal building construction project |assam|12/2016 |03/2018|03/2025 |03/2026|1712.0|2520.0|2558.19|96.0
2|606479|airport authority of india [aai]|c/o nitb imphal airport |manipur|11/2021 |07/2022|07/2024 |12/2026|499.0|499.0|161.3|43.0
3|705237|airport authority of india [aai]|widening of basic strip at western side of runway chainage 80m to 920m i/c slope stabilization measures [balance work] of uphill and improvement of storm water drainage system at pakyong airport, sikkim on design & build basis [epc] with integrated 10 years maintenance. |sikkim|11/2023 |12/2023|06/2026 |06/2026|323.26|323.26|51.21|25.0
4|705244|mis mocoal integration logins|tikak extension ocp |assam|07/2022 |07/2022|07/2031 |07/2031|159.77|159.77|81.47|88.0
5|705252|mis mocoal integration logins|tirap ocp |assam|11/2022 |11/2022|11/2030 |11/2030|289.46|289.46|105.61|3.0
6|705253|national institute of technology, arunachal pradesh|construction of permanent campus of national institute of technology arunachal pradesh |arunachal pradesh|09/2009 |03/2013|08/2026 |08/2024|592.61|592.61|550.61|80.0
7|615183|tezpur university|tezpur university projects |assam|05/2019 |06/2021|11/2023 |12/2025|153.71|153.71|125.03|97.0
8|615184|nit mizoram|construction of permanent campus for nit mizoram at lengpui, aizawl |mizoram|09/2009 |06/2014|12/2029 |03/2022|474.23|474.23|167.55|4.0
9|615185|nit nagaland|establishment of nit nagaland |nagaland|09/2009 |12/2014|12/2025 |12/2025|275.63|275.63|261.7|98.0
10|615186|sikkim university|construction of sikkim university campus phase-i package-ii at yangang, south sikkim |sikkim|08/2020 |01/2022|01/2025 |03/2026|314.06|314.06|278.69|89.0
11|615187|nit sikkim|establishment of permanent campus of nit sikkim at khamdong-gangtok district |sikkim|02/2024 |03/2024|02/2028 |12/2026|685.76|610.76|171.56|25.0
12|615188|department of sports & youth affairs|national sports university [nsu], imphal [manipur] |manipur|na |01/2022|08/2024 |08/2026|906.47|611.74|569.37|96.0
13|615189|national hydroelectric power corporation limite|dibang multipurpose project |arunachal pradesh|02/2023 |02/2023|02/2032 |02/2032|31876.39|31876.4|3933.3|16.0
14|615190|north eastern electric power corporation limited|240mw heo he project |arunachal pradesh|12/2024 |05/2025|07/2029 |07/2029|1938.85|1938.85|71.88|3.0
15|615191|north eastern electric power corporation limited|186 mw tato-i h e project |arunachal pradesh|12/2024 |05/2025|07/2029 |07/2029|1750.07|1750.07|61.45|2.0
16|615192|national hydroelectric power corporation limite|subansiri lower he project [2000 mw] |multi-states (arunachal pradesh, assam)|09/2003 |01/2005|09/2010 |05/2026|6285.33|26075.5|25826.41|97.0
17|615193|national hydroelectric power corporation limite|teesta-vi he project, sikkim [500 mw], executed by lanco teesta hydro power limited [a wholly owned subsidiary of nhpc ltd. acquired through nclt] |sikkim|03/2019 |03/2020|03/2024 |12/2027|5748.04|5748.04|4050.79|71.0
18|615194|national hydroelectric power corporation limite|rangit-iv he project [120 mw] executed by jal power corporation ltd. [jpcl] - a wholly owned subsidiary of nhpc ltd. acquired through nclt |sikkim|03/2021 |08/2021|05/2024 |12/2025|938.29|1828.11|1557.72|94.0
19|615195|power grid corporation of india limited [powergrid]|north eastern region expansion scheme-xxiii [neres-xxiii] |arunachal pradesh|08/2025 |08/2025|02/2028 |02/2028|209.38|209.38|0.41|0.0
20|615199|power grid corporation of india limited [powergrid]|comprehensive scheme for strengthening of transmission and distribution [t&d] systems [csst&ds] in arunachal pradesh and sikkim |multi-states (arunachal pradesh, sikkim)|10/2014 |10/2014|12/2018 |03/2027|4754.42|9129.32|7904.16|83.0
21|615202|power grid corporation of india limited [powergrid]|north eastern region power system improvement project [nerpsip] |multi-states (assam, manipur, meghalaya, mizoram, nagaland, tripura)|12/2014 |03/2016|12/2018 |03/2026|5111.33|6700.0|5474.57|96.0
22|615206|hindustan petroleum corporation limited|construction of lpg facilities at kamardanga, assam |assam|03/2023 |03/2023|07/2027 |07/2027|156.36|156.36|80.88|59.0
23|705356|hindustan petroleum corporation limited [hpcl]|setting up of new rail fed pol facility at kamardanga, assam |assam|03/2023 |03/2023|07/2027 |07/2027|384.04|384.04|183.99|71.0
24|705357|ministry of petroleum & natural gas|paradip-numaligarh crude oil pipeline [pncpl] & crude oil import terminal [coit] at paradip |assam|01/2019 |01/2019|07/2024 |06/2026|10228.0|11407.0|10463.05|90.0
25|705358|ministry of petroleum & natural gas|lpg bottling plant at mualkhang |mizoram|07/2024 |07/2024|10/2028 |11/2027|225.71|225.71|16.57|26.0
26|705359|indian oil corporation limited [iocl]|grass root rail-fed depot at sekerkote, agartala as resitement of existing dharmanagar depot |tripura|06/2022 |06/2022|09/2025 |06/2026|656.0|656.0|500.52|94.0
27|705362|ministry of petroleum & natural gas|guwahati refinery expansion [1.0 to 1.2 mmtpa] along with installation of cru, guwahati refinery |assam|05/2021 |05/2021|10/2023 |05/2026|412.3|577.0|467.7|90.0
28|705364|ministry of petroleum & natural gas|numaligarh refinery expansion project |assam|07/2020 |07/2020|07/2024 |09/2026|12366.0|22494.0|18314.23|81.0
29|705366|ministry of petroleum & natural gas|development of surface facilities for production and evacuation of crude oil and natural gas from nadua and east khagorija |assam|01/2018 |01/2018|02/2020 |06/2026|682.9|726.93|597.01|94.0
30|705368|ministry of petroleum & natural gas|coke drum structure package |assam|12/2022 |12/2022|12/2025 |09/2026|635.28|635.28|171.47|53.0
31|705373|ministry of petroleum & natural gas|construction of field gas gathering station at baghjan area for collection, processing & transportation of natural gas to be produced from baghjan field |assam|12/2020 |12/2020|03/2024 |03/2026|430.76|430.76|340.1|89.0
32|705375|ministry of petroleum & natural gas|pipeline rehabilitation project, phase-ii |assam|12/2024 |12/2024|12/2029 |12/2029|680.0|680.0|2.93|18.0
33|705385|ministry of petroleum & natural gas|upgradation of facilities of numaligarh-siliguri product pipeline [nspl] for transportation of additional products from existing 1.72 mmtpa to 5.5 mmtpa |assam|06/2021 |06/2021|12/2024 |03/2026|860.0|860.0|636.92|99.0
34|705391|ministryofpetroleumnaturalgas|augmentation/revamping of facilities at existing guwahati terminal at betkuchi |assam|04/2022 |04/2022|09/2026 |09/2026|277.0|323.09|196.25|76.0
35|705392|ministryofpetroleumnaturalgas|capacity expansion of digboi refinery from 0.65 to 1.0 mmtpa |assam|06/2022 |06/2022|03/2026 |07/2027|768.0|740.0|151.23|50.0
36|705401|ministry of petroleum & natural gas|pipeline network project rudrasagar |assam|01/2023 |01/2023|04/2026 |04/2026|481.03|481.03|227.27|51.0
37|705410|ministry of petroleum & natural gas|borholla ggs life extension project [blep] |assam|09/2023 |09/2023|05/2026 |05/2026|198.7|198.7|70.85|49.0
38|705419|nrl|dcu revamp project |assam|08/2021 |08/2021|07/2024 |06/2026|370.0|370.0|282.45|70.0
39|705424|nrl|power recovery turbine [prt] in pfccu unit as an energy conservation scheme |assam|04/2023 |04/2023|12/2024 |09/2026|293.5|293.5|97.22|99.0
40|705428|ministry of petroleum & natural gas|north east gas grid |multi-states (arunachal pradesh, assam, manipur, meghalaya, mizoram, nagaland, sikkim, tripura)|04/2020 |04/2020|03/2024 |03/2026|9265.0|9265.0|6678.0|86.0
41|705429|ministryofpetroleumnaturalgas|augmentation/ revamping of dimapur depot, dimapur |nagaland|08/2023 |08/2023|11/2027 |11/2027|227.62|227.62|17.08|31.0
42|705432|oil and natural gas corporation limited [ongc]|creation of gas dehydration facilities, tripura asset |tripura|03/2022 |03/2022|05/2024 |05/2026|209.33|131.51|72.24|66.0
43|705433|medical education, ministry of health and family welfare|establishment of new gmc gangtok |sikkim|10/2018 |12/2018|12/2026 |12/2026|250.0|635.21|645.21|88.0
44|705434|employee's state insurance company [esic]|construction of 200 bedded esic hospital with 62 nos staff quarters , beltola |assam|12/2017 |10/2021|04/2025 |02/2026|143.23|154.75|116.08|96.0
45|705436|northeast frontier railway [nfr]|doubling of new bonggigaon to kamakhya via goalpara - 176 km |assam|09/2016 |09/2016|03/2026 |03/2026|4060.0|4961.0|3757.77|93.0
46|705437|central organisation for railway electrification [core]|guwahati-dibrugarh via tinsukia & simaluguri-dibrugarh |assam|09/2020 |09/2018|09/2020 |06/2024|890.36|889.36|391.73|89.0
47|615327|gm/c/ nfr|mariani-jorhat, tinsukia-dangri and makum -tiraptrack electrification project |assam|09/2018 |01/2022|05/2024 |05/2024|183.99|183.99|0.0|0.0
48|615330|gm/c/ nfr|harmuty-murkongselek branch line electrification project |assam|09/2018 |01/2022|05/2024 |05/2024|237.52|237.52|0.0|0.0
49|615331|northeast frontier railway [nfr]|furkating-new tinsukia[194 km] |assam|09/2025 |09/2025|06/2029 |06/2029|3633.58|3633.58|0.24|0.0
50|705444|northeast frontier railway [nfr]|jiribam-imphal new line project |manipur|03/2013 |12/2007|12/2026 |06/2029|14323.0|21885.9|15849.48|72.0
51|615333|northeast frontier railwa|murkongselek-pasighat |multi-states (arunachal pradesh, assam)|02/2011 |03/2023|03/2025 |05/2026|435.0|1250.0|816.33|66.0
52|615334|northeast frontier railwa|dimapur [dhansiri]-sukhobi kohima [zubza] nl [82.5 km] |multi-states (assam, nagaland)|08/2015 |02/2016|03/2025 |12/2029|6663.0|6663.0|5949.29|40.0
53|615332|northeast frontier railway [nfr]|lumding furkating doubling project 140 km |multi-states (assam, nagaland)|02/2024 |01/2025|02/2028 |02/2028|2123.7|2123.7|57.66|1.0
54|615335|indian railway construction international limited [ircon]|sivok-rangpo new rail line |sikkim|10/2009 |05/2010|05/2015 |12/2027|7877.0|11775.0|10027.63|90.0
55|615337|morth|4-laning of itanagar to bandardewa section of nh-415from km 40430 to km 51735 package-bon epc mode in the state of arunachal pradesh job no. 415/ar. p/2020-21/031 |arunachal pradesh|06/2020 |12/2021|12/2024 |12/2024|496.47|496.47|153.63|48.0
56|705450|morth|construction of 2-lane road of potin to pangin section of nh-13 from km 163.59 to km 206.66 package-5 on epc mode in the state of arunachal pradesh under arunachal pradesh package of roads and highways of sardp-ne [job no sardp-ne/p-p/pkg-a/nh-13/ar.pr./pwd/2018-19/116] |arunachal pradesh|03/2019 |11/2020|11/2023 |07/2024|450.65|450.65|303.39|96.0
57|615339|nhidcl|construction of intermediate lane with hard shoulder of hunli to hayuliang package-iii from design km 60.000 to km 121.500 design length 61.500 km, greenfield section of frontier highway nh-913 in the state of arunachal pradesh on epc mode pkg-3 |arunachal pradesh|02/2024 |07/2025|07/2028 |07/2028|1418.67|1418.67|0.0|1.0
58|615340|nhidcl|construction of intermediate lane with hard shoulder of hunli to hayuliang from design km 0.000 to km 53.000 design length 53.000 km, greenfield section of frontier highway nh-913 in the state of arunachal pradesh on epc mode package-i |arunachal pradesh|02/2024 |03/2025|02/2028 |02/2028|1262.43|1262.43|171.26|10.0
59|705453|nhidcl|construction of intermediate lane road with hard shoulder from design km 0.000 to km 17.387 total length 17.387 km of hunli to ithun bridge section on nh-913 frontier highway in state of arunachal pradesh on epc mode under nho-ne |arunachal pradesh|02/2024 |01/2025|01/2027 |01/2027|275.5|275.5|0.0|22.0
60|705454|nhidcl|construction of intermediate lane of pango to jorging road from 0000 to design km design km 40000 design length 40.00 km, pkg-l, greenfield alignment in the state of arunachal pradesh on epc mode pkg-1 |arunachal pradesh|01/2024 |01/2025|07/2027 |07/2027|898.19|898.19|0.0|27.0
61|615342|nhidcl|construction of 2-laning with hard shoulders of hayuliang hawai bypass road on epc basis from design km. 51.825 to km. 63.131 existing km 45.050 of hayulianghawai road to hawai town under sardp-ne -balance work pkg - iv |arunachal pradesh|01/2017 |05/2021|05/2023 |07/2026|256.66|216.76|0.0|93.0
62|615343|nhidcl|construction of balance work of 2-lane with ps of joram-koloriang road nh- 713 on epc basis from design km 44.989 to km 61.547 existing km 50.050 to km 70.000 in the state of arunachal pradesh under sardp-ne pkg-3 |arunachal pradesh|02/2017 |10/2020|04/2022 |07/2023|228.72|228.72|0.0|99.0
63|705457|nhidcl|construction of balance work of 2-lane with ps of joram koloriang road from existing km122.600 to km138.00 [design km108.724 to km123.714] in arunachal pradesh on epc mode under sardp-ne pkg-7 |arunachal pradesh|02/2017 |10/2020|04/2022 |07/2023|184.89|184.89|0.0|98.0
64|615345|nhidcl|roing-hunli road greenfield alignment project |arunachal pradesh|02/2017 |03/2018|03/2022 |04/2025|1718.59|1718.59|0.0|77.0
65|615344|nhidcl|4-laning from rangagara to kaliabor tiniali from km 297.00 to km 315.315 of nh-37 on epc basis under sardp-ne in state of assam |assam|01/2016 |10/2017|04/2020 |03/2025|386.51|386.51|0.0|0.0
66|615346|nhidcl|4-laning of jamugurihat to end of biswanath chariali by-pass from km 182.000 to km 208.000 of nh-52 on epc mode in state of assam under sardp-ne |assam|03/2015 |12/2016|06/2019 |03/2025|599.0|599.0|404.62|100.0
67|615347|nhidcl|construction of balance work of 4-laning of nh-37 section between end of moran bypass to bogibeel junction near lapetketa km. 561.700-km. 580.875 under sardp-ne, phase 'a' in the state of assam on epc mode pkg-i road works & toll plaza |assam|01/2016 |09/2024|08/2025 |08/2025|274.34|274.34|0.0|100.0
68|615349|nhidcl|4-laning of nh-37 section between demow to end of moran bypass from km. 534.800 to km. 561.700 including emergency landing facility elf under sardp-ne, phase 'a' in the state of assam on epc mode |assam|01/2016 |01/2023|08/2025 |01/2025|385.57|385.57|0.0|0.0
69|705458|nhidcl|construction of balance work of 4-laning of the section from jorhat to jhanji of nh-37 old from km 453000 to km 463000 10.000 km, under sardp- ne under epc mode in the state of assam pkg-i road works |assam|01/2024 |02/2024|08/2024 |08/2024|478.3|478.3|0.0|0.0
70|705479|nhidcl|construction of balance work of 4-laning of the section from jhanji to demow of nh-37 old from km 490.800 to km 534.800, under sardp- ne on epc mode in the state of assam pkg- iv structures & toll plaza |assam|01/2016 |10/2024|10/2025 |10/2025|187.09|100.22|0.0|0.0
71|705480|nhidcl|construction of balance work of 4-laning of the section from jhanji to demow of nh-37 old from km 490.800 to km 501.800 11.000 km, under sardp- ne under epc mode in the state of assam pkg-i road works |assam|01/2016 |10/2024|09/2025 |09/2025|467.79|476.5|72.13|0.0
72|705481|nhidcl|construction of balance work of the 4-laning of the section from jorhat to jhanji of nh-37 old from km 477.000 to km 490800 13.800 km, under sardp- ne under epc mode in the state of assam pkg-iii road works |assam|01/2024 |02/2024|08/2024 |08/2024|358.72|358.72|0.0|98.0
73|705482|nhidcl|construction of balance work of the 4-laning of the section from jorhat to jhanji of nh-37 old from km 463.00 to km 477.000 14.000 km, under sardp- ne under epc mode in the state of assam pkg-ii road works |assam|01/2024 |02/2024|08/2024 |08/2024|438.44|438.44|0.0|95.0
74|705490|nhidcl|construction of balance work of the 4-laning of the section from jorhat to jhanji of nh-37 old from km 453.000 to km 490.800, under sardp- ne , under epc mode in the state of assam pkg-iv structures & toll plaza |assam|01/2024 |02/2024|08/2024 |08/2024|279.01|279.01|0.0|94.0
75|705491|nhidcl|widening/improvement to 4-lane with paved shoulder configuration of existing single lane road from srirampur near bhairiguri village to kachukhana harichara paglagaunj package-i of srirampur - dhubri section of nh-127b from existing km 0.000 to km 28.050 design km 0.000 to km 27.650, design length27.650 km under jica oda loan assistance phase-v -balance work |assam|03/2022 |11/2024|11/2026 |11/2026|613.89|613.89|172.31|56.0
76|705492|nhidcl|widening / improvement to 4-lane with paved shoulder configuration of existing single lane road from kachukhana harichara paglagaunj to dhubri - phulbari bridge approach package-ii of srirampur - dhubri section of nh-127b from existing km 28.050 to km 55.060 design km 27.650 to km 54.154, design length26.504 km under jica oda loan assistance phase-v [srirampur - dhubri pkg-2] |assam|03/2022 |01/2023|01/2025 |01/2025|909.02|909.02|0.0|100.0
77|705494|nhidcl|construction of 4-lane bridge including approaches over river brahmaputra between dhubri on north bank,assam and phulbari on south bank,meghalaya on nh-127b under jica oda loan assistance phase-iii |assam|05/2019 |12/2020|09/2028 |12/2028|4997.04|4997.04|2556.61|70.0
78|705495|nhidcl|construction of 4/6 laning from existing km 159.400 of nh-36 to existing km 102.500 of nh-39 and upto end point of assam portion [design km 118.050 to design km 132.375] total new alignment length of 14.325 km of daboka - dimapur section dimapur bypass in the state of assam under sardp-ne 'phase-a' on epc mode assam portion |assam|03/2018 |11/2019|11/2022 |08/2024|511.02|511.02|647.2|100.0
79|705496|nhidcl|lmprovement to 4-lane with paved shoulder from existing km 260000 design ch.4560 km to existing km ch.233000 d. ch.24560 of silchar near nutan dayapur village - budha nagar section length-20.00 km of nh-37 under package silchar-jiribam pkg-1 in the state of assam on ham mode |assam|01/2024 |01/2025|01/2028 |01/2028|957.95|957.95|126.21|36.0
80|705498|nhidcl|widening/improvement to 2-lane lane with paved shoulder from km 16900 bogapani to km 27150 golai goan on existing dibrugarh to ledo section with proposed digboi bypass green field and brownfield 2-laneps of nh-315 old nh-38 in tinsukia district under nho- ne package-4 |assam|01/2023 |12/2023|12/2026 |12/2026|356.65|356.65|0.0|20.0
81|705500|nhidcl|widening/improvement to 4-lane with paved shoulder from km 626030 nalani hulla gaon to km 650450 chotahapjan on existing tinsukhia -makum bypass of nh-15 old nh-37 and strengthening of existing nh-315 old nh-38 from km 0000 chotahapjan to km 16900 bogapani section 2-lane ps in assam on epcmode under nho-ne package-3 |assam|01/2023 |05/2023|05/2025 |05/2025|458.59|458.59|0.0|68.0
82|705502|nhidcl|widening & upgradation to 2 lanes with paved shoulders road from tamenglong to mahur nh-137 in the state of assam starting from km 156.489 near p. leikul to km 176.410 near borowapu on epc mode under nho-ne assam portion package-10 |assam|03/2023 |08/2023|08/2025 |08/2025|890.33|693.15|528.84|79.0
83|705503|nhidcl|widening & upgradation to 2 lanes with paved shoulders road from tamenglong to mahur nh-137 in the state of assam starting from km 136.500 near hejaichak to km 156.489 near p. leikul package-9 on epc mode under nho-ne package- 9 |assam|03/2023 |08/2023|08/2025 |08/2025|860.37|614.43|470.53|85.0
84|705504|nhidcl|widening & upgradation to 2-lanes with paved shoulders road from tamenglong to mahur nh-137 in the state of assam starting from km 116.480 near hangrum to km 136.500 near hejaichak package-8 on epc mode under nho-ne package 8 |assam|03/2023 |08/2023|08/2025 |08/2025|904.04|904.04|470.46|82.0
85|705505|nhidcl|wideinig & upgradation to 2-lanes with paved shoulders road from tamenglong to mahur nh-137 in the state of assam starting from km 96.870 near jiri river to km 116.550 near hangrum package-7 on epc mode package7 |assam|12/2023 |03/2024|03/2026 |03/2026|846.82|846.82|0.0|71.0
86|705506|nhidcl|widening/improvement to 4-lane with paved shoulder from km 55000 nagabang gamsuk to km 82514 oyan in the state of assam and arunachal pradesh on epc mode under bharatmala pariyojna of length 27.514 km package-3 |assam|03/2023 |09/2024|03/2027 |03/2027|665.47|665.47|0.0|54.0
87|705507|morth|construction of mangaldoi bypass nh-15 starting at ch 26400 and terminating at ch 41505 under rangia nh division l 15.105 km in the state of assam. job no. 15/as/2021-22/234 |assam|03/2022 |04/2023|04/2025 |04/2025|535.03|535.03|104.57|61.0
88|705510|morth|construction of 4 lane gauripur bypass starting bfrom km 852.56 of nh- 31dumardoha pt-ii and terminating at km 862.17 baladmara via. khudimari pt.- ii, fulkumari, charaldanga, sajuakuti,geramari pt.-iii and finally meeting at km 862.17 of nh-17new/ nh-31old in the state of assam under epc mode job no. 31/as/ 2023-24/265 |assam|03/2024 |04/2025|10/2026 |10/2026|421.15|421.15|0.0|10.0
89|705511|morth|construction of 2 lane barpeta bypass from km 77900baradi to km 86150 deurikuchi length8.25km on nh-427 in the state of assam under epc modejob no.427/as/2022-23/245 |assam|03/2023 |02/2025|08/2026 |08/2026|173.65|173.65|4.87|17.0
90|705512|morth|construction of new 2 lane with paved shoulders of nh standards from km 0.080 to km 11.690 l11.610 km in majuli and from km 19.715 to km 27.484 l 7.769 km in jorhat on the newly declared nh 715k and construction of 1.10 km flyover on nh-715 with its approaches and service roads l1.10 km, total length 20.479 km in the state of assam job no. 715k/as/2023-24/256 |assam|02/2024 |09/2025|03/2027 |03/2027|382.1|382.1|19.45|0.0
91|705513|morth|construction of 2 lane major bridge including approaches over brahmaputra between majuli on north bank and jorhat on south bank from km. 11.690 to km. 19.715 length of bridge 6,812.5m package - ii on nh-715k in the state of assam job no. 715/as/2020-21/213 |assam|03/2025 |12/2025|12/2027 |12/2027|1019.17|1019.17|0.0|0.0
92|705514|nhidcl|4-l bilasipara-guwahati package-10 |assam|03/2023 |12/2023|06/2026 |06/2026|1264.9|1264.9|383.37|46.0
93|705515|nhidcl|4-l bilasipara-guwahati package-9 |assam|03/2023 |12/2023|06/2026 |06/2026|1000.27|1000.27|322.08|45.0
94|705526|nhidcl|widening/improvement to 4-lane with paved shoulder from km 99930 to km 143680 design chainage 96000 to 139750 of paikan to dhupdhara sahar of bilasipura-guwahati road on nh-17 in the state of assam on epc mode under bharatmala pariyojana in economic corridors project length 43.750km under nho-ne package-8 |assam|03/2023 |12/2023|12/2026 |12/2026|1457.59|1457.59|706.76|71.0
95|705527|nhidcl|widening/improvement to 4 -lane with paved shoulder from ch. 88.000km to ch.99.930 km design ch.84.100km to ch.96.000 km of sagunbashi forest near nichinta to starting of krishnai bypass section of bilasipura guwahati road nh 17 on epc package-7 |assam|03/2021 |10/2023|10/2025 |10/2025|286.72|286.72|178.97|100.0
96|705528|nhidcl|construction of new 2-lane bridge with its approaches from km 0000 to km 4385 across river brahmaputra on nh-17 at jogighopa in assam on epc mode |assam|09/2021 |11/2021|11/2024 |06/2026|746.76|746.76|384.62|74.0
97|705562|nhidcl|widening/improvement to 4-lane with paved shoulder from ch. 25.633 km to ch. 52.470 km design ch. 21.850 km to ch.48.670 km for package-2 of bilasipura- guwahati road nh-17 section near mowatari, before chapar bypass to tulungia junction with nh-17 in the state of assam on ham mode under nho- ne package-2 |assam|11/2023 |12/2024|06/2027 |06/2027|1338.61|1338.61|0.0|8.0
98|705567|nhidcl|widening/lmprovement to 4-lane with paved shoulder from ch.5.580 km to ch.25.633 km design ch.0.000 km to ch.17.737km km 901.100 to km 921.145 of old nh-31 of bilasipara- guwahati road nh-17 section near chirakuta to near mowatari, before chapar bypass in the state ol assam on ham mode package-1 |assam|02/2024 |02/2025|08/2027 |08/2027|1081.15|1081.15|0.0|11.0
99|705572|nhidcl|construction and up gradation to 4-lane of existing two lane with paved shoulder from hapachara to tulungia road of nh-117 of existing km 0.00 to km 14.050 and design km 0.000 to km 14.660 under bmp on epc mode |assam|03/2020 |06/2020|12/2022 |06/2024|224.85|224.85|204.19|97.0
100|705583|nhidcl|construction of 4-lane panchgram bypass from design chainage km 15500 on nh-37 old nh-53 at kalinagar pt.-i village to design chainage km 27300 at crossing with nh-6 old nh-44 near siddeswar pt.-i village on silchar - churaibari stretch in the state of assam on epc mode under bharatmala pariyojana in economic corridors silchar- churaibari package-2 |assam|03/2023 |08/2024|02/2027 |02/2027|676.18|728.97|0.0|46.0
101|705588|nhidcl|widening/lmprovement to 4-laning and greenfield alignment with paved shoulder of silchar-badarpur churaibari section of nh-37 & nh-8 from design chainage 38.600 end point of proposed badarpur bypass to km. 62.800 start point of proposed nilambazar/cheragi bypass in the state of assam on ham mode package-4 |assam|02/2024 |08/2025|08/2027 |08/2027|1319.55|1319.55|0.0|0.0
102|705598|nhidcl|widening/lmprovement to 4-lane with paved shoulder from existing road and greenfield alignment form design ch. 62.800 start of proposed nilambazar/cheragi bypass to design ch. 87.700 near chandkhira village of nh-8 on silchar-churaibari in the state of assam on ham mode package-5 |assam|02/2024 |04/2025|10/2027 |10/2027|1258.13|1258.13|0.0|6.0
103|705608|nhidcl|widening/lmprovement of existing 2 lane to 4-laning of karimganj-silchar section of nh-37 from design ch 0.000 near silchar isbt to design ch 15.970 near kalinagar pt i on nh-37 in assam on ham mode pkg-1 |assam|03/2024 |09/2025|09/2027 |09/2027|1181.55|1181.55|0.0|0.0
104|705610|nhidcl|4-laning of dhanehari lailapur / vairengte section from existing chainage km 12920 to km 43000 of nh 306 design chainage km 20000 to km 49360 on silchar - vairengte sairang road in the state of assam under bharatmala pariyojna on epc mode. project length 29.360 km under nho-ne package-2 |assam|03/2023 |02/2024|08/2026 |08/2026|1716.21|1716.21|848.23|79.0
105|705612|nhidcl|4-laning of silchar - dhanehari section from existing chainage km 263800 of nh 37 to km 12920 of nh 306 design chainage km 0000 to km 20000 on silchar - vairengte - sairang road in the state of assam under bharatmala pariyojna on epc mode package-1 |assam|02/2023 |01/2024|07/2026 |07/2026|1256.9|1256.9|0.0|0.0
106|705613|nhidcl|dillai to lahorijan package-7 |assam|11/2021 |01/2023|07/2024 |12/2025|204.1|204.1|0.0|0.0
107|705616|nhidcl|widening/improvement to 4-lane with paved shoulder from km 38500 to km 51246 design chainage 38500 to 50959 with proposed daboka bypass of daboka-parokhaowa of nh 29 on epc under nho-ne package-1 |assam|01/2023 |11/2023|11/2025 |11/2025|516.88|516.88|0.0|92.0
108|705617|nhidcl|widening/improvement to 4-lane with paved shoulder from km 113300 to km 146230 design chainage 113830 to 145712 of kwaram taro village - dillai section in assam on epc package-6 |assam|09/2021 |07/2022|07/2024 |03/2025|625.64|625.64|0.0|0.0
109|705628|nhidcl|construction of balance work of 4-laning of the section from jhanji to demow of nh-37 old from km 514.800 to km 534.800 20.000 km, under sardp- ne under epc mode in the state of assam pkg-iii road works |assam|10/2014 |10/2024|09/2025 |09/2025|344.71|619.7|46.37|62.0
110|705629|nhai|balance work of 4l of narimbanglojatinga junction- harangajoroad section from km 0.000 to km 49.230 of nh-27 |assam|03/2022 |01/2023|01/2026 |01/2026|1909.98|2745.74|1170.02|89.0
111|705632|nhidcl|construction of balance work of 4-laning of the section from jhanji to demow of nh-37 old from km 501.800 to km 514.800 13.000 km, under sardp- ne under epc mode in the state of assam pkg-ii road works |assam|10/2014 |10/2024|10/2025 |10/2025|508.76|542.87|58.12|47.0
112|705633|nhidcl|construction of 4-lane badarpur bypass from design chainage km 27300 at crossing with nh-6 old nh-44 near siddeswar pt.-i village to design chainage km 38600 on nh-37 old nh-44 at kandigram chaita village on silchar - churaibari stretch in the state of assam on epc mode under bharatmala pariyojana in economic corridors silchar- churaibari pkg-3 |assam|02/2023 |02/2024|08/2026 |08/2026|574.26|574.26|277.82|63.0
113|705635|nhidcl|earthwork in formation, road work, construction of bridges, blanketing, p. way linking works including supply of p. way fittings and track ballast in connection with construction of railway siding from jogighopa railway station to mmlp at jogighopa from ch. 00 to 3760 on item rate basis package -3, railway siding from jogighopa railway station to mmlp |assam|02/2020 |12/2020|06/2022 |09/2024|693.97|693.97|0.0|0.0
114|705638|nhidcl|development of external trunk connectivity and internal infrastructure works at multi model logistics parkmmlp at jogighopa in the state of assam on epc mode package-i road and utility works |assam|02/2020 |09/2020|04/2022 |10/2024|693.97|693.97|0.0|0.0
115|705639|national highways authority of india [nhai]|6l standalone flyovers at bongaigaon, chapaguri, pathsala, simlaguri chowk and baihata bypass junctions on stretches of nh-31 and nh-27 |assam|03/2022 |01/2023|07/2024 |07/2024|457.72|412.15|371.63|100.0
116|705648|national highways authority of india [nhai]|6l standalone flyovers at raha, demow, borghat, kathiatali junctions and rob at jagiroad on stretches of nh 36 and nh 27 |assam|03/2022 |12/2022|06/2024 |06/2024|280.75|255.53|211.79|99.0
117|705650|national highways authority of india [nhai]|guwahati ring road in the state of assam |assam|08/2024 |01/2026|01/2030 |01/2030|5729.47|5729.47|1.16|0.0
118|705651|nhidcl|improvement of existing road to 2 laning with hard shoulders of maram-peren section package-1b, length- 17.660 km from design chainage 22.340 km to 40.000 km on nh-129a in the state of manipur on epc mode |manipur|02/2021 |06/2021|12/2022 |08/2023|188.36|188.36|0.0|99.0
119|705659|nhidcl|improvement of existing road to 2 laning with hard shoulders of maram -peren section package-1a, length- 22.340km from design chainage 0.000 km to 22.340 km on nh-129a in the state of manipur on epc mode |manipur|02/2021 |06/2021|12/2022 |06/2025|226.32|226.32|177.31|74.0
120|705660|nhidcl|widening/improvement of existing 2-lane road to 4-lane divided highway from sekmai to nilakuthi section of imphal-kohima road design chainage from km 297700 to km 308729 of nh-39 new nh-02 in state of manipur on epc mode pkg-5b |manipur|03/2021 |07/2021|01/2023 |06/2025|211.7|211.7|209.48|78.0
121|705661|nhidcl|improvement/up-gradation of existing 2-lane road to 4-lane divided highway from taphukuki to daili section of imphal-kohima road nh-02 design chainage from km 262175 to km 274610 in the state of manipur on epc mode pkg-4a |manipur|09/2020 |10/2020|04/2022 |07/2025|379.39|379.39|272.79|83.0
122|705662|nhidcl|widening/improvement to 2-lane with earthen shoulder of yaingangpokpi - finch corner road section of nh-202 from km 16.900 to km 30.970 of nh-202 in the state of manipur on epc mode package-2 |manipur|03/2020 |07/2020|06/2022 |12/2025|256.04|256.04|0.0|88.0
123|705663|nhidcl|widening/improvement to 2-lane with earthen shoulder of yaingangpokpi - finch corner road section of nh-202 from km 0.000 to km 16.900 of nh-202 in the state of manipur on epc mode package-1 |manipur|03/2020 |07/2020|06/2022 |04/2025|222.77|222.77|0.0|37.0
124|705667|nhidcl|widening/improvement to 2 lane with earthen shoulder of jessami to laynen bridge nagaland border section of nh-29 of imphal -ukhrul - jessami economic corridor from km 0.000 to km 11.009 in the state of manipur on epc mode under bharatmala pariyojana, under nho-ne package-7 |manipur|03/2023 |12/2024|06/2026 |06/2026|164.89|164.89|119.17|17.0
125|705668|nhidcl|widening/improvement to 2 lane with earthen shoulder of marrem khullen to jessami section of nh-202 of imphal - ukhrul - jessami economic corridor from design chainage km 95.700 to km 140.180 in the state of manipur on epc mode under bharatmala pariyojana under nho-ne package-6 |manipur|03/2023 |12/2024|12/2026 |12/2026|554.66|554.66|187.19|19.0
126|705728|nhidcl|widening/improvement to 2 lane with earthen shoulder of choithar to marrem khullen section of nh-202 of imphal ukhrul jessami economic corridor from design chainage km 53.110 to km 95.700 in the state of manipur on epc mode under bharatmala pariyojana, under nho-ne package-5 |manipur|03/2023 |05/2025|03/2027 |03/2027|564.05|564.05|0.0|4.0
127|705730|nhidcl|construction of of 2 -lane with paved shoulders road from tamenglong-tousem- lisang-mahur road nh-137 starting near dialong village from km 10.000 at dialong to km 31.430 near old tamenglong , near barak river on epc mode package-2 |manipur|07/2021 |09/2021|03/2023 |12/2025|483.87|483.87|351.99|92.0
128|705735|nhidcl|construction of 2 -lane with paved shoulders road from tamenglong to mahur in the state of manipur from km 31.430 at old tamenglong to km 43.480 ending near phelong on epc mode package-3 |manipur|03/2021 |06/2021|12/2022 |12/2025|234.08|234.08|186.27|97.0
129|705741|nhidcl|construction of 2 -lane with paved shoulders road from tamenglong to mahur nh-137 in manipur starting from km 54.180 near azuram to km 80.630 near mandeu on epc mode package 5 |manipur|09/2021 |11/2021|05/2023 |04/2025|477.86|477.86|330.1|84.0
130|705742|nhidcl|construction of 2 -lane with paved shoulders road from tamenglong to mahur nh-137 starting from km 80.630 near mandeu to km 96.870 near jiri river on epc mode package-6 |manipur|09/2021 |11/2021|05/2023 |07/2027|311.18|311.18|223.12|83.0
131|705752|nhidcl|widening to 2-lane with hard shoulder of churachandpur to tuivai section of nh- 102b from design chainage 69.875 km to 121.769 km in the state of manipur on epc mode package-3 |manipur|03/2021 |08/2021|08/2023 |04/2025|673.27|673.27|480.59|81.0
132|705761|nhidcl|widening to 2-lane with hard shoulder of churachandpur to tuivai section from km 48.587 to km 69.875 in the state of manipur on epc mode under nho package-2b |manipur|06/2020 |08/2020|08/2022 |02/2023|365.53|365.53|168.23|83.0
133|705763|nhidcl|widening to 2-lane with hard shoulder of churachandpur to tuivai section of nh- 102b from km 32.835 to km 48.587 in the state of manipur on epc mode under nho package-2a |manipur|04/2020 |07/2020|06/2022 |02/2023|232.99|232.99|127.15|92.0
134|705764|nhidcl|widening to 2-lane with hard shoulder of churachandpur to tuivai section of nh- 102b from km 13.747 to km 32.835 in the state of manipur on epc mode under nho package-1b |manipur|04/2020 |07/2020|06/2022 |04/2025|241.52|241.52|138.96|96.0
135|705765|nhidcl|balance work of widening to 2 two lane with hard shoulder of churachandpur to tuivai section of nh-102b from km 130.000 to km 141.029 package-4b in the state of manipur on epc mode |manipur|06/2020 |11/2025|11/2026 |11/2026|177.76|177.76|1.41|0.0
136|705766|nhidcl|balance work of widening to 2 two lane with hard shoulder of churachandpur to tuivai section of nh-102b from design chainage km 118850 to km 130000 package-4a in the state of manipur on epc mode |manipur|04/2020 |08/2025|08/2026 |08/2026|204.12|204.12|0.0|0.0
137|705771|nhidcl|widening to 2 lane with paved shoulder of lmphal to jiribam section of nh-37 from design ch. from km 169570 near nungkao vlllage under tamenglong district to km 205974 near jiribam bridge under jiribam district under nho-ne pkg-7 |manipur|01/2023 |12/2023|12/2025 |12/2025|760.16|760.16|365.34|83.0
138|705772|nhidcl|widening to 2 lane with paved shoulder of lmphal to jiribam section of nh-37 from design ch. from km 131.280 to km 169.570 on epc mode in manipur under nho-tsp pkg-6 |manipur|12/2021 |02/2023|02/2025 |05/2025|504.76|504.76|269.89|87.0
139|705774|nhidcl|widening to 2 lane with paved shoulder of lmphal to jiribam section of nh-37 from design ch. from km 101280 near khongsang village to km 131280 near puilon kambiron village on epc mode in manipur pkg-5 |manipur|12/2021 |11/2022|05/2024 |02/2026|410.68|410.68|309.93|82.0
140|705777|nhidcl|widening to 2 -lane with paved shoulder of imphal to jiribam section of nh-37 from design chainage 66.110 km to 101.280 km existing chainage km 67.496 to km 103.557 on epc mode in manipur pkg-4 |manipur|09/2021 |06/2022|12/2023 |08/2025|579.63|579.63|355.94|79.0
141|705780|nhidcl|widening to 2 -lane with paved shoulder of imphal to jiribam section of nh-37 from design chainage 33.000 km to 66.390 km existing chainage from km 33.395 to km 67.496 on epc mode in manipur pkg-3 |manipur|03/2021 |09/2021|03/2023 |07/2025|467.0|467.0|552.2|82.0
142|705782|nhidcl|widening to 2-lane with paved shoulder of imphal to jiribam section of nh-37 from design chainage 15.940 km to 33.120 km existing chainage km 15.946 to km 33.395 total length17.180 km in the state of manipur on epc mode pkg-2 - balance works & rectification works |manipur|03/2021 |03/2025|03/2026 |03/2026|195.14|195.14|0.0|55.0
143|705783|nhidcl|construction of 2-laning with hard shoulder of ukhrul tolloi - tadubi section of nh-102a from design chainage km 9450 to km 50850 in the state of manipur on epc mode under nho-ne package-2 |manipur|03/2023 |03/2024|03/2026 |03/2026|578.98|578.98|234.11|77.0
144|705785|nhidcl|construction of 2-laning with hard shoulder road of ukhrul - tolloi - tadubi section of nh-102a from design chainage 50.850 km to 81.870 km in the state of manipur on epc mode under nho-tsp package -3 |manipur|09/2021 |07/2023|01/2025 |03/2025|315.56|315.56|227.97|90.0
145|705789|nhidcl|construction of 2-laning with hard shoulder road of ukhrul - tolloi - tadubi section of nh-102a from design chainage 81.870 km to 105.825 km in the state of manipur on epc mode under nho-tsp package -4 |manipur|09/2021 |08/2022|02/2024 |10/2025|310.76|310.76|247.0|96.0
146|705793|morth|improvement and widening two lannig with paved shoulder of nh 127b from km 31.500 goeragre to km 63.224 package-ii in state of meghalaya |meghalaya|12/2023 |05/2025|05/2027 |05/2027|504.0|350.67|0.0|0.0
147|705794|nhidcl|improvement/widening to 2-l with paved shoulder/ 4-laning of nh-40 section from km 151330 to km 163400 design km 63.530 to km 71.520 including dawki bridge of length 368 m between shillong-dawki under jica oda loan assistance phase-ii pkg-5 -balance work |meghalaya|07/2020 |05/2024|11/2026 |11/2027|284.21|284.21|0.0|36.0
148|705799|nhidcl|improvement/widening to 2-lane with paved shoulder from design km 45.760 to km 63.530 between shillong-dawki under jica oda loan assistance phase-ii - balance work pkg-4 |meghalaya|07/2020 |04/2024|04/2026 |07/2026|445.51|445.51|34.61|45.0
149|705298|nhidcl|improvement/widening to 2-lane with paved shoulder between shillong-dawki road up to bangladesh border from design km 10.670 to km 37.550 under jica oda loan assistance phase-ii -balance work-pkg-2 |meghalaya|07/2020 |02/2024|08/2026 |07/2026|525.67|525.67|0.0|46.0
150|705912|nhidcl|improvement/widening to 2-l with paved shoulder/4-l from km 81740 to km 93490 design km 0000 to km 10670 of nh-40 new nh-106 & 206 section & 4-l from design km 0.00 to km 0.930 of nh-44 section between shillong-dawki under jica oda loan assistance phase-ii -balance work pkg-1 |meghalaya|07/2020 |10/2023|10/2025 |10/2025|351.12|351.12|0.0|78.0
151|705918|nhidcl|improvement and widening of national highway no. 127b darugiri - songsak - williamnagar junction section to two lane with paved shoulder from design km 0000 to km 36635 design length 36.635 km existing km 112000 to km 151060 of nh-1278 under bharatmala pariyojana lot-1 pkg-1b meghalaya portion |meghalaya|03/2023 |09/2025|09/2027 |09/2027|801.07|801.07|20.95|10.0
152|705919|nhidcl|improvement/widening of new nh-217 dainadubi-darugiri section to two lane with paved shoulder in meghalaya from design km 0000 to km 40840 existing km 8600 to km 53000 of old nh-62 under bmp lot-1 pkg-1b meghalaya portion |meghalaya|03/2023 |03/2025|03/2027 |03/2027|705.83|705.83|0.0|13.0
153|615818|morth|rehabilitation and up-gradation of nongstoin wahkaji section of project road km 0000 to km 43060 to intermediate lane with earthern shoulder under sardp-ne phase-a in the state of meghalaya on epc mode. job no- sardp- ne/nong-don-maw/mg/2020-21/294 |meghalaya|08/2020 |02/2022|08/2023 |07/2024|302.88|302.88|182.58|98.0
154|615820|nhidcl|rehabilitation and up gradation of nongstoin-rambrai-kyrshai road up to meghalaya-assam border from km 0.335 to km 34.039 to 2-lane under nho - ne in the state of meghalaya package-1 |meghalaya|09/2021 |05/2022|05/2024 |06/2025|359.86|359.86|171.55|74.0
155|615821|nhidcl|construction of 2-lane with paved shoulders of shillong western bypass starting from nh-06 near ladumsaw existing km 60.900 of old nh40 to nh106 old nh 44e package-iii, from km 24700 to km 38256 under sardp-ne phase a in the state of meghalaya on epc mode greenfield alignment |meghalaya|03/2023 |09/2024|09/2026 |09/2026|562.48|562.48|57.57|42.0
156|615822|nhidcl|construction of 2 lane with paved shoulder of shillong western bypass starting from nh-06 near ladumsaw existing km 60.900 of old nh-40 to nh-106 old nh- 44e, package-ii km 12800 to km 24700 under sardp-ne phase a in the state of meghalaya on epc mode |meghalaya|03/2023 |09/2024|09/2026 |09/2026|686.03|686.03|202.27|34.0
157|705933|nhidcl|construction of 2-lane with paved shoulder of shillong western bypass starting from nh-06 near ladumsaw existing km 60.900 of old nh-40 to nh106 old nh- 44e, km 0000 to km 12800 package-i under sardp-ne phase a in the state of meghalaya on epc mode greenfield alignment |meghalaya|03/2023 |09/2024|09/2026 |09/2026|620.3|620.3|167.31|54.0
158|705941|nhidcl|up-gradation to 2 lane with paved shoutders of pawlrang - rulchawm section- of nh-102b of aizawl - imphal economic corridor from existing chainage km 72.030 to km 104.129 including 2.459 km re-alignment section from tuivai river to rulchawm connecting km 48.150 of nh-6 [design chainage km 68.170 to km 98.579] in the state of mizoram under bharatmala pariyojna on epc mode under nho-ne package-3 keifang- tuivai pkg-3 |mizoram|12/2021 |11/2023|05/2025 |07/2025|500.88|500.88|305.45|75.0
159|615843|nhidcl|2-laning of zorinpui - longmasu section of nh-502a from km 0.000 to km 28.244 in the state of mizoram on epc mode under nho-ne, stretch of imbr |mizoram|02/2023 |12/2024|12/2026 |12/2026|781.85|781.85|7.46|4.0
160|615857|nhidcl|4-laning of vairengte - chhimluang section package-3 of nh-306 from existing chainage km 43000 to km 59700 design chainage km 46000 to km 60850 on silchar - vairengte- sairang road in the state of mizoram under bharatmala pariyojna under nho-ne. package-1&2 in assam state |mizoram|12/2021 |07/2025|01/2027 |01/2027|491.39|491.39|0.0|0.0
161|615858|nhidcl|4-laning of chhimluang-kolasib from section pkg-4 of nh-306 & nh-6 existing chainage km 59700 to km 86000 design chainage km 61000 to km 77500 on silchar-vairengte-sairang road in the state of mizoram under bharatmala pariyojna on epc mode vairengte - sairang pkg-4 |mizoram|12/2021 |07/2025|01/2027 |01/2027|561.91|561.91|0.0|0.0
162|615860|nhidcl|4-laning of kolasib - sethawn section package-5 of nh-6 from existing chainage km 86000 to km 107850 design chainage km 77500 to km 95500 on silchar - vairengte - sairang road under bharatmala pariyojna on epc mode under nho-ne vairengte - sairang pkg-5 |mizoram|11/2021 |07/2025|07/2027 |07/2027|720.4|720.4|0.0|0.0
163|615861|nhidcl|4-laning of sethawn - n. kawnpui section package-6 of nh-6 from existing chainage km 107850 to km 126315 design chainage km 95500 to km 111850 on silchar-vairengte- sairang road, vairengte - sairang pkg-6 |mizoram|12/2021 |07/2025|01/2027 |01/2027|595.65|595.65|0.0|0.0
164|615862|nhidcl|construction of 4-laning of n. kawnpui n. mualvum mualkhang via khamrang village section package-7 of nh-6 from existing chainage km 127200 to km 142000 design chainage km 111850 to km 123400 on silchar - vairengte - sairang road in the state of mizoram on epc mode |mizoram|02/2024 |10/2025|10/2028 |10/2028|866.32|866.32|0.0|0.0
165|615863|nhidcl|construction of 4-laning of west serawlg-sairang section of nh-6 from existing chainage km 142000 to km 158900 design chainage km 123400 to km 136260 on silchar - vairengte - sairang road in the state of mizoram under bharatmala pariyojna on epc mode under nho-ne package-8 |mizoram|02/2024 |11/2025|11/2028 |11/2028|875.79|875.79|0.0|0.0
166|615865|nhidcl|construction of twin tube uni-directional aizawl bypass tunnel of 2.5 km and its approaches of 2.1 km from km 10.600 to km 15.200 on sarrang - phaibawk section of nh-6 in the state of mizoram on epc mode under nho-ne package- 2 |mizoram|01/2024 |12/2025|12/2028 |12/2028|1313.28|1313.28|0.0|0.0
167|607701|nhidcl|construction of 2-lane aizawl bypass from km 15.200 to km 34.500 package-3 on sairang - phaibawk section of nh-6 in the state of mizoram under bharatmala pariyojna on epc mode under nho-ne |mizoram|02/2023 |10/2025|11/2028 |11/2028|720.72|720.72|0.0|0.0
168|607709|nhidcl|widening and up-gradation to 2- lane with paved shoulder configuration and geometric improvement from km. 208. 000 to km 250.000 package-5 on aizawl tuipang section of nh-54 in the state of mizoram package-5 |mizoram|09/2019 |10/2019|04/2023 |04/2023|752.89|752.89|125.62|95.0
169|615914|nhidcl|widening and up-gradation to 2- lane with paved shoulder configuration and geometric improvement from km. 125. 000 to km 166 package-3 on aizawl tuipang section of nh-54 in the state of mizoram package-3 |mizoram|09/2019 |10/2019|04/2023 |11/2024|867.09|867.09|159.47|97.0
170|615916|nhidcl|widening and up-gradation to 2-lane with paved shoulder configuration and geometric improvements from km 250.00 lunglei to km 298.00 on aizawl- tuipang section under jica oda loan assistance phase-i package-6 |mizoram|09/2019 |12/2019|06/2023 |03/2025|768.76|768.76|168.78|98.0
171|615917|nhidcl|widening and up-gradation to 2-lane with paved shoulder configuration and geometric improvements from km 298.00 to km 339.00 on aizawl-tuipang section under jica oda loan assistance phase-i package-7 |mizoram|09/2019 |10/2020|04/2024 |03/2025|605.76|750.32|0.01|100.0
172|615918|nhidcl|widening and up-gradation to 2-lane with paved shoulder configuration and geometric improvements from km 339.00 to km 380.00 siaha on aizawl-tuipang section under jica oda loan assistance phase-i package-8 |mizoram|09/2019 |03/2020|09/2023 |05/2025|637.06|637.06|101.89|99.0
173|615919|nhidcl|widening and up-gradation to 2- lane with paved shoulder configuration and geometric improvement from km. 166. 000 to km 208.000 package-4 on aizawl tuipang section of nh-54 in the state of mizoram package-4 |mizoram|09/2019 |10/2019|04/2023 |09/2024|899.45|899.45|191.59|99.0
174|615982|nhidcl|up-gradation to 2-lane with paved shoulders of ngopa - pawlrang section of nh 102b of aizawl - imphal economic corridor from existing chainage km 32.796 to km 72.030 [design chainage km 31.280 to km 68.170] in the state of mizoram under bharatmala pariyojna on epc mode under nho-ne package-2 keifang- tuivai pkg-2 |mizoram|09/2021 |09/2023|02/2025 |06/2026|523.78|523.78|394.29|95.0
175|616044|nhidcl|rehabilitation and upgradation to 2 lane with paved shoulder of economic corridor of nh-6 from design chaiange km 0.000 to km 13.510 package-1 in the state of mizoram under bharatmala pariyojana on epc mode |mizoram|03/2020 |07/2020|06/2022 |06/2024|206.9|206.9|0.0|0.0
176|616050|nhidcl|rehabilitation and up gradation to 2-lane with paved shoulder of keifang section economic corridor of nh-06 from existing chainage km 30050 keifang to km 50360 keifang, design chainage km 27400 to km 45040 pkgiii in the state of mizoram under bharatmala pariyojna on epc mode seling-dulte - iii |mizoram|03/2020 |07/2020|06/2022 |12/2024|292.23|292.23|0.0|0.0
177|616223|nhidcl|construction of 2-laning with hard shoulder of lunglei to chhumkhum from design chainage km 0.000 to km 37.420 of nh-302 [lunglei-tlabung] package- a |mizoram|03/2021 |06/2021|12/2022 |05/2025|698.45|698.45|512.11|64.0
178|616225|nhidcl|construction of 2-laning with hard shoulder configuration of chhumkhum to tlabung from design chainage km 37.420 to km 74.950 of nh-302 in mizoram under bharatmala pariyojana on epc mode [pkg-b] |mizoram|06/2021 |07/2021|01/2023 |05/2025|740.58|740.58|381.94|61.0
179|616226|nhidcl|widening to 2 lane with hard shoulder of akegwo-avangkhu section of nh-202k for package-i design chainage 0000 km to 34795 km, in the state of nagaland on epc mode under nh o-ne |nagaland|12/2022 |08/2023|02/2026 |02/2026|430.24|430.24|0.0|78.0
180|616227|nhidcl|widening to 2 lane with hard shoulder of akegwo-avangkhu section of nh-202k for package-iii design chainage 69875 km to 106816 km in the state of nagaland on epc mode under nho-ne |nagaland|12/2022 |08/2023|02/2026 |02/2026|497.18|497.18|0.0|80.0
181|616229|nhidcl|widening to 2 lane with hard shoulder of akegwo-avangkhu section of nh-202k for package-ii design chainage 34795 km to 69875 km in the state of nagaland on epc mode under nho-ne |nagaland|12/2022 |08/2023|02/2026 |02/2026|442.54|442.54|0.0|38.0
182|616230|morth|widening to existing single lane /intermediate lane to 2 lane from km185.00 to km 220.00 of nh-61 new nh-02 in the state of nagaland. |nagaland|03/2021 |07/2022|07/2024 |03/2025|297.25|297.25|128.97|85.0
183|616231|nhidcl|balance work of construction of 2-lane with hard shoulder of kohima - jessami road on nh-29 old nh-150 from existing km 98.380 near chizami vill. to km120.367 nagaland/manipur border [design km 95.700 to design km 117.200] [design length 21.500 km] in the state of nagaland under bharatmala pariyojna on epc mode package-v under nho |nagaland|03/2020 |11/2023|11/2025 |11/2025|330.8|330.8|0.0|91.0
184|616232|nhidcl|construction of 2-lane with hard shoulder of kohima - jessami road on nh-29 old nh-150 from existing km 30.474 near kidwema road chakahabama to existing km 53.220 near kikruma village design km 29.60 to km 51.50 design length-21.90 km in the state of nagaland under bharatmala pariyojna on epc mode under nho package-ii -balance work |nagaland|03/2020 |01/2024|01/2026 |01/2026|355.79|355.79|0.0|29.0
185|616233|nhidcl|4-laning of balance work of dimapur-kohima road from design km 152.490 to km 166.700 existing km 156.000 to km 172.900 excluding dimapur & kohima bypass under sardp-ne package-iii |nagaland|03/2016 |09/2023|09/2025 |09/2025|562.98|794.75|0.0|0.0
186|616234|nhidcl|construction of 4/6 laning from km 132.375 to km 153.058 total new alignment length of 20.683 km of daboka-dimapur section dimapur bypass nagaland portion of nh-36 & 39 in the state of nagaland on epc basis under phasea of sardp-ne |nagaland|02/2017 |09/2017|09/2020 |02/2023|819.39|819.39|0.0|0.0
187|616235|nhidcl|construction of 2-lane with paved shoulder of kohima- bypass road connecting nh-39new nh-02, nh-150new nh-02, nh-61new nh-29, nh-39new nh-02 from design km 32.00 to design km 43.454design length-11.454 km in the state of nagaland under sardp-ne on epc mode package-iv |nagaland|07/2020 |10/2020|04/2022 |05/2025|202.36|202.36|89.76|34.0
188|616236|nhidcl|construction of 2-lane with paved shoulder of kohima-bypass road connecting nh- 39 new nh-02, nh150new nh-02, nh7-61 new nh-29 and nh-39 new nh-02 from design km 21.000 to km 32.268 [design length11.268 km] in the state of nagaland under sardp-ne on epc mode package- 3 |nagaland|07/2020 |06/2023|06/2025 |03/2025|159.85|342.29|74.36|35.0
189|616253|nhidcl|construction of 2-lane with paved shoulder of kohima-bypass road connecting new nh-02 and new nh-29 from design km 10.500 to design km 21.000 [design length- 10.500 km] including tunnel of 500m at ch. 11.000 in the state of nagaland under sardp-ne on epc mode package-2 |nagaland|07/2020 |10/2020|10/2022 |01/2024|277.44|277.44|172.09|67.0
190|616254|nhidcl|construction of 2-lane with paved shoulder of kohima-bypass road connecting nh-39new nh-02, nh-150new nh-02, nh-61new nh-29 and nh-39new nh-02 from design km 0.00 to km 10.500 in the state of nagaland under sardp-ne on epc mode package-1 -balance work |nagaland|07/2020 |11/2023|11/2026 |11/2026|232.29|350.88|0.0|22.0
191|616586|morth|widening of existing single lane / intermediate lane road to 2 lane from km 101 to km 125 of nh 61 |nagaland|06/2020 |06/2024|06/2026 |06/2026|252.2|252.2|0.0|41.0
192|616587|morth|widening of existing single lane to intermediate lane road from mokokchung to chare via dikhu in the state of nagaland on epc mode |nagaland|02/2021 |06/2023|06/2025 |06/2025|192.93|192.93|99.65|0.0
193|616588|nhidcl|construction of 2-lane with hard shoulders of merangkong-tamlu-mon road on epc basis from existing road km. 76.640 to km 98.065 design chainage km. 63.800 to km. 86.835 design length-23.035 km in the state of nagaland under sardp-ne pkg-iv balance work |nagaland|03/2018 |09/2023|09/2025 |09/2025|323.98|323.98|65.6|65.0
194|616594|nhidcl|construction of 2-lane with hard shoulders of merangkong-tamlu-mon road wakching twon portion on epc basis from existing chainage km 59000 to km 73640 [design km. 59000 to km, 72450] design length - 13.450 km under sardp-ne package-v balance work |nagaland|03/2021 |09/2023|09/2025 |09/2025|161.73|161.73|0.0|0.0
195|616600|nhidcl|construction of 2-lane with hard shoulders of merangkong-tamlu-mon mtm road from existing km 20.456 to km 41.065 design km. 20 to km. 40.0 design length-20.000 km in the state of nagaland under sardp-ne phase-a pkg-2 balance work |nagaland|03/2018 |08/2023|08/2025 |08/2025|215.79|215.79|25.25|95.0
196|616604|nhidcl|construction of 2 laning with hard shoulder of peren-dimapur section on nh 129a from design km 146.208 to km 163.592 length- 17.384 km in the state of nagaland on epc mode under nho-tsp package-iii |nagaland|02/2021 |06/2023|06/2025 |11/2025|177.77|199.02|0.0|76.0
197|616605|nhidcl|construction of balance work for 2-lane with hard shoulder of peren- dimapur section on nh-129a from design km 126.775 to km 146.208 length 19.433 km in the state of nagaland on epc mode under nho-tsp package-ii |nagaland|01/2021 |09/2023|09/2025 |09/2025|258.52|258.52|47.41|81.0
198|706718|morth|construction of two lane with paved shoulder gangtok bypass road from ranipool to burtuk ch 0.00 km to 23.316 l23.316 km in the state of sikkim |sikkim|10/2021 |05/2022|05/2024 |01/2025|385.15|342.89|0.0|78.0
199|616611|nhidcl|construction & upgradation of existing road to 2-lane with paved shoulder from new rolep bridge at km 37.600 to chochenpheri at km 52.00 in the section of rongli to chochenpheri of nh 717b pkg-ii c |sikkim|10/2020 |05/2021|05/2024 |02/2025|493.42|478.79|0.0|72.0
200|706724|nhidcl|construction of 2-laning with paved shoulder of new greenfield alignment from helipad near menla at km 82000 to menla at km 94030 of rhenock-menla spur nh-717b package-iiib on epc basis under sardp-ne phase 'a' in the state of sikkim. |sikkim|01/2021 |02/2021|02/2024 |09/2025|410.6|379.3|0.0|79.0
201|616612|nhidcl|construction of 2-laning with paved shoulder of new greenfield alignment from chochenpheri at km 52000 to helipad near menla at km 82000 of rhenock- menla spur nh-717b package-iiia on epc basis under sardp-ne phase 'a' in the state of sikkim. |sikkim|10/2020 |12/2020|12/2023 |09/2025|816.79|786.6|32.28|56.0
202|616615|nhidcl|construction & upgradation of existing road to 2-lane with paved shoulder from km27.200 end of rongli bypass to km37.600new rolep bridge of rhenok-menla spur nh-717b on epc mode under sardp-ne phase-a in sikkim pkg-ii b |sikkim|07/2020 |10/2020|04/2023 |02/2025|230.45|244.91|0.0|77.0
203|616616|nhidcl|rehabilitation & upgradation of existing road to 2-lane with paved shoulder including geometric improvement of section from start of rabangla km33.600 to km58.840 under sardp-ne phase a pkg- iv |sikkim|07/2020 |10/2020|05/2022 |04/2025|292.8|292.8|1.91|62.0
204|706757|nhidcl|melaghar-srimantapur section on nh-08 spur from km 23 to km 34.500 11.5 km and overlay from km 20.30 to km 22.00 1.7 km total length 13.2 km |tripura|01/2023 |05/2023|11/2024 |11/2025|195.95|195.95|68.88|61.0
205|706759|nhidcl|rehabilitation and up-gradation of road from design km 25.250 to km 36.460 total lengh 11.210 km of kailashahar-kurti bridge section on nh-208a to 2-lane with paved shoulder on epc basis under nho package-iii- balance work |tripura|02/2020 |09/2024|09/2025 |09/2025|174.43|174.43|0.0|0.0
206|706763|nhidcl|rehabilitation & upgradation of road from km 0.00 to km 18.600 total length- 18.600 km of kumarghat-kailashahar section on nh-208 to 2-lane with paved shoulder on epc bais under nho |tripura|02/2020 |07/2020|01/2022 |10/2024|277.5|302.03|0.0|0.0
207|706775|nhidcl|improvement and widening to 2-lane with paved shoulder of road from design km 72.000 pati chhari to design km 107.654 harina total length 35.654 km on teliamura to harina section of nh 208 in the state of tripura on epc mode under jica oda loan phase vi package-4 |tripura|01/2024 |12/2024|12/2026 |12/2026|726.9|726.9|169.64|6.0
208|706776|nhidcl|improvement and widening to 2-lane with paved shoulder of road from design km 36.000 rangamati to design km 72.000 pati chhari total length 36.000 km on teliamura to harina section of nh 208 in the state of tripura on epc mode under jica oda loan phase vi package-3 |tripura|01/2024 |09/2024|09/2026 |09/2026|670.9|670.9|0.0|6.0
209|706777|nhidcl|improvement and widening to 2-lane with paved shoulder of road from existing km 438.170 khowai chowmuhani to existing km 439.410 south pulinpur of nh- 08 and from design km 0.000 south pulinpur to design km 36.00 near rangamati of nh 208 on khowai teliamura- harina section total length 37.24 in the state of tripura on epc mode under jica oda loan phase vi package-2 |tripura|01/2024 |09/2024|09/2026 |09/2026|657.21|657.21|0.0|47.0
210|706779|nhidcl|improvement and widening to 2-lane with paved shoulder of road from km 101.300 to km 127.319 total length 26.019 km i.e. the khowai teliamura- amarpur-harina-sabroom section of nh 208 in the state of tripura on epc under jica oda loan phase vi package-1 |tripura|01/2024 |07/2024|07/2026 |07/2026|431.78|431.78|0.0|0.0
211|706780|nhidcl|improvement & widening of existing nh-08 to 4-lane with paved shoulder from champak nagar to khayerpur section design km 242500 to km 261610 in the state of tripura on epc basis under nho-ne |tripura|12/2023 |09/2024|09/2026 |09/2026|920.66|920.66|0.0|41.0
212|706781|nhidcl|rehabilitation and up-gradation of road from km 16.077 to km 43.935 total length 27.858 km of lalchara-kanchanpur section via shivbari on nh-44a to 2 lane with paved shoulder in the state of tripura on epc mode pkg-2 under bharatmala pariyojana manu-simlung -2 |tripura|02/2022 |01/2023|01/2025 |04/2025|456.88|456.88|0.0|0.0
213|616670|nhidcl|construction of 4-lane with paved shoulder agartala bypass western side, length 25.402 km connecting nh-8 near amtali to nh-108b near lembuchhera in the state of tripura on epc basis under nho-ne |tripura|03/2023 |03/2024|03/2027 |03/2027|2026.05|2026.05|0.0|0.0
214|616671|department of telecommunications|provision of 4g based mobile services in uncovered villages and national highways of meghalaya |meghalaya|09/2019 |09/2020|03/2022 |03/2026|971.96|971.96|216.36|99.0
215|616672|department of telecommunications|provision of 4g mobile services in uncovered villages of arunachal pradesh and 2 districts of assam |multi-states (arunachal pradesh, assam)|12/2020 |10/2021|04/2023 |03/2026|1255.49|1255.49|299.42|99.0
216|616691|department of water resources, river development & gr|borolia irrigation project |assam|04/1996 |12/1996|12/2022 |03/2026|256.16|256.16|44.7|55.0
217|616694|water resources department-mn|thoubal multipurpose project |manipur|04/1997 |04/1997|12/2019 |03/2026|1449.44|1822.24|1837.91|98.0
218|616695|airport authority of india [aai]|construction of new domestic terminal building building and miscellaneous works including maintenance, operations and aicmc at kadapa airport |andhra pradesh|03/2023 |01/2024|01/2026 |05/2026|265.91|265.91|97.14|50.0
219|616697|airport authority of india [aai]|construction of new integrated terminal building and associated works including apron to park 3 code e type of aircraft or 6 code c type of aircraft at vijayawada airport. |andhra pradesh|06/2020 |09/2020|09/2022 |07/2026|611.8|611.8|523.14|87.0
220|706811|airport authority of india [aai]|construction of new domestic terminal building at rajahmundry airport. |andhra pradesh|12/2022 |08/2023|08/2025 |03/2026|347.15|347.15|135.95|73.0
222|616699|airport authority of india [aai]|development of new civil enclave at bihta |bihar|08/2024 |04/2025|03/2027 |03/2027|1413.0|1413.0|0.0|1.0
223|616701|airport authority of india [aai]|development of new civil enclave and associated works at darbhanga airport |bihar|07/2024 |07/2024|07/2026 |07/2026|911.66|911.66|290.1|53.0
224|706835|airport authority of india [aai]|construction of new domestic terminal building [phase-i and ii] and other allied structures at jpni airport, patna |bihar|12/2018 |10/2018|05/2026 |05/2026|1216.9|1216.9|1182.02|97.0
225|706837|airport authority of india [aai]|goa airport terminal building extension project |goa|11/2017 |12/2019|12/2021 |04/2026|255.69|255.69|154.3|98.0
226|706854|airport authority of india [aai]|development of keshod airport. |gujarat|na |07/2025|01/2027 |01/2027|363.1|363.1|20.47|13.0
227|706860|airport authority of india [aai]|development of dholera international greenfield airport , gujarat |gujarat|06/2022 |07/2022|06/2026 |06/2026|1305.0|1551.0|816.15|75.0
228|706866|airport authority of india [aai]|construction of ntb complex including apron, taxi track and other associated civil works and electrical & mechanical installations towards tawi river side at ca jammu. |jammu and kashmir|10/2023 |12/2023|06/2026 |06/2026|861.37|861.37|271.48|46.0
229|706898|airport authority of india [aai]|construction of new domestic terminal building and miscellaneous works at hubli airport |karnataka|06/2023 |01/2024|01/2026 |06/2026|320.47|320.47|112.06|64.0
230|706922|airport authority of india [aai]|construction of new domestic terminal building and miscellaneous works at belagavi airport. |karnataka|06/2023 |02/2024|02/2026 |04/2026|322.45|322.45|170.49|74.0
231|706940|airport authority of india [aai]|development of additional resa on either end on runway 10-28 at calicut airport. construction of embankment with slope protection, drainage system and associated works for additional resa on either end on runway 10-28 |kerala|06/2023 |02/2024|09/2025 |06/2026|484.57|484.57|128.81|39.0
232|706942|airport authority of india [aai]|construction of terminal building & associated works at leh airport, ladakh |ladakh|07/2018 |09/2018|09/2021 |07/2026|480.0|640.0|492.21|78.0
234|706950|airport authority of india [aai]|sitc of atm automation system and asmgcs [including smr & mlat] for mumbai, navi mumbai, jewar [earlier mopa, without asmgcs], hial & bial |multi-states (karnataka, maharashtra, telangana, uttar pradesh)|12/2020 |10/2022|09/2025 |08/2026|500.48|500.48|358.76|77.0
235|616841|airport authority of india [aai]|development of new greenfield airport at bundi, kota rajasthan. |rajasthan|08/2025 |10/2025|10/2027 |10/2027|1507.0|1507.0|18.8|4.0
236|616842|airport authority of india [aai]|construction of new passenger terminal building for domestic operations at jodhpur airport. |rajasthan|06/2022 |05/2023|03/2026 |01/2026|480.0|480.0|331.35|95.0
237|616843|airport authority of india [aai]|construction of new integrated passenger terminal building at udaipur airport |rajasthan|06/2023 |11/2023|03/2026 |09/2026|887.0|887.0|479.75|59.0
239|616856|airport authority of india [aai]|modernization of chennai airport, phase ii, part 2 |tamil nadu|05/2018 |06/2023|07/2025 |06/2026|1207.0|1207.0|230.44|29.0
240|616857|airport authority of india [aai]|development of lal bahadur shastri international airport, varanasi including c/o new terminal building, apron extension, runway extension, ptt and allied works. |uttar pradesh|07/2024 |07/2024|07/2027 |07/2027|2869.65|2869.65|446.45|22.0
241|616858|airport authority of india [aai]|development of new integrated civil enclave at agra airport |uttar pradesh|06/2024 |07/2024|07/2026 |07/2026|579.0|579.0|154.3|32.0
242|616879|airport authority of india [aai]|development of new civil enclave at bagdogra airport |west bengal|08/2024 |09/2024|03/2027 |01/2027|1549.0|1549.0|380.97|17.0
243|616886|airport authority of india [aai]|re-construction of rigid portions of secondary runway, k and a taxiway and strengthening of c taxiway at nscbi airport kolkata. |west bengal|03/2023 |12/2023|10/2025 |08/2026|328.3|328.3|111.43|53.0
246|707020|south eastern coalfields limited [secl]|porda chimtapani ocp [10 mty] |chhattisgarh|12/2020 |12/2020|03/2029 |03/2029|2310.12|2310.12|92.68|10.0
247|707021|south eastern coalfields limited [secl]|baroud oc expansion [3.0-10.0m |chhattisgarh|08/2020 |08/2020|03/2029 |03/2029|2309.8|2309.8|958.18|55.0
248|707022|south eastern coalfields limited [secl]|dipka expansion ocp [40 mty] |chhattisgarh|12/2020 |12/2020|03/2029 |03/2029|5241.4|5241.4|2872.57|37.0
249|707039|south eastern coalfields limited [secl]|gevra oc [70 mty] |chhattisgarh|03/2016 |03/2016|03/2023 |03/2027|11816.4|11816.4|6822.05|78.0
250|707044|south eastern coalfields limited [secl]|amera oc rce [1.0 mty] |chhattisgarh|02/2015 |02/2015|03/2026 |03/2026|335.97|335.97|90.07|42.0
251|616933|south eastern coalfields limited [secl]|amgaon oc rce [1.0 mty] |chhattisgarh|07/2015 |07/2015|03/2026 |03/2026|316.11|316.11|188.72|78.0
252|707045|south eastern coalfields limited [secl]|jagannathpur oc rce project |chhattisgarh|07/2016 |07/2016|03/2025 |03/2026|459.49|459.49|274.35|96.0
253|707046|south eastern coalfields limited [secl]|mahamaya ocp [1.50 mty] |chhattisgarh|05/2018 |05/2018|03/2026 |03/2028|410.26|410.26|183.99|54.0
254|707049|south eastern coalfields limited [secl]|katkona ro ug mine |chhattisgarh|01/2023 |01/2023|03/2029 |03/2029|329.21|329.21|61.34|2.0
255|707050|south eastern coalfields limited [secl]|pelma oc mdo |chhattisgarh|10/2022 |10/2022|03/2033 |03/2033|1725.04|1725.04|15.91|40.0
256|707058|secl - cil|kusmunda oc expansion project |chhattisgarh|11/2024 |11/2024|03/2030 |03/2030|4516.88|4516.88|785.12|21.0
257|707059|south eastern coalfields limited [secl]|manikpur oc expansion project |chhattisgarh|01/2025 |01/2025|03/2029 |03/2029|382.61|382.61|113.03|21.0
258|616950|ecl - cil|hura c ocp |jharkhand|08/2022 |08/2022|03/2029 |03/2029|859.41|859.41|454.68|63.0
259|707069|ministry of coal|konar expansion ocp |jharkhand|01/2022 |01/2022|03/2032 |03/2032|799.34|799.34|429.61|46.0
260|707070|ministry of coal|karo expansion ocp |jharkhand|01/2022 |01/2022|03/2029 |03/2029|908.47|908.47|278.34|22.0
261|707086|ministry of coal|sanghmitra oc |jharkhand|03/2024 |03/2024|03/2032 |03/2032|2660.0|2660.0|6.57|16.0
262|707087|ministry of coal|chandragupt ocp |jharkhand|08/2020 |08/2020|03/2032 |03/2032|973.5|973.5|440.75|24.0
263|617068|ministry of coal|kotre basantpur pachmo ocp |jharkhand|08/2020 |08/2020|03/2032 |03/2032|861.06|625.4|455.95|42.0
264|617069|nlc india limited [nlcil]|pachwara south coal block |jharkhand|03/2016 |11/2019|09/2028 |09/2028|2242.9|2242.9|1289.25|87.0
265|707215|ministry of coal|rpr magadh exp ocp |jharkhand|08/2020 |08/2020|03/2028 |03/2028|7254.37|7254.37|1618.78|38.0
266|707229|ministry of coal|north urimari expansion ocp |jharkhand|07/2021 |07/2021|03/2029 |03/2029|778.8|778.8|602.95|68.0
267|707267|ministry of coal|epr rohini - karketta ocp |jharkhand|01/2021 |01/2021|03/2028 |03/2028|1020.42|1020.42|84.94|21.0
268|617179|ministry of coal|epr pundi ocp |jharkhand|11/2020 |11/2020|03/2027 |03/2027|713.35|713.35|236.58|10.0
269|617181|ministry of coal|epr ashok oc |jharkhand|05/2021 |05/2021|03/2031 |03/2031|2898.28|2898.28|185.05|26.0
270|617182|ministry of coal|epr amrapali ocp |jharkhand|02/2020 |02/2020|03/2028 |03/2028|5136.15|5136.15|1264.89|42.0
271|617183|ministry of coal|rajrappa rce ocp |jharkhand|12/2009 |12/2009|03/2016 |03/2027|510.85|510.85|488.71|77.0
272|617184|eastern coal fields limited [ecl]|chitra east oc |jharkhand|08/2018 |08/2018|03/2026 |03/2028|513.99|513.99|230.98|53.0
273|617185|ministry of coal|jharkhand-laiyo ocp |jharkhand|08/2020 |08/2020|03/2031 |03/2031|764.57|764.57|145.81|29.0
274|617186|ministry of coal|moonidih xv seam ug |jharkhand|08/2011 |08/2011|03/2019 |05/2026|1230.27|1230.27|649.78|82.0
275|617188|ministry of coal|2.5 mtpa patherdih nlw washery |jharkhand|10/2015 |04/2016|04/2018 |12/2026|334.27|334.27|151.13|51.0
276|617200|ministry of coal|amalagamated ntst kujama ocp 8.5mty |jharkhand|01/2023 |01/2023|03/2030 |03/2030|4011.85|4011.85|414.93|28.0
277|617201|ministry of coal|muraidih ug project |jharkhand|02/2011 |02/2011|04/2014 |12/2026|339.87|339.87|191.0|70.0
278|617206|ministry of coal|tapin south expn |jharkhand|11/2020 |11/2020|03/2028 |03/2028|230.41|230.41|22.02|21.0
279|617207|ministry of coal|sirka oc |jharkhand|05/2020 |05/2020|03/2028 |03/2028|222.82|222.82|140.58|53.0
280|617210|ministry of coal|tetariakhar oc |jharkhand|11/2019 |11/2019|03/2025 |03/2027|243.52|243.52|49.54|30.0
281|609019|eastern coal fields limited [ecl]|chuperbhita simlong ocp mdo 6 |jharkhand|12/2023 |12/2023|03/2037 |03/2037|979.08|979.08|0.0|0.0
282|617212|ccl - cil|jarangdih expn. ocp 1.5 mty |jharkhand|02/2020 |02/2020|03/2029 |03/2029|414.37|414.37|85.6|33.0
283|617211|ministry of coal|block e ocp |jharkhand|03/2024 |03/2024|03/2029 |03/2029|5850.83|5850.83|20.32|4.0
284|617214|bharat coking coal limite|revised jharia master plan for dealing with fire, subsidence & rehabilitation of affected families in jharia coalfield- reg. |jharkhand|06/2025 |07/2025|12/2028 |12/2028|5940.47|5940.47|29.81|21.0
285|617215|ministry of coal|amadand ocp[4.0mty] |madhya pradesh|03/2016 |03/2016|03/2021 |03/2027|869.44|869.44|279.78|75.0
286|617216|south eastern coalfields limited [secl]|rampur batura ocp [4.0mty] |madhya pradesh|07/2019 |07/2019|03/2026 |03/2026|1248.93|1248.93|498.6|44.0
287|617213|northern coalfields limited [ncl]|block b expansion [3.5 to 8.0 |madhya pradesh|07/2019 |07/2019|03/2023 |03/2027|998.71|998.71|492.6|48.0
288|617221|northern coalfields limited [ncl]|nigahi expansion [15 to 25 mtp |madhya pradesh|11/2020 |11/2020|03/2025 |03/2028|1729.68|1729.68|880.24|48.0
289|617224|south eastern coalfields limited [secl]|kanchan oc exp |madhya pradesh|12/2014 |12/2014|03/2026 |03/2028|371.04|371.04|144.61|58.0
290|617225|south eastern coalfields limited [secl]|jhiria west ocp [1.5 mty] |madhya pradesh|01/2024 |01/2024|03/2029 |03/2029|366.94|366.94|34.12|41.0
291|617226|western coalfields limited [wcl]|rpr tawa-iii ug 0.84 mty |madhya pradesh|12/2021 |12/2021|03/2027 |03/2027|314.09|314.09|6.09|17.0
292|617231|western coalfields limited [wcl]|amalgamated dhankasa & jamunia |madhya pradesh|09/2022 |09/2022|03/2027 |03/2027|399.2|399.2|98.57|67.0
293|617233|western coalfields limited [wcl]|rpr of vishnupuri ug to oc |madhya pradesh|11/2022 |11/2022|03/2029 |03/2029|220.62|220.62|0.0|11.0
294|617242|western coalfields limited [wcl]|urdhan expansion oc cost plus |madhya pradesh|07/2022 |01/2023|03/2031 |03/2031|206.88|206.88|27.19|1.0
295|617243|western coalfields limited [wcl]|sharda ug mine |madhya pradesh|07/2022 |09/2023|03/2028 |03/2028|166.25|166.25|5.13|9.0
296|617245|western coalfields limited [wcl]|gandhigram ug mine |madhya pradesh|08/2019 |08/2019|03/2026 |03/2026|414.15|414.15|18.05|56.0
297|617246|northern coalfields limited [ncl]|jayant expn. [20 to 38 mtpa] |madhya pradesh|02/2025 |02/2025|03/2032 |03/2032|25560.48|25560.5|27.5|0.0
298|617248|secl - cil|rpr for rampur batura ocp |madhya pradesh|05/2025 |05/2025|03/2030 |03/2030|1604.69|1604.69|0.0|0.0
299|617249|western coalfields limited [wcl]|bhatadi expansion oc |maharashtra|02/2020 |05/2022|03/2028 |03/2028|580.61|580.61|86.77|33.0
300|617250|western coalfields limited [wcl]|amalgamated yekona i & yekona |maharashtra|08/2015 |08/2015|03/2025 |03/2026|727.28|727.28|539.0|80.0
301|617251|western coalfields limited [wcl]|dinesh[makardhokra-iii] oc |maharashtra|02/2020 |02/2020|03/2027 |03/2027|822.88|822.88|630.25|34.0
302|617252|western coalfields limited [wcl]|dhuptala oc [sasti ug to oc ] |maharashtra|02/2019 |10/2021|03/2028 |03/2028|711.01|711.01|172.84|19.0
303|617253|western coalfields limited [wcl]|saoner ug mine -1 expansion 1. |maharashtra|01/2022 |01/2022|03/2028 |03/2028|228.64|228.64|146.08|68.0
304|617254|western coalfields limited [wcl]|sasti expansion opencast |maharashtra|08/2020 |08/2020|03/2026 |03/2026|319.04|319.04|98.25|20.0
305|617255|western coalfields limited [wcl]|new majri ug to oc 3 mty cost |maharashtra|05/2019 |09/2022|03/2027 |03/2027|402.27|402.27|63.1|24.0
306|617256|western coalfields limited [wcl]|makardhokra expn oc 4.9 mty |maharashtra|06/2022 |06/2022|03/2026 |03/2026|361.87|361.87|85.75|11.0
307|617257|western coalfields limited [wcl]|singhori deep oc min 2.0 mty |maharashtra|05/2022 |05/2022|03/2029 |03/2029|335.75|335.75|39.08|6.0
308|617269|western coalfields limited [wcl]|gokul extension oc mine |maharashtra|04/2021 |04/2021|03/2026 |03/2026|309.58|309.58|48.32|8.0
309|617270|western coalfields limited [wcl]|kolgaon expansion deep oc mine |maharashtra|01/2023 |09/2023|03/2027 |03/2027|198.71|198.71|18.17|2.0
310|617271|western coalfields limited [wcl]|ballarpur north west oc mine |maharashtra|12/2022 |12/2022|03/2029 |03/2029|360.81|360.81|0.02|4.0
311|617272|western coalfields limited [wcl]|gadegaon oc 3 mty |maharashtra|10/2023 |10/2023|03/2030 |03/2030|497.41|497.41|0.08|2.0
312|617278|western coalfields limited [wcl]|ghonsa expansion deep oc mine |maharashtra|03/2021 |03/2021|03/2029 |03/2029|184.71|184.71|14.88|5.0
313|617279|western coalfields limited [wcl]|amlg gauri pauni expansion oc |maharashtra|04/2024 |04/2024|03/2030 |03/2030|1225.21|1225.21|81.05|2.0
314|617280|western coalfields limited [wcl]|gaurideep/gauri central ocp 7. |maharashtra|08/2023 |06/2024|03/2030 |03/2030|973.07|973.07|1.04|0.0
315|617284|western coalfields limited [wcl]|rpr of bhanegaon oc |maharashtra|02/2017 |09/2022|03/2028 |03/2028|405.2|405.2|15.55|7.0
316|617287|western coalfields limited [wcl]|n. extn. mungoli nirguda d ocp |maharashtra|06/2024 |06/2024|03/2029 |03/2029|1024.91|1024.91|175.75|0.0
317|617288|western coalfields limited [wcl]|niljai expansion deep ocp |maharashtra|08/2016 |08/2016|03/2022 |03/2026|319.75|319.75|188.33|79.0
318|707410|western coalfields limited [wcl]|ukni deep oc mine -cost plus |maharashtra|11/2018 |01/2019|03/2021 |03/2026|237.06|237.06|165.99|87.0
319|617299|western coalfields limited [wcl]|amalgamated inder-kamptee deep |maharashtra|09/2018 |09/2018|03/2024 |03/2026|235.9|235.9|132.1|98.0
320|617302|western coalfields limited [wcl]|adasa ug to oc mine |maharashtra|11/2018 |11/2018|03/2024 |03/2026|316.0|316.0|208.69|86.0
321|617326|western coalfields limited [wcl]|amal gondegaon ghatrohana expn |maharashtra|09/2024 |09/2024|03/2029 |03/2029|668.54|668.54|1.17|0.0
322|617327|western coalfields limited [wcl]|waghoda ug mine [1.02 mty] |maharashtra|01/2024 |01/2025|03/2030 |03/2030|379.3|379.3|0.0|0.0
323|617333|western coalfields limited [wcl]|kolarpimpri expansion oc [2.5 |maharashtra|06/2024 |02/2025|03/2030 |03/2030|630.37|630.37|0.0|0.0
324|617338|western coalfields limited [wcl]|saoner-iii expn ug mine 1.54 |maharashtra|08/2025 |08/2025|03/2032 |03/2032|444.42|444.42|0.0|0.0
325|617345|bharat coking coal limited [bccl]|master plan for jharia and raniganj coalfields |multi-states (jharkhand, west bengal)|08/2009 |08/2009|08/2019 |12/2028|2661.73|2661.73|794.33|43.0
326|617361|northern coalfields limited [ncl]|bina kakri amalgamation expans |multi-states (madhya pradesh, uttar pradesh)|08/2020 |08/2020|03/2024 |03/2027|836.42|836.42|831.11|89.0
327|617364|northern coalfields limited [ncl]|khadia expansion [10 to 16 mtp |multi-states (madhya pradesh, uttar pradesh)|06/2021 |06/2021|03/2025 |03/2027|491.67|491.67|266.47|53.0
328|617370|mahanadi coalfields limited [mcl]|subhadra ocp |odisha|05/2021 |05/2021|04/2032 |04/2032|1693.81|1693.81|1326.85|43.0
329|617372|mahanadi coalfields limited [mcl]|siarmal ocp |odisha|02/2021 |02/2021|03/2029 |03/2029|5194.95|5194.95|3462.83|57.0
330|617374|mahanadi coalfields limited [mcl]|balaram expansion ocp |odisha|08/2020 |08/2020|03/2029 |03/2029|3504.21|3504.21|976.35|53.0
331|617375|mcl - cil|gopalji kaniha ocp [10 to 30 m |odisha|04/2022 |04/2022|03/2030 |03/2030|8416.19|6107.87|1750.64|31.0
332|617379|mahanadi coalfields limited [mcl]|integrated lakhanpur-belpahar- |odisha|05/2018 |05/2018|03/2027 |03/2027|2434.75|2434.75|1897.72|72.0
333|617390|mahanadi coalfields limited [mcl]|bharatpur re-organization ocp |odisha|11/2018 |11/2018|03/2029 |03/2029|2838.86|2838.86|1678.4|48.0
334|617391|mcl - cil|basundhara west extension open |odisha|05/2014 |05/2014|03/2019 |03/2029|479.15|479.15|275.1|66.0
335|617403|singareni collieries company limited [sccl]|naini coal mine |odisha|03/2020 |03/2020|03/2026 |03/2026|494.3|494.3|491.33|80.0
336|617404|mahanadi coalfields limited [mcl]|integrated kulda garjanbahal o |odisha|04/2023 |04/2023|03/2033 |03/2033|3563.5|3563.5|608.8|4.0
337|617405|mcl - cil|bhubaneswari expn ocp 50 mty |odisha|03/2024 |03/2024|03/2033 |03/2033|5366.27|5366.27|472.93|30.0
338|617406|mcl - cil|hingula ii oc expn ph iii 15 m |odisha|11/2022 |11/2022|03/2029 |03/2029|1561.85|1561.85|275.56|26.0
339|617408|mcl - cil|balabhadra ocp |odisha|04/2023 |04/2023|03/2030 |03/2030|978.44|978.44|214.56|12.0
340|617409|nlc india limited [nlcil]|talabira ii & iii ocp - fmc |odisha|10/2022 |05/2023|06/2026 |06/2026|522.45|522.45|322.61|70.0
341|617412|singareni collieries company limited [sccl]|jawahar khani open cast mine |telangana|12/2021 |12/2021|03/2025 |03/2027|297.88|297.88|47.06|20.0
342|617413|singareni collieries company limited [sccl]|kalyanikhani opencast project |telangana|03/2016 |05/2017|03/2026 |03/2026|384.32|384.32|285.2|75.0
343|617416|singareni collieries company limited [sccl]|godavarikhani coal mine - 5 |telangana|07/2019 |05/2019|03/2025 |03/2026|607.04|607.04|197.28|71.0
344|617422|singareni collieries company limited [sccl]|indaram opencast project |telangana|08/2017 |12/2022|03/2025 |03/2026|424.81|424.81|405.17|80.0
345|609424|singareni collieries company limited [sccl]|goleti opencast mine |telangana|07/2021 |08/2021|03/2026 |03/2026|345.6|345.6|99.09|28.0
346|617730|singareni collieries company limited [sccl]|venkatesh khani coal mine |telangana|10/2020 |06/2020|03/2026 |03/2026|484.5|484.5|477.14|97.0
347|617801|singareni collieries company limited [sccl]|kakatiyakhani oc - 2 project |telangana|08/2017 |09/2017|03/2025 |03/2026|442.42|442.42|231.61|63.0
348|617802|eastern coal fields limited [ecl]|mohanpur expansion oc -phase i |west bengal|11/2020 |11/2020|03/2026 |03/2030|888.99|888.99|121.34|31.0
349|617803|eastern coal fields limited [ecl]|bonjemehari expansion ocp |west bengal|08/2021 |08/2021|03/2026 |03/2030|570.11|570.11|83.47|17.0
350|617804|eastern coal fields limited [ecl]|nakrakonda kumardih- b ocp |west bengal|08/2018 |08/2018|03/2029 |03/2029|502.68|502.67|71.86|27.0
351|617806|ecl - cil|siduli [oc & ug] |west bengal|05/2018 |05/2018|03/2027 |03/2030|535.18|535.17|5.59|14.0
352|617807|eastern coal fields limited [ecl]|tilaboni ug |west bengal|01/2023 |01/2023|03/2029 |03/2029|749.08|749.07|52.89|11.0
353|617808|eastern coal fields limited [ecl]|jhanjra expansion ug |west bengal|04/2020 |04/2020|03/2029 |03/2029|1210.12|1210.12|550.2|45.0
354|617818|eastern coal fields limited [ecl]|sonepur bazari expansion ocp [ |west bengal|07/2021 |07/2021|03/2029 |03/2029|5365.88|5365.88|599.41|18.0
355|617822|ministry of coal|2.0 mtpa bhojudih nlw washery |west bengal|12/2015 |03/2019|09/2020 |02/2026|384.57|384.57|359.08|97.0
356|617827|eastern coal fields limited [ecl]|itapara ocp |west bengal|12/2023 |12/2023|03/2030 |03/2030|929.1|929.1|70.05|8.0
357|617828|eastern coal fields limited [ecl]|shyamsundarpur ug including sa |west bengal|04/2020 |04/2020|03/2026 |03/2028|483.65|483.65|63.66|16.0
358|617829|eastern coal fields limited [ecl]|parasea-belbaid ug project |west bengal|01/2023 |01/2023|03/2028 |03/2028|389.1|389.1|132.48|22.0
359|617830|eastern coal fields limited [ecl]|parascole jambad ocp |west bengal|11/2024 |11/2024|03/2037 |03/2037|1193.55|1193.55|10.9|0.0
360|617832|nlc india limited [nlcil]|50 mw wind power project |gujarat|07/2022 |01/2024|06/2025 |01/2026|383.84|383.84|323.92|51.0
361|617836|nlc india limited [nlcil]|600 mw khavda solar power project |gujarat|08/2023 |06/2024|06/2026 |06/2026|3335.85|3335.85|1378.51|28.0
362|617837|nlc india limited [nlcil]|200 mw spp part of 510 mw cpsu scheme |gujarat|07/2022 |03/2024|12/2026 |12/2026|1221.41|1221.41|63.57|0.0
363|617838|nlc india limited [nlcil]|100 mw spp part of seci 150 mw hybrid |gujarat|07/2022 |04/2024|12/2026 |12/2026|480.68|480.68|2.57|1.0
364|617839|nlc india limited [nlcil]|nlc talabira thermal power project |odisha|01/2017 |01/2024|03/2030 |03/2030|27212.96|27213.0|2616.26|1.0
365|617877|nlc india limited [nlcil]|300 mw spp part of 510 mw cpsu scheme |rajasthan|07/2022 |03/2023|09/2024 |12/2025|1813.0|1813.0|1752.16|100.0
366|617878|nlc india limited [nlcil]|50 mw solar pp minedout area |tamil nadu|08/2023 |02/2024|03/2025 |12/2025|218.03|218.03|166.55|100.0
367|617882|nlc india limited [nlcil]|ghatampur thermal power plant 3 x 660 mw |uttar pradesh|07/2016 |08/2016|11/2020 |03/2026|17237.8|21780.9|20967.25|94.0
368|617883|railway|dharamjaigarh-korba |chhattisgarh|05/2018 |03/2017|12/2026 |08/2026|1686.22|2438.53|536.26|42.0
369|617885|ministry of coal|shivpur-kathautia new rail [bg] line [49 km] [package ii of tori-shivpur-kathautia line] |jharkhand|02/2018 |05/2022|06/2025 |06/2026|1799.64|2564.34|1663.13|66.0
370|617886|damodar valley corporation|tubed coal mine |jharkhand|07/2016 |10/2016|05/2026 |05/2026|1581.0|1581.0|599.74|36.0
371|617887|national thermal power corporation [ntpc]|badam coal mining project of ntpc |jharkhand|02/2019 |09/2019|12/2056 |04/2027|502.0|784.0|399.59|59.0
375|617890|satluj jal vidyut nigam [sjvn] thermal limited|buxar thermal power project [1320 mw] |bihar|03/2019 |06/2019|01/2024 |12/2025|10439.09|13756.6|13009.49|93.0
376|617891|national thermal power corporation [ntpc]|nabinagar super thermal power project, stage-ii [3x800 mw] |bihar|11/2024 |03/2025|07/2030 |07/2030|29948.0|29948.0|1930.24|6.0
377|617892|national thermal power corporation [ntpc]|lara super thermal power project stage-ii [2 x 800 mw] |chhattisgarh|08/2023 |08/2023|06/2028 |09/2028|15530.0|16106.0|3622.38|23.0
378|617893|national thermal power corporation [ntpc]|sipat super thermal power project, stage-iii [1x800 mw] |chhattisgarh|09/2024 |09/2024|09/2029 |09/2029|9791.0|9791.0|1069.05|8.0
379|617895|satluj jal vidyut nigam [sjvn] thermal limited|bagodara solar power project |gujarat|03/2021 |05/2021|12/2025 |12/2025|339.35|339.35|317.59|51.0
380|617896|satluj jal vidyut nigam [sjvn] thermal limited|dhaulasidh hydro electric project [66 mw] |himachal pradesh|10/2020 |05/2021|11/2025 |03/2027|687.97|1561.21|1048.07|72.0
381|617897|satluj jal vidyut nigam [sjvn] thermal limited|luhri stage-i hydro electric project [210 mw] |himachal pradesh|11/2020 |11/2020|01/2026 |02/2030|1810.56|4681.64|1878.51|51.0
382|617899|satluj jal vidyut nigam [sjvn] thermal limited|382 mw sunni dam hep |himachal pradesh|na |04/2018|03/2027 |03/2027|2615.0|2615.0|495.57|0.5
383|617900|satluj jal vidyut nigam [sjvn] thermal limited|sunni dam hydro electric project [382 mw] |himachal pradesh|01/2023 |01/2023|04/2028 |12/2029|2614.51|4925.87|1042.48|32.0
384|617901|national hydroelectric power corporation limited [nhpc]|pakal dul [drangdhuran] hydroelectric project, 1000 mw |jammu and kashmir|10/2014 |02/2018|04/2020 |12/2026|8112.12|12728.0|8057.69|77.0
385|617904|national hydroelectric power corporation limited [nhpc]|kiru he project |jammu and kashmir|03/2019 |02/2020|09/2023 |12/2026|4287.59|5409.0|3313.59|75.0
386|617905|national hydroelectric power corporation limited [nhpc]|ratle he project - 850 mw, ratle hydroelectric power corporation limited. |jammu and kashmir|02/2021 |01/2022|02/2026 |11/2028|5281.94|5281.94|1415.21|27.0
387|617906|national hydroelectric power corporation limited [nhpc]|kwar he project |jammu and kashmir|05/2022 |11/2022|11/2026 |03/2028|4526.12|4526.12|1203.55|26.0
388|617907|national thermal power corporation [ntpc]|patratu thermal power station expansion project phase-i [3x800 mw] |jharkhand|11/2017 |11/2017|03/2023 |02/2027|18668.0|20302.0|18186.0|86.0
389|617911|damodar valley corporation|koderma thermal power station phase ii [2x800 mw] at koderma, jharkhand |jharkhand|04/2023 |11/2024|03/2029 |03/2029|14358.0|14358.0|1632.9|8.0
390|617912|national thermal power corporation [ntpc]|gadarwara super thermal power project, stage-ii [2x800 mw] |madhya pradesh|11/2024 |05/2025|03/2030 |03/2030|20446.0|20446.0|1229.69|5.0
392|617913|national thermal power corporation [ntpc]|talcher thermal power station stage iii [2 x 660 mw] expansion |odisha|08/2022 |09/2022|05/2027 |03/2028|11843.75|12543.0|5442.33|44.0
395|617914|national thermal power corporation [ntpc]|singrauli super thermal power project, stage-iii [2x800 mw] |uttar pradesh|03/2024 |03/2024|02/2030 |02/2030|17195.0|17195.0|2458.83|13.0
396|617915|national thermal power corporation [ntpc]|tapovan-vishnugad hep [4x130 mw] |uttarakhand|11/2006 |11/2006|03/2013 |04/2029|2978.0|10907.3|7401.46|77.0
397|617916|thdc india limited|tehri pumped storage plant project [4x250 mw] |uttarakhand|07/2006 |06/2011|06/2022 |03/2026|4825.6|8339.0|8189.07|99.0
398|617917|thdc india limited|vishnugad pipalkoti hydro electric project [444 mw] |uttarakhand|08/2008 |01/2014|12/2022 |09/2027|3860.35|6405.08|5100.28|75.0
399|617919|damodar valley corporation|raghunathpur thermal power station phase ii [2x660 mw] at raghunathpur, purulia, west bengal |west bengal|01/2023 |02/2025|06/2029 |06/2029|17673.0|17673.0|1508.59|6.0
400|617921|national thermal power corporation [ntpc]|rammam-iii hepp [3x40 mw] |west bengal|09/2014 |09/2014|09/2019 |03/2029|1381.84|2865.56|1432.07|52.0
401|617923|damodar valley corporation|installation of fgd for 4x210 & 2x250 mw mtps u 1-6 |west bengal|06/2019 |02/2021|01/2024 |05/2026|1037.0|1106.0|1123.79|94.0
402|617924|power grid corporation of india limited [powergrid]|transmission scheme for solar energy zone in ananthpuram 2500mw and kurnool 1000mw |andhra pradesh|09/2023 |09/2023|09/2025 |03/2026|1248.69|1248.69|1102.46|93.0
403|617925|power grid corporation of india limited [powergrid]|augmentation of 1x1500 mva 3rd 765/400 kv transformation capacity at kurnool new substation |andhra pradesh|05/2023 |12/2023|09/2025 |03/2026|163.61|163.61|134.08|83.0
404|617926|power grid corporation of india limited [powergrid]|transmission system strengthening at kurnool- iii ps for integration of additional re generation projects [powergrid kurnool iii ps re transmission limited] |andhra pradesh|03/2025 |03/2025|12/2027 |12/2027|2886.0|2886.0|197.4|12.0
406|617927|power grid corporation of india limited [powergrid]|transmission system for evacuation of additional 7 gw re power from khavda re park under phase-iii part b [vataman transmission limited] |gujarat|12/2023 |12/2023|12/2025 |12/2026|3751.82|3751.82|2138.53|42.0
407|609736|power grid corporation of india limited [powergrid]|transmission system for evacuation of power from potential renewable energy zone in khavda area of gujarat under phase iv [7 gw] part e3 |gujarat|07/2023 |07/2023|07/2025 |03/2026|334.0|334.0|256.07|82.0
408|617928|power grid corporation of india limited [powergrid]|transmission system for evacuation of power from potential energy renewable zone in khavda area of gujarat under ph-iv [7gw] part e2 |gujarat|05/2024 |05/2024|05/2026 |06/2026|679.0|679.0|239.34|36.0
409|617930|power grid corporation of india limited [powergrid]|augmentation of transformation capacity at jam khambhaliya ps [gis] [spv name powergrid jam khambhaliya transmission limited] |gujarat|10/2024 |10/2024|07/2026 |07/2026|329.0|329.0|14.8|6.0
410|617929|power grid corporation of india limited [powergrid]|provision of dynamic reactive compensation at khavda pooling station 1 [kps1] and khavda pooling station 3 [kps3] |gujarat|11/2024 |11/2024|11/2026 |11/2026|501.0|501.0|8.11|3.0
411|617932|power grid corporation of india limited [powergrid]|transmission system for evacuation of power from potential renewable energy zone in khavda area of gujarat under phase-iv [7gw] part b [spv name powergrid south olpad transmission limited] |gujarat|10/2024 |10/2024|10/2026 |03/2027|4766.0|4766.0|1121.91|13.0
412|617933|power grid corporation of india limited [powergrid]|augmentation of transformation capacity at kps1 [gis] and kps2 [gis] [phase-v part b1 and part b2 scheme] [spv name- powergrid kps1 and 2 augmentation transmission limited] |gujarat|02/2025 |02/2025|02/2027 |02/2027|466.0|466.0|27.96|2.0
413|617934|power grid corporation of india limited [powergrid]|augmentation of banaskantha [raghanesda] ps [gis] [powergrid banaskantha transco limited] |gujarat|03/2025 |03/2025|03/2027 |03/2027|172.0|172.0|25.8|21.0
414|617935|power grid corporation of india limited [powergrid]|augmentation of transformation capacity at bhuj-ii ps [gis] |gujarat|02/2025 |02/2025|11/2026 |03/2027|488.29|488.29|2.44|0.0
415|617936|adani transmission limited|jamnagar transmission limited |gujarat|na |10/2024|10/2026 |10/2026|4000.0|4000.0|268.0|16.0
416|617938|power grid corporation of india limited [powergrid]|provision of ict augmentation & bus reactor at bhuj-ii ps |gujarat|03/2025 |03/2025|12/2026 |03/2027|581.74|581.74|2.91|0.0
417|617940|adani transmission limited|kpsiii hvdc transmission limited |gujarat|na |12/2025|12/2029 |12/2029|19000.0|19000.0|0.0|0.0
418|617942|power grid corporation of india limited [powergrid]|transmission system for reliable power supply to dholera |gujarat|09/2024 |09/2024|03/2026 |03/2026|319.42|319.42|12.8|6.0
419|617944|adani transmission limited|khavda iva power transmission limited |gujarat|08/2024 |08/2024|08/2026 |08/2026|4500.0|4500.0|1876.33|55.0
420|617945|power grid corporation of india limited [powergrid]|implementation of lilo of both circuits of 400kv vindhyachal ps-sasan d/c line at hindalco switchyard |haryana|06/2024 |06/2024|12/2026 |12/2026|370.0|370.0|24.05|6.0
421|617946|power grid corporation of india limited [powergrid]|transmission scheme for evacuation of power from ratle hep [850 mw] & kiru [624 mw] part b |jammu and kashmir|07/2024 |07/2024|07/2026 |03/2027|218.6|218.6|2.71|1.0
422|617947|power grid corporation of india limited [powergrid]|implementation of transmission systems in the state of jharkhand consisting of 400/220/132/33 kv transmission lines and substations under jharkhand consultancy project |jharkhand|02/2012 |02/2012|03/2026 |08/2026|1842.25|1842.25|1648.05|95.0
423|617948|power grid corporation of india limited [powergrid]|transmission scheme for integration of renewable energy zone [phase ii] in koppal ii [phase a&b] and gadag ii[phase a] in karnataka [powergrid koppal gadag transmission limited] |karnataka|12/2023 |12/2023|12/2025 |06/2026|2889.39|2889.39|2033.26|72.0
424|617949|power grid corporation of india limited [powergrid]|system strengthening at koppal-ii and gadagii for integration of re generation projects [spv name powergrid koppal gadag augmentation transmission limited] |karnataka|01/2025 |01/2025|06/2027 |06/2027|1354.0|1354.0|89.77|8.0
425|617950|power grid corporation of india limited [powergrid]|augmentation of transformation capacity by 3x500 mva, 400/220 kv icts [6th-8th] and 1x1500 mva, 765/400 kv ict [4th] at bidar ps [spv name- powergrid bidar augmentation transmission limited] |karnataka|02/2025 |02/2025|06/2027 |06/2027|288.0|288.0|8.0|4.0
426|617954|power grid corporation of india limited [powergrid]|transmission scheme for integration of davanagere/ chitradurga and bellary rez in karnataka [powergrid chitradurga bellary rez transmission limited] |karnataka|03/2025 |03/2025|09/2027 |09/2027|3453.0|3453.0|75.96|6.0
427|617955|power grid corporation of india limited [powergrid]|transmission system strengthening at davanagere for integration of re generation [spv name - powergrid davanagere power transmission limited] |karnataka|09/2025 |09/2025|09/2027 |09/2027|379.0|379.0|14.81|1.0
428|617957|power grid corporation of india limited [powergrid]|augmentation of 1x500 mva 400/220kv ict [3rd] at thrissur vsc hvdc station in kerala |kerala|08/2025 |08/2025|08/2027 |08/2027|173.14|173.14|0.9|0.0
429|617958|power grid corporation of india limited [powergrid]|transmission system for evacuation of power from rajasthan rez ph-iv [part-2 5.5gw] [jaisalmer/barmer complex] part h1 [powergrid kurawar transmission limited] |madhya pradesh|10/2024 |10/2024|10/2026 |03/2027|3674.0|3674.0|1253.56|26.0
430|617959|power grid corporation of india limited [powergrid]|transmission system for evacuation of power from rajasthan rez ph-iv [part-2 5.5 gw] [jaisalmer/barmer complex] part c [spv name powergrid mandsaur transmission limited] |madhya pradesh|08/2024 |08/2024|08/2026 |12/2026|2708.0|2708.0|1137.36|48.0
431|617960|power grid corporation of india limited [powergrid]|transmission system for evacuation of power from mahan energen limited generating station in madhya pradesh [spv name - powergrid mel power transmission limited] |madhya pradesh|06/2025 |06/2025|12/2027 |12/2027|558.0|558.0|38.66|2.0
432|617962|power grid corporation of india limited [powergrid]|augmentation of transformation capacity and implementation of line bays at mandsaur s/s for re interconnection [spv name- powergrid mandsaur i re transmission limited] |madhya pradesh|10/2025 |10/2025|03/2028 |03/2028|319.0|319.0|7.36|1.0
433|617963|adani transmission limited|mahan transmission limited |madhya pradesh|03/2025 |03/2025|04/2027 |04/2027|3125.32|3125.32|50.79|12.0
434|617964|power grid corporation of india limited [powergrid]|transmission system for evacuation of power from potential re zone in khavda area of gujarat under phase iv 7gw-part e4 |maharashtra|11/2023 |11/2023|07/2025 |03/2026|224.41|224.41|121.18|63.0
435|617965|adani transmission limited|wrnes talegaon power transmission limited |maharashtra|na |05/2025|01/2028 |01/2028|2000.0|2000.0|0.0|5.0
436|617968|power grid corporation of india limited [powergrid]|transmission system for integration of kurnool-iv rez phase-i [for 4.5 gw] [powergrid kurnool-iv transmission limited] |multi-states (andhra pradesh, karnataka)|03/2025 |03/2025|03/2027 |03/2027|5550.0|5550.0|787.0|9.0
437|617970|sterlite power|transmission system for integration of ananthapur 2 rez phase 1 for 4.5 gw. spv name anantapuram 2 rez transmission ltd |multi-states (andhra pradesh, karnataka)|08/2024 |03/2025|03/2027 |03/2027|4535.99|4535.99|401.57|32.0
438|617971|power grid corporation of india limited [powergrid]|inter-regional strengthening between sr grid and er grid |multi-states (andhra pradesh, odisha)|02/2026 |02/2026|08/2028 |08/2028|2722.5|2722.5|0.0|0.0
439|617973|power grid corporation of india limited [powergrid]|transmission system for kurnool wind energy zone/ solar energy zone part-a and part-b |multi-states (andhra pradesh, telangana)|11/2022 |03/2023|11/2024 |03/2026|3546.94|3546.94|3476.0|99.0
442|617974|power grid corporation of india limited [powergrid]|eastern region expansion scheme-43 [eres-43] |multi-states (bihar, odisha, west bengal)|09/2024 |09/2024|03/2026 |06/2026|342.69|342.69|41.22|9.0
443|617975|power grid corporation of india limited [powergrid]|inter-regional [nr-wr] transmission system strengthening to relieve the loading of 765 kv vindhyachal-varanasi d/c line |multi-states (bihar, uttar pradesh)|10/2025 |10/2025|10/2027 |10/2027|2368.0|2368.0|19.41|1.0
444|617976|power grid corporation of india limited [powergrid]|eastern region expansion scheme-44 [eres-44] |multi-states (bihar, west bengal)|11/2024 |11/2024|05/2026 |03/2027|408.94|408.94|2.04|0.0
445|617980|power grid corporation of india limited [powergrid]|transmission network expansion in gujarat to increase its atc from ists part b |multi-states (dadra & nagar haveli and daman & diu, gujarat, maharashtra)|01/2022 |07/2022|06/2023 |05/2026|4546.26|4546.26|4482.15|96.0
446|617982|power grid corporation of india limited [powergrid]|transmission system for evacuation of power from rez in rajasthan 20gw under phase-iii part j |multi-states (delhi, rajasthan)|12/2022 |12/2022|03/2025 |07/2026|331.0|331.0|151.73|42.0
447|617983|power grid corporation of india limited [powergrid]|transmission scheme for evacuation of power from rez in rajasthan [20 gw] under phase-iii part d phase i [sikar khetri transmission ltd] |multi-states (delhi, rajasthan)|02/2024 |02/2024|08/2025 |06/2026|2000.0|2000.0|1566.4|78.0
448|617984|power grid corporation of india limited [powergrid]|transmission system for evacuation of power from potential renewable energy zone in khavda area of gujarat under phase-v [8 gw] part a [spv name powergrid west central transmission limited] |multi-states (gujarat, maharashtra)|11/2024 |11/2024|05/2029 |05/2029|24819.0|24819.0|1985.98|6.0
449|617985|power grid corporation of india limited [powergrid]|transmission system for evacuation of power from rajasthan rez ph-iv [part- 3/6gw] [bikaner complex] part a [spv name powergrid bikaner iv transmission limited] |multi-states (haryana, punjab, rajasthan)|11/2024 |11/2024|11/2026 |03/2027|5969.0|5969.0|1049.35|16.0
450|617986|power grid corporation of india limited [powergrid]|transmission system for evacuation of power from rajasthan rez ph-iv [part-3/ 6 gw] [bikaner complex] part b [spv name powergrid siwani transmission limited] |multi-states (haryana, rajasthan)|11/2024 |11/2024|11/2026 |03/2027|5357.0|5357.0|878.54|23.0
451|617987|power grid corporation of india limited [powergrid]|inter-regional strengthening between sr grid and wr grid |multi-states (karnataka, maharashtra)|10/2025 |10/2025|10/2027 |10/2027|1007.0|1007.0|10.07|1.0
452|617988|power grid corporation of india limited [powergrid]|transmission scheme for solar energy zone in bidar [2500 mw], karnataka [bidar transmission ltd] |multi-states (karnataka, telangana)|02/2024 |02/2024|02/2026 |06/2026|2147.62|2147.62|1769.42|82.0
453|617989|power grid corporation of india limited [powergrid]|transmission system for evacuation of power from rajasthan rez ph-iv [part-2 5.5 gw] [jaisalmer/barmer complex] part d [spv name powergrid beawar mandsaur transmission limited] |multi-states (madhya pradesh, rajasthan)|08/2024 |08/2024|08/2026 |08/2026|2227.0|2227.0|913.07|31.0
454|617990|power grid corporation of india limited [powergrid]|transmission system for evacuation of power from rajasthan rez ph-iv [part-2 5.5 gw] [jaisalmer/barmer complex] part e [spv name powergrid mewar transmission limited] |multi-states (madhya pradesh, rajasthan)|08/2024 |08/2024|08/2026 |03/2027|3251.0|3251.0|1560.48|33.0
455|617991|power grid corporation of india limited [powergrid]|rajasthan rez ph-v [part-1- 4 gw] [sirohi/nagaur] complex [rajasthan v power transmission limited] |multi-states (madhya pradesh, rajasthan)|03/2025 |03/2025|03/2027 |03/2027|5028.0|5028.0|483.69|12.0
456|617992|adani transmission limited|rajasthan part i power transmission limited |multi-states (madhya pradesh, rajasthan, uttar pradesh)|01/2025 |01/2025|07/2029 |07/2029|25000.0|25000.0|90.05|0.0
457|617994|power grid corporation of india limited [powergrid]|transmission system for evacuation of power from rajasthan rez ph-iv [part-1] [bikaner complex] part d [neemrana bareilly transmission ltd] |multi-states (rajasthan, uttar pradesh)|12/2023 |12/2023|12/2025 |06/2026|2056.0|2056.0|1685.92|68.0
458|617995|power grid corporation of india limited [powergrid]|transmission system for evacuation of power from rajasthan rez ph-iv [part-4 3.5 gw] part a [spv name powergrid ghiror transmission limited] |multi-states (rajasthan, uttar pradesh)|12/2024 |12/2024|12/2026 |03/2027|5846.0|5846.0|893.85|18.0
459|617996|power grid corporation of india limited [powergrid]|transmission system for evacuation of power from rez in rajasthan 20gw under phase iii- part e2 |rajasthan|11/2023 |11/2023|06/2025 |03/2026|428.3|428.3|351.21|84.0
460|617998|power grid corporation of india limited [powergrid]|transmission system for evacuation of power from rez in rajasthan 20 gw under phase-iii part h |rajasthan|10/2023 |10/2023|04/2025 |03/2026|2211.29|2211.29|2087.01|95.0
461|618000|power grid corporation of india limited [powergrid]|transmission system for evacuation of power from rez in rajasthan 20 gw under phase-iii part c1 |rajasthan|10/2023 |10/2023|04/2025 |05/2026|1796.02|1796.02|1652.33|96.0
462|618001|power grid corporation of india limited [powergrid]|transmission system for evacuation of power from rez in rajasthan 20 gw under phase-iii part b1 |rajasthan|09/2023 |09/2023|04/2025 |02/2026|2190.54|2190.54|2139.44|99.0
463|618002|power grid corporation of india limited [powergrid]|transmission system for evacuation of power from rez in rajasthan 20gw under phase-iii part e1 |rajasthan|12/2021 |08/2023|02/2025 |02/2026|688.74|688.74|685.98|99.0
464|618003|power grid corporation of india limited [powergrid]|transmission system for evacuation of power from rajasthan rez ph-iv [part-1] [bikaner complex] part a [bikaner neemrana transmission ltd] |rajasthan|12/2023 |12/2023|12/2025 |06/2026|2998.34|2998.34|2248.75|64.0
465|618008|power grid corporation of india limited [powergrid]|transmission system for evacuation of power from rajasthan rez ph-iv [part-2 5.5 gw][jaisalmer/barmer complex] part b [spv name powergrid sirohi transmission limited] |rajasthan|08/2024 |08/2024|08/2026 |12/2026|3279.0|3279.0|1393.24|37.0
466|618009|power grid corporation of india limited [powergrid]|transmission system strengthening for interconnections of bhadla-iii & bikaner iii complex [spv name powergrid bhadla bikaner transmission limited] |rajasthan|08/2024 |08/2024|08/2026 |12/2026|1382.0|1382.0|332.92|21.0
467|618011|power grid corporation of india limited [powergrid]|additional transmission system for evacuation of power from bhadla-iii ps as part of rajasthan rez phase iii scheme [20 gw] [spv name powergrid bhadla-iii power transmission limited] |rajasthan|08/2024 |08/2024|02/2026 |03/2026|369.0|369.0|136.6|45.0
468|618012|power grid corporation of india limited [powergrid]|transmission system for evacuation of power from rajasthan rez ph -iv [part-2 5.5 gw] [jaisalmer/barmer complex] part f [spv name powergrid barmer i transmission limited] |rajasthan|11/2024 |11/2024|11/2026 |06/2027|2735.0|2735.0|803.26|24.0
469|618019|power grid corporation of india limited [powergrid]|augmentation at fatehgarh-ii ps, fatehgarh-iv ps [section-ii] and barmer-i ps [powergrid fatehgarh barmer augmentation transmission limited] |rajasthan|03/2025 |03/2025|12/2026 |03/2027|404.0|404.0|21.04|3.0
470|618020|power grid corporation of india limited [powergrid]|transmission system under ists for evacuation of power from kudankulam unit-3&4 [2x1000 mw] [spv name powergrid kudankulam tarnsmission limited] |tamil nadu|01/2025 |01/2025|12/2026 |12/2026|548.0|548.0|111.13|14.0
471|618021|power grid corporation of india limited [powergrid]|transmission system for strengthening to facilitate evacuation of power from bhadla/bikaner complex |uttar pradesh|12/2024 |12/2024|06/2026 |08/2026|212.81|212.81|2.13|1.0
472|618022|central public works department - cpwd|construction of one tower of office complex and another tower of residential quarters consisting of 10nos. type-v, 10nos. type-vi & 1no.type-vii quarters i/c internal water supply, sanitary installation and all development and bulk services, horticulture works on epc mode-i basis i/c comprehensive operation and maintenance of civil, e&m services for 7 years after completion of original construction work for ranga reddy, secunderabad, medchal, auditi, audit-ii commissionerates of central tax at khajaguda, serilingampally, hyderabad. |telangana|03/2024 |11/2024|09/2027 |09/2027|644.0|644.0|127.46|15.0
473|618023|ministry of housing and urban affairs|integrated command control center [iccc] - construction and development of integrated command control center with security, surveillance, itms, connecting port, ship service, smart solid waste management, smart public transport system |andaman & nicobar|07/2021 |11/2021|05/2023 |05/2023|209.88|209.88|0.0|70.0
474|618025|national buildings construction corporation [nbcc]|redevelopment of seven general pool residential accommodation [gpra] colonies in delhi |delhi|07/2016 |05/2018|12/2025 |12/2025|32850.0|32841.0|12339.04|43.0
475|618026|ministry of housing and urban affairs|rehablitation in junavadaj area smart city project |gujarat|02/2016 |06/2016|07/2022 |07/2022|539.0|539.0|39.63|50.0
476|618029|ministry of housing and urban affairs|green building development project |uttarakhand|11/2019 |08/2019|11/2023 |11/2023|150.97|150.97|18.95|31.0
477|618030|patna metro rail corporation ltd. [pmrcl]|patna metro rail project |bihar|02/2019 |02/2019|02/2024 |06/2027|13365.77|13365.8|4670.21|48.0
478|618031|delhi metro rail corporation limited [dmrc]|delhi metro rail phase-iv [2 corridors] |delhi|03/2024 |03/2024|03/2029 |03/2029|8399.81|8399.81|67.42|0.0
479|618033|delhi metro rail corporation limited [dmrc]|delhi metro rail phase v a |delhi|01/2026 |01/2026|12/2028 |12/2028|12014.91|12014.9|2.07|0.0
480|618034|delhi metro rail corporation limited [dmrc]|dmrts phase - iv [3 priority corridors] |delhi|07/2019 |07/2019|03/2025 |03/2026|24948.65|24948.7|18768.36|75.0
481|618037|gujarat metro rail corporation limited [gmrcl]|surat metro rail project |gujarat|03/2019 |04/2019|03/2024 |06/2026|12020.32|12020.3|8371.28|76.0
482|618038|gujarat metro rail corporation limited [gmrcl]|ahmedabad metro rail project, phase-ii |gujarat|03/2019 |03/2019|03/2024 |12/2025|5384.17|5384.17|4960.02|100.0
483|618039|gujarat metro rail corporation limited [gmrcl]|ahmedabad metro rail project [phase-i] |gujarat|11/2014 |02/2015|03/2018 |01/2026|10773.0|12924.5|12330.27|99.0
484|618041|gurugram metro rail limite|metro connectivity from millennium city centre to cyber city with spur to dwarka expressway, gurugram. |haryana|07/2023 |08/2024|07/2027 |07/2027|5452.72|5452.72|92.12|0.0
485|618042|bengaluru metro rail|construction of bangalore metro rail project phase 2. |karnataka|02/2014 |02/2016|03/2021 |09/2026|26405.14|30695.1|29717.97|95.0
486|618045|bengaluru metro rail|construction bangalore metro rail project phase-2a & 2b |karnataka|06/2021 |01/2019|06/2026 |06/2026|14788.1|14788.1|9394.4|61.0
487|618046|cspcc projects|kochi metro rail phase 2 development project |kerala|11/2022 |11/2022|11/2026 |11/2026|1957.05|1957.05|567.33|27.0
488|618050|madhya pradesh metro rail co limited [mpmrcl]|bhopal metro rail project |madhya pradesh|11/2018 |11/2018|11/2022 |06/2028|6941.4|6941.4|3948.31|53.0
489|618051|madhya pradesh metro rail co limited [mpmrcl]|indore metro rail project |madhya pradesh|11/2018 |11/2018|11/2022 |12/2028|7500.8|7500.8|4547.78|60.0
490|618052|maharashtra metro rail corporation limited [mmrcl]|pcmc to nigdi- extension of north south corridor of phase-1 |maharashtra|10/2023 |10/2023|01/2027 |01/2027|910.18|910.18|218.14|35.0
491|618053|maharashtra metro rail corporation limited [mmrcl]|pune metro phase-1 extension line towards south from swargate to katraj |maharashtra|09/2024 |09/2024|03/2029 |03/2029|2954.53|2954.53|26.99|4.0
492|618054|maharashtra metro rail corporation limited [mmrcl]|thane integral ring metro rail project |maharashtra|09/2024 |09/2024|09/2029 |09/2029|12200.1|12200.1|9.23|5.0
493|618055|maharashtra metro rail corporation limited [mmrcl]|pune metro rail project phase-2 corridor 2a vanaz to chandani chowk and corridor 2b ramwadi to wagholi/vitthalwadi |maharashtra|07/2025 |07/2025|07/2029 |07/2029|3626.24|3626.24|0.63|0.0
494|618056|maharashtra metro rail corporation limited [mmrcl]|pune metro rail project phase-2 line-4 kharadi to khadakwasla with spur line 4a nal stop - warje - manikbaug |maharashtra|12/2025 |12/2025|12/2030 |12/2030|9857.85|9857.85|0.09|0.0
495|618057|ministry of housing and urban affairs|new suburba station development project |maharashtra|04/2018 |03/2019|07/2022 |07/2022|262.76|262.76|17.62|6.0
496|618059|ministry of housing and urban affairs|kalyan station precinct imporvement project |maharashtra|04/2018 |07/2020|07/2023 |07/2023|600.0|600.0|272.42|70.0
497|618060|mumbai metro rail corporation limited [mmrc]|mumbai metro line 3 |maharashtra|07/2013 |06/2016|03/2023 |08/2025|23136.0|37276.0|32732.81|97.0
498|618061|maharashtra metro rail corporation limited [mmrcl]|nagpur metro rail phase ii development project |maharashtra|12/2022 |12/2022|12/2027 |12/2027|6708.0|6708.0|1530.96|33.0
499|618062|delhi metro rail corporation limited [dmrc]|delhi metro rail phase-iv [rithala - kundli corridor] |multi-states (delhi, haryana)|01/2025 |01/2025|01/2029 |01/2029|6230.99|6230.99|72.51|0.0
500|618063|national capital region transport corporation [ncrtc]|delhi-ghaziabad-meerut regional rapid transit system [rrts] corridor |multi-states (delhi, uttar pradesh)|03/2019 |03/2019|06/2025 |02/2026|30274.0|30274.0|27465.26|96.0
501|618064|chennai metro rail limited [cmrl]|chennai metro rail phase-ii development project |tamil nadu|10/2024 |11/2020|08/2029 |08/2029|63246.0|63246.0|30721.57|48.0
502|618065|uttar pradesh metro rail corporation [upmrc]|lucknow metro rail project phase-1b east west corridor |uttar pradesh|09/2025 |05/2026|04/2031 |04/2031|5801.05|5801.05|0.0|0.0
503|618066|uttar pradesh metro rail corporation [upmrc]|kanpur metro rail project |uttar pradesh|05/2019 |11/2019|05/2024 |03/2027|11076.48|11076.5|9093.53|79.0
504|618067|uttar pradesh metro rail corporation [upmrc]|agra metro rail project |uttar pradesh|05/2019 |12/2020|05/2024 |06/2027|8379.62|8379.62|6067.18|67.0
505|618068|ministry of housing & urban affairs|esr - 8 nos., distribution system - 216 km, new house service connections - 38760 nos. upgrading of feeder mains, pumping station etc. - phase ii |andhra pradesh|02/2017 |07/2018|03/2023 |03/2026|172.22|172.22|88.86|82.0
506|618069|ministry of housing & urban affairs|muzaffarpur storm water drainage phase-i project |bihar|11/2016 |02/2019|10/2023 |03/2026|158.78|158.78|93.35|84.0
507|618070|ministry of housing and urban affairs|storm water drainag development project |dadra & nagar haveli and daman & diu|08/2020 |12/2021|03/2024 |03/2024|210.0|210.0|0.0|20.0
508|618071|ministry of housing and urban affairs|upgradation of sewerage system in gandhinagar city |gujarat|07/2020 |03/2021|06/2023 |06/2023|200.0|200.0|100.0|10.0
509|618072|ministry of housing & urban affairs|sewerage management scheme part-3 implementation |haryana|03/2017 |11/2017|09/2023 |03/2026|278.01|278.01|218.89|88.0
510|618075|ministry of housing & urban affairs|sewerage management scheme part-3 implementation |haryana|03/2017 |10/2018|03/2023 |03/2026|213.19|213.19|168.14|91.0
511|618076|ministry of housing & urban affairs|dhanbad water supply infrastructure project |jharkhand|02/2017 |12/2018|03/2023 |03/2026|216.55|216.55|129.16|74.0
512|618078|ministry of housing & urban affairs|saap-3 water supply infrastructure saap-3 project |jharkhand|02/2017 |12/2018|10/2023 |03/2026|159.31|159.31|87.5|66.0
513|618081|ministry of housing & urban affairs|augmentation and strenghthning of urban water supply phase 1 - saap 3 |jharkhand|02/2017 |12/2018|03/2023 |03/2026|278.28|278.28|186.5|79.0
514|618082|ministry of housing & urban affairs|belgavi improvement in sewerage system project |karnataka|12/2015 |10/2016|07/2023 |03/2026|162.73|162.73|85.71|80.0
515|618084|ministry of housing & urban affairs|24/7 water supply under amrut for davanagere |karnataka|11/2016 |01/2018|03/2023 |03/2026|174.96|174.96|93.18|65.0
516|618085|ministry of housing & urban affairs|indore water supply infrastructure project |madhya pradesh|12/2016 |11/2017|03/2023 |03/2026|287.17|287.17|252.5|99.0
517|618086|ministry of housing & urban affairs|jabalpur sewerage management and treatment infrastructure project |madhya pradesh|10/2018 |12/2017|03/2023 |03/2026|362.31|362.31|324.79|96.0
518|618087|ministry of housing & urban affairs|satna sewerage management and treatment infrastructure project |madhya pradesh|11/2015 |12/2016|03/2024 |03/2026|191.56|215.89|192.79|90.0
519|618089|ministry of housing & urban affairs|singrauli sewerage management and treatment infrastructure project |madhya pradesh|05/2016 |11/2017|03/2023 |03/2026|402.01|438.1|357.68|90.0
520|618090|ministry of housing & urban affairs|kalyan-dombivali water supply infrastructure project |maharashtra|07/2016 |09/2019|10/2023 |03/2026|194.2|194.2|136.56|75.0
521|618092|ministry of housing & urban affairs|mira-bhayandar water supply infrastructure project |maharashtra|11/2016 |08/2018|03/2023 |03/2026|204.55|204.55|186.13|99.0
522|618093|ministry of housing & urban affairs|pune water supply infrastructure project |maharashtra|03/2017 |07/2017|03/2023 |03/2026|235.95|235.95|184.98|95.0
523|618094|ministry of housing & urban affairs|solapur sewerage management infrastructure project |maharashtra|03/2017 |04/2018|03/2023 |03/2026|180.24|180.24|166.32|98.0
524|618097|ministry of housing & urban affairs|jalandhar water supply infrastructure project |punjab|11/2016 |08/2020|08/2023 |03/2026|258.53|266.64|161.02|58.0
525|618098|ministry of housing & urban affairs|patiala water supply infrastructure part-2 project |punjab|11/2016 |08/2020|10/2023 |03/2026|287.0|287.0|213.64|99.0
526|618104|ministry of housing & urban affairs|jaunpur sewerage management infrastructure project |uttar pradesh|03/2017 |08/2019|06/2023 |03/2026|235.73|235.73|221.27|100.0
527|618105|ministry of housing & urban affairs|jhansi water supply infrastructure phase-ii project |uttar pradesh|03/2017 |06/2019|07/2023 |03/2026|561.74|561.74|485.91|93.0
528|618106|central public works departmen|construction of basement + ground floor+ 10 storeyed building for state of the art director general, gsi building at plot no.gn-40, sector-v, salt lake, kolkata |west bengal|04/2019 |02/2020|08/2026 |08/2026|255.37|255.37|94.91|52.0
529|618107|hindustan copper limited [hcl]|expansion of malanjkhand copper project |madhya pradesh|09/2011 |04/2015|04/2020 |04/2026|1856.36|1856.36|955.12|83.0
530|618108|national aluminium company limited [nalco]|expansion of alumina refinery plant with addition of 5th stream having capacity enhancement of 1.0 million tonee per annum |odisha|04/2017 |04/2017|12/2022 |06/2026|4103.0|5677.4|4556.52|81.0
531|618109|national aluminium company limited [nalco]|pottangi bauxite mines project |odisha|05/2018 |05/2018|03/2025 |05/2026|1381.0|1960.77|769.17|51.0
532|618110|ministry of mines|conversion of flat bottom settlers and washers with a single train of hrds and dcws in streams 1 and |odisha|na |04/2017|11/2026 |11/2026|355.0|581.0|163.55|12.0
533|618111|national aluminium company limited [nalco]|sourcing of bauxite arrangement for 5th stream alumina refinery from south block mining lease of panchpatmaili mines |odisha|11/2017 |11/2019|05/2025 |06/2026|483.0|483.0|423.32|91.0
534|618112|national aluminium company limited [nalco]|25.5 mw wind power project at kayathar in tamilnadu |tamil nadu|09/2017 |12/2017|03/2025 |03/2026|166.0|166.0|135.0|66.0
535|618113|central tribal university of andhra pradesh|construction of permanent campus of central tribal university of andhra pradesh phase-1 |andhra pradesh|09/2019 |12/2023|06/2027 |06/2027|305.0|305.0|62.16|40.0
538|618116|nit patna|additional campus of nitpatna |bihar|07/2022 |08/2022|07/2024 |01/2026|499.21|499.21|446.99|97.0
539|618118|indian institute of technology, bhilai|phase b of construction of permanent campus of iit bhilai |chhattisgarh|05/2025 |01/2026|10/2028 |10/2028|1188.97|1188.97|0.0|0.0
540|618123|national institute of technology delhi|phase 1b - construction of academic block, hostel, residential tower, directors residence and external development works at national institute of technology, delhi campus on engineering, procurement and construction basis |delhi|09/2009 |11/2022|09/2025 |01/2026|333.49|336.42|304.15|98.0
541|618124|delhi university|delhi university eastern campus at surajmal vihar |delhi|09/2024 |03/2025|10/2026 |10/2026|373.0|373.0|27.63|10.0
542|618125|central university of gujarat|construction of permanent campus of central university of gujarat at village kundhela, dist. vadodara, gujarat. |gujarat|12/2020 |02/2021|03/2025 |03/2026|490.63|490.63|319.74|83.0
543|618127|indian institute of management, sirmaur|establishment of permanent campus phase 1 of iim sirmaur |himachal pradesh|09/2018 |08/2020|10/2023 |02/2026|392.51|454.78|329.07|95.0
544|618132|indian institute of technology, mandi|hostel blocks & dining hall block |himachal pradesh|03/2023 |03/2024|03/2026 |03/2026|166.66|166.66|102.52|78.0
545|618133|central university, himachal pradesh|construction of permanent campus of central university of himachal pradesh at dehra, district - kangra, [h.p.] on engineering. procurement and construction [epc mode 1] basis. |himachal pradesh|03/2021 |08/2022|11/2024 |03/2026|251.98|300.45|223.36|84.0
546|618134|indian institute of management, jammu|construction of permanent campus for iim jammu phase-1 at jagti, nagrota, jammu, j&k |jammu and kashmir|03/2019 |10/2020|06/2023 |11/2025|424.93|500.91|484.52|96.0
547|618136|indian institute of technology palakkad|construction of permanent campus for iit palakkad under phase 1a |kerala|07/2017 |03/2020|06/2022 |06/2026|1006.45|1217.4|663.4|82.0
548|618141|indian institute of technology palakkad|phase b of construction of permanent campus of iit palakkad |kerala|05/2025 |01/2026|10/2028 |10/2028|1527.0|1527.0|9.8|0.0
549|618142|indian institute of technology, indore|phase iii a works at iit indore [03 hostels, 01 studio apartment, 01 housing, heavy & sophisticated lab complex, academic pod and infrastructure for center of excellence] |madhya pradesh|12/2023 |04/2024|02/2027 |02/2027|496.28|496.28|56.35|44.0
552|618143|indian institutes of science education and research, behrampur|iiser berhampur |odisha|10/2018 |09/2019|03/2021 |06/2026|1229.32|843.09|835.6|98.0
553|618144|nit rourkela|1000 seater boys hostel, 500 seater girls hostel, 1.5 mld sewage treatment plant and faculty residence - 72 nos. flats |odisha|na |01/2024|06/2026 |06/2026|198.97|198.97|31.48|33.0
554|618145|national institute of technology, puducherry|establishment of nit puducherry permanent campus [phase-i and phase-ii] |puducherry|09/2009 |07/2013|12/2024 |05/2026|618.34|544.34|530.88|98.0
555|618152|indian intitue of management, amritsar|construction of permanent campus of indian institute of management [iim] amritsar, punjab, phase-i |punjab|10/2019 |07/2020|06/2023 |09/2026|348.31|348.31|290.39|91.0
556|618153|central university of punjab|construction of girls hostel 400 seater, boys hostel 600 seater, academic block, international hostel 100 seater, vc residence and purchase of equipment |punjab|08/2024 |04/2025|10/2027 |10/2027|210.99|210.99|39.12|24.0
559|618154|indian institute of technology, hyderabad|construction of precast housing and hostels at iit hyderabad |telangana|09/2022 |11/2022|10/2024 |01/2026|262.0|262.0|200.11|83.0
560|618156|banaras hindu university|banaras hindu university [ kayakalp of institute of medical sciences] |uttar pradesh|06/2020 |06/2020|09/2022 |03/2026|246.0|246.0|200.11|97.0
561|618159|national institute of technology uttarakhand|construction & development of infrastructural facilities in the main campus of nit uttarakhand at sumari, pauri garhwal |uttarakhand|06/2020 |04/2024|09/2027 |09/2027|650.85|650.85|308.05|43.0
562|618160|indian institute of technology, kharagpur|hefa projects on development of student hostels, playgrounds, departmental buildings, class room complex and other campus facilities in iit kharagpur |west bengal|06/2018 |04/2019|03/2023 |03/2026|500.0|442.0|403.6|93.0
564|618161|ministry of petroleum & natural gas|construction of aviation fuel farm facilities at bhogapuram airport |andhra pradesh|08/2024 |08/2024|03/2026 |03/2026|240.0|240.0|146.17|91.0
567|618162|ministry of petroleum & natural gas|capacity augmentation of kandla lpg import terminal [klit] from 0.6 mmtpa to 2.5 mmtpa |gujarat|05/2023 |05/2023|07/2026 |07/2026|356.86|304.4|92.3|63.0
568|618163|ministry of petroleum & natural gas|andheri residential towers, mumbai |maharashtra|06/2017 |06/2017|05/2025 |06/2026|281.35|389.67|247.89|57.0
570|618164|ministry of petroleum & natural gas|srikakulam angul gas pipeline project |multi-states (andhra pradesh, odisha)|09/2019 |09/2019|07/2022 |06/2026|2658.34|2810.0|2300.5|96.0
572|618165|ministry of petroleum & natural gas|new mundra panipat crude oil pipeline |multi-states (gujarat, haryana, rajasthan)|12/2021 |12/2021|12/2024 |06/2026|9028.0|9028.0|7290.7|89.0
573|618166|ministry of petroleum & natural gas|kandla gorakhpur lpg pipeline |multi-states (gujarat, madhya pradesh, uttar pradesh)|12/2018 |12/2018|12/2021 |03/2026|10088.0|10088.0|8056.6|94.0
574|618167|department of water resources, river development & gr|multi product pipeline from irugur to devangonthi |multi-states (karnataka, tamil nadu)|11/2012 |11/2012|02/2017 |09/2026|678.0|1732.0|943.82|78.0
575|618168|ministryofpetroleumnaturalgas|rajasthan refinery project |rajasthan|10/2017 |10/2017|10/2022 |03/2026|43129.0|79459.0|64516.26|90.0
576|618169|hindustan petroleum corporation limited [hpcl]|petrochemical evacuation marketing terminal at barmer, rajasthan |rajasthan|12/2023 |12/2023|12/2026 |12/2026|461.05|461.05|178.98|76.0
577|618172|ministry of petroleum & natural gas|laying of pol pipelines in common corridor for proposed grass root terminal at vallur [chennai] |tamil nadu|01/2022 |01/2022|05/2026 |05/2026|829.0|829.0|331.77|71.0
578|618173|indian oil corporation limited [iocl]|grass root pol terminal at vallur, chennai |tamil nadu|01/2022 |01/2022|12/2024 |03/2026|827.0|887.71|641.34|90.0
580|618175|ministry of petroleum & natural gas|grass-root terminal at mirzapur, uttar pradesh |uttar pradesh|09/2022 |09/2022|11/2026 |11/2026|980.45|980.45|255.06|63.0
581|618176|oil and natural gas corporation limited [ongc]|kg-dwn-98/2 cluster - ii development project - nelp block |andhra pradesh|03/2016 |03/2016|06/2020 |06/2026|34012.0|34012.0|32558.95|96.0
582|618177|hindustan petroleum corporation limited|hp-coat [crude to olefins and aromatics technology] demo unit at visakh refinery |andhra pradesh|09/2021 |09/2021|06/2024 |03/2026|160.0|220.0|106.27|82.0
583|618180|ministryofpetroleumnaturalgas|city gas distribution project at kurnool, guntur & prakasam districts |andhra pradesh|03/2022 |03/2022|03/2030 |03/2030|1420.0|1420.0|169.14|6.0
586|618181|ministryofpetroleumnaturalgas|city gas distribution project at jammu, udhampur, reasi, samba and kathua districts |jammu and kashmir|03/2022 |03/2022|03/2032 |03/2032|538.0|538.0|4.29|0.0
587|618184|oil and natural gas corporation limited [ongc]|development of jharia cbm block [phase-1] |jharkhand|11/2019 |11/2019|01/2024 |03/2026|431.0|431.0|238.67|61.0
588|618185|ministryofpetroleumnaturalgas|laying of natural gas pipeline from hazaribagh to ranchi [hrpl] |jharkhand|02/2023 |02/2023|02/2026 |03/2027|202.07|202.07|63.32|50.0
589|618186|mangalore refinary and petrochemicals limited|power system upgradation project |karnataka|10/2023 |10/2023|11/2025 |05/2026|385.0|385.0|184.83|76.0
590|618187|ministry of petroleum & natural gas|demo bio-atf project |karnataka|03/2024 |03/2024|01/2027 |01/2027|364.0|364.0|49.39|35.0
591|609996|ministry of petroleum & natural gas|revamping/ augmentation of facilities at existing port terminal at mangalore |karnataka|01/2022 |01/2022|12/2025 |06/2027|463.0|500.62|293.54|79.0
592|618188|ministry of petroleum & natural gas|augmentation of cckpl and idpl pipelines capacity along with setting up of palakkad top |kerala|09/2024 |09/2024|08/2028 |08/2028|1130.0|1130.0|212.67|27.0
593|618190|bharat petroleum corporation limited [bpcl]|replacement and extension of jetty pipelines [rejp] at kr |kerala|03/2023 |03/2023|03/2026 |03/2026|621.87|621.87|220.0|95.0
594|618191|ministryofpetroleumnaturalgas|setting up polypropylene unit at kochi refinery |kerala|12/2023 |12/2023|10/2027 |10/2027|4460.0|4460.0|443.12|22.0
595|618192|ministry of petroleum & natural gas|c2/c3 vijaipur pata pipeline |madhya pradesh|05/2024 |05/2024|01/2027 |01/2027|1792.0|1792.0|448.0|52.0
596|618194|ministryofpetroleumnaturalgas|ethylene cracker project at bina refinery including downstream petrochemical plants and expansion of refinery |madhya pradesh|05/2023 |05/2023|05/2028 |05/2028|43367.0|43367.0|2703.6|19.0
597|618196|ministry of petroleum & natural gas|500 kta pdhpp project, usar |maharashtra|04/2021 |04/2021|04/2025 |06/2026|8797.0|11256.0|7568.46|88.0
598|618197|ministry of petroleum and natural gas|lube modernization & bottom upgradation project at mumbai refinery |maharashtra|12/2024 |12/2024|03/2028 |03/2028|4679.0|4679.0|236.11|8.0
599|618198|hindustan petroleum corporation limited|hp tdae unit in mumbai refinery |maharashtra|06/2024 |06/2024|04/2026 |04/2026|240.0|240.0|88.15|72.0
600|618199|ministryofpetroleumnaturalgas|city gas distribution project at beed, jalgaon and jalna districts |maharashtra|03/2022 |03/2022|09/2031 |09/2031|865.0|865.0|77.25|3.0
601|618200|ministryofpetroleumnaturalgas|construction of additional tankages and allied facilities at jnpt terminal |maharashtra|04/2022 |04/2022|08/2026 |08/2026|341.43|436.14|284.84|57.0
602|618202|indian oil corporation limited [iocl]|atf pipeline from jawaharlal nehru port trust to navi mumbai international airport |maharashtra|08/2022 |08/2022|08/2025 |03/2026|165.0|165.0|94.37|88.0
603|618203|bharat petroleum corporation limited [bpcl]|installation of independent de- aromatized solvents [das] production facilities at mr |maharashtra|03/2023 |03/2023|07/2025 |02/2026|405.0|343.0|250.41|98.0
604|618204|bharat petroleum corporation limited [bpcl]|pol & lobs installations with receipt pipelines at rasayani |maharashtra|05/2023 |05/2023|05/2026 |05/2026|2585.0|2585.0|972.34|74.0
605|618205|oil and natural gas corporation limited [ongc]|part replacement pipeline project [prpp] |maharashtra|11/2022 |11/2022|05/2024 |02/2026|1219.48|1145.1|745.0|95.0
606|618212|ministry of petroleum and natural gas|visakh raipur pipeline project |multi-states (andhra pradesh, chhattisgarh, odisha)|09/2024 |09/2024|09/2027 |09/2027|2212.0|2212.0|159.29|27.0
610|618216|hindustan petroleum corporation limited|cgd project in banka, dumka, godda, jamtara, pakur, sahibganj ga id 11a.02 |multi-states (bihar, jharkhand)|06/2022 |06/2022|06/2030 |06/2030|1377.0|1377.0|360.24|33.0
611|618217|ministry of petroleum & natural gas|mumbai nagpur jharsuguda pipeline project |multi-states (chhattisgarh, madhya pradesh, maharashtra, odisha)|06/2020 |06/2020|05/2023 |02/2026|7844.25|8255.0|6932.1|97.0
612|618220|ministry of petroleum & natural gas|mehsana-bhatinda & bhatinda-jammu natural gas pipeline |multi-states (gujarat, haryana, punjab, rajasthan)|07/2011 |07/2011|06/2024 |03/2026|7392.0|7392.0|6344.0|90.0
613|618221|gas authority of india limited [gail]|gurdaspur jammu pipeline |multi-states (jammu and kashmir, punjab)|07/2023 |07/2023|07/2026 |07/2026|521.9|521.9|262.9|43.0
614|618222|ministry of petroleum & natural gas|kochi - koottanad - bangalore - mangalore pipeline phase-ii |multi-states (karnataka, kerala, tamil nadu)|06/2009 |06/2009|12/2012 |03/2026|2915.0|5909.0|4614.8|96.0
615|618223|ministry of petroleum & natural gas|city gas distribution maharashtra natural gas limited |multi-states (karnataka, maharashtra)|01/2006 |01/2006|06/2031 |06/2031|5535.0|5535.0|4099.17|47.0
616|618224|ministry of petroleum & natural gas|dhamra haldia pipeline project |multi-states (odisha, west bengal)|03/2020 |03/2020|11/2022 |03/2026|1030.65|1125.0|910.6|92.0
617|618225|bharat petroleum corporation limited [bpcl]|city gas distribution projects at fazilka [except area already authorized], ganganagar and hanumangarh districts |multi-states (punjab, rajasthan)|12/2022 |12/2022|06/2030 |06/2030|3207.0|3207.0|378.93|28.0
619|618226|ministry of petroleum & natural gas|integrated para xylene [px] and purified terephthalic acid [pta] project at paradip refinery |odisha|07/2020 |07/2020|01/2024 |08/2026|13805.0|11783.0|8174.39|92.0
620|618227|gail gas|city gas distribution [cgd] project in gajapati, kandhamal, boudh, & sonepur ga |odisha|02/2022 |02/2022|02/2030 |02/2030|514.91|514.91|20.65|5.0
621|618229|ministryofpetroleumnaturalgas|cuf pol depot at sadashibpur [meramundali], odisha |odisha|04/2021 |04/2021|03/2026 |03/2026|393.54|393.54|155.37|64.0
622|618230|oil and natural gas corporation limited [ongc]|life extension of 48 well platforms of mumbai high & heera fields |offshore|12/2015 |12/2015|04/2018 |03/2026|3190.69|3375.9|3123.2|90.0
623|618231|ministry of petroleum & natural gas|prp-viii [group-a] |offshore|09/2024 |09/2024|02/2026 |05/2026|1486.4|1486.4|394.85|35.0
624|618233|oil and natural gas corporation limited [ongc]|daman upside development project |offshore|06/2022 |06/2022|10/2025 |02/2026|4144.41|6406.9|5302.0|94.0
625|618237|ministry of petroleum & natural gas|mhn tcpp pgc bgc project [mtpbp] |offshore|06/2022 |06/2022|05/2026 |05/2026|2329.45|2354.23|1223.5|69.0
626|618238|ministry of petroleum & natural gas|prp-viii group b [nh & bs asset] |offshore|06/2024 |06/2024|02/2026 |05/2026|2379.84|3165.53|2115.21|87.0
627|618240|ministry of petroleum & natural gas|integrated development of 4 contract areas under dsf-ii |offshore|05/2023 |05/2023|04/2027 |04/2027|6183.79|6183.79|895.56|31.0
628|618243|hindustan petroleum corporation limited [hpcl]|2g ethanol biorefinery at bathinda |punjab|05/2020 |05/2020|02/2023 |03/2026|1421.46|1421.46|1234.54|95.0
629|618244|ministryofpetroleumnaturalgas|city gas distribution project at pathankot district |punjab|03/2022 |03/2022|09/2033 |09/2033|151.0|151.0|8.81|2.0
630|618247|chennai petroleum corporation limited [cpcl]|cbr 9 mmtpa project |tamil nadu|09/2021 |09/2021|06/2025 |10/2028|31580.0|36354.0|1404.61|10.0
631|618248|chennai petroleum corporation limited [cpcl]|laying of new 28 inch desal water pipeline and 10 inch reject water pipeline between cpcl manali refinery and cpcl desalination plant at ennore |tamil nadu|01/2024 |01/2024|09/2025 |12/2026|205.0|205.0|80.82|56.0
632|618249|bharat petroleum corporation limited [bpcl]|city gas distribution projects at the nilgiris and erode districts |tamil nadu|12/2022 |12/2022|03/2030 |03/2030|3685.0|3685.0|268.96|23.0
633|618252|ministryofpetroleumnaturalgas|atf pipeline from bpcls malkapur pol installation to hyderabad international airport |telangana|03/2025 |03/2025|09/2027 |09/2027|215.0|215.0|38.16|18.0
635|618254|gas authority of india limited [gail]|pp project, pata |uttar pradesh|03/2019 |03/2019|01/2024 |02/2026|910.56|1299.02|1073.0|99.0
636|618255|ministryofpetroleumnaturalgas|revamping / augmentation of facilities at mathura bitumen plant |uttar pradesh|04/2022 |04/2022|06/2027 |12/2026|260.12|260.12|13.41|39.0
637|618256|bharat petroleum corporation limited [bpcl]|city gas distribution projects at lakhimpur kheri , sitapur, bahraich, shravasti,balrampur, siddharth nagar & maharajganj districts |uttar pradesh|12/2022 |12/2022|06/2030 |06/2030|16654.0|16654.0|660.14|14.0
638|618257|ministry of petroleum & natural gas|durgapur - haldia pipeline [section-3b of jhbdpl project] |west bengal|03/2017 |03/2017|12/2020 |03/2026|1740.0|2493.15|2351.6|93.0
639|618258|indian oil corporation limited [iocl]|siliguri-jhapa pipeline project |west bengal|09/2024 |09/2024|03/2029 |03/2029|267.0|267.0|1.77|8.0
640|618259|ministry of petroleum & natural gas|siliguri marketing terminal [smt] capacity augmentation project |west bengal|11/2021 |11/2021|12/2025 |09/2026|484.0|484.0|297.05|84.0
641|618260|hindustan petroleum corporation limited|haldia panagarh pipeline project |west bengal|11/2022 |11/2022|11/2025 |05/2026|1010.0|1107.0|762.7|92.0
642|618262|hindustan petroleum corporation limited|cgd project in malda, birbhum, murshidabad, dakshin dinajpur ga id 11a.03 |west bengal|06/2022 |06/2022|06/2030 |06/2030|2628.0|2628.0|371.77|32.0
643|618263|ministryofpetroleumnaturalgas|city gas distribution project at east mednipore, west mednipore & jhargram districts |west bengal|03/2022 |03/2022|06/2031 |06/2031|609.0|609.0|61.31|2.0
644|618264|bharat petroleum corporation limited [bpcl]|city gas distribution projects at alipurduar and cooch behar |west bengal|12/2022 |12/2022|03/2030 |03/2030|1017.0|1017.0|216.59|42.0
645|618265|pmssy and institute of national importance|aiims darbhanga |bihar|na |09/2020|09/2024 |09/2024|1264.0|1264.0|0.0|0.0
646|618266|medical education, ministry of health and family welfare|establishment of new gmc jamui |bihar|03/2019 |10/2022|10/2025 |10/2025|250.0|500.0|86.21|29.0
647|618282|medical education, ministry of health and family welfare|establishment of new gmc korba |chhattisgarh|02/2023 |10/2023|12/2026 |12/2026|325.0|322.85|158.49|45.0
648|618283|medical education, ministry of health and family welfare|establishment of new gmc mahasamund |chhattisgarh|10/2023 |10/2023|05/2026 |05/2026|325.0|325.0|302.5|75.0
649|618284|medical education, ministry of health and family welfare|establishment of new gmc kanker |chhattisgarh|02/2020 |09/2024|03/2027 |03/2027|325.0|325.0|20.0|48.0
650|618285|pmssy and institute of national importance|setting up it infrastructure including network security and hosting at aiims, new delhi |delhi|09/2025 |09/2025|09/2026 |09/2026|358.19|358.19|0.0|0.0
651|618286|pmssy and institute of national importance|redevelopment of residential colonies at ayur vigyan nagar and west ansari nagar campuses of aiims, new delhi |delhi|10/2016 |06/2022|06/2027 |06/2027|4441.0|4441.0|24.68|61.0
652|618287|pmssy and institute of national importance|aiims rajkot |gujarat|01/2019 |01/2019|03/2026 |03/2026|1195.0|1195.0|775.1|93.0
653|618288|medical education, ministry of health and family welfare|establishment of new gmc panchmahal |gujarat|09/2022 |09/2022|03/2026 |03/2026|325.0|663.5|425.34|33.0
654|618289|medical education, ministry of health and family welfare|establishment of new gmc porbandar |gujarat|04/2022 |10/2022|09/2024 |09/2024|325.0|618.98|918.64|62.0
655|618290|pmssy and institute of national importance|aiims majra rewari haryana |haryana|02/2019 |02/2019|12/2026 |12/2026|1299.0|1646.43|529.46|51.0
656|618291|pmssy and institute of national importance|aiims kashmir at awantipora jammu & kashmir |jammu and kashmir|01/2019 |03/2019|12/2025 |06/2026|1828.0|2160.84|1504.97|73.0
657|618292|medical education, ministry of health and family welfare|establishment of new gmc koderma |jharkhand|09/2023 |02/2024|08/2026 |08/2026|250.0|504.8|255.0|26.0
658|618293|medical education, ministry of health and family welfare|establishment of new gmc chaibasa [singhbhum] |jharkhand|06/2018 |03/2023|09/2025 |09/2025|250.0|454.1|5.0|42.0
659|618294|medical education, ministry of health and family welfare|establishment of new gmc rajgarh |madhya pradesh|12/2021 |11/2022|04/2024 |04/2024|325.0|325.0|158.0|62.0
660|618295|medical education, ministry of health and family welfare|establishment of new gmc mandla |madhya pradesh|08/2023 |10/2023|04/2026 |04/2026|325.0|325.0|63.41|35.0
661|618296|medical education, ministry of health and family welfare|establishment of new gmc kapurthala |punjab|11/2019 |07/2027|12/2028 |12/2028|325.0|550.0|0.0|0.0
662|618297|medical education, ministry of health and family welfare|establishment of new gmc hoshiarpur |punjab|01/2020 |03/2026|12/2028 |12/2028|325.0|374.75|0.0|0.0
664|618298|pmssy and institute of national importance|all india institute of medical sciences-aiims madurai |tamil nadu|12/2018 |12/2018|08/2022 |10/2026|1264.0|2021.51|387.07|46.0
665|618300|pmssy and institute of national importance|aiims bibinagar |telangana|12/2018 |07/2022|06/2026 |06/2026|1028.0|1365.95|947.53|86.0
666|618302|medical education, ministry of health and family welfare|establishment of new gmc rudrapur |uttarakhand|10/2022 |02/2024|12/2026 |12/2026|325.0|325.0|261.0|30.0
667|618303|medical education, ministry of health and family welfare|establishment of new gmc pithoragarh |uttarakhand|08/2021 |04/2023|12/2026 |12/2026|325.0|768.89|313.08|70.0
668|618304|employee's state insurance company [esic]|construction of 350 beds + 50 super specialty beds esic hospital sheelanagar, visakhapatnam, andhra pradesh |andhra pradesh|02/2021 |04/2023|10/2025 |03/2026|384.27|384.27|167.37|70.0
670|618305|employee's state insurance company [esic]|c/o construction of 200 bedded [up-gradable to 300 bedded] esi hospital at surat gujarat. |gujarat|06/2019 |03/2021|06/2025 |01/2026|209.36|209.36|202.62|100.0
671|618306|employee's state insurance company [esic]|350 bedded [upgradable to 500 beds] esi hospital at sanand |gujarat|06/2022 |04/2023|03/2026 |05/2027|558.12|558.12|63.62|10.0
672|618307|employee's state insurance company [esic]|demolition, construction and upgradation of esi hospital, kalol, gujarat from 50 beds to 150 beds. |gujarat|08/2022 |10/2023|10/2025 |06/2026|205.87|205.87|24.06|20.0
673|618308|employee's state insurance company [esic]|construction of 200 bed esi hospital at bommasandra, karnataka |karnataka|02/2015 |10/2024|01/2027 |05/2027|278.0|278.0|228.61|19.0
674|618309|employee's state insurance company [esic]|construction of 100 bed esi hospital and staff quarters [32 nos.] at harohalli, karnataka |karnataka|07/2019 |03/2025|02/2027 |02/2027|150.92|150.92|6.76|10.0
675|618312|employee's state insurance company [esic]|construction of 200 bedded [upgradable to 500 bedded including 50 beds of sst] esic hospital at bibewadi, pune |maharashtra|05/2018 |03/2023|09/2025 |02/2026|429.25|429.25|323.98|74.0
676|618313|employee's state insurance company [esic]|construction of 200 bedded esic hospital at butibori, nagpur, maharashtra. |maharashtra|10/2013 |08/2022|08/2025 |09/2026|194.93|196.7|114.39|65.0
677|618314|employee's state insurance company [esic]|upgradation & extension of esic hospital and construction of pg hostel / staff housing for esic hospital at andheri, mumbai |maharashtra|12/2008 |06/2009|08/2025 |09/2026|260.13|260.13|210.12|89.0
678|618315|employee's state insurance company [esic]|construction of 100 bedded esi hospital at duburi, odisha. |odisha|12/2010 |02/2025|06/2027 |06/2027|164.6|164.6|16.4|7.0
679|618316|employee's state insurance company [esic]|construction of 100 bedded esic hospital building and 32 nos residential quarters at vallam vadangal, sipcot, sriperumbudur |tamil nadu|02/2015 |03/2023|06/2025 |02/2026|152.95|177.01|119.22|99.0
680|618317|employee's state insurance company [esic]|construction of 300 bedded hospital at haridwar |uttarakhand|02/2021 |12/2021|10/2024 |03/2026|102.4|297.63|322.55|81.0
681|618318|mumbai port trust [mpt]|establishment of 600 bed super specialty hospital with optional development of medical college and further expansion on ppp basis. |maharashtra|08/2019 |01/2022|06/2026 |12/2027|693.0|693.0|58.0|11.0
682|618319|inland waterways authority of india [iwai]|jal marg vikas project |multi-states (bihar, jharkhand, uttar pradesh, west bengal)|01/2018 |02/2018|12/2023 |12/2025|5369.18|5061.15|3766.21|76.0
683|618320|inland waterways authority of india [iwai]|fairway development in west bengal farakka - kahelgaon |offshore|01/2018 |08/2018|07/2023 |04/2024|177.0|197.0|383.41|100.0
684|618321|deendayal port trust|development of container terminal at tuna-tekra, deendayal port on bot basis under ppp mode |gujarat|10/2022 |03/2024|03/2027 |03/2027|4243.64|4243.64|1145.0|40.0
685|618323|deendayal port trust [dpt]|construction of oil jetty no.8 at old kandla through internal resources |gujarat|02/2018 |02/2021|02/2023 |07/2024|100.0|225.85|186.47|90.0
686|618324|deendayal port trust [dpt]|replacement and revamping of pipeline projects in oil jetty area, kandla |gujarat|09/2021 |09/2021|09/2023 |03/2025|171.0|211.61|137.51|71.0
687|618325|new mangalore port authority|mechanization of berth no.14 for handling containers and other cargo on dbfot basis - phase ii |karnataka|12/2023 |06/2024|03/2027 |03/2027|153.23|153.23|38.31|40.0
688|618326|reliance industries ltd|rewas port project |maharashtra|12/2019 |01/2020|03/2023 |03/2023|6000.0|6000.0|5999.89|88.0
689|618327|mumbai port trust [mpt]|setting up of a floating storage and regasification unit [fsru] - mumbai |maharashtra|11/2020 |04/2021|11/2026 |11/2026|900.0|900.0|65.0|0.0
690|618328|paradip port trust [ppt]|deepening and optimization of inner harbour facilities including development of western dock on bot basis to handle cape size vessels |odisha|05/2022 |01/2023|12/2027 |10/2028|3004.63|3004.63|1277.52|50.0
691|618329|haldia dock complex, syama prasad mookerjee port authority|berth no. 2 [previously berth 3] of hdc mechanization project |west bengal|11/2022 |03/2023|09/2025 |01/2026|298.26|298.26|480.0|100.0
692|618330|haldia dock complex, syama prasad mookerjee port authority|shalukkhali liquid cargo handling facility development project |west bengal|01/2022 |08/2022|08/2025 |08/2025|253.65|253.65|9.28|0.0
693|618331|indian port rail & ropeway corporation ltd. [iprcl]|national maritime heritage complex [nmhc] phase-i |gujarat|02/2019 |01/2022|03/2024 |03/2026|573.0|1238.05|545.51|73.0
694|618333|national highways & infrastructure development corporation ltd. [nhidcl]|integrated multi modal logistics hub at nangal chaudhary in haryana - other trunk infrastructure development phase 1 |haryana|05/2018 |12/2021|12/2023 |05/2028|763.0|763.0|430.0|60.0
695|618334|national industrial corridor development corporation|krishnapatnam node - phase 1 - roads and services development |andhra pradesh|12/2020 |02/2024|02/2028 |02/2028|2139.44|2139.44|625.56|30.0
696|618335|national highways & infrastructure development corporation ltd. [nhidcl]|tumakuru node - phase 1 - roads and services development |karnataka|12/2020 |02/2023|09/2026 |09/2026|1701.81|1701.81|184.16|18.0
697|618336|national mineral development corporation limited [nmdc]|capacity expansion of deposit-14 and 14 nmz at kirandul |chhattisgarh|08/2021 |07/2022|12/2028 |03/2028|1700.0|1756.2|170.13|11.0
698|618337|steel authority of india limited [sail]|replacement of hot leveller no.1 of plate mill at bhilai steel plant |chhattisgarh|07/2024 |08/2024|07/2026 |07/2026|198.62|198.62|53.11|40.0
699|618338|steel authority of india limited [sail]|replacement of converter vessels, trunnion rings, support system & installation of secondary emission at bhilai steel plant |chhattisgarh|10/2023 |12/2023|06/2026 |06/2026|471.83|471.83|198.89|57.0
700|618339|steel authority of india limited [sail]|rebuilding of coke oven battery no.7 & 8 at bhilai steel plant |chhattisgarh|11/2023 |01/2024|10/2025 |03/2026|884.1|884.1|568.32|84.0
701|618340|national mineral development corporation limited [nmdc]|nmdc slurry pipeline project phase-1 |chhattisgarh|11/2015 |09/2020|06/2023 |03/2026|2907.0|5427.0|3362.98|91.0
702|618341|national mineral development corporation limited [nmdc]|screening plant-iii at kirandul |chhattisgarh|01/2009 |10/2021|01/2026 |07/2027|2718.84|2718.84|1430.03|80.0
703|618342|national mineral development corporation limited [nmdc]|construction of residential towers at biom kirandul complex |chhattisgarh|07/2021 |10/2022|12/2025 |02/2026|349.75|349.75|309.3|99.0
704|618343|steel authority of india limited [sail]|new sinter plant at bsl, sail |jharkhand|03/2015 |10/2015|10/2017 |06/2027|1034.01|1752.3|929.04|53.0
705|618344|steel authority of india limited [sail]|replacement of existing grinders in crm-i & ii at bokaro steel plant |jharkhand|01/2025 |02/2025|01/2027 |01/2027|211.94|211.94|23.4|24.0
706|618345|steel authority of india limited [sail]|secondary emission control in converters of sms-ii at bokaro steel plant |jharkhand|01/2025 |02/2025|10/2026 |10/2026|207.13|207.13|22.94|14.0
707|618346|steel authority of india limited [sail]|revamping of old sub-systems of blast furnace 3 at bokaro steel plant |jharkhand|08/2023 |10/2023|07/2025 |05/2026|513.82|513.82|381.45|84.0
708|618347|steel authority of india limited [sail]|replacement of remaining 04 sets of battery cyclones with 04 nos. of esps in sinter plant-1 at bokaro steel plant |jharkhand|03/2024 |04/2024|06/2026 |06/2026|260.37|260.37|65.74|30.0
709|618348|steel authority of india limited [sail]|rebuilding of coke oven battery no.6 at bokaro steel plant |jharkhand|11/2023 |12/2023|11/2026 |11/2026|627.31|627.31|212.54|55.0
710|618349|national mineral development corporation limited [nmdc]|construction of screening plant-ii for donimalai and kumaraswamy iron ore mining complex of nmdc limited at ballari dt, karnataka. |karnataka|11/2014 |06/2024|08/2026 |08/2026|1043.63|1043.63|443.37|49.0
711|618350|steel authority of india limited [sail]|rebuilding of cob 4 at durgapur steel plant |west bengal|09/2023 |09/2023|12/2026 |12/2026|916.78|916.78|169.02|31.0
712|618351|steel authority of india limited [sail]|installation of new bar mill at durgapur steel plant |west bengal|07/2024 |08/2024|06/2027 |06/2027|2115.44|2115.44|323.48|45.0
713|618352|steel authority of india limited [sail]|up-gradation of blast furnace no. 3 at durgapur steel plant |west bengal|09/2024 |10/2024|06/2026 |06/2026|758.09|758.09|143.53|12.0
714|618353|steel authority of india limited [sail]|third ladle furnace in secondary refinery unit at iisco steel plant |west bengal|11/2024 |12/2024|07/2026 |07/2026|227.96|227.96|57.21|46.0
715|618354|steel authority of india limited [sail]|revamping of air pollution control systems of sp-1 at durgapur steel plant |west bengal|07/2024 |12/2024|05/2026 |05/2026|196.4|196.4|31.28|9.0
716|618355|steel authority of india limited [sail]|stamp charge battery no.12 battery proper at iisco steel plant |west bengal|01/2025 |02/2025|07/2028 |07/2028|2518.39|2518.39|233.38|15.0
717|618356|south central railway [scr] - ii|nadikudi - srikalahasti new line |andhra pradesh|03/2012 |12/2016|05/2027 |03/2028|2312.0|5932.0|2650.58|54.0
718|618357|south central railway [scr] - ii|gooty-pendekallu doubling 29.225 km |andhra pradesh|03/2023 |06/2023|03/2027 |03/2027|351.83|351.83|121.49|3.0
719|618358|south central railway [scr] - ii|guntakal west-mallappa gate rail over rail - ror track |andhra pradesh|07/2023 |07/2023|07/2026 |07/2026|293.3|293.3|160.38|0.0
720|618359|wpo/patna|kurnool - setting up facilities for coach midlife rehabilitation workshop |andhra pradesh|01/2014 |10/2017|12/2023 |12/2023|560.72|560.72|276.66|65.0
721|618362|east coast railway [ecor] - ii|flyover between pendurthi and simhachalam north to avoid surface crossing at simhachalam 7.135 km pb 73 of 2023 24 nr |andhra pradesh|04/2023 |05/2024|04/2027 |04/2027|183.65|183.65|12.94|12.0
722|618363|east coast railway [ecor] - ii|3rd & 4th line between vadlapudi -gate jn. cabin and tie line between gate junction to gangavaram port |andhra pradesh|04/2023 |03/2024|06/2026 |06/2026|154.28|154.28|41.38|60.0
723|618364|south central railway [scr] - ii|tiupati katpadi 104.39 kms |andhra pradesh|04/2025 |04/2025|03/2029 |03/2029|1215.56|1215.56|0.13|0.0
724|618365|south central railway [scr] - ii|3rd line between gudur renigunta 83.17 km |andhra pradesh|10/2024 |10/2024|03/2027 |03/2027|877.34|877.34|98.51|0.0
725|618366|wpo/patna|kurnool coach midlife rehabilitation project |andhra pradesh|05/2016 |07/2014|12/2020 |12/2020|563.0|563.0|120.0|0.0
726|618367|south central railway [scr] - ii|kotapalli - narasapur new line |andhra pradesh|03/2009 |09/2013|03/2028 |03/2028|2501.0|2501.0|1353.79|29.0
727|618368|south central railway [scr] - ii|guntur-guntakal doubling project |andhra pradesh|03/2017 |11/2017|12/2025 |12/2026|3733.0|4295.0|4809.39|93.0
728|618369|rvnl - ii|vijaywada-gudur 3rd line |andhra pradesh|08/2016 |04/2018|11/2024 |03/2026|6654.0|6654.0|6114.84|95.0
729|618370|south western railway [swr] - ii|penukonda - dharmavaram doubling project [41.5 km] |andhra pradesh|06/2018 |12/2018|03/2026 |03/2026|307.66|307.66|296.58|89.0
735|618371|east central railway [ecr] - i|sakri -hasanpur [via harnagar - kusheshwar asthan] new railway line |bihar|12/2023 |08/1997|12/2024 |03/2027|735.2|735.2|588.82|84.0
736|618372|east central railway [ecr] - i|construction of bulb line at nabinagar ankorah of east central railway |bihar|06/2024 |06/2024|06/2028 |06/2028|611.74|611.74|0.0|0.0
737|618373|east central railway [ecr] - i|khagaria-kusheshwar asthan [42km] new line project |bihar|04/2019 |12/1998|12/2024 |03/2027|614.0|1384.16|490.41|55.0
738|618374|east central railway [ecr] - i|hajipur-sagauli new line |bihar|10/2007 |10/2004|03/2020 |12/2026|2067.0|2087.0|2015.42|74.0
739|618375|east central railway [ecr] - i|araria supaul new bg line |bihar|06/2018 |03/2009|03/2024 |01/2027|1605.0|2514.0|1651.44|45.0
740|618376|east central railway [ecr] - i|fatuha-islampur incl. mm for extn.of nl from neora to daniawan , daniawan to biharsharif, biharsharif to barbigha , barbigha to shekhpura |bihar|08/2002 |03/2002|03/2023 |08/2025|1473.0|2882.0|2542.82|97.0
741|618377|indian railway construction international limited [ircon]|jogbani-biratnagar new rail line project |bihar|06/2010 |01/2011|03/2022 |12/2026|402.0|486.0|368.52|86.0
742|618379|east central railway [ecr] - i|samastipur-darbhanga doubling railway project |bihar|11/2015 |12/2015|03/2025 |10/2025|519.0|519.0|53632.27|93.0
743|618380|east central railway [ecr] - i|sagauli-valmiknagar |bihar|03/2018 |03/2017|12/2025 |12/2025|1216.0|2222.0|2084.79|92.0
744|618381|east central railway [ecr] - i|muzaffarpur-sugauli |bihar|03/2018 |03/2017|06/2024 |02/2026|1586.0|1586.0|1480.31|99.0
745|618382|indian railway construction international limited [ircon]|rampur dumra-tal-rajendrapul additional bridge and railway line doubling |bihar|03/2016 |05/2017|12/2024 |12/2025|2373.64|1700.24|1493.16|98.0
746|618383|east central railway [ecr] - i|barauni-bachwara [16 km] - 3rd & 4th line incl. barauni yard remodelling [32 km] |bihar|10/2022 |08/2025|08/2025 |10/2026|645.0|645.0|43.21|56.0
747|618384|east central railway [ecr] - i|jhajha - batia |bihar|03/2023 |03/2023|03/2028 |01/2030|588.18|588.18|1.19|0.0
748|618385|indian railway construction international limited [ircon]|kharsia-dharamjaygarh with spur line [east corridor-phase 1] |chhattisgarh|03/2016 |01/2014|09/2018 |03/2026|3055.0|3407.09|2637.75|94.0
749|618386|east coast railway [ecor] - ii|doubling of kirandul-jagdalpur line [150 km] |chhattisgarh|02/2013 |03/2013|03/2020 |05/2026|1589.0|1798.0|1601.53|95.0
750|618387|secr|gauge conversion of kendri-dhamtari including abhanpur - rajim branch line 67.20 kms - 2nd material modification to raipur titlagarh doubling. |chhattisgarh|07/2011 |05/2021|02/2025 |03/2026|1171.0|1171.0|381.99|100.0
751|618388|south east central railway [secr] - ii|4th line between nipania bhatapara 14.4 km |chhattisgarh|12/2022 |05/2024|03/2027 |03/2027|170.49|170.49|9.1|7.0
752|618389|cao/c/secr|kharsia- naya raipur-parmalkasa 5th and 6th line [278km] |chhattisgarh|04/2025 |04/2025|03/2031 |03/2031|7853.84|7853.84|0.0|0.0
753|618390|rail vikas nigam limited|dallirajhara - rowghat new rail line project, phase-i |chhattisgarh|na |11/2009|03/2025 |02/2026|1516.45|1881.26|2084.72|96.0
754|618391|rail vikas nigam limited|dallirajhra- rowghat new railway line - phase i [95 km] |chhattisgarh|07/2009 |12/2009|09/2025 |12/2025|1628.0|1628.0|1440.85|82.0
755|618392|indian railway construction international limited [ircon]|gevra road-pendra road new railway line [135 km] |chhattisgarh|04/2014 |04/2014|03/2022 |12/2025|4970.0|7448.52|4842.72|77.0
756|618393|south east central railway [secr] - ii|boridand - ambikapur doubling line project |chhattisgarh|06/2022 |04/2022|06/2030 |06/2030|1376.0|1576.72|179.52|24.0
757|618394|secr|4th line - bhatapara-hathband [8.8 km] [pb-72/nr/2022-23] |chhattisgarh|09/2022 |05/2024|01/2027 |12/2027|177.03|177.03|0.0|4.0
758|618395|secr|4th line - bhilai-bhilai nagar [8.8 km] [pb-72/nr/2022-23] |chhattisgarh|09/2022 |05/2024|02/2027 |02/2027|177.34|177.34|1.91|7.0
759|618396|secr|4th line - dadhapara-belha [9.2 km] [pb-72/nr/2022-23] |chhattisgarh|09/2022 |05/2024|11/2026 |11/2026|169.06|169.06|20.47|63.0
760|618398|secr|4th line rajnandgaon-dongarhgarh [31.2 km] [pb-72/nr/2022-23] |chhattisgarh|09/2022 |05/2024|01/2027 |01/2027|328.34|328.34|63.51|30.0
761|618399|secr|3rd and 4th line - saragbundia and madwarani |chhattisgarh|09/2022 |05/2025|12/2026 |12/2026|167.64|167.64|0.18|6.0
762|618400|rail land development authority|redevelopment of new delhi railway station and construction of associated infrastructure |delhi|01/2023 |06/2024|12/2028 |12/2028|4744.0|4744.0|169.58|2.0
763|618401|northern railways|development of new bijwasan railway terminal |delhi|02/2008 |03/2013|03/2020 |12/2026|446.21|446.21|524.63|82.0
764|618402|cao/c/nr|anand vihar-tilak bridge 3rd & 4th line |delhi|03/2013 |03/2013|03/2023 |12/2027|667.0|667.0|291.39|64.0
765|618403|pce/wr|kosamba umarpada 70 km |gujarat|07/2023 |07/2022|03/2027 |03/2027|468.0|468.0|20.28|8.0
766|618405|western railwa|new broad gauge line between naliya to jakhau port |gujarat|02/2023 |02/2023|01/2028 |01/2028|410.26|410.26|9.27|5.0
767|618406|western railwa|quadrupling between gandhidham adipur with y connection at adipur for providing direct entry towards mundra port and bhuj and high level platform at gopalpur 11kms |gujarat|02/2023 |02/2023|03/2026 |01/2026|152.44|152.44|120.36|95.0
768|618407|western railway|petlad bhadran 23 kms |gujarat|05/2022 |05/2022|05/2030 |05/2030|307.11|307.11|13.66|17.0
769|618408|pce/wr|samlaya timba road 54 km |gujarat|02/2023 |02/2023|03/2030 |03/2030|670.17|670.17|45.21|12.0
770|618409|pce/wr|samni jambusar 24 km |gujarat|05/2022 |05/2022|03/2030 |03/2030|350.0|349.93|70.64|31.0
771|618410|western railwa|western railway samakhiali gandhidham quadrupiling 53 kms |gujarat|08/2023 |08/2023|12/2026 |06/2027|1430.0|1430.0|323.15|25.0
772|618411|pce/wr|dahod creation of infrastructure facilities for 9000 hp electric locomotives manufacturing at |gujarat|05/2022 |02/2023|02/2025 |02/2025|487.0|487.0|222.88|53.0
773|618412|pce/wr|dahod rolling stock workshop provision of infrastructure for cbs at |gujarat|11/2022 |03/2023|03/2025 |03/2025|158.0|158.0|51.87|10.0
774|618413|western railwa|sabarmati setting up of maintenance facilities for train sets phase ii |gujarat|01/2023 |04/2023|06/2025 |03/2026|250.0|250.0|127.56|76.0
775|618414|western railway wr - ii|4th line between barejadi nandej-sanand-ahmedabad bypass |gujarat|02/2023 |02/2023|03/2027 |07/2028|961.67|961.67|361.72|19.0
776|618415|rail land development authority|redevelopment of ahmedabad railway station and associated infrastructure on engineering, procurement and construction mode |gujarat|01/2023 |11/2023|03/2028 |03/2028|2379.0|2379.0|820.62|24.0
777|618416|western railwa|devbhumi dwarka [okha] - kanalus doubling |gujarat|12/2025 |12/2025|12/2028 |12/2028|1456.77|1456.77|0.0|0.0
778|618417|western railway [wr] - ii|miyagam-karjan-dabhoi-samlaya [gc] |gujarat|01/2017 |01/2017|03/2021 |12/2026|483.88|1039.13|648.18|42.0
779|618418|western railwa|modasa-shamlaji road railway line project |gujarat|09/2012 |04/2008|03/2025 |03/2026|262.0|262.0|342.95|63.0
780|618419|western railway wr - ii|rajkot - kanalus doubling project [111.2 kms] |gujarat|10/2021 |12/2021|10/2026 |06/2026|1080.58|1080.58|861.18|79.0
781|618420|railway|nadiad-petlad [37.26 km] |gujarat|05/2022 |10/2023|06/2030 |06/2030|461.91|461.91|178.33|8.0
782|618421|western railwa|new bg line intersection [5 nos] between geratpur-sanand & botad-ahmedabad [16.51 km] |gujarat|10/2022 |07/2025|06/2028 |10/2027|437.21|437.21|95.69|20.0
783|618422|north western railway [nwr]|bhiwani - dobh bahali doubling project [42.30 km] |haryana|02/2023 |02/2023|02/2028 |02/2028|471.0|471.0|235.07|67.0
784|618423|east central railway [ecr] - i|doubling between pradhankunta-patherih-bhojudih of east central railway |jharkhand|11/2022 |11/2022|12/2025 |03/2026|349.22|349.22|118.77|71.0
785|618424|east central railway [ecr] - i|koderma-arigada doubling 133.38 km of east central railway |jharkhand|06/2025 |06/2025|12/2029 |12/2029|2887.11|2887.11|0.0|0.0
786|618427|east central railway [ecr] - i|gomoh - flyover for dn trains |jharkhand|01/2018 |01/2018|03/2026 |03/2026|686.0|686.0|602.54|65.0
787|618429|south eastern railway [ser] - i|lodhma - piska - link line bypassing hatia/ranchi with y connection |jharkhand|08/2021 |03/2019|06/2026 |05/2027|473.0|473.0|291.12|5.0
788|618430|east central railway [ecr] - i|pradhan kuntha jn line doubling project |jharkhand|11/2022 |11/2022|11/2027 |11/2027|349.22|349.22|118.77|71.0
789|618431|south western railway [swr] - ii|construction of new bg line between hassan to belur [27 km] |karnataka|03/2019 |12/2025|04/2028 |04/2027|749.0|749.0|0.94|0.0
790|618432|karnataka rail infrastructure development company limited [k-ride]|yeshvanthpur - channasandra doubling project [21.70 km] |karnataka|04/2019 |10/2019|03/2024 |03/2026|314.1|683.57|163.55|55.0
791|618433|south western railway [swr] - ii|new railway line between ginigera and raichur [165.57 km] |karnataka|03/2008 |05/2009|03/2019 |03/2027|2565.0|3034.98|2156.91|66.0
792|618434|south western railway [swr] - ii|gadag-wadi new railway line [257 km] |karnataka|04/2013 |08/2017|03/2027 |12/2027|2842.0|6700.0|1436.64|30.0
793|618435|south western railway [swr] - ii|kadur - chickamagalur - sakleshpur [93km] |karnataka|01/2014 |11/2016|06/2025 |12/2025|825.0|825.0|732.7|83.0
794|618436|south western railway [swr] - ii|bagalkot-kudachi new railway line [142 km] |karnataka|10/2013 |11/2012|03/2027 |01/2027|1378.0|1649.0|750.4|35.0
795|618437|south western railway [swr] - ii|tumkur-chitradurga-davangere new rail line project [191 km] |karnataka|10/2013 |01/2017|03/2019 |12/2027|1876.0|1876.0|523.94|14.0
796|618438|south western railway [swr] - ii|bangalore-whitefield-bangalore city-krishnarajapuram [23.08 km] - quadrupling |karnataka|02/2018 |06/2022|02/2026 |02/2026|493.0|493.0|282.53|84.0
797|618439|south western railway [swr] - ii|shimoga - shikaripura - ranebennur [96 km] |karnataka|09/2019 |02/2023|12/2027 |06/2028|1454.0|1454.0|81.36|12.0
798|618440|karnataka rail infrastructure development company limited [k-ride]|bangalore suburban railway project |karnataka|10/2020 |10/2020|12/2026 |03/2030|15767.0|15767.0|2384.86|19.0
799|618441|south western railway [swr] - ii|belgaum-dharwad via kittur [73.10km] |karnataka|09/2020 |03/2025|12/2027 |03/2029|1591.0|1591.0|0.38|0.0
800|618442|ministry of railways|kumbalam-turavur doubling project [15.59 km] |kerala|04/2023 |04/2023|03/2027 |03/2027|813.0|802.8|86.79|21.0
801|618443|sr-ers|ernakulam-kumbalam doubling project [7.71 km] |kerala|04/2023 |04/2023|03/2028 |02/2027|601.0|595.39|298.71|22.0
802|618444|north central railway|lalitpur-satna, rewa-singrauli & mahoba-khajuraho |madhya pradesh|01/2007 |03/1998|03/2027 |12/2027|8914.0|8914.0|6652.56|74.0
803|618446|west central railway wcr i|katni - bina third railway line [279 km] |madhya pradesh|06/2016 |01/2017|03/2022 |12/2025|2478.23|4127.23|3357.47|99.0
804|618447|west central railway [wcr] - ii|satna-rewa railway line doubling project |madhya pradesh|11/2015 |08/2017|03/2026 |03/2026|500.0|584.0|559.49|85.0
805|618448|indian railway construction international limited [ircon]|doubling of katni - singrauli railway line [261 km] |madhya pradesh|03/2016 |03/2017|12/2025 |12/2025|2445.0|4377.0|3267.93|100.0
806|618449|indian railway construction international limited [ircon]|katni grade separator/bye pass |madhya pradesh|03/2016 |09/2017|09/2024 |03/2026|1248.0|1248.0|1722.72|95.0
807|618450|rvnl - ii|indore - budni new railway line [198 kms] |madhya pradesh|08/2019 |10/2020|09/2030 |09/2030|7474.0|7474.0|2064.85|29.0
808|618452|western railway [wr] - ii|nimach-ratlam doubling [133 km] |madhya pradesh|10/2021 |10/2021|10/2027 |10/2027|1095.88|1095.88|1067.49|89.0
809|618454|central railway|dhule [borvihir] - nardana new line [50.60 kms] |maharashtra|01/2019 |04/2023|12/2026 |09/2027|492.76|1170.83|440.73|25.0
810|618455|central railway [cr] - ii|wardha-nanded via yavatmal new bg line |maharashtra|12/2017 |04/2008|03/2025 |12/2026|3445.0|3445.0|3002.93|50.0
811|618456|south central railway [scr] - ii|aurangabad-ankai - doubling project 98.25 km |maharashtra|05/2023 |05/2023|03/2027 |03/2027|960.64|960.64|803.0|1.0
812|618457|rail land development authority|redevelopment of chhatrapati shivaji maharaj terminus [csmt] and construction of associated infrastructure |maharashtra|04/2023 |07/2023|03/2027 |03/2027|1813.0|1813.0|692.66|19.0
813|618458|south east central railway|gondia-balharshah [chanda fort] doubling [240 km] |maharashtra|04/2025 |04/2025|03/2031 |03/2031|4373.04|4373.04|0.51|0.0
814|618459|south central railway [scr] - ii|doubling between parbhani parli vaijanath stations 64.71 km |maharashtra|12/2023 |12/2023|03/2028 |03/2028|769.93|769.93|62.46|0.0
815|618460|centralrailway|babupeth - sasti new rail line [13.114 kms] |maharashtra|10/2024 |10/2024|03/2028 |03/2028|362.81|362.81|0.48|0.0
816|618461|centralrailway|double chord line between nilaje-kopar |maharashtra|01/2025 |01/2025|07/2028 |07/2028|338.33|205.0|11.44|24.0
817|618462|central railway [cr] - ii|ahmednagar - beed - parli - vaijnath new broad gauge line railway project [261.3 km] |maharashtra|01/1999 |10/2002|03/2026 |03/2026|2538.67|4957.27|5211.1|98.0
818|618463|central railway|baramati lonand new line project |maharashtra|03/2016 |03/1999|03/2027 |03/2027|138.48|1843.9|903.95|60.0
819|618465|south east central railway|wadsa-gadchiroli |maharashtra|05/2017 |03/2012|03/2027 |03/2027|1886.0|1886.0|730.33|53.0
820|618468|central railway|3rd line kalyan - kasara [67.35 kilometres] |maharashtra|09/2015 |09/2015|12/2026 |12/2026|792.89|1395.79|1024.34|69.0
821|618469|central railway [cr] - ii|3rd line wardha - sewagram - nagpur |maharashtra|09/2015 |05/2016|12/2025 |10/2026|540.02|916.53|798.89|88.0
822|618470|central railway [cr] - ii|3rd line wardha - ballarshah [132 kilometres] |maharashtra|03/2016 |12/2016|12/2025 |02/2026|1384.72|2033.59|1743.27|98.0
823|618471|central railway|pune - miraj-londa [467 kilometres] |maharashtra|06/2016 |06/2016|02/2025 |08/2025|4027.53|4872.52|5142.37|100.0
824|618472|central railway|doubling of daund manmad line [247.6 km] |maharashtra|10/2017 |03/2017|12/2025 |03/2026|2081.27|3267.06|2982.69|92.0
825|618473|central railway [cr] - ii|4th line wardha - nagpur [78.7 kilometres] |maharashtra|04/2017 |05/2018|12/2025 |10/2026|637.95|1214.69|1040.86|88.0
826|618475|central railway [cr] - ii|3rd line manmad - jalgaon [160 kilometres] |maharashtra|05/2017 |04/2018|12/2024 |08/2025|1035.16|1870.0|1800.16|100.0
827|618476|central railway|solapur-tuljapur-osmanabad |maharashtra|08/2018 |12/2023|03/2027 |03/2028|904.92|3295.74|1199.39|12.0
828|618477|mridc|nagpur- nagbhir railway line gauge conversion project |maharashtra|10/2019 |04/2020|12/2025 |12/2025|1400.0|1400.0|1472.0|80.0
829|618478|mumbai rail vikas corporation ltd.[mrvc]|mumbai urban transport project [mutp] - phase ii |maharashtra|05/2008 |04/2008|03/2014 |12/2027|8087.0|8087.0|7442.71|88.0
830|618479|mumbai rail vikas corporation ltd.[mrvc]|mumbai urban transport project [mutp] phase-iiia |maharashtra|04/2019 |04/2019|12/2027 |12/2027|33690.0|33690.0|3069.68|20.0
831|602096|mumbai rail vikas corporation ltd.[mrvc]|mumbai urban transport project phase-iii |maharashtra|11/2016 |12/2016|03/2022 |12/2026|10947.0|10947.0|5914.63|70.0
833|618481|south western railway [swr] - ii|marikuppam - kuppam new line project [23.70 km] |multi-states (andhra pradesh, karnataka)|04/2012 |10/2018|06/2026 |06/2026|297.0|297.0|138.39|21.0
834|602098|south western railway [swr] - ii|rayadurg-tumkur via kalyandurg new line [207 km] |multi-states (andhra pradesh, karnataka)|03/2008 |07/2010|09/2015 |02/2028|2496.0|2496.0|1847.89|71.0
835|602099|south central railway [scr] - ii|renigunta, wadi & gooty bypass railway project |multi-states (andhra pradesh, karnataka)|04/2016 |04/2016|12/2025 |03/2026|302.0|543.0|544.65|89.0
836|618484|south central railway [scr] - ii|doubling between mudkhed medchal & mahbubnagar dhone section 417.88 km |multi-states (andhra pradesh, maharashtra, telangana)|08/2023 |08/2023|03/2029 |03/2029|4686.09|4686.09|1109.51|2.0
837|618485|rvnl - ii|vizianagaram - titlagarh 3rd line [272 km including by - pass line of 7.68 km] |multi-states (andhra pradesh, odisha)|06/2016 |11/2016|12/2025 |12/2026|4803.0|6669.91|6049.39|94.0
838|618486|east coast railway [ecor] - ii|doubling of kottavalasa-koraput rail line [189 km] |multi-states (andhra pradesh, odisha)|12/2015 |01/2016|03/2022 |03/2028|2500.0|2500.0|2087.36|71.0
839|618494|ministry of railways|tindivanam-nagari new line project [184.5 km] |multi-states (andhra pradesh, tamil nadu)|07/2008 |10/2008|09/2025 |03/2028|3631.0|3631.0|1185.28|19.0
840|618495|south central railway [scr] - ii|doubling between motumari vishnupuram - 88.81 km and rail over rail - ror at motumari - 10.877 km |multi-states (andhra pradesh, telangana)|02/2024 |03/2025|03/2029 |03/2029|1595.55|1595.55|46.1|2.0
841|618496|south central railway [scr] - ii|doubling of guntur bibinagar 239 km |multi-states (andhra pradesh, telangana)|08/2023 |08/2023|03/2029 |03/2029|2853.23|2853.23|110.45|2.0
842|618497|south central railway [scr] - ii|rail connectivity to errupalem amravati namburu 57 km |multi-states (andhra pradesh, telangana)|11/2024 |11/2024|03/2027 |03/2027|2047.4|2047.4|34.78|0.0
843|618498|south central railway [scr] - ii|kazipet-vijayawada 3rd line with electrification [220 km] |multi-states (andhra pradesh, telangana)|03/2013 |08/2014|02/2025 |12/2025|1953.0|3363.0|4139.07|94.0
844|618499|south central railway [scr] - ii|vijayawada - kazipet byepass line |multi-states (andhra pradesh, telangana)|04/2016 |04/2016|01/2025 |12/2025|647.0|904.0|1060.15|93.0
848|618500|pce/ncr|new delhi- howrah speed booster[160kmph] project |multi-states (bihar, delhi, jharkhand, uttar pradesh, west bengal)|09/2019 |09/2019|03/2024 |03/2024|6684.81|6684.81|127.03|0.0
849|618501|east central railway [ecr] - i|multi tracking of son nagar-andal 374.53 rkm & 814.38 tkm |multi-states (bihar, jharkhand)|08/2023 |08/2023|03/2028 |03/2028|12333.57|12333.6|509.75|15.0
850|618502|east central railway [ecr] - i|koderma-tilaiya new line |multi-states (bihar, jharkhand)|11/2004 |03/2002|02/2025 |02/2026|1626.0|2486.62|2156.71|95.0
851|618503|eastern railway [er] - i|pirpainti - jasidih [100.52 km] new bg line |multi-states (bihar, jharkhand)|03/2014 |03/2022|03/2028 |03/2028|2555.0|2555.0|1105.03|61.0
852|618504|north eastern railway [ner]|ner provision of automatic block signalling on gorakhpur cantt[excl] chhapra gramin & burhwal jn [excl] sitapur jn section of high density routes |multi-states (bihar, uttar pradesh)|na |06/2023|03/2027 |03/2028|380.47|380.47|244.67|20.0
853|618505|ner|gorakhpur-valmikinagar doubling project |multi-states (bihar, uttar pradesh)|08/2023 |03/2024|12/2027 |12/2027|1120.0|1120.0|318.9|26.0
854|610315|north eastern railway [ner]|chhapra-ballia patch doubling |multi-states (bihar, uttar pradesh)|03/2013 |12/2015|02/2025 |03/2026|963.0|1046.0|912.43|95.0
855|618509|northeast frontier railway [nfr]|katihar kumedpur & katihar mukuria bg doubling project |multi-states (bihar, west bengal)|08/2022 |08/2022|08/2026 |02/2027|942.64|942.64|476.45|63.0
856|618512|south eastern central railway|gondia - dongargarh 4th line [84 km] |multi-states (chhattisgarh, maharashtra)|10/2025 |10/2025|10/2030 |10/2030|2222.53|2222.53|0.0|0.0
857|618513|south east central railway [secr] - ii|rajnandgaon - nagpur [kalumna] third railway line [228.30 km] |multi-states (chhattisgarh, maharashtra)|09/2016 |12/2016|12/2024 |06/2026|3545.0|3545.0|3589.67|96.0
858|618514|secr|sardega -bhalumuda new double line [37.24 km] |multi-states (chhattisgarh, odisha)|09/2024 |09/2024|03/2028 |03/2028|1281.81|1281.81|128.01|3.0
859|618515|east coast railway [ecor] - ii|jagdalpur-koraput |multi-states (chhattisgarh, odisha)|12/2015 |03/2016|03/2024 |12/2026|1547.0|1547.0|1356.59|93.0
860|618516|secr|jharsuguda-bilaspur fourth railway line [206 km] |multi-states (chhattisgarh, odisha)|09/2016 |09/2016|10/2024 |03/2026|2140.0|2979.0|2217.72|94.0
861|618517|national high speed rail corporation [nhsrc]|mumbai-ahmedabad high speed rail project- 508 km |multi-states (dadra & nagar haveli and daman & diu, gujarat, maharashtra)|03/2015 |09/2017|08/2027 |12/2029|108000.0|108000.0|86792.89|57.0
862|618519|pce/wr|raising of speed to 160 kmph/200 kmph on existing new delhi-mumbai route incl. vadodara-ahmedabad |multi-states (delhi, gujarat, madhya pradesh, maharashtra, rajasthan)|09/2019 |09/2019|03/2024 |03/2026|6806.44|8095.12|9341.42|64.0
863|618521|rvnl - ii|hospet - tinaighat - vasco rail doubling project |multi-states (goa, karnataka)|03/2010 |07/2012|03/2027 |12/2027|5060.0|5060.0|5282.88|86.0
864|618523|rvnl|hospet-hubli-vasco da gama line electrification project |multi-states (goa, karnataka)|07/2015 |05/2018|03/2023 |06/2026|744.49|1122.62|1154.0|99.0
865|618525|dfccil|western dedicated freight corridor |multi-states (gujarat, haryana, maharashtra, rajasthan, uttar pradesh)|02/2008 |01/2012|03/2022 |12/2025|51101.0|124005.0|124623.0|96.0
866|618527|western railway [wr] - ii|new line dahod-indore via sardarpur, jabuwa and dhar |multi-states (gujarat, madhya pradesh)|06/2012 |06/2012|02/2027 |02/2027|456.07|3516.77|3963.21|52.0
867|618529|western railway [wr] - ii|chhota udaipur - dhar new line project [157 km] |multi-states (gujarat, madhya pradesh)|11/2008 |01/2014|12/2025 |12/2025|1794.0|1794.0|1815.95|80.0
868|618530|western railway|mumbai central virar vadodara ahmedabaad train protection system 500 rkm |multi-states (gujarat, maharashtra)|09/2019 |03/2023|12/2025 |12/2026|311.0|311.0|263.42|93.0
869|618531|north western railway [nwr]|taranga hill-abu road via ambaji |multi-states (gujarat, rajasthan)|07/2022 |07/2022|07/2030 |07/2030|2798.0|2798.0|2181.96|20.0
870|618532|north western railway [nwr]|luni- samdari- bhildi doubling |multi-states (gujarat, rajasthan)|02/2024 |02/2024|07/2027 |07/2027|3085.59|3085.59|536.39|18.0
871|618533|northen railway [nr]|chandigarh-baddi new rail line- 36 km |multi-states (haryana, himachal pradesh)|02/2018 |02/2018|12/2026 |12/2026|1540.0|1540.13|565.25|39.0
872|618535|north western railway [nwr]|rewari - kathuwas doubling project [27.72 km] |multi-states (haryana, rajasthan)|02/2023 |12/2022|06/2027 |06/2027|352.0|352.0|298.26|74.0
873|618536|northen railway [nr]|nangal dam-talwara new broad gauge line [84 km] and taking over siding mukerian-talwara [29 km] |multi-states (himachal pradesh, punjab)|03/1983 |05/1985|12/2025 |12/2027|2018.0|2018.0|89486.62|83.0
874|618537|rvnl - ii|bhanupalli-bilaspur-beri new railway line project |multi-states (himachal pradesh, punjab)|03/2009 |04/2015|12/2026 |12/2027|13447.0|13447.0|7290.03|61.0
875|618540|south eastern railway - jh|doubling of hatia [ranchi]-bondamunda rail line - 159 km |multi-states (jharkhand, odisha)|03/2016 |02/2017|06/2025 |06/2026|3029.0|3029.04|2551.56|87.0
876|618541|south eastern railway [ser] - i|buramara-chakulia new line [59.96 km] |multi-states (jharkhand, odisha, west bengal)|08/2024 |12/2024|12/2029 |12/2029|1459.13|1459.13|5.28|0.0
877|618543|cao/c/ser|chandil - anara - damodar - 3rd line [121.26 km] |multi-states (jharkhand, west bengal)|09/2024 |07/2025|09/2029 |09/2029|1932.01|1932.01|1.74|0.0
878|618544|rvnl - i|kharagpur-adityapur third rail line- 132 km |multi-states (jharkhand, west bengal)|09/2016 |01/2018|03/2025 |06/2026|3250.0|3250.0|3248.61|97.0
879|618545|south western railway [swr] - ii|hotgi-kudgi-gadag doubling project |multi-states (karnataka, maharashtra)|04/2014 |01/2016|12/2024 |03/2026|1878.0|2459.0|2709.7|93.0
880|618546|karnataka rail infrastructure development company limited [k-ride]|baiyyappanahalli - hosur doubling project [48 km] |multi-states (karnataka, tamil nadu)|04/2019 |02/2019|03/2024 |01/2026|498.7|748.7|677.84|87.0
881|618547|southern railwa|trivandrum- kanyakumari |multi-states (kerala, tamil nadu)|08/2017 |03/2016|03/2025 |12/2026|1432.0|3785.45|2851.29|52.0
882|618548|western railway [wr] - ii|ratlam-mhow-khandwa-akola gauge conversion |multi-states (madhya pradesh, maharashtra)|04/2008 |03/2010|03/2027 |09/2028|1656.25|6499.86|4580.33|82.0
883|618549|central railway [cr] - ii|itarsi - nagpur third railway line [280 km] |multi-states (madhya pradesh, maharashtra)|09/2016 |09/2016|03/2027 |12/2027|2449.91|2506.68|2013.98|55.0
884|708662|north western railway [nwr]|ratlam- dungarpur via banswara new line project |multi-states (madhya pradesh, rajasthan)|10/2015 |05/2023|03/2028 |03/2028|2417.24|2417.24|7.03|8.0
885|618550|north central railway|gwalior - seopurkala with extension to kota [gauge conversion] |multi-states (madhya pradesh, rajasthan)|03/2011 |07/2018|03/2025 |02/2026|2913.0|2913.0|2128.16|87.0
886|618553|west central railway [wcr] - ii|ramganjmandi-bhopal new line project [262 km] |multi-states (madhya pradesh, rajasthan)|03/2001 |10/2004|12/2025 |12/2027|3032.0|5073.0|3829.55|79.0
887|618554|western railway [wr] - ii|nimach-badi sadri new rail line project |multi-states (madhya pradesh, rajasthan)|04/2017 |09/2021|03/2026 |06/2026|495.0|825.0|176.42|60.0
888|618555|rvnl - ii|mathura-jhansi third railway line [274 km] |multi-states (madhya pradesh, rajasthan, uttar pradesh)|12/2015 |03/2018|12/2024 |12/2026|5961.0|5961.0|5069.6|94.0
889|618557|cao/c/ncr|jhansi - bina third railway line [153 km] |multi-states (madhya pradesh, uttar pradesh)|09/2016 |03/2018|03/2022 |03/2026|2002.0|2002.0|1862.02|93.0
890|618558|north central railway|jhansi-khairar-manikpur & khirar-bhimsen |multi-states (madhya pradesh, uttar pradesh)|03/2018 |04/2019|03/2026 |03/2026|4330.0|4330.0|2484.54|63.0
891|618559|south central railway [scr] - ii|third line [new] between kazipet - balharshah with electrification [201.04 km] |multi-states (maharashtra, telangana)|09/2016 |10/2016|01/2025 |11/2025|2595.0|3071.0|3632.03|94.0
892|618560|south eastern railway [ser] - i|narayangarh-bhadrak 3rd line |multi-states (odisha, west bengal)|03/2019 |03/2017|12/2025 |06/2026|2400.0|3425.32|2481.92|67.0
893|618563|ministry of railways|nagapattinam-tiruturaipundi and karaikal-peralam new line |multi-states (puducherry, tamil nadu)|07/2008 |01/2019|03/2027 |03/2028|713.0|981.0|633.24|80.0
895|602181|eastern railway [er] - i|sainthia, sitarampur, mughalsarai, allahabad & etawah - bypass line project |multi-states (uttar pradesh, west bengal)|08/2017 |12/2017|03/2027 |03/2027|461.64|461.64|197.33|9.0
896|602182|south eastern railway [ser] - i|jharsuguda-barpali-sardega ph ii works- rail connectivity for coal loading bulb at barpali. |odisha|10/2021 |10/2021|10/2025 |12/2026|808.99|808.99|542.88|32.0
897|618565|east coast railway [ecor] - ii|proposed 6 nos road over bridge [rob] at different locations under mcl talcher under deposit scheme. |odisha|08/2022 |07/2022|03/2025 |01/2025|168.32|168.32|69.85|82.0
898|602184|east coast railway [ecor] - ii|doubling of lingaraj silo connectivity of ntpc line and augmentation of ntpc exchange yard and ntpc block cabin. |odisha|08/2022 |06/2022|12/2024 |12/2026|210.0|210.0|37.17|50.0
899|602185|east coast railway [ecor] - ii|doubling of lines connecting the loading spurs in talcher yard. |odisha|09/2022 |06/2022|12/2024 |04/2026|186.21|186.21|93.02|86.0
900|618566|east coast railway [ecor] - ii|brundamal-jharsuguda- flyover connection for joining downline |odisha|01/2014 |01/2014|12/2026 |12/2026|297.0|297.0|215.98|48.0
901|618567|east coast railway [ecor] - ii|3rd & 4th line between sarla - sason [8 km] [pb 73/2023-24/nr] |odisha|04/2023 |04/2023|12/2025 |12/2025|252.0|252.0|105.68|70.0
902|618572|cao/c/ser|bangriposi-gorumahisani new line [ 85.60 km ] |odisha|08/2024 |09/2025|12/2029 |12/2029|2269.49|2269.49|4.41|0.0
903|618575|cao/c/ser|badampahar-kendujhargarh new line [82.06 km] |odisha|08/2024 |09/2025|12/2029 |12/2029|1875.72|1875.72|1.93|0.0
904|618576|east coast railway [ecor] - ii|flyover between siju and paradeep coaching yard to avoid surface crossing of trains |odisha|04/2023 |10/2025|07/2028 |07/2028|200.77|200.77|30.0|2.0
905|602193|east coast railway [ecor] - ii|paradeep - badabandha 3rd & 4th line / 18.51kms |odisha|08/2023 |04/2025|11/2028 |11/2028|300.15|300.15|0.1|5.0
906|618578|indian railway|new line between junagarh - nabarangpur [116.21 km] |odisha|08/2024 |08/2025|08/2030 |08/2030|2864.51|2864.51|0.0|0.0
907|602195|east coast railway [ecor] - ii|khurda-bolangir new broad gauge rail link [301km] |odisha|03/1994 |03/2001|12/2026 |12/2026|3792.0|5089.0|5370.68|90.0
908|618579|east coast railway [ecor] - ii|talcher-bimlagarh new railway line |odisha|03/2004 |12/2004|03/2025 |03/2027|1928.0|1928.0|2021.63|51.0
909|618580|east coast railway [ecor] - ii|bhadrak-nergundi third line |odisha|10/2015 |04/2015|11/2024 |01/2026|1284.0|1284.0|1323.62|91.0
910|618581|east coast railway [ecor] - ii|koraput - singapur railway doubling |odisha|12/2015 |12/2015|12/2027 |03/2028|2362.0|2362.0|1892.65|72.0
911|618584|east coast railway [ecor] - ii|jarapada- budhapank with flyover at talcher road 3rd and 4th line |odisha|11/2015 |12/2015|11/2018 |03/2026|1000.0|810.02|434.84|58.0
912|618588|east coast railway [ecor] - ii|3rd & 4th railway line project from salegaon to budhapank via rajathgarh. |odisha|07/2013 |12/2015|03/2026 |03/2026|1173.0|2092.0|2083.09|86.0
913|618589|east coast railway [ecor] - ii|jeypore-navarangpur new rail line project |odisha|07/2017 |04/2023|07/2028 |12/2029|748.0|748.0|14.27|1.0
914|618590|east coast railway [ecor] - ii|jeypore-malkanagiri new railway line project |odisha|02/2018 |12/2023|07/2033 |07/2033|2344.0|2344.0|493.99|20.0
915|618592|ministry of railways|khurda road - balangir electrification of railway track project |odisha|09/2018 |09/2019|03/2021 |03/2021|267.61|267.61|0.0|0.0
916|618594|east coast railway [ecor] - ii|gandhamardan iron ore mines to goaldih station/12.76kms |odisha|09/2022 |05/2025|09/2027 |09/2027|190.0|189.93|0.0|0.0
917|618595|east central railway [ecr] - i|jaynagar-bijalpura, incl. extn. bet, bijalpura-bardibas [nepal] |offshore|08/2015 |03/2011|03/2022 |03/2026|819.0|819.0|580.51|75.0
918|618596|rcil|north region video surveillance project |pan india|06/2020 |04/2023|03/2024 |03/2024|274.39|274.39|0.0|48.0
919|618597|railway|ludhiana- killa raipur railway doubling project |punjab|03/2019 |12/2022|03/2025 |03/2026|237.64|238.0|135.92|56.0
920|618598|north western railway [nwr]|devgarh madariya - nathdwara gauge conversion [82.54 km] part of marwar - mavli gauge conversion [152 km] |rajasthan|01/2023 |01/2023|06/2028 |06/2028|968.92|968.92|196.05|60.0
921|618599|north western railway [nwr]|devgarh madariya - nathdwara gauge conversion [82.54 km] part of marwar - mavli gauge conversion [152 km] |rajasthan|na |01/2023|01/2027 |01/2027|968.92|968.92|576.63|60.0
922|618600|wpo/patna|maintenance cum workshop depot for vande bharat sleeper trains as per conditions under wta 527 |rajasthan|09/2022 |06/2023|12/2024 |12/2024|166.86|166.86|0.0|0.0
923|618601|north western railway [nwr]|pushkar- merta city new line |rajasthan|02/2024 |02/2024|12/2026 |12/2026|799.64|799.64|75.78|6.0
924|618602|north western railway [nwr]|ajmer- chanderiya doubling |rajasthan|02/2024 |02/2024|06/2027 |06/2027|1634.79|1634.79|211.26|10.0
925|618603|north western railway [nwr]|sadulpur - churu doubling project |rajasthan|01/2024 |01/2024|06/2026 |06/2026|468.64|468.64|137.46|56.0
926|618604|north western railway [nwr]|pokhran - ramdevra new line |rajasthan|04/2025 |04/2025|03/2028 |03/2028|189.21|189.21|0.0|0.0
927|618605|north western railway [nwr]|nathdwara- nathdwara town nl |rajasthan|03/2019 |04/2024|03/2027 |03/2027|166.33|166.33|96.97|12.0
928|618606|north central railway|dholpur - sirmuttra gauge conversion |rajasthan|03/2022 |04/2020|02/2019 |02/2027|747.0|747.0|446.59|47.0
929|602223|north western railway [nwr]|gudha-thatha mithri construction of railway track project |rajasthan|04/2019 |04/2019|11/2026 |11/2026|819.48|967.06|387.46|99.0
930|618607|north western railway [nwr]|sawai madhopur-jaipur railway line project |rajasthan|02/2024 |04/2023|03/2027 |03/2027|1203.89|1203.89|147.71|14.0
931|618608|cao/c/ncr|agra fort-bandikui doubling line project |rajasthan|06/2022 |02/2021|06/2027 |06/2027|1390.0|1390.0|389.98|61.0
932|618612|north western railway [nwr]|sawaimadhopur bye pass line project |rajasthan|12/2022 |01/2023|03/2026 |05/2027|304.0|304.0|64.85|72.0
933|618613|ministry of railways|phase ii extension of mrts from velachery to st thomas mount |tamil nadu|11/2007 |11/2008|07/2025 |09/2025|734.0|734.01|479.19|99.0
934|618614|ministry of railways|redevelopment of chennai egmore station |tamil nadu|05/2022 |10/2022|03/2026 |03/2026|842.0|842.0|340.0|0.0
935|618615|cpm/icf|coach production factory upgradation project |tamil nadu|12/2017 |07/2018|12/2021 |12/2021|520.0|520.0|192.25|0.0
936|618616|south central railway [scr] - ii|doubling between bhadrachalam road and dornakal |telangana|08/2023 |04/2025|04/2029 |04/2029|770.12|770.12|48.55|0.0
937|618619|rvnl - ii|railway manufacturing unit |telangana|07/2016 |02/2023|12/2026 |03/2026|521.36|521.36|449.23|80.0
938|618621|rvnl|kazipet wagon overhauling project |telangana|09/2017 |07/2017|12/2023 |12/2023|385.0|385.0|0.0|0.0
939|618622|south central railway [scr] - ii|manoharabad-kothapalli new rail line [151 km] |telangana|07/2016 |01/2017|03/2027 |12/2027|1160.0|2781.0|2342.66|71.0
940|618627|north eastern railwa|bahraich-shravasti-balrampur-siddharthnagar -santkabir nagar |uttar pradesh|10/2018 |03/2017|10/2030 |10/2030|4939.78|4939.78|1283.08|8.0
941|618630|north eastern railwa|sahjanwa-dohrighat |uttar pradesh|08/2019 |03/2017|03/2029 |03/2029|1319.75|1319.75|522.19|3.0
942|618632|northern railways|varanasi-pt. deen dayal upadhyaya multitracking 15km including construction of new rail-cum-road bridge across ganga river. |uttar pradesh|10/2024 |10/2025|10/2029 |10/2029|2464.46|2464.46|0.0|0.0
943|618634|construction ner|anandnagar - ghugli via maharajganj new line 52.7 km |uttar pradesh|10/2023 |11/2023|03/2028 |03/2028|958.27|958.27|459.99|23.0
944|618635|north central railway|chunar-chopan doubling project |uttar pradesh|08/2023 |01/2025|03/2028 |03/2028|1423.96|1423.96|82.29|11.0
945|618637|east central railway [ecr] - i|surface triangle line bet. bhadura stn and new crossing stn karma |uttar pradesh|10/2022 |05/2024|02/2027 |02/2027|199.96|199.96|1.05|0.0
946|618639|m/s src company infra private limited|doubling between jaunpur jn - zaffarabad 6.28 km |uttar pradesh|03/2023 |02/2025|01/2027 |01/2027|180.66|180.66|4.0|14.0
947|618642|north eastern railway [ner]|burhwal gonda 3rd line |uttar pradesh|11/2017 |07/2019|03/2025 |01/2026|1016.0|1118.0|1489.37|88.0
948|618644|cao/c/ii/nr|janghai-pratapgarh- amethi |uttar pradesh|11/2017 |03/2017|03/2025 |03/2026|722.0|1194.0|1619.0|70.0
949|618645|north central railway|lalitpur-birari with flyover at lalitpur- 16 km |uttar pradesh|03/2017 |11/2017|12/2024 |01/2026|304.44|356.0|243.0|82.0
950|618654|north central railway|allahabad-bamhrauli flyover construction & 4th railway line project |uttar pradesh|04/2019 |10/2020|03/2026 |03/2026|494.0|494.0|384.81|70.0
951|618661|north central railway|mughalsarai-allahabad, 3rd line |uttar pradesh|12/2015 |03/2016|12/2026 |03/2027|2649.0|2649.44|1766.03|67.0
952|618663|cao/c/ncr|aligarh -daud khan flyover construction & 3rd railway line project |uttar pradesh|04/2019 |09/2020|01/2025 |03/2027|758.0|779.49|453.66|73.0
953|618664|north central railwa|bhandai - flyover for etawah bound down train- 10 km |uttar pradesh|07/2020 |04/2021|02/2026 |02/2027|250.18|250.18|115.69|8.0
954|618665|rvnl - i|bhatni-aurnihar with electrification excluding indara-mau |uttar pradesh|03/2018 |03/2017|12/2024 |03/2026|2529.0|2529.46|2080.46|94.0
955|618667|ministry of railways|barabanki-malhaur 3rd & 4th railway line project |uttar pradesh|01/2019 |04/2017|03/2025 |08/2026|407.0|407.0|381.0|77.0
956|618668|north central railway|allahabad division - aligarh - harduaganj flyover |uttar pradesh|04/2020 |02/2021|10/2026 |03/2027|1457.0|1457.0|400.19|34.0
957|618671|rvnl - ii|rishikesh-karnaprayag new rail line- 125 km |uttarakhand|11/2016 |08/2018|12/2025 |12/2028|38953.0|38953.0|27545.81|72.0
958|618672|eastern railway [er] - i|kalinarayanpur-krishnanagar doubling alongwith krishnanagar - chapra new line and naihati-ranaghat 3rd line. |west bengal|07/2015 |11/2005|02/2027 |02/2027|1000.0|1000.0|1057.36|69.0
959|618673|eastern railway [er] - i|tarakeshwar-bishnupur new line [82.47 km] |west bengal|03/2001 |02/2008|03/2019 |02/2026|1189.0|1542.0|1349.63|93.0
960|618674|rvnl - ii|dum dum airport-new garia via rajarhat-construction of metro railway |west bengal|03/2010 |10/2011|12/2025 |03/2026|8964.0|8964.0|8482.33|85.0
961|618675|northeast frontier railway [nfr]|construction of balurghat-hilli new bg line |west bengal|12/2010 |12/2010|03/2027 |03/2027|1209.0|1181.57|418.64|14.0
962|618676|south eastern railway - jh|ser upgradation of maintenance infrastructure at shalimar into vande bharat chair car maintenance cum workshop depot. |west bengal|03/2024 |12/2024|10/2026 |10/2026|226.87|226.87|33.94|40.0
963|618677|rvnl - ii|joka-bbd bag new metro project |west bengal|03/2010 |04/2010|12/2026 |12/2029|4835.0|10362.0|4799.48|51.0
964|618678|metro railway, kolkata|noapara-barasat via bimanbandar - construction of metro railway [18 km] |west bengal|11/2010 |03/2010|08/2026 |03/2029|4830.0|4830.0|2764.13|32.0
965|618680|rvnl - ii|baranagar-barrackpore and dakshineshwar- construction of metro railway |west bengal|03/2010 |03/2010|12/2026 |12/2030|2298.0|2734.0|393.02|17.0
966|618681|morth|rehabilitation and up-gradation from km 170700 bhadrachalam to km 234567 konta on nh-30 to two lane with paved shoulder in the state of andra pradesh on epc mode. |andhra pradesh|12/2021 |09/2022|09/2024 |09/2024|436.09|436.09|207.05|89.0
967|618687|morth|tadipatri bypass km 0000 to km 6285 of 4-lane on nh-67 in anantapuramu district of ap state under nho on epc mode under annual plan 2022-23 |andhra pradesh|03/2023 |03/2024|03/2026 |03/2026|159.66|159.66|32.57|69.0
968|618688|morth|gudivada town 2 rob, and road improvement nh-165 |andhra pradesh|03/2022 |05/2023|05/2025 |05/2025|317.22|317.22|0.0|67.0
969|618689|morth|widening to two lane with paved shoulders from km 0/0 to 64/020 pamarru to akiveedu |andhra pradesh|03/2020 |11/2021|11/2023 |02/2024|529.54|588.65|0.0|67.0
970|618691|morth|kurnool/kadapa border-jammalamadugu section of nh-167k i.e. design ch. km 248010 to km 269900 to 2 |andhra pradesh|03/2023 |12/2024|12/2026 |12/2026|292.63|292.63|0.0|40.0
971|618693|morth|nandyala-kurnool/kadapa border section of nh-167k i.e. km 186/000 to km 250/000design ch.186000 to 248010 to 2lps |andhra pradesh|10/2024 |09/2025|09/2027 |09/2027|691.81|691.81|0.0|14.0
972|618694|morth|sangameswaram - atmakuru section from km 96 to km 124 & velegodu- nandyal section including nandyal bypass from km 143/6 to 185/9 nh-167k |andhra pradesh|10/2024 |07/2025|07/2027 |07/2027|776.17|644.14|0.0|3.0
973|618695|morth|construction of bypass road to adoni town connecting nh-167 hagari - jadcharla road from km.62/700 to 71/400 in kurnool district in the state of andhra pradesh. |andhra pradesh|03/2023 |02/2024|11/2025 |11/2025|242.0|242.0|78.49|95.0
974|618700|morth|rehabilitation and up-gradation of nh-167 from km 14/900 to km70/000 design ch. 14/900 to 69/700 chintakunta to adoni section to two lane with paved shoulders in the state of andhra pradesh under corridor approach through engineering, procurement |andhra pradesh|11/2016 |05/2017|05/2019 |11/2020|290.15|290.15|36.42|92.0
975|618701|morth|rehabilitation and up-gradation of existin of road from 2-lane to 2-lane with paved shoulders from km. 0.00 to km 53.590 total length-53.590 km of raychoti to vempalli section of nh-440 in the state of andhra pradesh on epc mode. |andhra pradesh|12/2021 |05/2022|05/2024 |05/2024|439.82|359.52|121.22|0.0
976|618708|morth|gorantla - hindupur section from km 120/300 to 165/000 of nh716g in the state of andhra pradesh |andhra pradesh|10/2024 |08/2025|08/2027 |08/2027|808.7|808.7|0.0|5.0
977|618710|morth|muddanur to b. kothapalli section of nh-716g from km. 0/000 to km. 56/500 56.500 km in the state of andhra pradesh on epc mode job no. 741 |andhra pradesh|10/2024 |08/2025|08/2027 |08/2027|1019.97|1019.97|0.0|0.0
978|618711|morth|dornala to kunta junction from design chainage km 244000 to 267990 section of nh-765 package-2 |andhra pradesh|12/2022 |03/2024|09/2025 |09/2025|244.83|244.83|0.0|84.0
979|618712|morth|rehabilitation and upgradation of nh 326a from km 0/0 to 41/979 excluding km 2/255 to 3/372 and km 36/820 to 38/275 odisha border to narasamapeta to two lane with paved shoulders in the state of andhra pradesh under nho on epc mode |andhra pradesh|03/2018 |09/2018|03/2020 |03/2021|228.32|228.32|70.6|100.0
980|618713|morth|widening to two lane with paved shoulder of rampachodavaram - koyyuru section of nh 516e from km 43700 to km 113820 in the state of andhra pradesh on epc mode job no. 737 |andhra pradesh|03/2022 |01/2023|01/2025 |01/2025|568.12|568.12|289.47|92.0
981|618714|morth|widening and reconstruction of existing road to four lane from km.56400 to km 120300 i.e. from b.kothapalli junction to gorantla excluding kadiri bypass from km 70200 to km 77105 of nh 716g in the state of andhra pradesh on epc mode job no. 742 |andhra pradesh|03/2022 |09/2023|12/2025 |12/2025|839.98|839.98|360.45|99.0
982|618715|morth|rehabilitation and upgradation of nh-167ad from macherla to dachepalli via paluvai junction, rentachinthala, gurazala from km.0.000 to 43.659 to two lane with paved shoulders in the state of andhra pradesh job-729 |andhra pradesh|01/2022 |01/2023|01/2025 |01/2025|403.22|403.22|220.99|97.0
983|618716|morth|duttalur at nh-565 junction to kavali joining on nh-16 chainage km. 36/400 to km. 107/224 excluding the stretch from km 101.880 to 105.300 67.404 km of nh-167bg from in the state of andhra pradesh on epc mode |andhra pradesh|03/2021 |07/2022|07/2024 |07/2024|423.67|423.67|0.0|81.0
984|618717|morth|rehabilitation and upgradation of new nh 544dd from design chainage km. 56/000 to 102/20 of kalyandrg - molakalmuru section |andhra pradesh|03/2018 |08/2018|02/2020 |11/2021|294.13|285.29|287.94|98.0
985|618718|morth|rehabilitation and up-gradation of pasarlapudi to dhindi section from km 105/170 to km 126/510 of nh -214 new nh -216 to two lane with paved shoulder in the state of andhra pradesh under nhdp-iv |andhra pradesh|03/2017 |09/2017|09/2019 |05/2024|263.45|263.45|151.56|98.0
986|618719|morth|rehabilitation and up-gradation of thimmapuram to gurajanapalli section from km 26/150 to km 41/161 of nh - 214 new nh - 216 to two lane with paved shoulder in the state of andhra pradesh under nhdp-iv |andhra pradesh|08/2016 |01/2017|07/2018 |06/2025|350.61|432.91|233.92|98.0
987|618720|morth|construction of paderu bypass km 0000 to km 13000 of 2- lane with paved shoulder on nh-516e |andhra pradesh|03/2023 |01/2025|07/2026 |07/2026|244.43|244.43|2.14|3.0
988|618721|morth|two laning with paved shoulders of lambasingi to paderusection of nh 516e |andhra pradesh|04/2020 |11/2023|11/2025 |11/2025|361.24|358.05|77.68|23.0
989|618722|morth|rehabilitation and upgradation to 2-lane with paved should ders sir, configuration of chaprathipalem to lambasingi section km 165500 to km 205000 of nh-516e in the state of andhra pradesh under green national highways corridor project gnhcp with the loan assistance of world bank on epc mode |andhra pradesh|08/2020 |10/2022|10/2024 |10/2024|311.22|311.22|172.01|76.0
990|618723|morth|rehabilitation and upgradation to 2-lane with paved shoulders configuration of koyyuru to chaprathipalem section km 120000 to km 165500 of nh-516e in the state of andhra pradesh under green national highways corridor project gnhcp with the loan assistance of world bank on epc mode |andhra pradesh|08/2020 |07/2022|07/2024 |10/2025|349.29|349.29|221.52|86.0
991|618724|morth|two laning with paved shoulders of gondiguda to araku uptobhallaguda section of nh 516e |andhra pradesh|08/2020 |09/2021|09/2023 |04/2024|296.66|289.11|237.52|91.0
992|618725|morth|two laning with paved shoulders of paderu to gundigudasection of nh 516e |andhra pradesh|08/2020 |03/2021|03/2023 |03/2024|222.61|222.61|122.52|100.0
993|618726|nhidcl|construction of i connecting road from z-morh tunnel to zojila tunnel road length 18.475km and ii 14.150 km long 2-l bi-directional single tube zoji-la tunnel across zojila pass on sonamarg - kargil section from km 82 to km 118 of nh-01 under pmdp |andhra pradesh|01/2018 |10/2020|09/2026 |12/2027|6808.69|6808.69|3147.58|66.0
994|618727|national highways authority of india [nhai]|bangalore chennai expressway phase-ii pkg-ii from km.96.000 to km 127.000 baireddypalle to bangarupalem section |andhra pradesh|02/2021 |06/2023|06/2025 |06/2026|2548.04|2548.04|1079.15|83.0
995|618734|national highways authority of india [nhai]|bangalore chennai expressway phase-ii pkg-iii from km.127.000 to km 156.000 bangarupalem to gudipala section |andhra pradesh|11/2020 |10/2022|10/2024 |10/2024|1407.33|1407.33|675.57|99.0
996|618735|national highways authority of india [nhai]|construction of flyover at gammon junction at km.903.265 on nh16 including vent at diwancheruvu junction at km.902.308 blackspot id no.ap03299 in andhra pradesh on epc mode under nho |andhra pradesh|03/2025 |10/2025|10/2027 |10/2027|326.61|223.29|5.34|4.0
997|618737|national highways authority of india [nhai]|six laning of vijayawada bypass from gollapudi to chinnakakani in vijayawada - gundugolanu section from km. 30.00 to km. 47.881 pkg-iv |andhra pradesh|01/2020 |07/2021|01/2024 |01/2024|1194.57|1757.82|683.12|98.0
998|618738|national highways authority of india [nhai]|6l of anandapuram pendurthi anakapalli section from km. 681.000 to km. 731.780 of nh-16 |andhra pradesh|01/2018 |01/2019|07/2021 |01/2020|2527.0|2957.25|123.42|99.0
999|618739|national highways authority of india [nhai]|renigunta - poyya - naidupeta km 124.60 to km 183.4 of nh 71 |andhra pradesh|03/2020 |01/2022|01/2024 |10/2024|1863.09|2510.14|1336.5|98.0
1000|618740|national highways authority of india [nhai]|6l access controlled greenfield highway from kodur ch. 0000 to vanavolu ch. 24300 of [nh-544g] package-1 |andhra pradesh|01/2023 |02/2024|02/2026 |02/2026|912.94|798.25|300.71|81.0
1001|618741|national highways authority of india [nhai]|6l access controlled greenfield highway from yerragudipadu ch. 129000 to audireddipalle ch. 160000 of [nh 544g] package-6 |andhra pradesh|02/2023 |02/2024|02/2026 |02/2026|1200.42|1019.69|178.28|26.0
1002|618744|national highways authority of india [nhai]|6l access controlled greenfield highway from nallacheruvu palli ch. 96300 to yerragudipadu ch. 129000 of [nh-544g] package-5 |andhra pradesh|02/2022 |02/2024|02/2026 |02/2026|1253.26|1095.78|255.75|45.0
1003|618745|national highways authority of india [nhai]|6l access controlled greenfield highway from odulapalle ch. 72000 to nallacheruvu- palli ch. 96300 of [nh-544g]package-4 |andhra pradesh|01/2023 |02/2024|02/2026 |02/2026|1058.9|946.1|328.75|66.0
1004|618746|national highways authority of india [nhai]|6l access controlled greenfield highway from vankarakunta ch. 45700 to odulapalle ch. 72000 of [nh-544g]package-3 |andhra pradesh|12/2022 |03/2024|03/2026 |03/2026|992.91|888.07|279.55|67.0
1005|618747|national highways authority of india [nhai]|6l access controlled greenfield highway from vanavolu ch. 24300 to vankarakunta ch. 45700 of [nh-544g] package-2 |andhra pradesh|01/2023 |03/2024|03/2026 |03/2026|750.81|626.91|203.14|76.0
1006|618748|national highways authority of india [nhai]|6l access controlled greenfield highway from kavulakuntla ch. 196000 to narayanmpet ch. 203500package-09 |andhra pradesh|02/2023 |02/2025|02/2027 |02/2027|1092.18|956.4|118.56|20.0
1007|618749|national highways authority of india [nhai]|6l access controlled greenfield highway from mallapalle ch. 176000 to kavulakuntla ch. 196000 package-08 |andhra pradesh|02/2023 |02/2024|02/2026 |02/2026|909.02|751.81|225.97|45.0
1008|618751|national highways authority of india [nhai]|6l access controlled greenfield highway from audireddipalle ch. 160000 to mallapalle ch. 176000package-07 |andhra pradesh|02/2023 |03/2024|03/2026 |03/2026|987.1|848.06|254.31|57.0
1009|618756|national highways authority of india [nhai]|6l access controlled greenfield highway from chandrasekharapuram ch. 228000 to polavaram ch. 260000of [nh-544g] package-11 |andhra pradesh|02/2023 |02/2024|02/2026 |07/2026|1292.65|1110.33|255.86|48.0
1010|618759|national highways authority of india [nhai]|khammam-devarapalle pkg iv [4l access controlled greenfield from recherla village to gurvaygudem village design chainage 105236 to 132664] |andhra pradesh|11/2020 |09/2022|09/2024 |05/2025|569.37|752.02|322.23|100.0
1011|618760|national highways authority of india [nhai]|khammam-devarapalle pkg v [4l access controlled greenfield from gurvaygudem village to devarapalle village design chainage 132664 to 162126 |andhra pradesh|12/2020 |09/2022|09/2024 |06/2025|711.94|926.48|376.2|95.0
1012|618761|national highways authority of india [nhai]|4l ps mydukur - badvel from km 585.820 to km 630.960 of nh-67 |andhra pradesh|05/2022 |09/2023|09/2025 |09/2025|1063.57|1103.87|467.68|90.0
1013|618765|national highways authority of india [nhai]|4l of pileru to kalur section from km 55.900 to km 92.800 & km 94.500 to km 95.717 of nh-71package-ii |andhra pradesh|03/2022 |10/2023|11/2025 |11/2025|1877.47|592.85|245.99|98.0
1014|618769|national highways authority of india [nhai]|4l of madanapalle to pileru section from km 0.000 to km 55.900 of nh-71package-i |andhra pradesh|02/2022 |01/2023|01/2025 |06/2025|1877.47|1994.1|1104.54|94.0
1015|618770|national highways authority of india [nhai]|development of 4l road from samarlakota to achampeta junction as part of kakinada port connectivity to nh-16 rajanagaram junction in east godavari district |andhra pradesh|09/2022 |08/2023|08/2025 |08/2025|645.63|750.2|557.23|84.0
1016|618771|national highways authority of india [nhai]|dedicated port road to krishnapatnam port package-i from km. 0.000 to km. 18.000 |andhra pradesh|03/2018 |12/2018|12/2020 |12/2020|348.72|341.36|59.91|75.0
1017|618772|national highways authority of india [nhai]|4l greenfield road connecting north and south industrial cluster of khandaleru creek near krishnapatnam port at thamminapatnam to mollur from km 0.0 to km 16.046, part i & 6l extension of dedicated port road of nh-67 km 18.0 to km 19.3, part ii |andhra pradesh|08/2022 |09/2023|09/2025 |09/2025|609.43|559.98|425.92|73.0
1018|618774|national highways authority of india [nhai]|4 laning of nh-544d from km 0.000 to km 37.000 of anantapur- muchukota section pkg-1 |andhra pradesh|10/2022 |07/2023|07/2025 |07/2025|907.76|905.98|411.28|91.0
1019|618775|national highways authority of india [nhai]|4 laning of nh-544d from km 37.000 to km 69.000 of muchukota- bugga section pkg-2 |andhra pradesh|10/2022 |08/2023|08/2025 |08/2025|1097.57|1055.23|320.17|70.0
1020|618777|national highways authority of india [nhai]|4l ps from mandlem existing km. 38.000/design km.30.600 to atmakur existing km.73.000/design km 66.115 of nh340c package2 |andhra pradesh|03/2023 |11/2023|11/2025 |11/2025|887.28|913.03|374.39|99.0
1021|618778|national highways authority of india [nhai]|six laning of vijayawada bypass from chinna avutapalli to gollapudi in vijayawada - gundugolanu section from km. 0.00 to km. 30.00 pkg-iii |andhra pradesh|01/2020 |02/2021|02/2023 |03/2024|1581.24|1883.71|580.31|98.0
1022|618779|national highways authority of india [nhai]|6l jakkuva korlam section of nh-130cd road from km 396.800 to km 421.100 pkg 2 |andhra pradesh|02/2021 |03/2022|03/2024 |07/2024|840.51|840.51|404.58|99.0
1023|618787|national highways authority of india [nhai]|6l kantakapalle sabbavaram section of nh-130cd road from km 445.100 to km 464.662 pkg-4 |andhra pradesh|02/2021 |10/2022|10/2024 |10/2024|1012.57|1012.57|507.81|80.0
1024|618788|national highways authority of india [nhai]|6l access controlled greenfield highway from narayanmpet ch. 203500 to chandrasekharpuram ch. 228000package-10 |andhra pradesh|02/2023 |02/2024|02/2026 |06/2026|813.66|678.21|167.64|52.0
1025|618791|national highways authority of india [nhai]|6l access controlled greenfield highway from polavaram ch. 260000 to marripudi ch. 285500 of [nh-544g]package-12 |andhra pradesh|02/2023 |02/2024|02/2026 |05/2026|747.29|626.83|178.76|60.0
1026|618792|national highways authority of india [nhai]|6l access controlled greenfield highway from somavarappadu ch.314.600 to muppavaram ch.343240 of [nh-544g] package-14 |andhra pradesh|02/2023 |02/2024|02/2026 |05/2026|1103.9|943.66|161.56|35.0
1027|618796|national highways authority of india [nhai]|6l access controlled greenfield highway from marripudi ch. 285500 to somavarappadu ch. 314600 of [nh-544g] package-13 |andhra pradesh|02/2023 |02/2024|02/2026 |02/2026|976.41|798.71|259.72|68.0
1028|618797|national highways authority of india [nhai]|6l of naidupeta junction - turpukanupur section from km 57.046 to km 91.927 |andhra pradesh|08/2022 |10/2023|10/2025 |10/2025|1398.84|965.58|225.55|35.0
1029|618798|national highways authority of india [nhai]|construction of four lane access controlled highway from chillakuru cross road to turpu kanupurpart 1 of package - ii km 0.000 131.500 of nh - 16 to km 23.770 on new nh-516w including sixlane flyover and approaches on nh-16 length km 1.050 and six lane access controlled from turpukanupur to port south gate part 2 of package - ii km 23.770 to km 35.015 on new nh-516w inthe state of andhra pradesh on ham mode under bharatmala pariyojana phase i |andhra pradesh|08/2022 |12/2023|12/2025 |12/2025|864.2|844.39|259.02|46.0
1030|618800|national highways authority of india [nhai]|balance works in ap portion and punch list items in tn & ap portion of nh-205 |andhra pradesh|10/2022 |07/2023|01/2025 |01/2025|166.52|113.46|97.5|100.0
1094|618801|morth|construction of proposed 4lane revelgunj bypass nh-19 in the state of bihar on epc mode connecting nh 19 to 85 origin |bihar|03/2022 |07/2023|07/2025 |07/2025|295.24|295.24|33.07|79.0
1095|618803|morth|widening & strenthening from km132.895 to km 190.15 nh-80 |bihar|03/2021 |11/2022|11/2024 |11/2024|566.1|566.1|221.6|79.0
1096|618804|morth|rehabilitation & widening work for 2 lane with paved shoulder of existing nh-80 from km 70.15 to km 121.025 of munger-suttanganj -bhagatpurmirzachowki section on epc mode in the state of bihar. |bihar|03/2021 |02/2023|01/2025 |01/2025|477.54|477.54|311.39|95.0
1097|618807|national highways authority of india [nhai]|6l greenfield varanasi-ranchi-kolkata highway from pachmon village to anarbansalea village from km. 116000 to km. 151200 package-6 |bihar|03/2023 |09/2025|09/2027 |09/2027|1915.99|1920.21|0.74|1.0
1098|618811|national highways authority of india [nhai]|6l greenfield varanasi-ranchi-kolkata highway from junction with chandauli- chainpur road near khainti village to junction with bhabhua-adhaura road near palka village from km. 27.000 to km. 54.000 pkg-2 |bihar|03/2023 |10/2025|10/2027 |10/2027|1240.93|1341.52|31.87|5.0
1099|618814|national highways authority of india [nhai]|6l greenfield varanasi-ranchi-kolkata highway from junction with bhabhua-adhaura road in bhairopur village to konki village from km. 54.000 to km. 90.000pkg-3 |bihar|03/2023 |10/2025|10/2027 |10/2027|1576.94|1711.44|18.62|7.0
1100|618816|national highways authority of india [nhai]|6l bridge and its approaches across river ganga as part of patna ring road nh- 131g starting from km 8.480 near sherpur to km 23.000 near dighwara |bihar|09/2022 |09/2023|09/2027 |09/2027|6291.69|3351.62|457.62|14.0
1101|618817|national highways authority of india [nhai]|4l greenfield alignment of amas to shivrampur from 0.000 km. to 55.002 km. of nh 119 d pkg-i |bihar|02/2022 |03/2023|03/2025 |12/2025|1390.92|1427.43|282.35|33.0
1102|618819|national highways authority of india [nhai]|4l greenfield alignment of shivrampur to ramnagar from km. 55.002 to km. 109.300 of nh 119 d pkg-ii |bihar|02/2022 |07/2023|07/2025 |12/2025|1494.31|1546.07|193.54|39.0
1103|618820|nhai|4l greenfield alignment from kalyanapur to tal dashraha of nh-119d pkg-iii |bihar|03/2022 |02/2023|02/2025 |02/2025|1857.58|1969.3|345.76|30.0
1104|618821|national highways authority of india [nhai]|ara - mohania pkg-ii |bihar|08/2020 |01/2021|07/2023 |11/2025|984.63|827.51|798.12|100.0
1105|618825|national highways authority of india [nhai]|ara bypass |bihar|03/2025 |10/2025|04/2027 |04/2027|226.32|226.32|0.08|0.0
1106|618826|nhai|4l of aurangabad-paithan |bihar|09/2022 |01/2023|07/2024 |07/2024|1505.0|349.96|305.2|96.0
1107|618827|national highways authority of india [nhai]|4l ps under nh configuration of manikpur-sahebganj of nh-139w |bihar|10/2024 |01/2026|12/2027 |12/2027|1538.76|1538.76|0.23|5.0
1108|618828|national highways authority of india [nhai]|aunta - simaria including ganga bridge |bihar|na |08/2018|02/2022 |05/2025|1309.47|2107.68|805.51|100.0
1109|618829|national highways authority of india [nhai]|simaria km. 206.050 to khagaria km. 266.282 |bihar|na |10/2016|04/2019 |03/2025|664.02|891.64|340.08|97.0
1110|618830|national highways authority of india [nhai]|4l elevated section and at-grade improvements at begusarai town simaria - khagaria section from km. 221.047 to km. 225.302 of nh-31 |bihar|10/2021 |06/2022|12/2024 |12/2025|491.04|348.38|325.6|93.0
1111|618833|national highways authority of india [nhai]|bakhtiyarpur-rajauli pkg-ii from km. 54.405 to km.101.630 |bihar|09/2020 |04/2021|07/2023 |07/2023|897.45|1397.47|697.42|97.0
1112|618834|national highways authority of india [nhai]|maheshkunt-saharsa-purnea pkg i km 0.00 to km. 90.00 of nh-107 |bihar|02/2017 |12/2019|12/2021 |08/2025|662.44|1311.22|902.44|85.0
1113|618835|national highways authority of india [nhai]|maheshkunt -saharsa-purnea pkg ii |bihar|na |12/2018|12/2020 |11/2025|1028.28|1244.09|814.45|89.0
1114|618836|national highways authority of india [nhai]|chhapra - hajipur from km. 143.200 to km. 209.200 |bihar|na |01/2011|07/2013 |07/2013|2127.86|2171.6|3.78|57.0
1115|618837|national highways authority of india [nhai]|4l of bal. works of patna - gaya -dobhi pkg-ii from km. 39.00 to km. 83.00 of old nh- 83 |bihar|09/2019 |11/2020|11/2022 |05/2025|1637.29|777.2|728.91|89.0
1116|618838|national highways authority of india [nhai]|4l of bal. works of patna - gaya -dobhi pkg-iii from km. 83.00 to km. 127.217 of old nh-83 |bihar|09/2019 |11/2020|11/2022 |05/2025|1077.46|799.7|774.78|92.0
1117|618839|nhai|umagaon-saharsa package-iv koshi bridge & approach road - bheja-bakaur |bihar|02/2019 |02/2020|08/2023 |08/2023|1199.58|1223.94|864.12|87.0
1118|618840|nhai|2l ps of majhauli to charout section from km. 0.00 to km. 63.655 |bihar|01/2018 |11/2019|11/2021 |11/2021|638.29|1067.51|125.18|99.0
1119|618841|nhai|4l of greenfield alignment from km. 47.000 to km. 89.210 of balbhadarpur to bela nawda section of nh-119d |bihar|03/2022 |03/2024|03/2026 |03/2026|2185.75|2118.46|373.6|22.0
1120|618843|national highways authority of india [nhai]|rehabilitation and upgradation of chorma - bairgania section of national highway no 227f to 2 lane with paved shoulders from design ch.0.000 to ch. 34.566 |bihar|06/2022 |02/2024|01/2026 |01/2026|610.78|628.65|299.57|97.0
1121|618845|national highways authority of india [nhai]|bakhtiyarpur km 153.300 to mokama km 197.900 |bihar|na |06/2017|12/2019 |02/2021|1182.94|1898.84|59.61|99.0
1122|618847|nhai|umagaon-saharsa package-v bakaur-parsarma-bangaon-bariyahi & spur to mahishi |bihar|10/2022 |12/2023|12/2025 |12/2025|768.35|968.42|383.04|98.0
1123|618848|morth|construction of 4 nos grade separtor between km. 281.000 to km. 307.600 km. 286.400 kumhari km. 299.000 transport nagar km. 302.000 power house km. 304.000 chandra moura chowk to km. 305.000 supeia of nh-53 old nh-06 raipur - durg 4 lane on epc mode in the state of chhattisgarh job no. nh-53old nh-06 cg- 2017-18-56 |chhattisgarh|03/2018 |01/2019|01/2021 |01/2021|349.03|349.03|0.0|97.0
1124|618849|morth|up-gradation to two/four lane with paved shoulder configuration of kondagaon- narayanpur from design ch. 0.00 - 48.693 design length 47.493 km. 1.20 km. retained on nh-130d under epc mode in the state chhattisgarh. |chhattisgarh|12/2022 |03/2025|03/2027 |03/2027|322.4|322.4|1.1|20.0
1125|618850|morth|strengthening and widening of existing 2 lane road to two lane paved shoulder from km 7.750 to 26.542 & km. 32.093 to 45.786 of nh-130 on epc mode in the state of chhattisgarh.job no. 130-cg-2017-18-348 |chhattisgarh|11/2017 |05/2019|11/2020 |11/2020|188.8|188.8|1.06|97.0
1126|618852|morth|up-gradation of nh-930 sherpar to kohka from km.67880 to km.114860 to 2lps in chhattisgarh under epc mode |chhattisgarh|03/2020 |05/2022|05/2024 |05/2024|278.97|278.97|201.05|90.0
1127|618854|morth|up-gradation of nh-130c abhanpur to paund from nh km. 0000 to km 40380 to two lane with paved shoulders in the state of chhattisgarh on epc mode. |chhattisgarh|12/2020 |03/2022|09/2023 |09/2023|193.16|193.16|56.27|85.0
1128|618855|national highways authority of india [nhai]|durg-raipur bypass section package - 1 from km. 0.00 to km. 44.50 near tendesara to near khatti village |chhattisgarh|06/2022 |07/2023|07/2025 |07/2025|1828.0|1656.73|537.0|60.0
1129|618856|national highways authority of india [nhai]|durg-raipur-arang package - 2 from km. 44.50 to km. 92.23 near khatti village to near aurang |chhattisgarh|06/2022 |06/2023|05/2025 |05/2025|1958.9|1561.97|406.66|40.0
1130|618859|national highways authority of india [nhai]|4l of bilaspur to urga km 0.00 to 70.2 of nh-130a |chhattisgarh|04/2020 |03/2022|03/2024 |03/2024|1855.59|2523.86|719.76|94.0
1131|618861|national highways authority of india [nhai]|development of 6l of jhanki sargi section road from km 0.000 to km 42.800 of nh- 130cd pkg-cg-1 |chhattisgarh|11/2021 |09/2022|09/2024 |09/2024|1368.19|1129.14|617.73|98.0
1132|618864|national highways authority of india [nhai]|development of 6l sargi basanwahi section from km 42.800 to km 99.500 of nh- 130cd pkg-cg-2 |chhattisgarh|12/2021 |01/2023|01/2025 |09/2025|1470.73|1461.81|694.37|94.0
1133|618865|national highways authority of india [nhai]|development of 6l of basanwahi marangpuri section from km 99.500 to km 124.661 of nh-130-cd |chhattisgarh|03/2022 |10/2023|10/2025 |07/2026|1307.16|1303.63|381.96|56.0
1134|618866|national highways authority of india [nhai]|conversion of partially excavated escape tunnel to uni-directional 2l tunnelincluding construction of cross passages and approach roads on either side of the tunnel from km 12.732 to km 14.568 of kiratpur to nerchowk section of nh-21 |chhattisgarh|05/2022 |09/2022|03/2024 |08/2025|444.21|412.88|394.57|100.0
1135|618867|national highways authority of india [nhai]|4/6 laning of raipur-simga pkg-i from km. 0.00 to km. 48.58 |chhattisgarh|na |04/2016|04/2018 |04/2018|1096.52|1172.36|18.71|100.0
1136|618869|national highways authority of india [nhai]|4 laning with ps of pathrapalli-katghora km 53.3 to km 92.6 pkg-ii of bilaspur kathghora |chhattisgarh|12/2019 |12/2020|12/2022 |07/2023|865.1|1275.26|412.34|93.0
1137|618878|national highways authority of india [nhai]|development of 6l uer ii [package - i] nh-1 near bakoli till karala kanjhawala road from km. 0.70 to km.15.00 |delhi|07/2020 |10/2021|10/2023 |02/2025|2089.94|2203.45|1796.13|99.0
1138|618881|national highways authority of india [nhai]|6l access controlled highway from dnd maharani bagh - jn. with jaitpur - pushta road of nh-148na from km. 0.00 to km. 9.00 in ncr |delhi|07/2020 |01/2022|07/2024 |04/2026|1467.44|2510.34|1349.87|96.0
1139|618882|national highways authority of india [nhai]|8l of dwarka expressway pkg-ii rub near dwarka sector 21-dl/hr border from 5.300 km.to 9.500 km. of nh-248bb |delhi|01/2018 |10/2019|10/2021 |07/2025|2067.67|2670.22|628.68|100.0
1140|618883|morth|construction of six lane elevated corridor from km. 508.000 to km. 513.150 including approaches on nh-66 |goa|04/2023 |04/2024|04/2026 |02/2026|641.46|641.46|0.0|71.0
1141|618884|morth|up-gradation of dhoraji-jamkandorna-kalavad section of nh-927d from design chainage km 0/00 to km 58/115 to two lane with ps configuration in the state of gujarat on epc |gujarat|10/2022 |02/2024|01/2027 |01/2027|246.6|291.19|0.0|21.0
1142|618885|morth|work of 6 laning/construction of elevated corridor from km 0/0 to 10/170 narol junction to sarkhej junction including 4 lane shastri bridge on sabarmati river on nh 47 in the state of gujarat on ham mode |gujarat|03/2024 |08/2025|02/2028 |02/2028|1295.39|1295.39|0.0|5.0
1143|618886|morth|construction of new 4 lane major bridge with approaches on sabarmati river near dharoi at km. 82/00 to 86/00 design length 3.300 km on nh-58 in the state of gujarat on hybrid annuity mode ham |gujarat|03/2024 |08/2025|08/2027 |11/2025|398.4|398.4|0.0|8.0
1144|618888|morth|widening to 2lps between km 0/0 to 56/0 khokhara gujarat border vijayanagar antrasuba mathasur road of nh 58 in the state of gujarat |gujarat|03/2024 |09/2025|08/2026 |08/2026|699.19|699.19|0.0|10.0
1145|618889|morth|widening 2 lane to 4-lane from km 92/320 to km 115/320 vav chokdi-satlasana to to vrundavan chokdi, kheralu on nh-58 in the state of gujarat. |gujarat|03/2022 |03/2024|03/2026 |03/2026|151.13|171.27|0.0|92.0
1146|618890|morth|work of development and construction of elevated corridorfrom km 38/660 to km 42/690 iscon junction to start point of approach of sanand flyover of nh-147 in the sate of gujarat |gujarat|03/2023 |06/2024|06/2026 |06/2026|530.2|530.2|28.67|55.0
1147|618894|morth|upgradation to two lane with paved shulder configuaration from km. 0/00 to 47/000 of nh 351 mahuva to badhada section in the state of gujarat |gujarat|12/2022 |02/2024|08/2025 |08/2025|173.06|219.08|17.42|50.0
1148|618895|morth|upgradation of mehsana-visnagar-vadnagar-kheralu-idar section from km 0/00 to 81/300 of nh 168g mehsana to idar in the state of gujarattotal length 81.300 km on hybrid annuity mode ham |gujarat|02/2024 |12/2025|06/2028 |06/2028|1155.21|1155.21|0.91|2.0
1149|618897|morth|up-gradation and strengthening to 2laneps from km 95/500 to km 129/775 of nh 168g idar-bhiloda-samlaji in the state of gujarat length 34.275 km |gujarat|09/2022 |12/2023|12/2025 |12/2025|237.28|237.28|0.0|47.0
1150|618902|national highways authority of india [nhai]|delhi-vadodara greenfield alignment nh-148n pkg-26 ch.696890 to ch.726390 |gujarat|09/2020 |12/2022|08/2024 |08/2024|1555.2|1556.4|964.17|72.0
1151|618903|national highways authority of india [nhai]|delhi-vadodara greenfield alignment nh-148n pkg-28 ch.756052 to ch.781282 |gujarat|09/2020 |11/2021|11/2023 |05/2025|1263.38|1266.98|864.08|96.0
1152|618904|national highways authority of india [nhai]|delhi-vadodara greenfield alignment nh-148n pkg-30 ch 803420 to ch.824920 [baletiya village - junction near pratap nagar village] |gujarat|11/2019 |09/2021|09/2023 |06/2024|1800.73|1800.73|1090.06|99.0
1153|618906|national highways authority of india [nhai]|delhi-vadodara greenfield alignment nh-148n pkg-31 ch.824920 to ch.844382 [junction near pratap nagar village - junction near dodka village] |gujarat|11/2019 |05/2021|05/2023 |05/2023|1644.85|1651.14|929.98|95.0
1154|618908|national highways authority of india [nhai]|vadodara mumbai expressway kim to ankleshwar phase ia - pkg v |gujarat|02/2018 |11/2019|10/2021 |04/2025|1324.84|2807.48|1240.62|91.0
1155|602525|national highways authority of india [nhai]|vadodara mumbai expressway gandeva to ena phase ib - pkg vii [km 190.00 to km 217.500] |gujarat|07/2020 |11/2021|11/2023 |03/2025|1710.3|3392.21|2152.35|97.0
1156|618909|national highways authority of india [nhai]|ahmedabad - dholera pkg i from km. 0.00 to km. 22.00 [sardar patel ring road - sindhrej village] |gujarat|05/2020 |01/2022|01/2024 |10/2024|1298.0|1421.05|1005.12|99.0
1157|618911|national highways authority of india [nhai]|ahmedabad - dholera pkg ii from km. 22.00 to km. 48.52 [sindhrej village - vejallka village] |gujarat|05/2020 |01/2022|01/2024 |01/2024|1415.34|1729.69|997.08|99.0
1158|618910|national highways authority of india [nhai]|ahmedabad - dholera pkg iii from km. 48.52 to km. 71.06 [vejallka village - start of dsir zone] |gujarat|05/2020 |07/2021|07/2023 |05/2024|1034.04|1155.41|947.31|100.0
1159|618913|national highways authority of india [nhai]|ahmedabad - dholera pkg iv from km. 71.06 to km. 109.019 [start of dsir zone - adhelai village] |gujarat|05/2020 |12/2021|12/2023 |10/2024|1181.76|1358.73|1202.2|97.0
1160|618915|national highways authority of india [nhai]|sanchore - santalpur from km 67.000 - km 99.000 of nh-754k aj-rgbs-package-3 |gujarat|02/2020 |08/2021|08/2023 |01/2024|752.3|765.25|560.81|99.0
1161|602532|national highways authority of india [nhai]|sanchore - santalpur from km 99.000 - km 130.073 of nh-754k aj-rgbs-package-4 |gujarat|02/2020 |03/2021|03/2023 |12/2024|778.15|835.55|663.36|99.0
1162|618916|national highways authority of india [nhai]|4l of dhrol bypass section of nh-151a approx. length 5.7 km & widening upto 4 laning of missing link of amran section of nh-151a approx. length 6.55 km from existing ch. 42000 to 48500 of ongoing dhrol-bhadra-pipaliya section of nh-151a |gujarat|03/2024 |02/2025|02/2027 |02/2027|625.58|455.54|50.38|10.0
1163|602535|national highways authority of india [nhai]|upgradation to 4l ps from bhimasar, junction of nh-41 to anjar- bhuj upto airport junction from km 0.000 to km 65.478 of nh-341 |gujarat|03/2022 |01/2023|06/2025 |06/2025|1373.06|1687.25|751.31|96.0
1164|618919|national highways authority of india [nhai]|kodinar - veraval package vi from km. 221.610 to km. 263.00 of nh-8e & km. 120.900 to km. 121.150 of nh-8d |gujarat|na |02/2018|07/2020 |10/2024|894.01|1127.42|445.94|98.0
1165|618921|national highways authority of india [nhai]|4l kodinar - veraval package vi from km. 222.400 to km. 230.00 kodinar bypass of nh-8e nh 51 new |gujarat|03/2022 |04/2022|09/2023 |09/2023|162.73|192.01|162.0|100.0
1166|602538|national highways authority of india [nhai]|4l of bal works of talaja - mahuva from 54.990 km. to 100.450 km. of old nh-8e package-ii |gujarat|08/2020 |03/2021|09/2022 |09/2022|698.4|735.51|418.41|100.0
1167|618925|national highways authority of india [nhai]|4l ps from ch. 94.030 in jabugam village to ch. 132.320 in dhamasiya village of nh-56 pkg-iii |gujarat|03/2023 |11/2025|11/2027 |11/2027|1188.46|898.0|-4.88|1.0
1168|618928|national highways authority of india [nhai]|4l ps from ch. 179.780 in bitada/movi village to ch. 208.900 in nasarpore village of nh-56 pkg-v |gujarat|03/2023 |11/2025|11/2027 |11/2027|764.02|566.96|0.24|0.0
1169|618930|national highways authority of india [nhai]|6l of chiloda-naroda section from km. 540.595 to km. 555.595 of nh-8package-vii |gujarat|na |05/2017|05/2019 |07/2021|356.6|463.03|39.06|100.0
1170|618931|national highways authority of india [nhai]|widening to 6l of existing 4l jetpur - gondal - rajkot section from km. 117.600 to km. 185.00 on nh-27 |gujarat|03/2022 |09/2023|09/2025 |01/2027|2070.44|1390.29|748.65|56.0
1171|618932|national highways authority of india [nhai]|4l of dwarka-khambaliya-devariya section from km 203.500 to km 176.500 and from km 171.800 to km 125.000 of nh-151a |gujarat|01/2019 |02/2020|08/2022 |06/2023|1024.69|1753.95|542.11|100.0
1172|618934|national highways authority of india [nhai]|four laning of una to kodinar from km. 180.478 to km. 221.610 package-v |gujarat|na |02/2017|08/2019 |08/2019|877.71|1126.66|114.11|100.0
1173|618935|national highways authority of india [nhai]|kagvadar - una package-iv |gujarat|na |03/2017|09/2019 |09/2019|750.53|955.78|41.54|97.0
1174|618936|national highways authority of india [nhai]|4l of bal works of mahuva to kagvadar from 100.450 km. to 140.470 km. of nh-8e pkg- iii |gujarat|08/2020 |03/2021|09/2022 |09/2022|603.08|628.49|230.04|99.0
1175|618937|national highways authority of india [nhai]|4l of bhavnagar - talaja package-i from km. 6.945 to km. 54.990 of old nh-8e |gujarat|na |02/2017|08/2019 |08/2019|1185.66|1343.16|53.18|100.0
1176|618938|national highways authority of india [nhai]|delhi-amritsar-katra expressway phase-i pkg-iii from junction with jind-panipat road nh-352a near gangana village to junction with jind-karnal road nh-709a near alewa village km 60800 to km 91400 |haryana|12/2020 |12/2021|12/2023 |05/2024|1606.27|1813.91|631.62|79.0
1177|618939|national highways authority of india [nhai]|delhi-amritsar-katra expressway phase-i pkg-iv from junction with jind-karnal road nh-709a near alewa village to junction with ambala-kaithal-hissar road nh-152 near kharak pandwa village km 91400 to km 120250 |haryana|01/2021 |12/2021|12/2023 |03/2024|1306.95|1578.66|563.2|76.0
1178|618942|national highways authority of india [nhai]|gohana - sonipat pkg-2 |haryana|01/2019 |07/2020|07/2022 |07/2022|1275.31|1957.44|457.95|97.0
1179|618943|national highways authority of india [nhai]|4l greenfield jalbhera shahbad section from km. 0.000 to km. 22.850 of nh-152g |haryana|03/2022 |06/2023|05/2025 |05/2025|927.22|1173.66|338.94|87.0
1180|618945|national highways authority of india [nhai]|4l bhiwani-hansi road section of nh-148b |haryana|11/2022 |12/2023|12/2025 |12/2025|1330.23|1144.21|395.59|99.0
1181|618946|national highways authority of india [nhai]|jagadhari - tajewala from km -0.175 to 32.337 km of nh-344 |haryana|03/2022 |02/2023|02/2025 |03/2026|1269.5|919.43|632.77|55.0
1182|618947|national highways authority of india [nhai]|4l ps of ambala ring road of new nh-44 |haryana|02/2023 |10/2023|10/2025 |10/2025|1093.35|1225.41|353.01|68.0
1183|618948|national highways authority of india [nhai]|4l of jind-gohana road package-1 from km. 0.00 to km. 40.601 of nh-352 a under nho |haryana|01/2019 |07/2020|07/2022 |07/2022|994.22|1606.82|416.79|99.0
1184|618949|national highways authority of india [nhai]|4/6l of gurgaon - pataudi - rewari from km. 0.00 to km.43.87 of nh-352w |haryana|05/2020 |11/2021|11/2023 |12/2025|1810.04|1917.5|462.02|72.0
1185|618950|morth|rehabilitation and upgradation to 2-lane/intermediate lane configuration of ashyari- shri kyari section km 50.000 to km 75.000 of nh-707 in the state of himachal pradesh under green national highways corridor project gnhcp with the loan assistance of world bank on epc mode. |himachal pradesh|08/2020 |09/2021|09/2023 |11/2024|345.89|359.56|146.64|98.0
1186|618951|morth|rehabilitation and upgrading of nh-707 old 72-b package - 2 hewna to ashyari |himachal pradesh|04/2020 |03/2021|03/2023 |03/2023|242.8|220.95|74.87|98.0
1187|618952|morth|improvement/construction of existing cl-5 road to nh intermediate lane specification with hard shoulder from km 133.000 to 166.000 net length 33.000 kms of nh-505 sumdo-kaza-gramphoo road in the state of himachal pradesh on epc mode under project deepak, bro |himachal pradesh|03/2021 |07/2023|06/2026 |06/2026|230.55|203.15|15.16|23.0
1188|618953|morth|improvement/construction of existing class-5 road to nh intermediate lane specification with hard shoulder from existing km 76/340 to 134/940 design chainage from km 76/300 to 133/000 net length 56.700 kms of nh-505 sumdo-kaza- gramphoo road in the state of himachal pradesh package i |himachal pradesh|03/2021 |05/2023|05/2026 |05/2026|314.67|244.15|76.97|57.0
1189|618955|morth|rehabilitation and upgradation to 2-lane configuration of kalwahn-mandi section km 208.950 to 250.592 of nh-70 in the state of himachal pradesh under green national highways corridor project gnhcp with the loan assistance of world bank on epc mode.package-3 |himachal pradesh|08/2020 |10/2022|04/2025 |04/2025|314.32|314.32|0.0|56.0
1190|618959|morth|rehabilitation and upgradation to 2-lane configuration of hamirpur-karnohal section km 141.00 to 181.00 of nh-70 in the state of himachal pradesh under green national highways corridor project gnhcp with the loan assistance of world bank on epc mode.package-1 |himachal pradesh|08/2020 |06/2022|12/2024 |12/2024|371.93|371.93|185.24|85.0
1191|618960|national highways authority of india [nhai]|nerchowk km 190.000 to pandoh including pandoh bypass km221.305 |himachal pradesh|03/2016 |01/2018|07/2020 |07/2025|1464.12|1651.67|841.02|100.0
1192|618961|national highways authority of india [nhai]|4l sundar nagar bypass from km.173.900 to km.179.600 of nh-21 |himachal pradesh|02/2022 |06/2022|06/2024 |06/2024|191.11|192.11|181.27|100.0
1193|618962|national highways authority of india [nhai]|rehabilitation and upgradation to 4l configuration & strengthening of sihuni to rajol from km 51.000 to km 72.000 of nh-154 package-iia |himachal pradesh|03/2022 |09/2023|09/2025 |09/2025|696.65|776.59|288.21|91.0
1194|602579|national highways authority of india [nhai]|4l ps bijni to mandi section from km 202.815 to km 208.000 of nh-20 new nh-154 of pathankot-mandi package-vb |himachal pradesh|02/2023 |03/2025|09/2027 |09/2027|1113.02|1112.39|167.97|21.0
1195|618964|national highways authority of india [nhai]|rehabilitation and up-gradation of existing road to 2l ps from end of hamirpur bypass near chilbahal to bhangbar section from km. 138.295 to km.175.270 of nh- 88 pkg-iv |himachal pradesh|03/2022 |04/2023|04/2025 |04/2025|1146.19|1358.62|270.48|84.0
1196|602582|national highways authority of india [nhai]|4l of bhangbar near ranital to kangra bypass section of old nh-88 new nh- 303,503 up to intersection with nh-154 from km 175.270 to km 193.400 pkg-vb |himachal pradesh|03/2021 |12/2022|12/2024 |12/2024|1322.95|1829.49|739.27|97.0
1197|618967|national highways authority of india [nhai]|2l ps of hamirpur bypass from km 121.175 to km.138.295 of nh-103&3 |himachal pradesh|08/2022 |10/2023|10/2025 |10/2025|739.39|754.82|232.68|91.0
1198|618966|national highways authority of india [nhai]|4l of kathlighat to shakral village from km 128.835 to km 146.300 of nh- 5 shimla bypass - pkg i |himachal pradesh|03/2022 |04/2023|04/2026 |04/2026|1703.48|2648.8|848.23|50.0
1199|618969|national highways authority of india [nhai]|solan - kaithlighat section of nh-22 now nh-5 from km. 106.139 to km.129.05 |himachal pradesh|03/2018 |11/2018|05/2021 |02/2024|881.74|1519.53|565.49|90.0
1200|618968|national highways authority of india [nhai]|4l of hp/punjab border - mo from km. 11.00 to km. 42.00 of old nh-20 new nh-154 package-ia |himachal pradesh|03/2021 |05/2022|05/2024 |12/2025|1002.11|1363.04|490.83|53.0
1201|618971|morth|construction of shopian bypass on nh-444 taking off from existing chainage km 36500 and re-joining at km 47588 of existing chainage new design ch. from km 28000 to km 36925 as 2- lane with paved shoulder in the ut of jammu & kashmir on epc mode. |jammu and kashmir|03/2024 |01/2026|01/2028 |01/2028|224.44|224.44|0.0|0.0
1202|618972|morth|construction of 2 lane with paved shoulders baramulla bypass greenfield bypass from existing ch. km 47020 to km 56720 and design ch. from 48500 to 62600 total length 14.100 km on road srinagar baramulla uri nh-01 in the ut of jammu & kashmir under project.package-iii |jammu and kashmir|03/2023 |09/2024|09/2026 |09/2026|992.43|992.43|0.0|38.0
1203|618970|morth|construction of 4 lane with paved shoulder pattan bypass greenfield bypass from existing ch. km 24320 to km 33760 and design ch. from km 24400 to km 35300, total length 10.900 km on road srinagarbaramulla uri nh-01 in the ut of jammu & kashmir under project beacon, border roads organization bro on epc mode. package-ii |jammu and kashmir|03/2023 |08/2024|07/2026 |07/2026|980.21|980.21|0.0|48.0
1204|618976|morth|construction of realignment between pandrass- pashkyun total length 27.10 km on road zozila-kargil -leh nh-1 to 2 lane specifications i.e. drass alignment 9.30 km kharboo realignment 6.30 km & kargil alignment 11.50 km under project vijayak bro in the ut of ladakh on epc mode |jammu and kashmir|11/2021 |06/2023|06/2025 |06/2025|426.15|426.15|74.44|50.0
1205|618977|morth|construction of 4 lane with paved shoulder from existing ch. 14200 to 24320 design ch. 14200 to 24400, ch. 33760 to 42780 design ch. 35300 to 44294 & ch. 43440 to 47020 design ch. 44958 to 48500 delina flyover including construction of flyover length 1.704 km of total length 22.736 kms in aor of 760 brtf on road srinagar baramula uri nh-01 in the ut of jammu & kashmir under project beacon, border roads organization bro package-ijob no nh-1-j&k-2022-23-110 |jammu and kashmir|06/2022 |08/2023|08/2025 |08/2025|823.46|823.46|242.07|78.0
1206|602593|morth|reconstruction and widening to 2 lane with paved shoulder from existing chainage km 102000 to km 134950 design chainage km 90150 to km 116980 including construction of naushera tunnel total length of tunnel 0.700 km under 31 tf on akhnoor-poonch road nh-144a in the ut of jammu & kashmir under project sampark bro on epc mode package-v job no nh-144a-j&k-2020-21-104 |jammu and kashmir|03/2021 |07/2022|07/2024 |07/2024|642.24|572.51|0.0|98.0
1207|618978|morth|rehabilitation and upgradation to 2 lane with paved shoulder from existing chainage km 166.100 to km 192.98 design chainage km 146.700 to km 162.800 including construction of bhimber gali tunnel total length of tunnel 1.100 km under 31 brtf on akhnoor-poonch roads on epc mode nh-144a package-vii |jammu and kashmir|09/2021 |07/2024|07/2026 |07/2026|734.64|734.64|0.0|30.0
1208|618982|morth|widening and strengthening up gradation to 2 lane with paved shoulder from existing chainage km 192.98 to km 229.820 design chainage km 162.800 to km 198.18 under 31 brtf on akhnoor-poonch road nh-144a in the ut of jammu and kashmir under project sampark border roads organisation bro on epc mode package-viii job no nh-144a-j&k-2022-2023-111 |jammu and kashmir|10/2022 |01/2024|01/2026 |01/2026|562.45|562.45|127.43|65.0
1209|618985|morth|rehabilitation and up-gradation to 2 lane with paved shoulder from existing chainage km 64535 to km 85385 design chainage km 55800 to km 74350 under 13 tf on akhnoor-poonch road nh-144a under project sampark bro in the ut of jammu & kashmir on epc mode package-iii job no nh-144a-j&k-2019-20-79 |jammu and kashmir|03/2020 |09/2021|09/2023 |09/2023|152.93|152.93|66.69|85.0
1210|618986|morth|rehabilitation and up-gradation to 2 lane with paved shoulder from existing chainage km 49150 to km 64535 design chainage km 46.450 to km 55.800 including construction of sungal tunnel total length of tunnel 2.79 km under 13 tf on akhnoor-poonch road nh-144a under project sampark bro in the ut of jammu & kashmir on epc mode package-ii job no nh-144a-j&k-2019-20-78 |jammu and kashmir|03/2020 |08/2021|08/2024 |08/2024|796.97|796.97|419.4|90.0
1211|618991|morth|rehabilitation and up-gradation to 2 lane with paved shoulder from existing chainage km 134950 to km 166100 design chainage km 116980 to km 146700 under 31 tf on akhnoor-poonch road nh-144a in the ut of jammu & kashmir under project sampark bro on epc mode package-vi job no nh-144a-j&k-2021-22-106 |jammu and kashmir|07/2021 |07/2022|07/2024 |07/2024|395.25|395.25|136.9|84.0
1212|618992|morth|rehabilitation and upgradation to 2 lane with paved shoulder from existing chainage km 30.053 to km 49.150 design chainage km 30.000 to km 46.450 including kandi tunnel under 31 brtf on akhnoor-poonch road nh-144a under project sampark in the ut of jammu & kashmir epc modepackage-i job no nh-144a-j&k-2020-21-83. |jammu and kashmir|07/2020 |11/2022|11/2024 |11/2024|272.49|272.49|156.36|93.0
1213|618995|nhidcl|up-gradation to 2-lane with paved shoulder from km 12.850 to km20.300 of 7.450km length on goha-khellani section and a link road to goha village of 2.016 km on nh- 244 in ut of jammu and kashmir on epc mode pkg-1 |jammu and kashmir|07/2020 |10/2020|04/2022 |06/2025|228.39|225.37|159.56|90.0
1214|619003|nhidcl|construction & upgradation to 2-lane with paved shoulder from design ch. km 51700 at premnagar km 66315 to km 66535 new thatri at start of km 83rd, tunnel km 82665 of 14.835 km design length on chenani-sudhmahadev-goha khellani- kishtwar-vailoo donipawa-ashajipora section of nh-244 in the ut of j&k on epc mode under nho-gen pkg - 2 |jammu and kashmir|03/2021 |08/2021|02/2023 |07/2025|512.43|512.43|0.0|0.0
1215|619004|nhidcl|construction & upgradation to 2 lane with paved shoulder from design km. 31.449 khellani ex. km 44.946 to km 51.700 prem nagar ex. km 68617 of 20.251 km length on khellani - kishtwar - chattroo section of nh-244 in the ut of j&k on epc mode under nho-gen pkg- 1 |jammu and kashmir|02/2021 |03/2021|09/2021 |10/2024|486.45|486.45|0.0|0.0
1216|619005|nhidcl|up-gradation to 2-lane with paved shoulder from km 20.300 to km 29.030 of 8.730 km length on goha-khellani section on nh-244 in ut of jammu and kashmir on epc mode package ii |jammu and kashmir|07/2020 |10/2020|04/2022 |06/2025|210.79|210.79|172.27|94.0
1217|619010|nhidcl|construction of kishtwar bypass with 2 lane with paved shoulder from design km. 80.675 dulhasti to km 95.550 bandarkoot of 14.88 km & a link road to kishtwar town from 0000 to 1.871 of length1.871 km on khellani - kishtwar - chattroo section in ut of jammu and kashmir on epc mode pkg-4 |jammu and kashmir|03/2021 |08/2021|08/2023 |11/2024|859.67|859.67|0.0|0.0
1218|619013|nhidcl|construction & upgradation to 2-lane with paved shoulder from design km 67.805 at the end of km 83rd tunnel near dhrabshalla ex. km 83905 to km 80.675 start of kishtwar bypass - dulhasti ex. km 970751 of 12.870 km length on chenani- sudhmahadev-goha khellani-kishtwar-vailoo-donipawa-ashajipora seition of nh-244 in the ut of j&k on epc mode under nho-gen pkg-3 |jammu and kashmir|03/2021 |07/2021|12/2022 |10/2024|398.51|398.51|97.53|98.0
1219|602633|nhidcl|up-gradation to 4-lane with paved shoulder of jammu-akhnoor road section of nh- 144a from ganesh vihar km 6.000 to khati chowk km 26.350 in ut of jammu and kashmir on epc basis pkg-3a |jammu and kashmir|03/2018 |07/2019|07/2021 |05/2022|322.49|322.49|0.0|0.0
1220|619022|nhidcl|jammu-akhnoor road pkg-i |jammu and kashmir|03/2018 |01/2023|01/2025 |01/2025|245.3|245.3|68.85|68.0
1221|619024|national highways authority of india [nhai]|delhi-amritsar-katra expressway phase-ii pkg-xv [junction with hiranagar road near village gurha baildaran to junction with jammu ring road nh-244a near jakh village from km 468100 to km 503250] |jammu and kashmir|10/2021 |09/2022|09/2024 |02/2026|2714.95|3716.56|1607.97|88.0
1222|619025|national highways authority of india [nhai]|4/6l access control expressway from design chainage km 515.000 to 528.300 kunjwani to sidhra section of nh-44 and from design chainage km 550.900 to km 566.520 domel to katra section phase ii-package xvii |jammu and kashmir|06/2022 |06/2023|06/2025 |02/2026|2894.74|2894.74|767.85|55.0
1223|619026|national highways authority of india [nhai]|delhi-amritsar-katra expressway phase-ii pkg-xvi existing jakh vijaypur-kunjwani section of nh-44 including spur connectivity to jammu airport nh-144a [km 503500 to km 514500] |jammu and kashmir|09/2021 |09/2022|09/2024 |03/2026|1821.72|2522.56|1154.46|92.0
1224|619027|national highways authority of india [nhai]|delhi amritsar katra expressway phase-ii pkg xviii development and upgradation of four lane access control expressway from design chainage km 530.00 to km 545.300 sidhra to domel section of nh-44 |jammu and kashmir|12/2022 |11/2023|11/2025 |11/2025|975.38|975.38|434.0|54.0
1225|619028|national highways authority of india [nhai]|4l ring road/bypass around srinagar city from km 0.000 to km 42.100 phase-i |jammu and kashmir|03/2021 |08/2021|02/2024 |10/2025|2919.96|2604.76|1723.4|84.0
1226|619029|national highways authority of india [nhai]|4l of twin tube tunnel configuration including approaches from marog to digdol from km.154.210 to km.158.650 north bound and from km.155.940 to km.160.260 south bound of ramban to banihal pkg-i of old nh-1a new nh-44 |jammu and kashmir|07/2021 |08/2022|08/2025 |06/2026|1912.17|1034.3|289.56|23.0
1227|619030|national highways authority of india [nhai]|4l twin tube tunnel including approaches from digdol to khuni nallah north bound connecting with existing major bridge on nb and south bound connecting with tunnel t4 ,single tube tunnel of ramban to banihal pkg-ii of old nh-1a new nh-44 |jammu and kashmir|07/2021 |02/2022|06/2024 |05/2025|1401.87|1020.99|948.25|86.0
1228|619031|national highways authority of india [nhai]|4l of km.165.092 to km.171.855 north bound and from km.166.895 to km.173.638 south bound, excl. certain reaches of north bound and south bound of ramban to banihal pkg-iii of old nh-1a new nh-44 |jammu and kashmir|07/2021 |02/2022|08/2024 |08/2024|614.48|444.76|236.96|42.0
1229|619032|national highways authority of india [nhai]|construction of tunnels/viaducts at identified sliding/slip zones at km 130.550 to km.130.750 km. 131.170 to km. 131.763 km. 132.560 to km. 133.168 km. 133.590 to km. 133.743 and km. 147.877 to km. 148.715 of udhampur-ramban section of nh-44 |jammu and kashmir|09/2021 |04/2022|10/2023 |06/2025|442.14|533.11|324.74|36.0
1230|619033|national highways authority of india [nhai]|2l nh-1 from km 8.660 to km 33.775 sumbal to wayul to 4l dual carriageway nh standard as part of srinagar ring road phaseii [design ch. 41.907 to ch. 66.609] |jammu and kashmir|11/2022 |12/2023|06/2026 |06/2026|961.0|643.64|366.64|42.0
1231|619038|national highways authority of india [nhai]|stand-alone ring road/bypass around jammu city from raya morh km. -0.687 to jagti km. 57.568 |jammu and kashmir|12/2017 |01/2018|01/2021 |10/2023|2023.88|2117.63|54.24|99.0
1232|619042|national highways authority of india [nhai]|construction of twin tube tunnels on jammu kashmir ring road nh-244a between design ch. 50600 to 51700 and design ch. 53535 to 55700 on epc mode under residual nhdp component of bharatmala pariyojna |jammu and kashmir|11/2022 |06/2023|06/2025 |03/2026|242.65|731.59|637.62|82.0
1233|619049|national highways authority of india [nhai]|corridor efficiency improvement including removal of black spots in lakhanpur - samba section of nh-44 from chainage km. 16.300 to km. 74.100 |jammu and kashmir|06/2022 |12/2022|06/2024 |05/2025|855.74|215.68|176.54|70.0
1234|619051|national highways authority of india [nhai]|upgradation and strengthening of chenani to nashri section via patnitop of nh244 from km 0.000 to km 39.100 |jammu and kashmir|03/2024 |08/2024|08/2026 |08/2026|295.06|295.06|101.52|41.0
1235|619052|nhidcl|construction/upgradation to 2-lane with paved shoulder from design km 95.55 bandarkoot to km. 111.06 chattroo of 15.52 km length on khellani-kishtwar-chattroo section on nh-244 in ut of jammu and kashmir on epc mode pkg-5 |jammu and kashmir|03/2021 |08/2021|02/2023 |06/2025|497.09|497.09|88.25|95.0
1236|619053|morth|widening and strengthening of existing paveemnt to two lane with paved shoulders from km 116.00 to km 176.355 of nh-75e in the state of jharkhand on epc mode. |jharkhand|01/2022 |01/2023|07/2024 |07/2024|315.21|315.21|129.49|87.0
1237|619054|morth|widening to 2-lane with paved shoulder from km 0.00 to 44.00 kuru-ghaghra section of nh-143a including re-construction of culverts and bridges. |jharkhand|02/2020 |08/2021|08/2023 |11/2023|153.01|133.67|77.0|93.0
1238|619055|morth|widening and strengthening/reconstruction to two lane with paved shoulder/ two lane with paved shoulders with service road from km 0000 to km 42250 excluding design ch. 03220 to 04200 & 28350 to 29060 of nh-320g in the state of jharkhand under epc mode |jharkhand|03/2022 |08/2023|08/2025 |08/2025|423.18|423.18|4.11|0.0
1239|619057|morth|construction of 2- lane with paved shoulder from km 56.45 dharampur more to 93.050 pakur of nh-333a in the state of jharkhand on epc mode |jharkhand|03/2023 |11/2025|05/2027 |05/2027|255.73|255.73|0.0|2.0
1240|619059|national highways authority of india [nhai]|construction of six lane elevated flyover including reconstruction/rehabilitation of existing pavement from km 406100 to km 411150 length 5.05 km at gobindpur area in the barwa adda panagarh section of nh-19 from km.398.240 to km.521.120 including panagarh bypass in the state of jharkhand on epc mode. |jharkhand|01/2025 |09/2025|03/2028 |03/2028|687.77|442.52|14.94|5.0
1241|619060|national highways authority of india [nhai]|4l of palma to gumla from km. 26.00 to km. 89.170 of nh-23 |jharkhand|03/2020 |04/2022|03/2024 |10/2024|1882.93|1895.75|829.81|98.0
1242|619063|national highways authority of india [nhai]|4l of ormanjhi-gola section from km 81.450 to km 53.600 of nh- 320bpkg-ii |jharkhand|02/2022 |06/2023|06/2025 |06/2025|1214.93|1462.19|765.76|86.0
1243|619064|national highways authority of india [nhai]|4l of gola-bokarojaina more section from km 53.600 to km 21.110 of nh-320pkg-1 |jharkhand|02/2022 |06/2023|06/2025 |01/2026|1007.97|1030.64|366.78|76.0
1244|619066|national highways authority of india [nhai]|grade separated interchanges at km. 113.730 junction with ranchi hazaribagh road & km. 139.225 junction with ranchi jamshedpur road on 4l ranchi bypass of nh-33 |jharkhand|01/2025 |12/2025|12/2027 |12/2027|303.53|5.58|0.73|0.0
1245|619067|national highways authority of india [nhai]|4l from km 196.87 sankha to km 219.6 khajuri on nh-75 [rehla / garhwa bypass] |jharkhand|09/2020 |10/2021|10/2023 |10/2023|1129.48|1129.48|527.11|93.0
1246|619068|national highways authority of india [nhai]|4l from km 147.450 bhogu to km 196.870 sankha on nh-75 sec-iii |jharkhand|10/2022 |11/2023|11/2025 |11/2025|1517.87|1652.09|962.19|76.0
1247|619069|national highways authority of india [nhai]|4l of mehgama - hansdiha from km. 41.900 to km. 93.000 of nh -133a pkg-ii |jharkhand|03/2022 |05/2023|05/2025 |03/2026|1479.72|1568.18|866.61|99.0
1248|619074|national highways authority of india [nhai]|4l of nh-80 from km 215.00 to km 260.00 mirza chauki to farkka pkg-i |jharkhand|03/2018 |12/2021|07/2023 |02/2026|1504.8|1508.21|784.64|91.0
1249|619075|national highways authority of india [nhai]|4l of basukinath- deoghar section of nh-114a |jharkhand|09/2022 |12/2023|12/2025 |12/2025|1444.94|1553.76|643.59|78.0
1250|619076|national highways authority of india [nhai]|construction of bypass to nh-114a connecting nh-333 and nh-133 deoghar bypass from design km 0.000 to design km 49.000 |jharkhand|11/2024 |01/2026|01/2028 |01/2028|1565.47|1565.47|0.0|0.0
1251|619077|morth|construction of bypass around chatra town on nh-22 old nh-99 in the state of jharkhand under epc mode |jharkhand|03/2023 |01/2026|01/2028 |01/2026|235.42|199.2|0.0|0.0
1252|619078|morth|construction of elevated corridor from km. 135.650 to 136.300 on 63, from km. 249 to km. 250.050 on old nh-4 and from km. 192.910 to km. 193.350 on nh-218 from decongestion of traffic in ranichennamma circle in hubli city in the state of karnataka on epc basis |karnataka|08/2020 |06/2021|06/2024 |08/2025|298.0|349.49|141.25|52.0
1253|619080|morth|construction of srinivasapura bypass from existing km 453.890 design ch. 0000 to existing km 461.450 design ch 10080 on nh-69 in the state of karnataka under nh o in epc mode under annual plan 2022-23 nh-69-knt-2022-23-966 dated 22.11.2022 |karnataka|11/2022 |07/2025|01/2027 |01/2027|204.42|204.42|0.0|0.0
1254|619083|morth|balance work of rehabilitation and upgrading to 2lane/2lane with paved shoulder configuration and strengthening from from km 343.80 to 400.33 of gowribidanur-chik ballapur section in the state of karnataka under annual plan 2021-22 under epc mode.-952 |karnataka|03/2022 |02/2023|02/2025 |02/2025|398.48|398.48|179.01|86.0
1255|619084|morth|widening to two lane with paved shoulders from km 40.00 to km 75.00 existing chainages of mangalore - tumkur section of nh-73 in the state of karnataka on epc mode under annual plan 2021-22 job no nh-73-knt-2021-22-945 |karnataka|03/2022 |03/2023|03/2025 |03/2025|718.52|718.52|260.03|72.0
1256|619086|morth|construction of major bridge at km.180.865 across river krishna on nh 167 hagari jadcherla section |karnataka|03/2019 |05/2019|11/2021 |10/2024|157.32|187.61|92.25|68.0
1257|619087|morth|widening to existing 2 lane with paved shoulder to 4 lane with paved shoulder from design km 153.00 to 168.27 mala gate to karkala of nh -169 on shimoga - mangalore section in the state of karnataka on epc mode under annula plan 2021-22 job no. nh-169-knt-2021-22-949 |karnataka|03/2022 |02/2023|02/2025 |02/2025|177.94|177.94|94.59|75.0
1258|619089|morth|widening to 2-lane with paved shoulders from km 116.800 to 149.070design changes on hosadurga - holalkere section of nh-173 in the state of karnataka on epc mode under annual plan 2021-22 job no. nh-173-knt-2021-22-946 |karnataka|03/2022 |08/2022|02/2024 |02/2024|170.34|147.39|60.21|92.0
1259|619090|morth|widening to 4 lane from km. 133.00 to 158.04 design chainage km. 130.88 to 155.145 shirur cross to gaddankeri of nh-367 in the state of karnataka on epc mode. job no. nh-367-knt-2021-22-930 |karnataka|01/2022 |01/2023|01/2025 |01/2025|350.69|312.06|195.06|78.0
1260|619092|morth|widening to 2 lane with paved shoulder from km. 103.225 pattadakal to km. 133.00 shirur cross of nh-367 in the state of karnataka on epc mode.job no. nh-367-knt- 2021-22-934 |karnataka|02/2022 |11/2022|05/2024 |05/2024|264.14|264.14|3.58|0.0
1261|619093|morth|balance work of construction of two/four lane with paved shoulder from km 422.000 to 523.600 chitradurga to shivamogga of nh-13 in the state of kanataka on epc mode. |karnataka|01/2021 |12/2021|12/2025 |12/2025|516.96|516.96|333.48|0.0
1262|619094|morth|widening to two lane with paved shoulders from kb cross to chunchanahalli ie., design ch. 485240 km existing km 494.000 to design ch. 523393 km existing km 533.152 & from design ch. 530393 existing km 540.175 to design ch. 534476 existing km 544.200 at nelligere of nh-150a on epc mode under annual plan 2022-23 nh-150a-knt-2022-23-977 dated 08.03.2023 |karnataka|03/2023 |07/2025|01/2027 |01/2027|617.28|617.28|0.75|10.0
1263|619095|morth|widening to intermediate/two lane to 2 lane with paved shoulder from existing chanages km 112.750 to 142.00 liingasur to mudabal cross & from km. 147.070 to km. 149.070 maski city limit of jewargi chamrajnagar setion of nh-150a in the state of karnataka on epc mode. job no. nh-150a-knt-2021-22-951 |karnataka|03/2022 |01/2023|07/2024 |07/2024|255.88|255.88|175.75|93.0
1264|619097|morth|widening to 4 lane from km 51.60 to 76.20 hebri to parkala and from km 85.20 to 88.90 karavali junction to malpe of thirthahalli-udupi-malpe section of nh-169a in the state of karnataka on epc mode under annual plan 2021-22 job no. nh-169a- knt-2021-22-927 |karnataka|01/2022 |12/2022|12/2024 |12/2024|355.72|355.72|170.76|76.0
1265|619098|morth|construction of major bridge across sharavathi backwaters and approches between ambargodu and kalasavalli near sigandhur in sagar taluk on nh 369e in the state of karnataka on epc mode.job no. nh-369e-knt-2018-19-895 dated 06.03.2019. |karnataka|03/2019 |12/2019|12/2022 |12/2022|423.15|423.15|0.0|0.0
1266|619099|morth|construction of 2 lane with paved shoulder from km 55.6 to km 90.7 existing chainages of nh-766c complete realignment of 13.76 km with 2 major bridges across sharavathi backwaters on epc mode under annual plan 2022-23 in the state of karnataka nh-766c-knt-2022-23 dated 14.10.2022 |karnataka|01/2023 |02/2024|02/2026 |02/2026|313.56|313.56|0.0|42.0
1267|619100|morth|widening to 2lps from km 0.000 to 37.850 except ex. km 24.45 to 27.20 of nh-766c byndoor-ranebennur section in the state of karnataka on epc mode under annual plan 2022-23 nh-766c-knt-2022-23-969 dated 30.12.2022 |karnataka|12/2022 |08/2025|08/2027 |08/2027|394.95|394.95|0.0|0.0
1268|619101|national highways authority of india [nhai]|4/6l of bangalore - pune section of bypass connecting dharwad - hubli from km. 403.80 to km. 433.20 |karnataka|12/2021 |03/2023|09/2025 |09/2025|1135.39|763.36|675.75|77.0
1269|619103|national highways authority of india [nhai]|6l of mh/kn border nimbal village to kn/ts border singnodi village from km. 26.000 to km. 97.000 in gulbarga of nh-150c pkg-ii |karnataka|02/2022 |12/2022|06/2025 |05/2026|2355.56|1923.3|740.23|69.0
1270|619104|morth|widening to 2 lanes with paved shoulders from km.87/000 to 133/720 nattukal to thanau jn. in palakkad of nh-966 old nh-213 on epc mode basis under nho annual plan 2016-17 in the state of kerala |kerala|02/2017 |08/2017|08/2019 |06/2025|294.28|315.63|0.0|98.0
1271|619105|national highways authority of india [nhai]|6l of chengala - neeleshwaram from km. 56.200 to km. 93.468 |kerala|06/2020 |10/2021|04/2024 |04/2024|1746.45|2538.06|775.85|79.0
1272|619109|national highways authority of india [nhai]|6l of taliparamba to muzhappilangad from km 134.650 to km 170.6 of nh-66 |kerala|08/2020 |11/2021|05/2024 |08/2025|2714.6|3557.65|1006.98|81.0
1273|619111|national highways authority of india [nhai]|6l of azhiyur-vengalam from km. 189.200 to km. 230.400 of nh-66 |kerala|10/2020 |10/2021|07/2024 |07/2024|3205.77|3898.46|771.22|60.0
1274|619112|national highways authority of india [nhai]|6l minor bridge paloli palam at km. 203.160 & major bridge morad at km. 204.895 and allied works |kerala|03/2020 |12/2020|06/2022 |02/2024|210.0|216.94|70.89|100.0
1275|619113|national highways authority of india [nhai]|6l of ramanatukkara junction to start of valanchery bypass section of nh-66 |kerala|01/2021 |01/2022|07/2024 |03/2025|4924.11|4919.46|1668.84|99.0
1276|619114|national highways authority of india [nhai]|6l of valanchery bypass to kappirikkad of nh 66 from km. 298500 to km 335850 |kerala|02/2021 |01/2022|07/2024 |03/2025|4023.94|4023.94|1465.97|98.0
1277|619118|national highways authority of india [nhai]|6l of kappirikkad to thalikulam section from km 335.85 to km 369.015 of nh - 66 old nh-17 |kerala|06/2021 |09/2022|01/2025 |10/2025|4225.59|4225.59|646.67|88.0
1278|619119|national highways authority of india [nhai]|6l of thalikulam to kodugallur section from km 369.015 to km 397.850 of nh - 66 old nh-17 |kerala|06/2021 |09/2022|02/2025 |11/2025|4302.06|4302.06|695.34|84.0
1279|619122|national highways authority of india [nhai]|6l of kodugallur to edapppally section from km 397.750 to km 423.780 of nh - 66 old nh-17 |kerala|11/2021 |10/2022|04/2025 |04/2025|3465.82|3606.2|767.55|64.0
1280|619123|national highways authority of india [nhai]|aroor-thuravoor thekku |kerala|08/2022 |02/2023|01/2026 |01/2026|2429.52|2382.83|1630.68|83.0
1281|619124|national highways authority of india [nhai]|thuravoor thekku-paravoor |kerala|09/2021 |03/2022|09/2024 |03/2026|2878.97|2638.67|1953.89|68.0
1282|619125|national highways authority of india [nhai]|paravoor-kottankulangara |kerala|12/2021 |08/2022|02/2025 |02/2025|3273.61|3200.24|1157.14|71.0
1283|619126|national highways authority of india [nhai]|kottankulangara- start of kollam bypass |kerala|06/2021 |04/2022|10/2024 |10/2024|2842.14|3680.49|773.77|73.0
1284|619127|national highways authority of india [nhai]|widening/development of existing nh-85 from km 0.000 to km 124.636 section to 2l/lps section in the state of kerala on epc mode under bharatmala pariyojana |kerala|09/2022 |06/2023|06/2025 |06/2025|1187.47|1265.47|576.14|52.0
1285|619128|national highways authority of india [nhai]|kozhikode bypass calicut bypass vengalam jn. to ramanattukara jn. |kerala|02/2018 |02/2021|02/2023 |12/2024|1424.77|2139.18|466.32|98.0
1286|619129|nhidcl|kargil zanskar road |ladakh|03/2021 |07/2021|01/2023 |03/2025|398.37|398.37|266.0|90.0
1287|619130|nhidcl|widening & up-gradation to 2 lane with paved shoulder of nh-301 kargil- zanskar road from design km 57.000 ex. km. 57.905 to km 87.000 ex. km. 88.2491 of 30.000 km length pkg-lll |ladakh|03/2021 |07/2021|01/2023 |02/2025|381.01|381.01|208.95|82.0
1288|619131|nhidcl|widening & up-gradation to 2 lane with paved shoulder of nh-301 kargil- zanskar road from design km .30.040 ex. km. 30.000 to design km 57.000 ex. km. 57.905 of 26.960 km length pkg-ii |ladakh|03/2021 |07/2021|01/2023 |12/2026|404.89|404.89|287.3|75.0
1289|619132|morth|rehabilitation and upgradation umaria to shahdol section of nh-78 from existing km. 68/4 to km. 142/2 to 2lps including construction of birshinghpur and shahdol bypass on epc mode under nhdp-iva |madhya pradesh|03/2015 |08/2015|07/2017 |07/2023|511.83|613.16|0.0|94.0
1290|619134|morth|upgradation and reconstruction of shahpura-dindori section of nh 45 from km 103.700 design to km 164.580 design including 3 bypasses total length 60.88km to two lane with paved shoulder configuration along with one time improvement in 03 nos of bypassed built-up areas in a total length of 12.341 km in the state of madhya pradesh on epc mode |madhya pradesh|03/2022 |01/2024|12/2025 |12/2025|241.23|250.09|0.0|0.0
1291|619136|morth|upgradation of dindori-sagartola-kabichabutra mp-cg border section of nh -45 from km 000design to km 77.00 design to two lane with paved shoulder configration along with one time improvement in 04 nos. of bypaased built-up areas in a total length of 9.1 km in the state of madhya pradesh on epc mode. |madhya pradesh|01/2022 |09/2023|09/2025 |09/2025|329.14|319.09|0.0|93.0
1292|619137|morth|upgradation & widening of jharkheda- berasia - dholkhedi from design km 0000 to km 87900 design length 87.90km of nh-346 including 3 nos. bypasses of 13.10 km in the state of madhya pradesh under epc mode. |madhya pradesh|03/2022 |05/2023|05/2025 |05/2025|365.21|365.21|0.0|88.0
1293|619139|morth|rehabilitation & upgradation of kurwaimungaolichanderi road section of nh-346, from design chainge 0.000 to 81.300 km total length 83.1 km to two lane with paved shoulder configuration along with one time improvement in 07 nos of bypassed built- up areas in a total length of 22.615 km in the state of madhya pradesh on epc mode. |madhya pradesh|03/2022 |02/2023|02/2025 |07/2025|386.49|386.49|160.38|63.0
1294|619140|morth|up-gradation of pichhore- dinara section of nh-346 from km 292.750 to 334.550 to two lane with paved shoulders in the state of madhya pradesh on epc mode |madhya pradesh|02/2024 |12/2025|07/2025 |07/2025|425.97|425.97|0.0|0.0
1295|619141|morth|construction of mihona bypass, lahar bypass, daboh bypass & bhander bypass total length 20.60 km to 2-lane with paved shoulder from on mihona-bhander-mp/up border section of nh 552e in the state of madhya pradesh on epc mode |madhya pradesh|03/2022 |06/2023|12/2024 |12/2024|179.18|179.18|71.77|67.0
1296|619142|morth|construction of kaithi-padaria kala bypass, patna-tamoli bypass, jaso bypass and nagod bypass total length 15.44 km to 2-lane with paved shoulders flexible pavement on nh-943 in the state of madhya pradesh on epc mode. |madhya pradesh|03/2022 |10/2023|10/2025 |10/2025|158.36|158.36|0.0|50.0
1297|619143|morth|upgradation of nasrullagani-rehti-budhni scction to 2-lane with paved shoulder from km 0150 to km 50500 of nh-146b in the state of madhya pradesh on epc mode. |madhya pradesh|12/2021 |04/2023|10/2024 |02/2025|305.12|293.74|0.0|70.0
1298|619145|morth|construction of morena bypass, ambah bypass & porsa bypass totat length 27.16 km section of nh-552 ext. to two lane with paved shoulder configuration in the state of madhya pradesh on epc mode |madhya pradesh|02/2023 |10/2024|10/2026 |10/2026|492.66|492.66|0.0|51.0
1299|619146|national highways authority of india [nhai]|bypass on western side of gwalior city |madhya pradesh|03/2025 |01/2026|01/2028 |01/2028|998.95|998.95|11.21|0.0
1300|619147|national highways authority of india [nhai]|indore - edlabad pkg-ii [tejajinagar to balwara] |madhya pradesh|03/2022 |01/2023|01/2025 |01/2025|1162.8|1530.82|485.15|83.0
1301|619148|national highways authority of india [nhai]|4l of indore - boregaon pkg-iii [balwara to dhangaon] from km. 42.260 to km. 82.660 of nh347bg & 753l |madhya pradesh|01/2021 |04/2022|04/2024 |05/2025|1001.69|888.81|687.3|87.0
1302|619149|national highways authority of india [nhai]|4l greenfield rudhi to deshgaon pkg v of betul-khandwa/deshgaon |madhya pradesh|11/2022 |10/2023|10/2025 |03/2026|521.21|469.68|168.56|59.0
1303|619152|national highways authority of india [nhai]|4l from km 0.000 to 42.040 bhopal ratnaigiri tiraha to vidisha morikodi |madhya pradesh|10/2024 |11/2025|11/2027 |11/2027|1032.3|1038.18|3.91|1.0
1304|619153|national highways authority of india [nhai]|i 4l vidisha to hinotiya from km 0.000 to km 27.000 vidisha mehulwa-talbehat pkg- i section of nh- 346 and ii 4l vidisha to morikori from km 39.000 to 59.476 section of nh-146 |madhya pradesh|09/2022 |12/2023|12/2025 |05/2026|1003.87|941.12|342.14|73.0
1305|619154|national highways authority of india [nhai]|berkhedi to godpehra on nh-44 sagar link road |madhya pradesh|02/2022 |11/2022|11/2024 |08/2025|524.84|471.31|314.48|78.0
1306|619155|national highways authority of india [nhai]|4l of sagar - mohari from km.8 to km.50 pkg-i |madhya pradesh|03/2021 |04/2022|04/2024 |02/2025|790.78|660.38|436.14|83.0
1307|619157|national highways authority of india [nhai]|4l of near satai ghat to chowka section of nh-34 from d. ch. 89.875 to d. ch. 145.000 package-3 |madhya pradesh|10/2024 |10/2025|10/2027 |10/2027|1005.59|882.21|14.38|5.0
1308|619158|national highways authority of india [nhai]|4-lanning of rahatgarh to berkhedi section of nh-146 from design ch 124470 to ch. 134.549 |madhya pradesh|03/2025 |12/2025|12/2027 |12/2027|618.33|342.69|3.67|0.0
1309|619160|national highways authority of india [nhai]|4-lanning of gyaraspur to rahatgarh section of nh-146 from design ch. 88361 to ch 124470 in the state of mp on ham mode |madhya pradesh|10/2024 |11/2025|11/2027 |11/2027|903.44|592.44|49.09|5.0
1310|619161|national highways authority of india [nhai]|outer ring road of jabalpur town from barela to manegaon pkg-1 |madhya pradesh|09/2022 |03/2023|03/2025 |03/2025|652.33|651.88|444.81|80.0
1311|619162|national highways authority of india [nhai]|outer ring road of jabalpur town from amjhar road including airport connectivity to barela pkg-v |madhya pradesh|10/2024 |10/2025|10/2027 |10/2027|794.7|539.9|25.11|6.0
1312|619163|national highways authority of india [nhai]|indore - harda pkg-i [indore to raghav garh from km. 0.25 to km. 26.903] |madhya pradesh|01/2022 |11/2022|10/2024 |07/2025|1011.29|813.03|340.82|79.0
1313|619165|national highways authority of india [nhai]|indore - harda pkg-iii [nanasa to pidgaon section from km 95.000 to km 142.445] |madhya pradesh|01/2020 |10/2021|10/2023 |04/2026|1146.22|1240.64|566.31|93.0
1314|619166|national highways authority of india [nhai]|balance work of 4l of nauradehi sanctuary de-scoped stretch of hiran river to sindoor river from km. 66.00 to 130.00 nh-12 new nh-45 |madhya pradesh|01/2021 |07/2021|07/2023 |04/2024|178.18|153.15|142.2|57.0
1315|619167|national highways authority of india [nhai]|4l of chandesara to khedakhajuriya from km. 0.000 to - 750 & km 0.000 to km 41.400 of nh-148ng pkg-i |madhya pradesh|12/2021 |09/2022|05/2024 |12/2024|909.84|976.55|399.02|99.0
1316|619168|national highways authority of india [nhai]|2l ps of hinotiya-mehulwa section of nh-346 from km. 27.000 to km 75.700 vidisha mehulwa-talbehat pkg-ii section of nh- 346 |madhya pradesh|10/2022 |09/2023|09/2025 |04/2026|581.65|592.71|207.21|68.0
1317|610984|national highways authority of india [nhai]|construction of 6 lane indore western bypass from km 0000 to km 34000 pkg -l in the state of madhya pradesh on hybrid annuity mode under nho |madhya pradesh|02/2024 |01/2026|12/2027 |12/2027|1534.7|1472.68|175.29|0.0
1318|602792|national highways authority of india [nhai]|4l of budhni to shahganj bypass end package-iii of nh-146b from km. 73.750 to km. 102.000 |madhya pradesh|03/2024 |08/2025|08/2027 |08/2027|1102.97|770.21|11.6|9.0
1319|701101|national highways authority of india [nhai]|4 laning of sandalpur to nasrullaganj pkg-1 section of nh-146b length 43.2 km. |madhya pradesh|03/2025 |01/2026|01/2028 |01/2028|1425.98|1425.98|6.6|0.0
1320|602797|national highways authority of india [nhai]|six laning with both sides service road of ayodhya bypass from design km 0000 near ashram tiraha on nh-46 to km 16439 end at ratnagiri tiraha on nh-146 |madhya pradesh|02/2024 |08/2025|08/2027 |08/2027|1123.17|1103.22|12.56|5.0
1321|701105|national highways authority of india [nhai]|dhangaon - borgaon section km 81.000 to km 139.000 [indore - edlabad pkg iv] |madhya pradesh|01/2020 |08/2021|08/2023 |02/2025|866.0|1185.04|525.2|99.0
1322|701107|national highways authority of india [nhai]|indore - harda pkg-ii [raghavgarh to nanasa from km. 29.30 to km. 92.30] |madhya pradesh|01/2023 |03/2024|03/2026 |03/2026|1081.51|1146.63|300.11|39.0
1323|701113|morth|construction of 6 lane flyover from khapari rob to mihan interchange design chainage km 8760 to 11450 l- 2.69 km and upgradation of existing 4l ps road to 6lps with service road by flexible pavement design chainage km 11450 to 14500 l- 3.05 [total project length 5.74 km] in section of nagpur - hyderabad nh-44 old nh-7 in nagpur district in the state of maharashtra on ham mode. |maharashtra|03/2024 |10/2025|10/2027 |10/2027|619.55|619.55|0.0|0.0
1324|701121|morth|construction of 4 lane flyover at nagpur rto chowk to nagpur university campus from ch 2/250 to 5/100 and 4 lane flyover at wadi/midc junction from km 8/360 to km, 10/300 on nh 53 in state of maharashtra. |maharashtra|03/2021 |03/2022|03/2024 |04/2025|478.83|490.52|0.0|95.0
1325|701122|morth|construction of new four lane bypass to parbhani city parwa to asola km 463/265 to km 481/180 design ch. 19220 to ch. 34434 length-15.214 km section of nh-61 on epc mode in the state of maharashtra. |maharashtra|03/2022 |07/2023|10/2024 |05/2025|496.64|496.64|0.0|62.0
1326|701126|morth|up-gradation to four lane/ two lane with paved shoulders configuration of kalyan - murbad - malshej ghat - nirmal road nh- 61 km 15/200 to km 38/00 and from km. 58/00 to km 84/00 design length 48.58 km of nh-61 on epc mode in thane district in the state of maharashtra |maharashtra|02/2023 |03/2024|08/2026 |08/2026|984.07|984.07|0.0|88.0
1327|701127|morth|nasratpur to barasgaon section of nh-61 2l / 4l ps from km.514/00 to 558/200 |maharashtra|07/2017 |09/2017|09/2019 |12/2020|406.54|406.54|0.0|95.0
1328|701128|morth|rehabilitation and upgradation to four lane with paved shoulder configuration from km 24350 to km 61875 jawale - borgaon kale of nh-63 in the state of maharashtra on epc mode under annual plan 2024-25 total length - 37.525 km. |maharashtra|12/2024 |09/2025|03/2027 |03/2027|574.18|574.18|0.04|1.0
1329|611017|morth|kashedi ghat tunnel nh-66 [bhogaon khurd - kashedi section] 4 lanes under nhdp on epc mode |maharashtra|09/2018 |10/2018|04/2021 |04/2021|680.43|701.46|0.0|98.0
1330|611016|morth|balance work of nh-66 from design km 84/00 to km 87/100 indapur bypass and km 91/600 to km 99/100 mangaon bypass to four lane with paved shoulder in state of maharashtra under nho on epc mode. |maharashtra|03/2025 |10/2025|04/2027 |04/2027|354.21|354.21|0.0|0.0
1331|611047|morth|kashedi to parshuram ghat section of nh-66 from km 161/600 - km 205/400 - 4l ps |maharashtra|03/2016 |02/2018|02/2020 |12/2020|1142.62|1142.62|0.0|97.0
1332|701167|morth|arawali kante section of nh-17new nh-66 4l ps from km.241/300 to 281/300 |maharashtra|03/2016 |11/2017|11/2019 |02/2024|1006.99|1443.09|0.0|0.0
1333|701168|morth|kante - wakad section of nh-66 4l ps from km.281/300 to 332/200 |maharashtra|03/2016 |11/2017|11/2019 |03/2023|1117.75|2020.56|171.12|90.0
1334|701170|morth|kopargaon to savali vihir section |maharashtra|06/2022 |01/2023|07/2024 |09/2025|195.38|195.38|0.0|77.0
1335|701171|morth|rehabilitation/ upgradation of existing highway to four lane standards in kurkheda town from km.413257 to km 410775, two lane in shankarpur gurnuli km 42400 to km 43100 section and reconstruction of major bridge at ch. 448558 bhuti nallah and ch. 411695 sati river bridge, minor bridge at ch. 411477 and ch. 405800 lendhari bridge of nh 543 bhamhapuri-wadsa-kurkheda-korchi-deori-amgaon road on epc mode in the state of maharashtra |maharashtra|03/2022 |11/2023|05/2025 |05/2025|163.86|163.86|0.0|34.0
1336|701172|morth|rehabilitation & up-gradation of sabalkhed to ashti section from km 37900 to km 55100 & chinchpur to jamkhed section from km 70000 to km 72922 of nh-561 to two lane with paved shoulder/ four lane configuration in the state of maharashtra on epc mode length20.122km. |maharashtra|03/2022 |04/2023|09/2024 |09/2024|213.33|213.33|0.0|95.0
1337|701173|morth|construction of four-lane concrete road from police headquarter gondia city to rawanwadi village birsi airport junction from design km 0.000 to km 15.781 existing km 39/720 of nh-753 to existing km 8/400 of nh 543 on sections from kohmara- goregaon- police headquarterkaranja - collector office square - balaghat t point- rawanwadi- rajegaon of nh-753 and nh-543 in gondia district in the state of maharashtra. total length of the project 15.781 km. |maharashtra|02/2023 |02/2024|08/2025 |08/2025|328.11|328.11|0.0|34.0
1338|701228|morth|strengthening, widening & up-gradation of newly declared nh-761 from nh- 61junction-belhealkutidevibhoyarenighojshirur, from design chainage km 0.000 to km 37.970 from single/intermediate/2l to 2lps in the state of maharashtra on epc mode length 37.970 km |maharashtra|03/2024 |03/2025|09/2026 |09/2026|386.16|386.16|24.63|0.0
1339|611142|morth|rehabilitation/upgradation of existing highway to 2lps/4 lane of dhawali to rajoli from design km.149476 to 163476 existing km.150000 to 164000, pandhasala to mohadongri from design km.170476 to 181476 existing km.171000 to 182000, ambeshivni fata to bodli from design km.183476 to 185476 existing km.184000 to 186000 and made tukum to gadchiroli from design km.188476 to 189476 existing km.188000 to 18900 having length 28 km of nh-930 of dhawali to gadchroli road in the |maharashtra|03/2022 |03/2024|09/2025 |09/2025|316.44|316.44|0.0|27.0
1340|701263|morth|rehabilitation & up-gradation of mudkhed to nanded section from km. 372000 to km 388400 of nh 161a i.e. nanded-bhokar-himayatnagar-kinwat-mahur-arani road design chainage from km 372000 mudkhed to km 387650 nanded of nh 161a length 15.65 km to 2/4lane with paved shoulders configuration in the state of maharashtra on epc mode. |maharashtra|03/2022 |04/2023|04/2025 |04/2025|206.54|206.54|0.0|63.0
1341|602961|morth|sarsam - kothari of nh-161a - 2l ps from km.33/00 to 90/00 |maharashtra|02/2017 |06/2017|06/2019 |10/2022|545.64|545.64|0.0|97.0
1342|701330|morth|pen to khopoli 2lps |maharashtra|03/2018 |06/2018|12/2019 |10/2022|369.39|369.39|143.65|86.0
1343|701338|morth|guhagar - rampur - 2l-ps - km 0/00 guhagar to 26/230 rampur and 40/00 mirjoli to 53/600 sati on nh-166e |maharashtra|01/2017 |06/2017|06/2019 |09/2022|407.2|407.2|0.0|91.0
1344|701343|morth|upgradation of exhisting 2 lane flexible pavement to 2 lane paved shoulders rigid pavement from design chainage km 66.00 to design km 82.440 start of kolhapur municipal corporation near phulewadi to kale, design length 16.440 km section on talere gaganbawada-kolhapur road nh 166g in the state of maharashtra on epc mode |maharashtra|03/2021 |11/2022|05/2024 |05/2025|167.97|167.97|0.0|93.0
1345|701344|morth|strengthening and widening of road sakoli- wadsa-armori-gadchiroli-ashti- allapalli - sironcha national highway nh 353c in km 262/00 to 321/00 including 16 minor bridges and 2 major bridge total length 59 km section from repanpalli to sironcha in gadchiroli dist in the state of maharashtra. |maharashtra|03/2021 |06/2022|05/2024 |07/2025|280.57|280.57|0.0|55.0
1346|701346|morth|rehabilitation /upgradation from lagam to alapalli section desing km. 199/400 to km 227/400 length 28.0 km to 2 lane with paved shoulders/ 4 lane configuration section of nh-353 c sakoli-wadsa-armori-gadchiroli-ashti-alapalli sironcha in gadchiroli district on epc mode in the state of maharashtra. |maharashtra|02/2023 |09/2024|09/2026 |09/2026|459.39|459.39|0.0|55.0
1347|701349|morth|upgradatiobn and rehabilitation of section of nh 361 f from parli 00/000 to gangakhed 30/400 to two lanes with paved shoulder / four lane configurations on epc mode in the state of maharashtra. |maharashtra|03/2021 |02/2022|09/2023 |08/2024|224.44|224.44|0.0|87.0
1348|701350|morth|mhaswad to tembhurni section of nh-548c - 2l ps |maharashtra|01/2017 |08/2017|07/2019 |07/2019|488.6|488.6|0.0|96.0
1349|701354|morth|satara to mhaswad |maharashtra|01/2017 |08/2017|08/2019 |08/2019|653.46|653.46|0.0|98.0
1350|701370|morth|rehabilitation & upgradation of jamkhed to sautada section of nh548 d from km 195.375 to km 208.774, length 13.399 km to 2l ps /4l configuration with rigid pavement in the state of maharashtra on epc mode. |maharashtra|03/2022 |01/2023|07/2024 |07/2024|157.62|157.62|0.0|62.0
1351|701372|morth|paithan - shirur section 2lps km 0.0 to 55.00 |maharashtra|03/2017 |06/2017|06/2019 |03/2022|341.8|341.8|0.0|80.0
1352|701376|morth|shirur-kharda section from 55937 km to 114486 km to 2lps/4l |maharashtra|02/2017 |06/2017|06/2019 |03/2022|381.77|381.77|0.0|83.0
1353|701377|morth|rehabilitation and upgradation of satana to mangrul chandwad section of nh752 g design ch km 64.000 to ch km 101.140 two lane with paved shoulder/four lane configuration in the state of maharashtra on epc mode. |maharashtra|03/2022 |05/2023|05/2025 |05/2025|428.8|428.8|0.0|62.0
1354|701383|morth|rehabilitation and upgradation from ch km 50/200 to 56/800 and km 62/600 to 100/403 of kolde to visarwadi near junction with nh-6 section of nh 752g total length 44.40 to two-lane with paved shoulder / four lanes in the state of maharashtra on epc mode. |maharashtra|03/2025 |01/2026|01/2028 |01/2026|349.08|349.08|0.0|0.0
1355|701386|morth|pal phata phulambri - khultabad 2lps |maharashtra|03/2018 |06/2018|12/2019 |06/2021|227.19|227.19|0.0|99.0
1356|701391|morth|pune raigarh district border to mangaon ch 69000 to 103775 nh-753f |maharashtra|03/2018 |06/2018|12/2019 |12/2019|223.46|223.46|0.0|89.0
1357|701395|morth|rehabilitation / upgradation to 4 lane with paved shoulder of existing section in sillod town with design ch. km54500 to km 60679 [length6.179 km] section of nh 753f aurangabad-jalgaon road on epc mode in the state of maharashtra |maharashtra|03/2023 |01/2024|07/2025 |07/2025|153.79|153.79|0.0|93.0
1358|701396|morth|rehabilitation and up-gradation to 2 lane with paved shoulder configuration of mahud sangola road nh 965 g 159400 to 161900and 162400 to 183960 design chainage from km. 32/300 to km. 34/800 and km. 35/800 to km. 56/860 rigid pavement on epc mode in the state of maharashtra. |maharashtra|02/2023 |11/2023|05/2025 |05/2025|253.78|253.78|0.0|99.0
1359|701398|morth|balance work of rehabilitation and up-gradation to 2-lane road with paved shoulders configuration for nh- 965dd from pacharal-mandangad-mhapral-rajewadi upto junction of nh-66 ch-22700 to 75100 km and ambadave connector birth place of dr. babasaheb ambedkar ch-0000 to 7325 km length km 59.725 in the state of maharashtra on epc mode. balance work |maharashtra|03/2018 |01/2022|01/2024 |01/2024|388.93|341.69|0.0|81.0
1360|701399|morth|rehabilitation, upgradation & widening of existing highway to rigid pavement 2 lane with paved shoulder of nh 965dd from lonand shirval-bhor mandangad-pchral section shindewadiphata to varandah ghat dist border from km 33/550 to 92/550 in the state of maharashtra on epc mode. |maharashtra|02/2023 |07/2024|07/2026 |07/2026|723.13|723.13|0.0|34.0
1361|701400|national highways authority of india [nhai]|vadodara mumbai expressway phase ii - pkg xi [km. 77.000 to km. 103.400] ganjad - talsari |maharashtra|06/2020 |05/2022|05/2024 |01/2025|1524.71|1913.95|813.23|99.0
1362|701404|national highways authority of india [nhai]|vadodara mumbai expressway phase ii - pkg xiii [km. 26.582 to km. 50.700] shirsad - masvan |maharashtra|06/2020 |02/2022|02/2024 |06/2025|3536.9|4679.54|1786.01|90.0
1363|701405|national highways authority of india [nhai]|vadodara mumbai expressway phase ii - pkg xiv [km. 3.000 to km. 20.200 of spur] shirsad - akloli |maharashtra|05/2021 |11/2022|05/2024 |06/2025|2058.79|2324.72|576.7|86.0
1364|701406|national highways authority of india [nhai]|vadodara mumbai expressway phase ii - pkg xv [km. 20.200 to km. 43.000 of spur] akloli - amne |maharashtra|05/2021 |11/2022|05/2024 |11/2025|2610.88|2918.39|596.09|91.0
1365|701408|national highways authority of india [nhai]|vadodara mumbai expressway phase ii - pkg xvi [km. 43.000 to km. 69.800 of spur] amne - bhoj |maharashtra|06/2021 |11/2022|10/2024 |06/2025|4051.8|4315.56|824.5|90.0
1366|701410|national highways authority of india [nhai]|vadodara mumbai expressway phase ii - pkg xvii [km. 69.800 to km. 79.783 of spur] bhoj - morbe |maharashtra|09/2021 |01/2023|07/2025 |07/2025|2208.68|2463.02|807.09|84.0
1367|701411|national highways authority of india [nhai]|tunnel at khambataki ghat section and its approaches from existing km. 771.730 to existing km. 782.000 |maharashtra|11/2017 |02/2019|02/2022 |08/2025|907.03|816.12|523.21|86.0
1368|701412|national highways authority of india [nhai]|6l of kagal-satara section from km 592.500 to km 658.000 of nh-48 pkg-i |maharashtra|12/2021 |01/2023|01/2025 |04/2026|2111.95|1435.46|615.1|49.0
1369|701415|national highways authority of india [nhai]|6l of kagal-satara section from km 658.000 to km 725.000 of nh-48 pkg-ii |maharashtra|12/2021 |12/2022|12/2024 |12/2024|2330.71|317.4|180.8|73.0
1370|709747|national highways authority of india [nhai]|flyover at km.544.650 including rob, service roads ,footpath for rcc drains on urban link to nagpur -raipur road pardi octroi naka to itwari |maharashtra|12/2015 |03/2016|03/2019 |03/2019|1097.81|758.4|26.22|97.0
1371|709749|national highways authority of india [nhai]|4l of indora chowk to pachpaoli and agrasen chowk - ashoka chowk |maharashtra|03/2023 |07/2023|06/2026 |06/2026|1038.84|918.53|578.95|72.0
1372|709750|national highways authority of india [nhai]|4l mitigation measure structures on ch/mh border to wainganga bridge section of nh-6 new nh-53 |maharashtra|02/2021 |11/2021|11/2023 |01/2025|540.24|468.92|464.24|99.0
1373|709752|national highways authority of india [nhai]|balance work of 4l panvel to indapur section of nh-66 old nh- 17 from km 0.000 panvel to km 42.300 kasu |maharashtra|12/2022 |03/2023|10/2024 |10/2024|329.82|196.87|183.73|96.0
1374|709753|national highways authority of india [nhai]|construction of 7 nos of standalone safety structures/works at different locations on various nhs |maharashtra|01/2025 |07/2025|01/2027 |01/2027|168.52|112.03|0.66|5.0
1375|709754|national highways authority of india [nhai]|bodhre - dhule |maharashtra|02/2021 |01/2022|07/2024 |07/2024|1344.78|1292.7|767.73|97.0
1376|709755|national highways authority of india [nhai]|4l of ratnagiri - kolhapur section from km 67.140 to km 112.340 of nh-166 pkg ii |maharashtra|02/2022 |05/2023|05/2025 |05/2025|1985.38|1798.0|345.9|65.0
1377|611452|national highways authority of india [nhai]|4l of ratnagiri - kolhapur section from km 112.340 to km 145.300 of nh-166 pkgiii |maharashtra|02/2022 |05/2023|05/2025 |05/2026|1939.23|1910.41|390.17|63.0
1378|709757|national highways authority of india [nhai]|4l of nagpur-katol section from km. 13.00 to km. 62.900 of nh-353j |maharashtra|02/2021 |10/2021|10/2023 |10/2023|1166.96|1432.82|836.47|81.0
1379|709758|national highways authority of india [nhai]|construction of standalone flyover cum rob from design ch.66.600 to design ch.68.800 in gadchandur town on nh-353b |maharashtra|02/2025 |07/2025|07/2027 |07/2027|191.31|107.76|14.96|15.0
1380|709759|morth|construction of six lane flyover at katraj junction at km, 3/880 of nh 548-dd vadgaon - katraj - kondhwa - mantarwadi chowk - loni kalbhor - theur phata - lonikand road in pune dist of the state of maharashtra. on engineering procurement and construction epc basis mode l.1.326 km, |maharashtra|02/2021 |03/2022|02/2024 |02/2024|163.51|163.51|0.0|0.0
1381|709760|national highways authority of india [nhai]|satara km 725.000 to pune km 865.350 of nh - 4 new nh - 48 in maharashtra |maharashtra|na |10/2010|05/2022 |05/2022|361.72|425.51|47.18|99.0
1382|701565|national highways authority of india [nhai]|balance works of 4l panvel indapur section of nh66 old nh17 from km 42.300 kasu to km 84.600 indapur |maharashtra|06/2022 |11/2022|05/2024 |05/2024|546.44|472.1|380.81|81.0
1383|701568|national highways authority of india [nhai]|4l of ratnagiri - kolhapur section of nh-166 from km 0.000 to km 19.769 and km 31.000 to km 67.140 pkg i |maharashtra|02/2022 |11/2022|11/2024 |03/2026|1774.03|2108.41|622.26|83.0
1384|701570|national highways authority of india [nhai]|4l of baramati to indapur pkg-ii from km. 41.400 to km. 84.550 of nh-965g saint tukaram marg |maharashtra|01/2021 |09/2021|09/2023 |05/2025|1471.32|1297.48|860.4|86.0
1446|709766|national highways authority of india [nhai]|6l aluru - jakkuva section of nh-130cd road from km 365.033 to km 396.800 pkg. 1 |multi-states (andhra pradesh, odisha)|02/2021 |03/2022|03/2024 |04/2025|1216.12|1241.66|627.68|93.0
1447|701574|national highways authority of india [nhai]|bangalore chennai expressway phase-iii package i gudipala to walajajhpet from km 156.000 to km 180.000 |multi-states (andhra pradesh, tamil nadu)|10/2020 |05/2022|05/2024 |08/2024|1481.87|1481.87|711.04|91.0
1448|701576|national highways authority of india [nhai]|6l of veera kaveri raja puram to pondavakkam from km 61.380 to km 96.040 of nh 716b pkg-iii |multi-states (andhra pradesh, tamil nadu)|03/2021 |01/2023|01/2025 |01/2025|1439.77|1439.77|685.66|98.0
1449|701577|national highways authority of india [nhai]|walajahpet/ranipet to tn/ap border section of from km.106.800 to km.133.36 nh-4 |multi-states (andhra pradesh, tamil nadu)|12/2024 |09/2025|09/2027 |09/2027|1338.14|1214.7|68.84|8.0
1450|709770|national highways authority of india [nhai]|6l of varadharajula to kumarajapet from km 0.000 to km 43.800 of nh-716b pkg-i |multi-states (andhra pradesh, tamil nadu)|02/2021 |12/2022|12/2024 |08/2025|1924.75|1887.38|947.5|98.0
1451|709771|national highways authority of india [nhai]|6l of kumarajapet to veera kaveri raja puram from km 43.800 to km 61.380 of nh- 716b pkg-ii |multi-states (andhra pradesh, tamil nadu)|02/2021 |10/2023|10/2025 |10/2025|702.52|799.36|354.36|93.0
1452|709772|national highways authority of india [nhai]|6 laning of balance work of chennai - tada from km. 21.40 to km. 54.40 |multi-states (andhra pradesh, tamil nadu)|12/2017 |03/2018|03/2020 |09/2022|464.62|472.37|18.83|100.0
1453|709773|national highways authority of india [nhai]|khammam-devarapalle pkg iii [4l access controlled greenfield from chintagudem village to recherla village design chainage 63117 to 105236] |multi-states (andhra pradesh, telangana)|01/2021 |09/2022|09/2024 |09/2025|829.5|1227.07|459.37|98.0
1454|709774|national highways authority of india [nhai]|4l access controlled greenfield highway section on nh-163g khammam vijayawada from brahmanapallik village at design ch. 250.400 km to remidicherla village at design ch. 280.200 kmpackage-ii |multi-states (andhra pradesh, telangana)|03/2023 |03/2025|03/2027 |03/2027|826.01|862.58|35.2|7.0
1455|709776|national highways authority of india [nhai]|6l of aurangabad to bihar-jharkhand border chordaha section from km. 180.000 to km. 209.827 of nh-2 pkg-01 |multi-states (bihar, jharkhand)|02/2021 |12/2024|12/2026 |12/2026|1054.46|786.81|86.04|17.0
1456|701586|national highways authority of india [nhai]|6l of aurangabad to bihar-jharkhand border chordaha section from km. 209.827 to km. 249.525 of nh-19 pkg-02 |multi-states (bihar, jharkhand)|06/2021 |03/2022|03/2024 |04/2025|1822.46|738.11|571.97|92.0
1457|709779|national highways authority of india [nhai]|6l greenfield varanasi-ranchi-kolkata highway from anarbansalea village to sagrampur village from km. 151200 to km. 184700package-7 |multi-states (bihar, jharkhand)|03/2023 |07/2025|06/2027 |06/2027|1719.2|1723.42|1.76|6.0
1458|709780|national highways authority of india [nhai]|hariharganj to parwa mode section from km 23.284 to km 57.049 of nh-98 |multi-states (bihar, jharkhand)|09/2020 |03/2022|02/2024 |02/2024|1125.78|1186.56|474.41|91.0
1459|709781|national highways authority of india [nhai]|4l of sahibganj - manihari ganga bridge including manihari bypass |multi-states (bihar, jharkhand)|10/2016 |11/2020|10/2024 |12/2026|1954.77|1978.01|1703.84|82.0
1460|709782|national highways authority of india [nhai]|six laning of bihar - jharkhand border chordaha - gorhar section of nh-2 from km 249.525 to km 320.810 |multi-states (bihar, jharkhand)|12/2017 |06/2019|11/2021 |02/2026|1772.7|1689.17|253.22|78.0
1461|709785|national highways authority of india [nhai]|six laning of varanasi to aurangabad from km. 786.00 to km. 978.40 of old nh-2 |multi-states (bihar, uttar pradesh)|na |09/2011|03/2014 |06/2025|3241.56|3241.56|1167.54|94.0
1462|709786|national highways authority of india [nhai]|construction of additional 3-lane bridge over river ganga for connection between buxar and bharauli on nh-922 in the state of uttar pradesh and bihar on hybrid annuity mode |multi-states (bihar, uttar pradesh)|03/2024 |08/2025|02/2028 |02/2028|531.61|444.92|0.94|6.0
1463|701593|national highways authority of india [nhai]|construction of four lane highway from ghazipur- ballia-up/bihar state border greenfield section of nh-31 package iii [from pindari km 78.150 to rawalganj bypass km 117.120] on epc mode in the state of uttar pradesh. |multi-states (bihar, uttar pradesh)|10/2022 |08/2023|08/2025 |05/2026|1493.5|1493.59|478.04|72.0
1464|701597|national highways authority of india [nhai]|4l kishanganj - bahadurganj section greenfield from km. 0.000 to km. 22.600 |multi-states (bihar, west bengal)|01/2025 |12/2025|12/2027 |12/2027|962.84|855.56|9.27|0.0
1465|701598|national highways authority of india [nhai]|6l of dhanara - hatibena section from km 124.611 to km 146.50 of nh-130-cd package od-1 |multi-states (chhattisgarh, odisha)|02/2021 |03/2022|03/2024 |12/2025|477.76|638.32|297.95|99.0
1466|603293|national highways authority of india [nhai]|vadodara mumbai expressway talsari to karvad phase ib - pkg x [km 103.400 to km 128.000] |multi-states (dadra & nagar haveli and daman & diu, gujarat, maharashtra)|10/2020 |03/2022|03/2024 |06/2025|1909.74|2652.24|521.59|36.0
1467|709790|national highways authority of india [nhai]|akshardham - dl/up border pkg-01 |multi-states (delhi, uttar pradesh)|09/2020 |06/2022|12/2024 |12/2024|1479.22|1476.75|1327.01|100.0
1468|709789|national highways authority of india [nhai]|balance work of 2l ps from km 30.800 to km 70.800 and 2l with rigid carriageway from km 70.800 to km 84.120 of khanapur- ka/goa border section of nh-4a |multi-states (goa, karnataka)|01/2022 |11/2022|05/2024 |03/2026|226.76|149.44|102.5|78.0
1469|709794|national highways authority of india [nhai]|bal. works of fagne km. 510.000 to maharashtra/gujarat border km. 650.794 |multi-states (gujarat, maharashtra)|12/2019 |09/2020|09/2022 |06/2024|1654.07|1672.89|1326.85|97.0
1470|709795|national highways authority of india [nhai]|delhi-amritsar-katra expressway phase-i pkg-v from junction with ambala-kaithal- hissar road nh-152 near kharak pandwa village to junction with patiala-samana- patran road sh-10 near ghagga village km 120250 to km 157920 |multi-states (haryana, punjab)|01/2021 |05/2022|05/2024 |06/2025|1741.86|2281.02|872.6|98.0
1471|709796|national highways authority of india [nhai]|4l greenfield a malout bypass from ch. km 44.500 to ch. km 35.500 on nh-07 and ch. km 0.000 to km 6.984 on nh-09 bmandi dabwali bypass from ch. 38.450 km to km 27.910 pkg-02 |multi-states (haryana, punjab)|11/2021 |12/2022|07/2024 |12/2024|646.42|556.09|549.19|98.0
1472|709797|national highways authority of india [nhai]|4l ambala - kalaamb from km. -0.800 to km. 33.015 of old nh-72 |multi-states (haryana, punjab)|10/2022 |06/2023|06/2025 |06/2025|1183.7|1190.34|452.04|100.0
1473|709798|national highways authority of india [nhai]|4l ismailabad to ambala section of nh-152 lot-4/package-1 |multi-states (haryana, punjab)|02/2023 |12/2023|12/2025 |12/2025|609.32|454.34|153.43|60.0
1474|611495|national highways authority of india [nhai]|6l of ambala-chandigarh greenfield section from km. 0.000 to km. 25.000 with 4l spur to lalru from km. 0.000 to km. 5.828 & spur to pr-7 road from km. 0.000 to km. 11.157 |multi-states (haryana, punjab)|03/2022 |10/2023|10/2025 |06/2026|1641.66|1904.79|495.6|78.0
1475|709799|national highways authority of india [nhai]|additional structures on 6lgurgaon-jaipur section of nh-48 between km 42.700 to km 273.00 |multi-states (haryana, rajasthan)|08/2022 |12/2022|06/2024 |06/2024|409.64|290.64|187.26|85.0
1476|709800|national highways authority of india [nhai]|4 laning of aligarh-palwal section from km. 46.390 design chainage to km. 69.110 terminating at junction epe package-ii from kurana- eastern peripheral expressway of nh-334d |multi-states (haryana, uttar pradesh)|03/2024 |08/2025|08/2027 |08/2027|939.17|903.94|95.24|2.0
1477|701602|national highways authority of india [nhai]|6l access controlled greenfield highway from ranipur barsi to adhoya musalmana section of shamli -ambala package-ii design ch. form km 45.500 to km 84.400 |multi-states (haryana, uttar pradesh)|06/2022 |05/2023|05/2025 |12/2025|1554.21|1241.89|696.34|70.0
1478|709811|national highways authority of india [nhai]|construction of greenfield connectivity to jewar international airport from dnd- faridabad-ballabhgarh bypass kmp link - spur to delhi mumbai expressway |multi-states (haryana, uttar pradesh)|07/2022 |06/2023|06/2025 |03/2026|2920.69|3485.77|870.3|63.0
1479|709812|national highways authority of india [nhai]|delhi-amritsar-katra expressway phase-ii pkg-xiv from junction with pathankot- gurdaspur road nh-54 near balsua to junction with hiranagar road near village gurha baildaran km 423500 to km 468100 |multi-states (jammu and kashmir, punjab)|10/2021 |09/2022|09/2024 |03/2026|3044.02|3707.91|1536.74|82.0
1480|611509|national highways authority of india [nhai]|4l from km 219.600 khajuri to km 260.483 wyndhamganj on nh-75 sec-v |multi-states (jharkhand, uttar pradesh)|03/2022 |09/2023|09/2025 |09/2025|1436.49|1465.55|826.62|92.0
1481|709813|national highways authority of india [nhai]|barwa adda km. 398.240 to panagarh km. 521.120 |multi-states (jharkhand, west bengal)|08/2010 |04/2014|09/2016 |09/2016|1560.39|1568.22|8.05|100.0
1482|709815|national highways authority of india [nhai]|6l greenfield varanasi- ranchi- kolkata highway from junction with nh-320 in lepo village to kamlapur villagejh/wb border from km 358.500 to km 387.200 pkg -13 |multi-states (jharkhand, west bengal)|03/2023 |09/2025|09/2027 |09/2027|1154.49|1319.18|1.18|5.0
1483|709816|national highways authority of india [nhai]|2l ps of jh / wb border km. 70.524 - purulia km.84.400 & purulia km. 94.30 - chandil junction with nh-33 km. 153.705 of old nh-32 |multi-states (jharkhand, west bengal)|03/2018 |12/2019|08/2022 |12/2025|1652.4|1771.88|741.62|97.0
1484|709817|national highways authority of india [nhai]|4l of nh-80 section of mirza chauki to farakka section from existing km 190.00 to design km 200.75 junction at km 3.100 of nh 133 b and from existing km 260.00 to existing km 283.00 design km 274.133 in the state of jharkhand package - ii |multi-states (jharkhand, west bengal)|02/2025 |02/2026|01/2028 |01/2028|782.18|782.18|0.0|0.0
1485|709818|national highways authority of india [nhai]|4l/2l ps of govindpur raiganj - chas - wb border section of from km. 0.00 to km. 56.889 of old nh-32 |multi-states (jharkhand, west bengal)|na |12/2017|12/2019 |12/2019|1139.65|1154.8|6.64|99.0
1486|709819|national highways authority of india [nhai]|6l from belgaum to sankeshwar bypass from km. 515.000 to km. 555.017 of nh-48 pkg-i |multi-states (karnataka, maharashtra)|11/2021 |10/2022|04/2025 |12/2025|1479.3|1237.04|1135.84|97.0
1487|709826|national highways authority of india [nhai]|6l from sankeshwar bypass to mh-knt border from km. 555.017 to km. 592.853 of nh-48 pkg-ii |multi-states (karnataka, maharashtra)|01/2022 |10/2022|04/2025 |10/2026|1388.7|1066.86|1021.28|77.0
1488|709827|national highways authority of india [nhai]|bangalore ring road strr-nh-948a- package-i of phase-iii from belagondapalli tn to tn/knt border from km 144.480 to 179.969 |multi-states (karnataka, tamil nadu)|03/2022 |05/2023|05/2025 |05/2025|1260.74|1218.47|508.62|75.0
1489|709830|national highways authority of india [nhai]|hosur to dhamrapuri pkg-1 [neraluru - thorapalli agraharam] |multi-states (karnataka, tamil nadu)|10/2021 |10/2022|10/2024 |08/2025|1757.27|1828.66|926.99|78.0
1490|709831|national highways authority of india [nhai]|6l access controlled greenfield highway of nandinne village to julekal village from km 202.900 to km 242.200 pkg-1 |multi-states (karnataka, telangana)|02/2022 |01/2023|01/2025 |09/2025|972.06|1044.06|406.04|80.0
1491|709832|national highways authority of india [nhai]|thalassery mahe bypass km 170.600 to km 189.200 of nh-17new nh-66 in kerala |multi-states (kerala, puducherry)|09/2017 |12/2017|05/2020 |06/2023|1181.12|1573.18|4.81|100.0
1492|709837|national highways authority of india [nhai]|4l shahpur to muktainagar from km. 186.000 to km 216.278 of nh 753l pkg ii of boregaon buzurg to muktainagar |multi-states (madhya pradesh, maharashtra)|12/2022 |03/2024|03/2026 |03/2026|784.35|659.52|256.54|58.0
1493|709839|national highways authority of india [nhai]|4l of chowka to kaimaha near mp/up border section nh-34 from d. ch. 145.000 to d. ch. 197.266 excluding existing chhatarpur bypass from d. ch. 160.307 to d. ch. 168.630 package-4 |multi-states (madhya pradesh, uttar pradesh)|10/2024 |09/2025|09/2027 |09/2027|996.5|846.68|100.9|17.0
1494|709846|national highways authority of india [nhai]|4l of rajura-korpana-adilabad road upto m.s. border from km 32.910 to km 89.090 of nh-353b |multi-states (maharashtra, telangana)|03/2022 |10/2022|10/2024 |04/2025|1013.33|1274.63|546.55|100.0
1495|709847|national highways authority of india [nhai]|puducherry km.29.000 to poondiyankuppam km.67.000 |multi-states (puducherry, tamil nadu)|03/2018 |11/2021|11/2023 |03/2024|1588.4|1415.9|283.48|98.0
1496|709848|national highways authority of india [nhai]|sattanathapuram to nagapattinam from km 123.800 to km 179.555 |multi-states (puducherry, tamil nadu)|03/2018 |10/2020|10/2022 |05/2026|2899.77|2899.77|1201.2|77.0
1497|709849|national highways authority of india [nhai]|6l with access control provision saharanpur bypass to ganeshpur section from 13.89 km to 41.820 km of delhi- dehradun economic corridor package-2 |multi-states (uttar pradesh, uttarakhand)|04/2022 |11/2022|11/2024 |12/2024|796.65|560.03|494.54|99.0
1498|709850|national highways authority of india [nhai]|road safety improvement of critical junctions on muzaffarnagarharidwar section of nh-334 from km 143000 to km 196000 |multi-states (uttar pradesh, uttarakhand)|04/2025 |10/2025|10/2027 |10/2027|238.66|0.1|2.58|3.0
1499|709851|national highways authority of india [nhai]|improvement & up-gradation of nh-734 section of moradabad-thakurdwara kashipur including moradabad & kashipur bypasse package-iii kashipur bypass length 14.490 km., starts from ch. 38770 and ends at ch. 53260 existing ch. 05560 |multi-states (uttar pradesh, uttarakhand)|02/2023 |03/2024|09/2025 |06/2026|936.12|717.5|282.84|35.0
1500|701658|national highways authority of india [nhai]|4/6l of spur to haridwar greenfield from km. 0.000 to km. 50.70 |multi-states (uttar pradesh, uttarakhand)|11/2021 |02/2023|02/2025 |03/2026|2155.95|2612.3|1418.57|90.0
1520|701657|morth|widening and strengthening to 4lps/2lps from km 0.000 to 35.800 kuakhia - mangalpur section of nh 20 in the state of odisha on annual plan 2021-22 |odisha|03/2022 |02/2024|02/2026 |02/2026|636.1|636.1|47.79|46.0
1521|709856|morth|construction of bypass road to balangir town from km 72/400 desing km 0/0 to km 79/800 design km 11/670 of nh-26 in the state of odisha. |odisha|02/2022 |04/2023|10/2025 |10/2025|238.78|238.78|6.09|40.0
1522|709857|morth|construction of 4 lane rob with approaches in lieu of lc no. rv-172 at km 176.00 of nh-201 present nh-26 at kesinga including land acquisition in the state of odisha on epc mode under annual plan 2021-22 |odisha|12/2021 |05/2023|05/2025 |05/2025|324.09|324.09|65.83|70.0
1523|709859|morth|widening and strengthening to 2lps including la of kandarpur-balikuda from km 277/500 to 318/970 of nh-55 in the state of odisha under annual plan 2021-22. |odisha|03/2022 |06/2023|06/2025 |06/2025|499.79|499.79|99.63|50.0
1524|709864|morth|construction of daspalla bypass from km 195.250 to 200.635 of nh-57 including land acquisition in the state of odisha on epc mode under annual plan 2022-23. |odisha|02/2023 |05/2025|05/2027 |05/2027|155.97|155.97|2.65|15.0
1525|709865|morth|construction of bypass to nayagarh town from km 235.469 to 252.482 of nh-57 including land acquisition in the state of odisha. |odisha|01/2022 |05/2023|04/2025 |04/2025|300.33|300.33|78.14|90.0
1526|611570|morth|construction of bypass to khordha town from km 294/000 to 300/300 on nh-57 including la in the state of odisha on epc mode. |odisha|02/2022 |05/2023|11/2024 |07/2025|157.49|157.49|33.61|60.0
1527|611586|morth|construction of bypass on nh-59 from km 336/350 to 349/910 13.56 km near berhampur town including 4-lane rob in the state of odisha. |odisha|03/2021 |03/2022|12/2025 |12/2025|196.94|196.94|30.46|35.0
1528|611602|morth|construction of four lane rob and its approaches in lieu of existing level crossing no. rv-71 at km 435 on nh-217 new nh-353 at khariar including land acquisition under nho in annual plan 2021-22 for the state of odisha for f.y. 2021-22 to f.y 2033-34 |odisha|11/2021 |06/2023|12/2024 |12/2024|154.49|154.49|22.32|45.0
1529|701719|morth|widening & strengthenlng to 2lps from km 0,000 to 40.000 dhaugaon- podamari section of nh 326 in the state of odisha under annual plan 2021.22. |odisha|03/2022 |02/2024|02/2026 |02/2026|186.52|186.52|42.7|60.0
1530|701745|national highways authority of india [nhai]|bhadrak km 136.500 to baleshwar km 199.141 |odisha|11/2014 |03/2019|09/2021 |09/2021|844.67|1394.82|231.31|91.0
1531|701766|national highways authority of india [nhai]|balance work of 8 nos. of elephant underpasses eups, 1 no. of vehicular underpass vup, 1 nos. of light vehicular underpass lvup, 1 nos. of pedestrian underpass pup, 1 nos. of foot over bridge fob and a2 side approach of jharpokharia flyover at km.215.270 in baharagora-singhara section of nh-49 |odisha|09/2023 |11/2024|05/2026 |05/2026|320.64|244.85|10.72|9.0
1532|611669|national highways authority of india [nhai]|6l greenfield kaliagura baunsaguar section of nh-130-cd road from km 249000 to km 293000 package od-5 |odisha|09/2021 |05/2022|05/2024 |10/2025|1539.75|1918.49|952.03|93.0
1533|611698|national highways authority of india [nhai]|6l greenfield baunsaguar - baraja section of nh-130-cd road from km 293000 to km 338500 package od-6 |odisha|08/2021 |06/2022|05/2024 |06/2025|1265.59|1635.44|843.65|98.0
1534|611699|national highways authority of india [nhai]|6l greenfield kandili - aluru section of nh-130-cd road from km 342500 to km 365033 package-od-8 |odisha|12/2021 |10/2022|10/2024 |08/2025|1492.74|1912.84|972.27|93.0
1535|611735|national highways authority of india [nhai]|balance work of panikoili rimoli section of new nh-20 from km 0.00 to km. 163.000 |odisha|09/2020 |03/2021|03/2022 |07/2022|183.03|200.79|89.36|99.0
1536|611751|national highways authority of india [nhai]|rehabilitation and up gradation from 4 to 8 laning of chandikhole paradip section of nh-53 old nh 5a from km.39.000 to km.60.00 package-3 |odisha|03/2023 |12/2023|12/2025 |12/2025|861.84|938.55|344.27|85.0
1537|611752|national highways authority of india [nhai]|rehabilitation and up gradation from 4 to 8 laning of chandikhole paradip section of nh-53 old nh 5a from km 18.00 to km 39.00 in the state of odisha on ham mode package-2 |odisha|03/2023 |12/2023|12/2025 |12/2025|920.47|950.4|366.33|90.0
1538|611754|national highways authority of india [nhai]|3l major bridge over river brahmani at km. 401.250 duburi - chandikhole section of nh-200 new nh -53 |odisha|04/2022 |08/2022|01/2025 |01/2025|153.61|103.68|61.82|38.0
1539|611849|national highways authority of india [nhai]|4-l of rajamunda to barkote section of nh-23 from km. 287.200 to km. 337.185 |odisha|10/2017 |12/2018|06/2021 |12/2024|609.63|630.97|114.77|96.0
1540|611855|national highways authority of india [nhai]|6l of bhubaneswar - jagatpur - chandikhole section of nh-16 |odisha|na |12/2011|06/2014 |06/2014|639.3|632.89|0.26|97.0
1541|611861|national highways authority of india [nhai]|6l of badakumari - karki section from km 179.000 to km 226.500 of nh-130-cd package od-3 |odisha|03/2021 |04/2022|04/2024 |12/2025|1101.76|1374.43|512.78|98.0
1542|611864|national highways authority of india [nhai]|four laning of angul to sambalpur from km.112.000 to km.265.000 |odisha|na |03/2017|08/2019 |10/2024|2510.04|2632.91|31.2|99.0
1543|701991|national highways authority of india [nhai]|cuttack-angul section of nh-42 new nh-55 from km 0.400 to km 60.200 pkg-i in the state of odisha |odisha|10/2017 |01/2018|07/2020 |12/2024|999.32|1178.31|16.03|99.0
1544|611884|national highways authority of india [nhai]|4 laning of talcher to end of kamakhyanagar bypass km 8.844 - km 15.725 of nh- 149 and km 301.875 - km 335.946 of nh-53 pkg-i |odisha|01/2018 |02/2019|08/2021 |08/2021|795.18|810.71|188.53|99.0
1545|611918|national highways authority of india [nhai]|4 laning of duburi chandikhole from km 388.376 to km 428.074 pkg-iii |odisha|01/2018 |02/2020|08/2022 |08/2022|789.0|907.61|336.11|86.0
1546|611927|morth|work of widening/upgradation of 2-lane with paved shoulder of sri muktsar sahib to malout road from km 279.400 to km 307.060 section of nh-354 in the state of punjab on epc mode. job no. nh-354-pb-2021-22-555 |punjab|03/2022 |10/2023|04/2025 |04/2025|152.58|152.58|0.0|96.0
1547|611929|national highways authority of india [nhai]|4l of amritsar-ghoman - tanda - una section from km 8.270 to km 54.000 of nh- 503a package-i |punjab|12/2020 |06/2022|06/2024 |06/2024|857.91|1443.47|466.87|59.0
1548|611930|national highways authority of india [nhai]|6l amritsar-bathinda greenfield section from jn. with moga jalandhar road nh-703 near dharamkot to jn. with bhagta bhai ka-bhadaur road near dyalpura bhai ka from km 39.000 to km 93.000 of nh-754a pkg-2 |punjab|03/2021 |06/2024|06/2026 |06/2026|1801.37|2172.71|579.38|63.0
1549|611943|national highways authority of india [nhai]|6l access controlled ludhiana-bathinda greenfield highway from jn. with moga- barnala road nh-703 near village tallewal to jn. with delhi-katra expressway ne-5 near ludhiana village ballowal from km 30.300 to km 75.543 of nh-754ad pkg-2 |punjab|07/2021 |09/2025|09/2027 |09/2027|1555.13|1564.66|133.77|11.0
1550|611944|morth|beawer gomti 4lps from km 58.245 to km 108.600 pkg-i |rajasthan|12/2020 |10/2021|10/2023 |02/2026|379.23|379.23|179.08|98.0
1551|611945|morth|construction of two lane with paved shoulder for fatehpur bypass design km 0.000 to km 7.400 , mandawa bypass design km 20.925 to km 27.300 & jhunjhunu bypass design km 41.625 to km 54.689 of nh-11 on epc mode in the state of rajasthan . |rajasthan|03/2022 |02/2023|08/2024 |01/2026|186.29|186.29|66.7|100.0
1552|611947|morth|upgradation to two lane paved shoulder in km 33/0 to 126/520 of nh-23 old nh- 11b kothun-lalsot-karoli-dholpur road in the state of rajasthan under epc mode length-93.52 km. |rajasthan|12/2021 |09/2022|09/2024 |01/2026|150.11|150.11|12.2|97.0
1553|611948|morth|widening of pachpadra-bagundi section to 4 lane from km 73/60 to 95/70 of nh-25 on epc mode in the state of rajasthan. |rajasthan|01/2022 |12/2022|12/2024 |02/2026|194.88|194.88|48.47|85.0
1554|611949|morth|construction of 2 lane with paved shoulder for the work of development of remaining sections of nh-325 balotra to sanderao via jalore to 2 lane with paved shoulder configuration by construction of byasses for town portions1 asotra- brahmdham bypass 2siwana bypass 3 mokalsar bypass 4 major realignment at kathadi 5 major realignment at bishangarh 6 jalore bypass 7 ahore town portion 8 dujana bypass in the state of rajasthan on epc mode |rajasthan|12/2021 |05/2022|05/2024 |05/2026|411.44|411.44|66.63|83.0
1555|611950|morth|upgradation to two-lane with paved shoulder of hanumangarh to kenchiyan section from km 0.000existing chainage-km 23.200 to km 49.605existing chainage-km 74.645 of nh-54 in the state of rajasthan on epc mode. |rajasthan|03/2022 |10/2024|10/2026 |10/2026|334.64|334.64|0.0|66.0
1556|611951|morth|up-gradation to 2 lane with paved shoulder from neechli oden nathdwara at design km 88.800 existing km 55.95 to bhatewar at design km 142.028 existing km 0.00 of nh-162e in the state of rajasthan on epc mode. |rajasthan|02/2023 |10/2024|10/2026 |10/2026|606.61|606.61|437.05|34.0
1557|611957|morth|up-gradation to 2 lane with paved shoulder from charbhuja at design km 0.00 existing km 150.00 to neechli oden nathdwara at design ch. km 88.800 existing km 55.950 of nh-162e on epc mode. |rajasthan|02/2022 |09/2023|09/2025 |09/2025|838.43|838.43|55.04|0.0
1558|611963|morth|upgradation of two lane paved shoulder from shahpura existing km. 0.00 design ch. 000 to thanagazi existing km.37352 design ch. 36810 of nh-248a on epc mode in the state of rajasthan. |rajasthan|03/2022 |02/2023|07/2024 |01/2026|174.34|174.34|63.51|90.0
1559|611966|morth|construction of 2 lane with paved shoulder for northern bypass phase-ii of kota city in the state of rajasthan. |rajasthan|03/2022 |10/2023|04/2025 |06/2026|317.74|317.74|5.97|25.0
1560|611967|national highways authority of india [nhai]|delhi-vadodara greenfield alignment nh-148n pkg-14 ch. 388.420 to ch. 419.000 [junction with nh- 76 to junction with nh-12 near village ummedpura] |rajasthan|11/2019 |05/2021|05/2023 |03/2025|1119.35|1194.17|975.7|99.0
1561|611970|national highways authority of india [nhai]|delhi-vadodara greenfield alignment nh-148n pkg-10 ch. 292.950 to ch. 319.400 [end of interchange on nh-166 near village mui to hardeoganj village near indergarh] |rajasthan|11/2019 |05/2021|05/2023 |07/2024|1272.97|1265.16|1080.16|94.0
1562|611971|national highways authority of india [nhai]|delhi-vadodara greenfield alignment nh-148n pkg-15 ch. 419.000 to ch.427.300 [junction with nh-12 near village ummedpura to major bridge over takli river near nayagaon jageer village] |rajasthan|07/2020 |07/2021|01/2024 |02/2026|1854.68|1854.68|1322.23|90.0
1563|611974|national highways authority of india [nhai]|deogarh near dhandhaniya-rajasthan/gujarat border phase-i aj/drgb-package-6 |rajasthan|10/2019 |08/2021|08/2023 |12/2024|846.59|740.62|666.78|100.0
1564|611977|national highways authority of india [nhai]|deogarh near dhandhaniya-rajasthan/gujarat border phase-i aj/drgb-package-7 |rajasthan|10/2019 |07/2021|07/2023 |12/2024|662.08|597.77|503.1|98.0
1565|611978|national highways authority of india [nhai]|tanot -ramgarh-bhadasar-jaisalmer nh-68 and bhadasarmokal-sarkaritala up to pakisthan border nh-968 pkg-bm/5 |rajasthan|02/2018 |04/2019|04/2021 |04/2021|828.58|830.37|227.05|100.0
1566|611979|national highways authority of india [nhai]|mayjilar jaisalmer with jaisalmer bypass link road section of nh-11 part of bm-7 & sundra myajilar ambsingh ki dhani road part of munabao tanot project nh-70 |rajasthan|03/2025 |12/2025|12/2027 |12/2027|1237.71|927.02|0.53|3.0
1567|612072|national highways authority of india [nhai]|4l of karwar km. 281.980 of nh-62 nagaur road to dangiyavas of jodhpur ring road pkg-ii |rajasthan|11/2021 |08/2022|08/2024 |08/2024|736.75|512.77|395.36|99.0
1568|612096|national highways authority of india [nhai]|4l greenfield spur from delhi-vadodara greenfield expressway near bandikui to jaipur |rajasthan|03/2022 |11/2022|11/2024 |11/2024|1636.15|2170.39|1204.74|100.0
1575|612128|morth|construction of bypass to madurai achambathu viratipathu in between km 6/850 10/382 of nh 49 extn new nh 85 including land acquisition on engineering, procurement & construction epc basis contract under nh o annual plan 2021-22 in the state of tamil nadu job no.nh-49 extn new nh 85 - tn-2021-22-997 |tamil nadu|03/2022 |09/2024|08/2026 |08/2026|238.97|260.07|85.64|72.0
1576|612132|national highways authority of india [nhai]|bangalore chennai expressway phase-iii package ii walajahpet to arakkonam from km 180.000 to km 204.500 |tamil nadu|01/2021 |07/2022|07/2024 |07/2024|1106.65|1106.65|496.07|93.0
1577|612133|national highways authority of india [nhai]|bangalore chennai expressway phase-iii package iii arakkonam to kancheepuram from km 204.500 to km 230.000 |tamil nadu|12/2020 |08/2022|07/2024 |03/2025|1525.1|1525.1|353.87|53.0
1578|612134|national highways authority of india [nhai]|4l bangalore-chennai expressway from km. 230.000 to km. 261.705 of kanchepuram to sriperumbudur section phase-iii/package-iv |tamil nadu|02/2021 |07/2022|07/2024 |07/2024|3605.73|3605.73|881.54|83.0
1579|603945|national highways authority of india [nhai]|karaipettai to walajapet from km 71.015 to 107.091 |tamil nadu|08/2018 |02/2019|02/2021 |04/2025|766.51|766.51|427.31|93.0
1580|612138|national highways authority of india [nhai]|4l of madurai ring road phase 1 [vadipatti-thamrapatti] from km 0.00 - km 29.960 |tamil nadu|12/2018 |03/2020|03/2022 |08/2025|900.05|900.05|606.61|92.0
1581|612139|national highways authority of india [nhai]|4l of left-over works including additional structures from kerala/tamil nadu border to kanyakumari section from km 43.0 to km 96.174 of nh66 |tamil nadu|11/2022 |08/2023|08/2025 |04/2026|1564.23|1263.42|838.6|72.0
1582|612140|national highways authority of india [nhai]|6l of pondavakkam to kannigaipair from km 96.040 to km 116.100 of nh 716b pkg- iv |tamil nadu|02/2021 |01/2023|01/2025 |11/2025|1359.81|1359.81|302.06|32.0
1583|612142|national highways authority of india [nhai]|4l of thirumangalam to vadugapatti section from km 0.000 to km 36.000 of nh-744 |tamil nadu|03/2022 |02/2023|02/2025 |02/2025|1076.97|791.6|663.01|93.0
1584|612151|national highways authority of india [nhai]|4l of vadugapatti to therkuvenganallur rajapalyam section from km 36.000 to km 71.600 of nh-744 |tamil nadu|02/2022 |04/2023|04/2025 |04/2025|1317.6|1137.16|919.36|99.0
1585|612167|national highways authority of india [nhai]|melur - pilayarpatti - karaikudi from km 99.920 of nh 38 to km 12.9 of nh 383 ext. |tamil nadu|12/2018 |03/2020|03/2022 |05/2025|1103.86|1085.41|157.65|90.0
1586|612178|national highways authority of india [nhai]|construction of new double tier 4l elevated corridor from chennai port to maduravoyal in chennai district from km -0.342 to km 20.593 and package ii from km 4.604 to km 9.700 |tamil nadu|03/2023 |11/2023|05/2026 |05/2026|1616.97|1616.97|141.23|13.0
1587|612183|national highways authority of india [nhai]|construction of new double tier 4-lane elevated corridor from chennai port to maduravoyal in chennai district from km -0342 to km 20223 package 1 from km - 0342 to km 4604 |tamil nadu|03/2023 |11/2023|05/2026 |05/2026|1388.59|1388.59|150.31|16.0
1588|612185|national highways authority of india [nhai]|4l of madathukulam - pollachi from km. 74.38 to km. 116.95 of old nh-209 new nh- 83 |tamil nadu|01/2019 |12/2020|12/2022 |12/2022|1772.13|1772.13|211.83|91.0
1589|612186|national highways authority of india [nhai]|kamalapuram to oddanchatram from km. 0.00 to km. 35.822 |tamil nadu|01/2019 |01/2021|01/2023 |03/2026|1319.42|1319.42|332.7|90.0
1590|612188|national highways authority of india [nhai]|4l of sethiyathope -cholapuram section from km. 65.960 to km. 116.440 section of nh45 c pkg-ii |tamil nadu|na |08/2018|08/2020 |06/2024|2356.19|2356.9|1011.27|100.0
1591|612194|national highways authority of india [nhai]|salem - ulundurpet section from km 0.313 to km 136.670 of nh-68 |tamil nadu|na |01/2008|01/2011 |01/2011|861.23|1019.85|18.25|100.0
1592|612201|national highways authority of india [nhai]|6-laning of krishnagiri km.0.000 to walajahpet km.148.300 section on nh-46 under nhdp-v |tamil nadu|na |06/2011|12/2013 |12/2013|1673.17|781.74|8.45|99.0
1593|612211|national highways authority of india [nhai]|thumbipadi-namakkal from km. 180.00 to km. 248.625 package no. ns-2/bot/tn- 02 |tamil nadu|na |08/2006|02/2009 |02/2009|255.53|395.43|15.29|100.0
1594|612213|national highways authority of india [nhai]|start of karur bypass - dindigul from km. 292.600 to km. 305.600 contract package no. ns2/bot/tn-4 |tamil nadu|na |10/2006|04/2009 |04/2009|461.54|515.03|0.29|100.0
1595|702355|national highways authority of india [nhai]|chengapalli km 102.035 to neelambur km144.680 and madukkarai km 170.880 to walayar k183.010 package no. ns-2/bot/tn-08 |tamil nadu|na |09/2010|03/2013 |03/2013|852.0|285.55|0.32|100.0
1596|612259|national highways authority of india [nhai]|thorapalli - agraharam - jittandahalli section from km 23.350 to km 60.100 [hosur to dhamrapuri pkg-2] |tamil nadu|02/2019 |12/2021|12/2023 |03/2025|1243.57|1272.11|509.9|82.0
1597|702625|national highways authority of india [nhai]|4l of padalur - trichy section from km. 285.00 to km. 325.00 of nh - 45 pkg vi-c |tamil nadu|na |11/2006|05/2009 |05/2009|555.8|235.8|-0.08|100.0
1598|702626|national highways authority of india [nhai]|mahabalipuram - pondicherry pkg-i [mamallapuram to mugaiyur] |tamil nadu|02/2019 |05/2022|05/2024 |08/2025|1360.54|1477.94|552.15|58.0
1599|702627|national highways authority of india [nhai]|mahabalipuram - pondicherry pkg-ii [mugaiyur to marakkanam] |tamil nadu|02/2019 |12/2023|12/2025 |12/2025|1116.13|1463.75|518.62|53.0
1600|702628|national highways authority of india [nhai]|four laning of chettikulam to natham section of nh-785 |tamil nadu|03/2018 |11/2018|11/2020 |11/2020|837.61|823.93|0.57|99.0
1601|702629|national highways authority of india [nhai]|construction of new double tier 4l elevated corridor from chennai port to maduravoyal in chennai district from km -0.342 to km 20.593 and package iii from km 9.700 to km 14.185 |tamil nadu|03/2023 |11/2023|05/2026 |05/2026|1299.36|1299.36|123.13|14.0
1602|702630|national highways authority of india [nhai]|access controlled highway of 4 lane with paved shoulders from tiruvallur design chainage km 1756 to tn/ap broder design chainage km 6151 of nh-716 chennai- tirupati package-1 |tamil nadu|03/2024 |12/2024|12/2026 |12/2026|1376.1|1247.7|89.34|24.0
1603|702631|morth|6-laning of km 9.900 to km 19/948 aramgarh to shamshabad section of hyderabad- bangalore section of nh-44 under nho epc basis in the state of telangana |telangana|01/2018 |05/2018|05/2020 |07/2021|283.15|300.7|252.28|92.0
1604|702632|morth|widening to two/four lane with paved shoulder from km.180.600 to km.223.000 of nh-63 on nizamabad-jagadalpur road on epc mode under nho in the state of telangana. |telangana|10/2016 |03/2017|03/2019 |03/2019|253.99|183.26|0.0|100.0
1605|702633|morth|rehabilitation and upgradation of lb-nagar to malkapur section to 6-lane main carriageway with service roads, drains cum footpath, including vups and widening of minor bridge & road safety provisions from km. 15/00 to km 40/00 of nh-65 old nh-9 under nh o for the year 2020-21 in the state of telangana on epc mode. |telangana|03/2021 |07/2022|07/2024 |09/2025|545.11|545.11|258.75|60.0
1606|612513|morth|construction of six lane elevated corridor from km 7.950 uppal to km 14.200 of nh- 163 to de-congest the urban limits of hyderabad-bhoopalapatnam section on epc mode in the state of telangana |telangana|03/2018 |07/2018|07/2020 |04/2026|626.76|626.76|13.91|50.0
1607|702635|morth|widening and strengthening of existing 2-lane to 2- lane with paved shoulders from km 159/0 to 165/4 and 186/0 to 215/0 of nh-163 on epc mode int the state of telangana |telangana|01/2018 |06/2018|11/2019 |12/2020|230.03|230.03|0.0|0.0
1608|702637|morth|widening & strengthening of existing 2lps to 4 lane ps from km 150000 to km 159000 and km 165400 to km 186000 of nh-163 old nh-202 under nh o for the year 2020-21 on epc mode in the state of telangana. |telangana|03/2021 |07/2022|07/2024 |04/2025|317.19|300.56|168.8|82.0
1609|702639|morth|rehabilitation & upgradation of nh - 167 from design km 187.723 to 234.434 miryalaguda to kodad section to two lane with paved shoulder on epc mode in the state of telangana |telangana|03/2018 |09/2018|09/2020 |09/2020|322.81|322.81|43.78|98.0
1610|702658|morth|rehabilitation and upgradation of nh-167 from design km 113.900 to 154.479 mallepally haliya section to two lane with paved shoulders on epc mode in the stte of telangana |telangana|02/2018 |06/2018|11/2019 |11/2019|294.13|257.61|3.16|88.0
1611|702664|morth|widening to two lane with paved shoulders from km 67.000 to km 114.425 of kalwakurthy- mallapally section of nh 167 erstwhile section of sh 18 in the state of telangana on epc mode under nh o annual plan 2016-17 |telangana|01/2017 |05/2017|05/2019 |07/2021|300.0|300.0|2.08|99.0
1612|702665|morth|widening to 2/4 lane with paved shoulders from km 182.120 to km 227.600 of nh 167 on haggari-jadcherla road on epc mode under nho in the state of telangana |telangana|10/2016 |02/2017|02/2019 |07/2023|298.0|298.0|228.09|95.0
1613|702668|morth|construction of 4-lane flyover at amberpet-x road, hyderabad on nh-202 in the state of telangana |telangana|05/2018 |06/2021|06/2023 |04/2024|216.53|265.88|154.05|92.0
1614|702674|morth|rehabiitation and upgradation from km 121/000 to 154/000 nakrekal to mallampally section of nh-365 to 2 lane with paved shoulders in the state of telangana in the epc mode |telangana|03/2018 |06/2018|12/2019 |12/2019|192.67|192.67|0.0|96.0
1615|702699|morth|rehabilitation and upgradation to two lane with paved shoulders from km 0/000 to 72/6 of nh-365 nakrekal to tanamcherla section under nhdp iv in the state of telangana under epc mode |telangana|06/2017 |11/2017|10/2019 |10/2019|605.08|605.08|0.0|99.0
1616|702734|morth|widening to two lane with paved shoulders from km 0/000 to km 79/300 of kalwakurthy - kollapur section of nh-167k in the state of telangana under annual plan 2021-22 on epc mode under nho. |telangana|03/2022 |07/2023|07/2025 |07/2025|886.69|886.69|557.4|78.0
1617|702735|morth|widening and strengthening to 4 lane / 2-lane with paved shoulders of mahabubnagar - chincholi section from km 60/255 to km 102/834 of nh-167n in the state of telangana on epc mode. |telangana|03/2022 |10/2023|10/2025 |10/2025|631.49|631.49|71.91|30.0
1618|702741|morth|widening and strengthening to 2/4 lane with paved shoulders of mahabubnagar chincholi section from km 0/0 to km 60/255 of nh-167n in the state of telangana under annual plan 2021-22 on epc modepackage-i under nho job no.167n-ts- 2021-22-75 |telangana|01/2022 |01/2023|01/2025 |01/2025|703.68|703.68|252.3|90.0
1619|702742|morth|widening & strengthening of existing carriageway in 2 lane with paved shoulders from km 25/0 to 59/2 design ch km 25.467 to 59.200 of nh - 353c on epc mode in the state of telangana |telangana|02/2018 |06/2018|06/2020 |06/2020|206.13|206.13|152.77|98.0
1620|702746|morth|widening and improvement of existing carriage way to 2 lane with paved shoulders from km. 86/160 to 131/730 of jangaon-duddeda section of nh-365b in the state of telangana on epc mode |telangana|01/2022 |12/2022|12/2024 |06/2025|423.48|423.48|159.94|75.0
1621|702760|morth|widening to two lane with paved shoulders from km.40/410 to 84/037 of thirumanlagiri-- suryapet section of nh-365b earstwhile section of sh-16 |telangana|01/2017 |05/2017|05/2019 |05/2019|244.54|244.54|0.0|99.0
1622|702764|morth|widening to two lane with paved shoulders from km.0/970 to km.40/410 of jangaon - thirumal giriof nh- 365b in the state of telanganaon epc mode under nho annual plan 2016-17 |telangana|03/2017 |11/2017|10/2019 |10/2019|197.0|197.0|0.0|92.0
1623|702793|morth|rehabilitation and up-gradation of valigonda to thorrur section to two lane with paved shoulders from km 39.180 to km 108.300 of nh-930p in the state of telangana on engineering, procurement and construction epc basis |telangana|01/2022 |12/2022|12/2024 |04/2025|549.28|549.28|280.02|82.0
1624|702798|morth|widening to two lane with paved shoulders of 'bodhan basar bhainsa ' section from km 38/900 to 95/300 of nh-161bb in the state of telangana under annual plan 2021- 22 on epc mode under nh o. |telangana|03/2022 |03/2023|03/2025 |03/2025|644.45|644.45|348.93|98.0
1625|702808|morth|widening to 2 lane with paved shoulders of siddipet-elkathurthy section from km 69/978 to km 133/619 of nh-765dg in the state of telangana under annual plan 2021-22 on epc mode |telangana|01/2022 |12/2022|12/2024 |01/2025|578.85|578.85|0.0|85.0
1626|702810|morth|widening to 2 lane with paved shoulders of medak - siddipet section from km 0/0 to km 69/978 of nh-765dg in the state of telangana under annual plan 2021-22 on epc mode |telangana|01/2022 |01/2023|01/2025 |07/2025|882.18|882.18|347.42|73.0
1627|702833|national highways authority of india [nhai]|improvement of geometrics of kalkallu to gundla pochanpalli from km 454.00 to km 471.00 of nh-44 |telangana|03/2022 |01/2023|01/2025 |07/2026|955.49|903.17|427.03|35.0
1628|702840|national highways authority of india [nhai]|6l of existing 4l from gundlapochampally to bowenpally from km 471.300 to km 481.331 of nh-44 |telangana|12/2021 |08/2022|07/2024 |04/2026|521.53|528.21|256.27|50.0
1629|702851|national highways authority of india [nhai]|improvement of geometrics of thondupally to kothur from km 22.300 to km 34.14 of nh-44 |telangana|03/2022 |03/2023|09/2024 |09/2024|541.58|527.43|45.13|10.0
1630|702854|national highways authority of india [nhai]|khammam-devarapalle pkg i [4l access controlled greenfield from thallampadu village to somavaram village design chainage 0000 to 33604] |telangana|01/2021 |10/2022|10/2024 |01/2026|797.36|1337.18|570.64|92.0
1631|612745|national highways authority of india [nhai]|4l of karimnagar-warangal section from km 49.500 to km 117.820 of nh-563 |telangana|03/2022 |07/2023|07/2025 |12/2025|2146.86|2486.51|846.49|86.0
1632|612748|national highways authority of india [nhai]|4l access controlled greenfield highway section mancherial warangal from pangidipalle village at design ch. 72.350 km to oorugonda village at design ch. 112.240 kmpackage-iii |telangana|03/2023 |06/2025|06/2027 |06/2027|1183.71|1170.64|83.29|0.0
1633|612781|national highways authority of india [nhai]|4l access controlled greenfield highway section on nh163g warangal-khammam from oorugonda village in hanamkonda district at design ch. 112.240 km to venkatpur village in warangal district at design ch. 150.240 kmpackage-i |telangana|03/2023 |06/2025|06/2027 |06/2027|1142.6|1140.82|50.62|0.0
1634|612786|national highways authority of india [nhai]|4l access controlled greenfield highway section on nh-163g warangal-khammam from thallasenkesa village at design ch. 189.650 km to v.vekatayapalem village in khammam district at design ch. 220.480 kmpackage-iii |telangana|03/2023 |07/2025|07/2027 |07/2027|1105.25|1098.05|71.86|1.0
1635|612787|national highways authority of india [nhai]|4l access controlled greenfield highway section on nh-163g khammam vijayawada from v. venkatayapalem village at design ch. 220.480 km to brahmanapallik village at design ch. 250.400 km package-i. |telangana|03/2023 |07/2024|03/2027 |03/2027|973.45|1021.96|138.15|21.0
1636|612788|national highways authority of india [nhai]|4l of kodad design km 0.00/existing km 185.00 of nh-65 to khammam design km 31.800/existing km 29.400 of nh-365a |telangana|01/2021 |01/2022|05/2024 |05/2025|1149.17|1606.99|688.18|99.0
1637|612789|national highways authority of india [nhai]|khammam-devarapalle pkg ii [4l access controlled greenfield from somavaram village to chintagudem village design chainage 33604 to 63117] |telangana|01/2021 |09/2022|09/2024 |11/2025|615.78|981.64|363.66|98.0
1638|612790|national highways authority of india [nhai]|thanamcherla-jamandlapally 2lps |telangana|na |03/2014|02/2023 |02/2023|177.18|18.65|3.61|100.0
1649|612791|morth|construction of jasra bypass with four lane paved shoulder configurationfrom km 379.670 on nh-76new nh-35 to km 18.00 on nh-27new nh-30 on epc in the state of uttar pradesh. |uttar pradesh|02/2023 |03/2024|09/2025 |09/2025|274.06|274.06|0.0|91.0
1650|612793|morth|rehabilitation and upgradation to four lane road from km 70.500 to km 78.600 of nh- 92 under epc mode in the state of uttar pradesh |uttar pradesh|01/2022 |01/2025|01/2027 |01/2027|296.02|351.78|0.0|20.0
1651|612815|morth|widening to four lane rigid pavement configuration from km 90.00 to km 100.800 on nh-96 km 42.0 to km 53.300 as per new nh-330,design length of 11.300 km under epc mode in the state of uttar pradesh. |uttar pradesh|12/2022 |11/2024|11/2026 |11/2026|309.63|309.63|24.81|22.0
1652|612816|morth|construction of four-lane elevated viaduct from km.4634 to km.6345 on nh-24a including retaining wall, service lane, at grade road and improvement of junctions, on epc mode |uttar pradesh|03/2021 |03/2022|09/2023 |03/2024|185.09|269.81|158.8|100.0
1653|612819|morth|balance work of construction of ring road for raebareli city on eastern side of nh- 24b phase-1 on epc mode. |uttar pradesh|12/2019 |10/2020|04/2022 |07/2022|319.96|347.8|0.0|94.0
1654|612827|morth|construction of balrampur bypass with 2l flexible pavement configuration from km.223.000 of nh-330 to km.328.300 of nh-730 under epc mode |uttar pradesh|12/2022 |08/2024|02/2026 |02/2026|515.69|515.69|80.95|42.0
1655|612834|morth|construction of pratapgarh bypass extension connecting nh-31 to nh-330 on epc mode in the state of uttar pradesh. |uttar pradesh|10/2022 |01/2024|06/2025 |06/2025|225.17|225.17|0.0|66.0
1656|702948|morth|improvement and up-gradation to two lane with paved shoulder configuration from existing km. 420.00 shohrathgarh to km. 454.00 uska bazar of nh-730 in the state of uttar pradesh epc basis |uttar pradesh|01/2022 |03/2024|09/2025 |04/2026|509.65|484.42|84.14|49.0
1657|702949|morth|construction of shohratgarh bypass on nh-730 under epc mode in the state of uttar pradesh |uttar pradesh|10/2022 |11/2023|05/2025 |05/2025|189.31|189.31|0.0|43.0
1658|612851|morth|widening & strenghteningof section from bharthana chowk to kodarkoot km.0.00 to km.40.00 of nh-91-a on epc mode |uttar pradesh|03/2020 |03/2023|09/2024 |08/2025|262.37|343.77|112.46|90.0
1659|612853|morth|construction of amethi bypass part-ii at km.30.050 of nh-931 under epc mode in the state of uttar pradesh |uttar pradesh|12/2022 |02/2025|02/2027 |02/2027|283.86|283.86|15.27|33.0
1660|612855|morth|rehabilitation & up-gradation from design km. 0.000 to km. 69.280 of nh-931 pratapgarh - amethi - gauriganj -musafirkhana to two lane with paved shoulder on engineering, procurement & construction epc mode in the state of uttar pradesh |uttar pradesh|05/2023 |11/2025|11/2027 |11/2027|1086.3|1086.3|0.0|0.0
1661|612856|morth|construction of two lane with paved shoulder from existing km.0.000 to km.55.610 design km. 0.000 to km. 54.048 of nh-124d |uttar pradesh|12/2021 |02/2024|02/2026 |02/2026|840.93|773.58|134.9|57.0
1662|612876|morth|construction of mariahu bypass with four lane paved shoulder configuration km. 53.540 to km.59.200 of nh-135a on epc mode in the state of uttar pradesh |uttar pradesh|03/2023 |02/2024|02/2026 |02/2026|438.24|362.39|0.0|47.0
1663|612877|morth|widening & upgradation to four lane configuration from km.34.900 bhadohi to km.73.134 jaunpur of nh-135a on epc mode |uttar pradesh|03/2021 |11/2022|05/2024 |05/2024|395.62|392.03|0.0|86.0
1664|612883|morth|improvement and upgradation to two lane with paved shoulder configuration from existing km 55.00 to km 90.00 design length 34.76 of nh-227a near chhapia village to near sikriganj in the state of up on epc mode. |uttar pradesh|11/2021 |11/2022|05/2024 |07/2025|307.11|307.11|125.88|0.0
1665|612894|morth|improvement and upgradation to two lane with paved shoulder configuration from existing km 90.00 to 130.00 design length 39.15 of nh-227a near sikriganj to barhalganj in the state of up on epc mode. |uttar pradesh|08/2021 |12/2023|06/2025 |06/2025|403.36|345.34|0.0|87.0
1666|612898|morth|improvement and up-gradation of nh-227b 84 kosi parikrama marg package i, from km 228.920 jagarnathpur to km 235.960/0.000 makhaudadham to km 29.000 sarpur in the state of uttar pradesh on epc basis |uttar pradesh|03/2022 |05/2025|11/2026 |11/2026|912.5|912.5|0.0|2.0
1667|703021|morth|improvement and up-gradation of nh-227b 84 kosi parikrama marg package iii, from km.47.800 gosaiganj to km.73.300 bikapur in the state of uttar pradesh on epc basis. |uttar pradesh|03/2022 |05/2025|11/2026 |11/2026|587.97|587.97|12.78|15.0
1668|612916|morth|lmprovement and up-gradation from km. 73.300 bikapur to km.140.960 patranga of nh-227b 84 kosi parikrama marg to 2lps along with parikrama path |uttar pradesh|11/2022 |01/2026|01/2028 |01/2028|1679.75|1679.75|0.0|0.0
1669|703057|morth|rehabilitation and upgradation from km 51.600 to km 75.700 of nh-321g nuhkhas to etah section to two lane with paved shoulder configuration under epc mode in the state of uttar pradesh |uttar pradesh|01/2022 |02/2024|08/2025 |08/2025|343.54|343.54|53.25|49.0
1670|604791|morth|improvement and up-gradation to 2lps of nh-227b 84-kosi parikrama marg packagevi, design km 160200 bahuvan madar majha to km 224040 jagarnathpur under ham |uttar pradesh|05/2023 |01/2026|01/2028 |01/2028|2008.7|2008.7|0.0|0.0
1671|604795|morth|rehabilitation and up-gradation from km. 0000 to km.40390 of nh-730s maharajganjnichloulthuthibari to two lane with paved shoulders in the state of u.p. on engineering, procurement & construction epc basis. |uttar pradesh|03/2023 |06/2024|12/2025 |12/2025|809.25|603.19|0.0|53.0
1672|400005|morth|construction of four lane highway with paved shoulder from km.74.700 to km.112.950 of nh-731a i/c yamuna bridge on ham in the state of uttar pradesh. |uttar pradesh|03/2022 |06/2024|06/2026 |06/2026|1141.67|1157.31|0.0|68.0
1673|400006|morth|construction of 4-lane highway with paved shoulders from km 49.155 to km 74.700 of nh-731a on hybrid annuity mode in the state of uttar pradesh |uttar pradesh|01/2022 |02/2024|01/2026 |01/2026|1156.72|1156.72|0.0|92.0
1674|400010|morth|construction of 4-lane green field highway from km. 35.000 to km. 49.155 of nh- 731a with paved shoulders on hybrid annuity mode in the state of uttar pradesh |uttar pradesh|01/2022 |10/2023|10/2025 |10/2025|697.66|697.66|0.04|99.0
1675|613002|morth|rehabilitation & upgradation of nh-731a from km.0.00 to km.35.00 to 2-lane with paved shoulder under epc mode |uttar pradesh|03/2021 |08/2022|08/2023 |08/2023|264.86|264.86|0.0|90.0
1676|400012|morth|widening to four lane with paved shoulder from design km.49.200 to km.89.285 of nh-731b on epc mode in the state of uttar pradesh |uttar pradesh|03/2022 |01/2024|01/2026 |01/2026|917.91|965.3|116.91|50.0
1677|400013|morth|construction of two lane with paved shoulder highway from design ch.0.000 to ch.49.2oo of nh-731b on epc mode |uttar pradesh|03/2022 |11/2023|11/2025 |11/2025|640.18|602.76|227.12|93.0
1678|613008|morth|rehabilitation and upgradation of salon - jais - jagdishpur road section of nh-931a, from design chainage km 0.000 to km 5.740 to four lane divided carriageway and from design chainage km 5.740 to km 53.500 to two lane with paved total length km 53.500 along with one time improvement in 04 no's of realigned/bypassed built-up areas in a total length of 9.732 km in the state of uttar pradesh on epc mode |uttar pradesh|05/2023 |10/2025|10/2027 |10/2027|947.15|947.15|0.0|9.0
1679|400018|morth|rehabilitation and upgradation to 2-lane with paved sholuders configuration of near karri village-etawah section km30.000 to km 57.346 pakage-ii of nh-92 in state of uttar pradesh undergreen national highway corridor projectgnhcp with the loan assistance of world bank on epc mode. |uttar pradesh|04/2020 |08/2022|02/2024 |02/2025|211.09|206.56|0.0|100.0
1680|400019|morth|construction of 6-lane bridge on ganga on nh-96 and its approaches in phaphamau allahabad on epc mode |uttar pradesh|07/2018 |02/2021|02/2024 |07/2024|1948.25|1465.41|0.0|85.0
1681|613013|morth|rehabilitation and upgradation to 2-lane with paved sholuders configuration of bewar- naer karri village section km0.00 to km30.00 pakage-i of nh-92 in state of uttar pradesh undergreen national highway corridor projectgnhcp with the loan assistance of world bank on epc mode. |uttar pradesh|04/2020 |09/2022|03/2024 |05/2024|236.47|236.47|0.0|90.0
1682|400022|morth|construction of basti ring road phase-i with 4l configuration for basti city in the state of uttar pradesh on ham mode |uttar pradesh|12/2022 |06/2025|06/2027 |06/2027|1138.72|1138.72|0.0|19.0
1683|400023|morth|construction of raebareli ring road phase-2 with four lane configuration for raebareli city in the state of uttar pradesh on hybrid annuity model ham basis |uttar pradesh|03/2022 |05/2025|05/2027 |05/2027|1273.72|1273.72|0.0|27.0
1684|613015|morth|construction of 4 lane mirzapur bypass including bridge over river ganga from km 0.000 to km 15.000 of nh 135a in the state of uttar pradesh on ham mode. |uttar pradesh|03/2024 |01/2026|01/2029 |01/2029|1708.62|1708.62|0.0|0.0
1685|400033|morth|widening to 4 lane from km. 139.00 to km 179.20 of nh-135a pkg-iii jaunpur akbarpur section and akbarpur bypass on hybrid annuity mode in the state of uttar pradesh. |uttar pradesh|05/2023 |01/2026|01/2028 |01/2028|1653.15|1653.15|0.0|0.0
1686|604833|morth|widening to 4 lane from km. 108.50 to km 139.00 of nh-135a pkg-ii jaunpur akbarpur section on hybrid annuity mode in the state of uttar pradesh |uttar pradesh|03/2023 |03/2025|03/2027 |03/2027|1511.57|1511.57|0.0|25.0
1687|400035|morth|improvement and up-gradation to two lane with paved shoulder/four lane configuration from existing km 130.000 to km 191.000 design km 131.500 to km 188.735, design length 57.235 km of nh-227a near barhalganj to mehrauna ghat in the state of uttar pradesh on hybrid annuity model ham basis |uttar pradesh|01/2022 |11/2024|05/2027 |05/2027|974.19|1344.61|0.46|37.0
1688|400043|morth|construction of salempur bypass to 4lps from km 64.000 of nh-727a km 171.00 of sonauli balia marg, old sh-01, near mahadahan chauraha to km 61.500 of nh-727b km 178.500 of sonauli balia marg, old sh-01, near near ahirauli village under hybrid annuity mode ham in the state of uttar pradesh |uttar pradesh|03/2022 |11/2025|11/2027 |11/2027|1348.06|1348.06|0.0|12.0
1689|400045|morth|construction of deoria bypass from existing km. 27.140 to existing km. 46.780 design km. 49.109 on nh727a design length 21.969 km. to four lane with paved shoulder configuration under hybrid annuity mode ham in the state of uttar pradesh |uttar pradesh|03/2023 |08/2025|07/2027 |07/2027|1734.7|1734.7|0.0|5.0
1690|400047|morth|rehabilitation and up-gradation to 2lps from km. 0.000 to km. 7.800 and km. 35.400 to km. 52.345 design length 24.745 km., except bihar portion of nh-727b tamkuhiraj to bihar border and bihar border to majhauli on epc mode in the state of uttar pradesh |uttar pradesh|03/2023 |01/2025|07/2026 |07/2026|701.02|701.02|0.0|80.0
1691|400048|morth|widening and strengthening to two lane with paved shoulder/four lane with paved shoulder configuration from km. 61.500 of nh-727b near nawalpur km 178.500 of sonauli balia marg, old sh-01 i.e. end point of salempur bypass to km. 106.495 of nh-727b near sikanderpur under epc mode |uttar pradesh|05/2023 |12/2025|05/2028 |05/2028|2061.86|2061.86|0.0|14.0
1692|604852|morth|rehabilitation and upgradation to 2-lane with paved sholuders configuration of miranpur katra to radhaita section of nh-730ckm.114.000 to km 137.250pakage-iii in state of uttar pradesh undergreen national highway corridor projectgnhcp with the loan assistance of world bank on epc mode. |uttar pradesh|04/2020 |07/2022|07/2024 |12/2025|172.5|169.56|0.0|86.0
1693|604859|morth|rehabilitation and upgradation to 2-lane with paved sholuders configuration of bewar- allahaganj- section of nh-730ckm.0.000 to km 52.770pakage-i in state of uttar pradesh undergreen national highway corridor projectgnhcp with the loan assistance of world bank on epc mode. |uttar pradesh|04/2020 |11/2022|11/2024 |11/2024|325.24|340.16|0.0|98.0
1694|400062|national highways authority of india [nhai]|6l greenfield kanpur - lucknow expressway pkg ii from km. 28.500 to km. 73.744 |uttar pradesh|12/2021 |11/2022|05/2025 |05/2025|2471.56|2489.0|1178.77|99.0
1695|604863|national highways authority of india [nhai]|6l elevated kanpur - lucknow exeressway pkg-1 from km. 10980 to km. 28500 |uttar pradesh|12/2021 |02/2023|07/2025 |07/2025|1972.94|1943.27|765.65|94.0
1696|400073|national highways authority of india [nhai]|construction of 4l connector from delhi meerut expressway km 50.000 of pkg iv to km 8.520 of nh-235 pkg-5 |uttar pradesh|09/2021 |03/2022|03/2024 |12/2025|1081.39|1116.19|402.75|76.0
1697|400074|national highways authority of india [nhai]|varanasi ring road pkg-ii connecting sandaha village km 11.70 / nh-29 with revasa village km 818.80 / nh-2 |uttar pradesh|12/2017 |02/2019|02/2022 |06/2025|1991.71|1832.66|989.09|93.0
1698|400077|national highways authority of india [nhai]|construction of ring road around kanpur from ch.68.650 to ch.93.209 jarkala to pakari package-iv in state of uttar pradesh. |uttar pradesh|02/2023 |12/2024|06/2027 |06/2027|1603.53|1192.16|105.18|17.0
1699|400078|national highways authority of india [nhai]|construction of ring road around kanpur from km.000 to km. 23.325 chachendi sachendi i to maharajpur package-i |uttar pradesh|01/2023 |12/2023|06/2026 |06/2026|1753.75|1311.7|330.5|50.0
1700|400081|national highways authority of india [nhai]|construction of ring road around kanpur from ch.23.325 to ch.32.090 chaudhariya to transganga package-iia |uttar pradesh|08/2024 |11/2025|10/2027 |10/2027|1089.41|977.45|0.03|12.0
1701|400093|national highways authority of india [nhai]|6l of agra bypass northern connecting km. 174.500 of nh-2 new nh-19 to km. 141.000 of yamuna expressways |uttar pradesh|01/2022 |02/2023|02/2025 |02/2025|957.62|1034.42|757.89|99.0
1702|400095|national highways authority of india [nhai]|construction of left out portion of agra inner ring road connecting village deori to nh-44 village bad from km. 0.000 to km. 7.772 |uttar pradesh|07/2022 |03/2023|09/2024 |09/2024|879.26|787.58|611.55|91.0
1703|400096|nhai|strengthening of existing 4l ayodhya bypass section from design km. 121 600 to km. 144020 of nh 28 new nh 27pkg-3 |uttar pradesh|03/2023 |09/2023|03/2025 |08/2025|526.45|281.13|259.66|81.0
1704|400097|national highways authority of india [nhai]|4l green field northern east side gorakhpur bypass 26.616 kms starting from nh- 29e chainage 83.308 and end at nh-28 chainage 285.100 |uttar pradesh|02/2023 |01/2024|01/2026 |01/2026|1973.98|1244.44|862.22|61.0
1705|400100|nhai|4/6l of northern ayodhya bypass starting km. 112.540 and ending km. 139.928 north of existing nh-27 part-1 and part-2 south of nh-27 from km 0.000 to km 5.000. |uttar pradesh|08/2024 |07/2025|01/2028 |01/2028|2289.34|1834.25|125.93|16.0
1706|400101|national highways authority of india [nhai]|4l rampur bypass from km. 181.000 to km. 189.500 |uttar pradesh|10/2021 |10/2022|04/2024 |01/2025|364.47|307.95|271.68|99.0
1707|400102|national highways authority of india [nhai]|dl/up border - epe crossing pkg-02 |uttar pradesh|09/2020 |05/2021|11/2023 |08/2024|2002.79|1889.78|1732.22|100.0
1708|400103|national highways authority of india [nhai]|6l access controlled greenfield highway from gogwan jalalpur shamli to ranipur barsi saharanpur of shamli -ambala section package-i design ch. form km 00.600 to km 45.500 |uttar pradesh|06/2022 |05/2023|05/2025 |01/2026|1843.59|1247.55|611.8|58.0
1709|400104|national highways authority of india [nhai]|4l spur of meerut-garh-mukteshwar section connecting nh-119 and nh-58 bypassing meerut town of nh 709 a |uttar pradesh|10/2021 |02/2023|02/2025 |09/2025|991.89|977.73|800.68|87.0
1710|400105|national highways authority of india [nhai]|4l spur of panipat - shamli connecting nh-709ad panipat shamli muzaffarnagar and nh-709a karnal meerut bypassing shamli district up |uttar pradesh|10/2021 |10/2022|10/2024 |03/2025|516.16|273.42|232.93|74.0
1711|400107|national highways authority of india [nhai]|4l of sonauli - gorakhpur |uttar pradesh|12/2021 |03/2023|03/2025 |02/2026|2555.5|2275.43|1241.55|82.0
1712|400109|national highways authority of india [nhai]|construction of two lane with paved shoulders bypass to mungrabadshapur town starting from near kodahu at km 47/225 of nh-319d and ending near nauwadandi at km 219/720 of nh-31 under nho in the state of uttar pradesh on epc mode |uttar pradesh|02/2025 |09/2025|03/2027 |03/2027|197.6|165.28|21.14|0.0
1713|400111|national highways authority of india [nhai]|construction of underpass beneath airport runway on nh-31 old nh-56 for proposed expansion of runway of babatpur airport varanasi |uttar pradesh|02/2025 |09/2025|09/2027 |09/2027|649.44|649.44|0.09|5.0
1714|400112|national highways authority of india [nhai]|2l ps of raebareli - jagdishpur with 4l jagdishpur bypass spur |uttar pradesh|02/2021 |01/2022|01/2024 |06/2025|706.41|752.52|515.53|97.0
1715|400115|national highways authority of india [nhai]|improvement and up-gradation of existing road to 2/4l ps from km 40.000 to 88.750, start of khutar bypass to start of shahjahanpur bypass of nh 731pkg-i |uttar pradesh|03/2022 |02/2023|02/2025 |09/2025|838.68|838.68|560.31|99.0
1716|400116|national highways authority of india [nhai]|improvement and up-gradation of existing road to 4l ps from km 123.650 to 175.080, from start of shahabad bypass to end of hardoi bypass of nh 731 pkg-2b |uttar pradesh|09/2022 |11/2023|11/2025 |04/2026|1101.79|1212.26|312.82|54.0
1717|400119|national highways authority of india [nhai]|improvement and up-gradation of existing road to 4l ps from km 229.070 to 260.800, end of hardoi district to lucknow ring road of nh 731 pkg-4 |uttar pradesh|09/2021 |10/2022|10/2024 |05/2025|575.66|553.61|371.31|99.0
1718|400120|national highways authority of india [nhai]|4l from mathura bypass start at existing km. 154.20 of nh-44 to gaju village at km 32.982 of nh-530b pkg-ib |uttar pradesh|01/2022 |03/2023|03/2025 |10/2025|1722.11|1820.77|1001.58|99.0
1719|400121|national highways authority of india [nhai]|4l from gaju village at km. 32.982 to devinagar bypass end at km. 208.000 of nh- 530b pkg-1c. |uttar pradesh|12/2021 |01/2023|01/2025 |01/2025|1384.79|1496.44|823.04|99.0
1720|400136|national highways authority of india [nhai]|four lane highway from chandan nagar existing km. 59.025 of nh 530b/design km. 179.5000 to bareilly bypassstartexisting km. 59.025 of nh 530b/design km. 218.000 section of nh 530b, in the state of uttar pradesh on ham mode under nh0 |uttar pradesh|12/2024 |11/2025|11/2027 |11/2027|2077.0|1112.44|67.78|3.0
1721|400138|national highways authority of india [nhai]|4l kasganj-badaun section from km. 123.100 to km. 179.500 pkg-iii of nh530b |uttar pradesh|03/2023 |05/2025|05/2027 |05/2027|2009.11|1936.61|20.92|6.0
1722|400139|national highways authority of india [nhai]|construction of 4/6 lane highway of southern bareilly bypass, starting at ch. 237000 of nh 530 near jhumka chauraha, dhantiya village and ending at ch. 267000 of nh 30 near invertis university including trumpet interchange |uttar pradesh|12/2024 |12/2025|06/2028 |06/2028|1122.02|1869.59|51.98|0.0
1723|400141|national highways authority of india [nhai]|construction of four lane highway form ghazipur- ballia-up/bihar state border greenfield section of nh-31 package i [from hridaipur km 0.000 to shahapur km 42.500] on epc mode in the state of uttar pradesh. |uttar pradesh|10/2022 |07/2023|07/2025 |12/2025|1706.47|1579.59|748.02|92.0
1724|400142|national highways authority of india [nhai]|construction of four lane highway from ghazipur- ballia-up/bihar state border greenfield section of nh-31 package ii [from shahapur km 42.500 to pindari km 78.150] on epc mode in the state of uttar pradesh. |uttar pradesh|10/2022 |10/2023|10/2025 |10/2025|1493.65|1311.44|636.34|82.0
1725|400144|national highways authority of india [nhai]|construction of four lane highway from ghazipur- ballia-up/bihar state border greenfield section of nh-31 package iv [from buxur spur of length km 17.270 on epc mode in the state of uttar pradesh. |uttar pradesh|10/2022 |06/2023|06/2025 |06/2025|617.88|549.02|218.99|80.0
1726|400148|national highways authority of india [nhai]|4l greenfield western side spur of rampur-rudrapur section from km 0.000 to km 13.700 connecting nh-24 to nh-87 bypassing rampur town |uttar pradesh|12/2021 |05/2023|11/2024 |03/2026|646.27|637.83|146.1|62.0
1727|400149|national highways authority of india [nhai]|bijnor-kotawali |uttar pradesh|02/2021 |11/2021|05/2023 |02/2026|300.58|334.48|247.05|96.0
1728|400150|national highways authority of india [nhai]|4l prayagraj greenfield by-pass from design km 50860 near nibi kala uperhar to design km 64763 on nh-19 near khodaypur kasgaon including interchange loop at nh-19 |uttar pradesh|08/2023 |12/2023|03/2025 |03/2025|1017.99|427.54|406.31|99.0
1729|400151|national highways authority of india [nhai]|4 lane inner ring road around allahabad city pkg-2 prayagraj southern bypass 43.200 - 50.860 |uttar pradesh|08/2023 |12/2023|06/2026 |06/2026|1377.51|1007.62|298.31|40.0
1730|400152|national highways authority of india [nhai]|4 lane inner ring road around allahabad city pkg-1 prayagraj southern bypass 34.400 43.200 |uttar pradesh|02/2025 |12/2025|12/2027 |12/2027|775.94|498.97|0.01|0.0
1731|400153|national highways authority of india [nhai]|6l access control greenfield highway of vill-khyawari to vill-latifpur at saharanpur bypass from km. 82.000 to km. 119.790 pkg-4 |uttar pradesh|03/2021 |09/2022|09/2024 |09/2024|1428.19|1439.35|1184.03|97.0
1732|400154|national highways authority of india [nhai]|6l access control greenfield highway of vill-lohadda to vill-karaunda mahajan from km. 27.000 to km. 56.500 pkg-2 |uttar pradesh|03/2021 |09/2022|09/2024 |09/2024|1335.45|1335.38|978.54|92.0
1733|400155|national highways authority of india [nhai]|4l of najibabad bypass from km. 105.423 to km. 118.373 excluding 2.45 km. of nh- 74 bypass of nh-119 |uttar pradesh|01/2022 |12/2022|06/2024 |10/2025|578.02|566.9|438.31|100.0
1734|400156|national highways authority of india [nhai]|6l access controlled greenfield highway of junction of epe vill.-mavikalan to vill.- lohadda from km. 0.000 to km. 27.000 pkg-1 |uttar pradesh|03/2021 |09/2022|09/2024 |09/2024|1602.48|1497.94|1195.38|99.0
1735|400160|morth|construction of champawat bypass with two lane with paved shoulder configuration starting from existing chainage 121.700 to existing chainage 129.450 design length 9.847 of nh-125 in district-champawat in the state of uttrakhand on epc mode. |uttarakhand|02/2025 |01/2026|12/2027 |12/2027|220.89|220.89|0.0|0.0
1736|400161|morth|construction of 2 lane with paved shoulder of kund bypass from design km 35.130 to km 47.700 existing km 33.130 to km 41.260 of nh-109 in the state of uttarakhand |uttarakhand|02/2018 |05/2018|05/2020 |02/2021|247.41|247.41|0.0|73.0
1737|400162|morth|construction & widening including augustmuni bypass ch-16.545 to ch - 19.890 to 2l/ps from km 16.545-km 33.130 & 45.980 -57.975 augustmuni to kund & guptkashi to sitapur on nh 109 in uk |uttarakhand|03/2017 |02/2018|02/2020 |07/2021|418.89|418.89|178.35|95.0
1738|400165|morth|reconstruction of existing 2 l/il to 2l with paved shoulder from existing km 52.200 to 92.880 of nh- |uttarakhand|10/2016 |06/2017|06/2019 |03/2021|282.08|282.08|156.65|100.0
1739|400166|morth|rehabilitation and upgradation of 2 lane with paved shoulder from existing km. 195.175 to km. 220.000 design chainage km71.300 to km. 95.947 excluding existing chainage km 200.300 to km 202.400 design chainage km 76.400 to km 78.400 on dharasu to yamunotri road of nh- 134 old nh-94 |uttarakhand|05/2025 |10/2025|04/2028 |04/2028|344.73|344.73|0.0|11.0
1740|400168|morth|rehabilitation and upgradation to 2 lane with paved shoulder configuration from km 122.00 dharasu bend to km 147.230 silkyara bend of nh-94 in the state of uttarakhand |uttarakhand|03/2017 |11/2017|11/2019 |10/2021|237.79|237.79|50.38|100.0
1741|400171|morth|widening to 2 lane from existing chainage km 74.700 km 100.660 design chainage km 53.365 to km 78.785 on nh- 507 in the state of uttarakhand. |uttarakhand|01/2024 |10/2025|04/2028 |04/2028|346.82|346.82|0.0|14.0
1742|400172|morth|rehabilitation and upgrading to two lanes with paved shoulders and strengthening of kotdwar-pauri-srinagar road section from km 232.00 to 274.470 on nh-119 new 534 paidul to srinagar in the state of uttarakhand on epc mode under nho annual plan 2021-22. |uttarakhand|02/2022 |12/2025|12/2027 |12/2027|299.31|299.31|0.0|0.0
1743|400173|morth|stabilization of land slide and slope protection at km 11.00 to km 11.08, 29,730 km to 30,060 km, 30,400 km to 31,060 km, 34,750 km to 35,300 km, 38,950 km to 39,030 km & 39,460 km to 39,540 km two loc clubbed, km 40,400 to km 40,650, km 43,500 km 43,680, 52,460 rishikesh - dharasu road nh-94 on epc mode in the state of uttarakhand. nose of land slide - 12 nos |uttarakhand|01/2024 |10/2025|04/2027 |04/2027|197.26|197.26|0.0|0.0
1744|400174|nhidcl|construction, operation & maintenance of 2-l bi-directional silkyara bend- barkot tunnel with escape passage including approaches tunnel-4.531 & approach road- 0.328 on dharasu-yamunotri section b/w chainage 25.400km and 51.00km falling along nh-134 old nh-94 on epc mode |uttarakhand|03/2018 |07/2018|07/2022 |06/2026|1383.78|1383.78|658.7|69.0
1745|400177|nhidcl|construction for mitigation measures of 5 nos. landslides, 05 no. sinking zones and 01 no. bridge from ch. 450.00 to ch. 468.00 18 km. length on nh-07 package-iii |uttarakhand|12/2023 |06/2024|12/2025 |12/2025|250.33|250.33|0.0|66.0
1746|400178|nhidcl|construction for mitigation measures of 5 nos. landslides, 5 nos. sinking zones in between ch. 433.00 to 450.00 banerpani village on nh-07 on epc mode in the state of uttarakhand package-2 |uttarakhand|12/2023 |12/2024|06/2026 |06/2026|259.64|259.64|0.0|40.0
1747|400180|nhidcl|construction for mitigation measures of 10 nos. landslides, 01 no. sinking zones and 1 no. of minor bridge in between at ch. km 368.00 to km 433.00 on nh-07 on epc mode in uttarakhand package-1 |uttarakhand|12/2023 |06/2024|12/2025 |12/2025|216.68|216.68|94.73|94.0
1748|400181|national highways authority of india [nhai]|construction of 4-lane connectivity to banbasa icp at india nepal border from nh-09 old nh-125 sitarganj-tanakpur at km 40.00 near jagbuda bridge under bharatmala priyojana of nh-109d on epc mode in the state of uttarakhand |uttarakhand|06/2022 |03/2023|09/2024 |04/2027|216.97|237.01|152.15|74.0
1749|400182|national highways authority of india [nhai]|upgradation and 4l of haridwar bypass from km 0.000 km 188.100 of nh-58 to km. 15.100 km 5.100 of nh 74 pkg-1 |uttarakhand|11/2021 |10/2022|10/2024 |04/2026|1602.89|1423.89|538.24|71.0
1750|400183|morth|construction of additional major bridge with 4- lane configuration of length 1.48 km on nh-60 nh-14 over river kangshabati from km. 117.770 to km 119.250 and additional major bridge with 4- lane configuration of length 0.900 km on nh-60 nh-14 over river shilabati from km. 173.220 to km 174.120 in the district of paschim medinipur of west bengal under annual plan for fy 2023-24 on epc mode. job no 014-w8-2023- 24/527. |west bengal|11/2023 |11/2025|05/2028 |05/2028|304.83|304.83|0.0|0.0
1751|400185|morth|construction of new road at the missing link portion of nh-81 along approved alignment between harishchandrapur and eastern approach of kalindri bridge from km 46.550 to km 59.697 in the district of malda. |west bengal|08/2016 |11/2016|11/2018 |11/2021|271.17|291.2|7.4|84.0
1752|400186|morth|development to 4/6-lanning of nh-31 new nh-10 with both side service roads from 569.258 km to 581.030 km end of ah-02 on nh- 31 near shivmandir to sevoke army cantonment in districts of darjeeling and jalpaiguri in the state of west bengal on epc mode-reg. |west bengal|03/2022 |03/2023|09/2025 |09/2025|995.04|1059.2|435.36|64.0
1753|400187|nhidcl|construction & upgradation of existing road to 2-lane with paved shoulder including geometric improvement of kafer- lava more section from km 40.00 to km 61.100 of nh717-a on epc under sardp-ne a in state of west bengal pkg-va |west bengal|06/2020 |10/2020|04/2023 |10/2025|311.02|273.78|6.11|95.0
1754|400188|nhidcl|construction & upgradation of existing road to 2-lane with paved shoulder including geometric improvement of sect. from pedong bypass to reshi border km 79.700 to km 96.254 of nh-717a under sardp-ne-a on epc as part of alternate connectivity to gangtok lava more-reshi border pkg-vb |west bengal|06/2020 |10/2020|04/2022 |04/2025|345.38|395.59|382.89|91.0
1755|400192|nhidcl|construction of alternative highway to gangtok in sikkim via bagrakot -chuikhim- nimbong -kafer-bakhim-algarah-rhenock in the state of west bengal and from rhenok-rorathang-pakyong along with spur from aritar-rolep-menla in the state of sikkim from km 0.00 to km 13.00 of bagrakot -kafer section of nh 717a on epc mode under phase-a of sardp-ne in the state of west bengal pkg- iva |west bengal|03/2018 |10/2019|04/2022 |06/2025|402.94|402.94|0.0|98.0
1756|400203|nhidcl|construction of alternative highway to gangtok in sikkim via bagrakot -chuikhim- nimbong -kafer-bakhim-algarah-rhenock in the state of west bengal and from rhenok-rorathang-pakyong along with spur from aritar-rolep-menla in the state of sikkim from km 13.00 to km 25.60 of bagrakot -kafer section of nh 717a on epc mode under phase-a of sardp-ne in the state of west bengal pkg- ivb |west bengal|03/2018 |10/2020|04/2023 |03/2025|295.97|295.97|0.39|96.0
1757|400204|national highways authority of india [nhai]|binnaguri bypass-descoped portion of ghoshpukur-dhupguri section of nh-31dpkg-1 |west bengal|03/2025 |11/2025|11/2027 |11/2027|309.99|306.02|0.07|0.0
1758|400205|national highways authority of india [nhai]|bridge over ganga river at d/s of farraka barrage including approaches connecting farakka-raiganj |west bengal|08/2018 |12/2018|12/2021 |02/2025|622.04|646.1|339.46|95.0
1759|400220|national highways authority of india [nhai]|4l of purulia bypass section from km 84.030 to km 94.345 of nh-32 |west bengal|01/2021 |02/2022|08/2023 |02/2024|557.55|562.57|444.43|94.0
1760|400223|morth|construction of dubrajpur bypass with 4-lane configuration of length 5.676 km on nh- 60 new nh-14 from design chainage 0.00 existing km 316.135 on nh-60 to design chainage 5.676 existing km 320.980 on nh-60 in the district of birbhum, west bengal under annual plan 2022-23 in epc mode- reg. job. no. 014-wb-2022-23/518. |west bengal|03/2023 |12/2025|12/2027 |12/2027|560.79|560.79|0.0|0.0
1761|400231|national communication academy - financ|setting up of physical infrastructure for the national institute of communication finance [nicf] at ghitorni |delhi|10/2014 |04/2018|02/2020 |06/2026|248.2|248.2|236.91|98.0
1763|400232|department of telecommunications [dot]|mobile connectivity in left wing extremism [lwe] affected areas-phase 1 upgradation |multi-states (andhra pradesh, bihar, chhattisgarh, jharkhand, madhya pradesh, maharashtra, odisha, telangana, uttar pradesh, west bengal)|04/2022 |05/2024|05/2025 |03/2026|1884.6|1884.6|376.8|97.0
1764|400247|department of telecommunications [dot]|mobile connectivity in left wing extremism [lwe] affected areas-phase2 |multi-states (andhra pradesh, bihar, chhattisgarh, jharkhand, madhya pradesh, maharashtra, odisha, telangana, uttar pradesh, west bengal)|na |09/2021|03/2023 |03/2026|1577.57|1577.57|662.54|87.0
1765|400253|department of telecommunications [dot]|provision of 4g based mobile services in 7,287 uncovered villages of 44 aspirational district across 5 states of andhra pradesh, chhattisgarh, jharkhand, maharashtra & odisha |multi-states (andhra pradesh, chhattisgarh, jharkhand, maharashtra, odisha)|11/2021 |05/2022|11/2023 |05/2026|3685.0|3685.0|1342.65|83.0
1767|400254|department of telecommunications [dot]|354 uncovered villages scheme |multi-states (bihar, gujarat, himachal pradesh, jammu and kashmir, ladakh, rajasthan, uttar pradesh)|12/2019 |04/2020|10/2021 |08/2025|336.89|301.13|241.21|100.0
1768|400259|department of telecommunications [dot]|502 aspirational district scheme in four states - bihar, madhya pradesh, rajastha and uttar pradesh |multi-states (bihar, madhya pradesh, rajasthan, uttar pradesh)|na |03/2021|03/2022 |06/2026|421.65|228.94|146.22|99.0
1769|400261|bsnl|phase-i of consolidation of existing cdr data centers and nib-p3 data centers with state of the art |multi-states (maharashtra, telangana)|03/2020 |03/2020|06/2021 |12/2025|461.42|461.42|166.02|81.0
1770|400271|department of telecommunications [dot]|saturation 4g mobile coverage of uncovered villages through usof |pan india|07/2022 |07/2022|06/2024 |03/2026|26316.0|30620.0|9791.8|82.0
1771|400273|department of telecommunications [dot]|4g services by bsnl |pan india|11/2020 |11/2020|03/2024 |03/2026|28466.0|19592.0|8471.19|97.0
1772|400275|department of telecommunications [dot]|bharatnet |pan india|07/2017 |10/2011|08/2023 |03/2027|61109.0|188000.0|46431.54|81.0
1773|400277|bsnl|mpls-ip based access and aggregation network [maan] in bsnl along with test and measuring equipment |pan india|05/2023 |05/2023|08/2024 |01/2026|645.13|645.13|377.59|92.0
1774|400280|bsnl|planning, engineering, supply, installation, testing, commissioning, integration & annual maintenance of 4g mobile network at 1 lakh sites on pan india basis including mumbai & delhi lsa on turnkey basis under phase ix.2 project. |pan india|05/2023 |06/2023|06/2025 |03/2026|24544.55|24544.5|8472.04|97.0
1775|400291|national mission for clean ganga|interception and diversion and stp works in bhagalpur under hybrid annuity based ppp mode-namami gange programme |bihar|10/2017 |03/2022|02/2025 |12/2026|413.29|413.29|126.67|97.0
1776|400298|national mission for clean ganga|sewage treatment plant 100mld and sewerage network 288 km in digha-patna under hybrid annuity based ppp mode-namami gange programme |bihar|08/2017 |07/2019|12/2025 |12/2025|824.0|824.0|396.71|56.0
1777|400299|national mission for clean ganga|sewage treatment plant 50mld and sewerage network 150 km in kankarbagh- patna under hybrid annuity based ppp mode-namami gange programme |bihar|08/2017 |07/2019|12/2025 |12/2025|578.89|578.89|171.79|54.0
1778|400301|national mission for clean ganga|sewer network, sps and stp at begusarai |bihar|03/2010 |03/2018|04/2025 |12/2025|230.06|230.06|261.82|97.0
1779|400312|national mission for clean ganga|sewer networks, sps and stp at hajipur |bihar|03/2010 |03/2018|06/2025 |12/2025|305.19|305.19|346.46|95.0
1780|400313|national mission for clean ganga|interception & diversion with rehabilitation of sewerage scheme at agra under hybrid annuity based ppp model-namami gange programme |uttar pradesh|05/2020 |04/2023|04/2025 |12/2026|842.25|842.25|208.64|79.0
1781|400315|national mission for clean ganga|pollution abatement works for river kali meerut under meerut municipality interception & diversion with stp |uttar pradesh|05/2020 |11/2024|12/2024 |05/2027|690.71|690.71|34.79|45.0
1782|400321|national mission for clean ganga|pollution abatement works for river ganga at hooghly chinsurah- municipal town interception & diversion with stp |west bengal|05/2018 |12/2021|03/2025 |08/2026|154.73|154.73|96.17|93.0
1783|400352|water resources-ap|sardar gouthu latchanna thotapalli barrage project |andhra pradesh|04/2005 |01/2006|12/2019 |06/2026|353.05|1023.24|869.11|95.0
1784|400353|water resources-ap|gundlakamma project |andhra pradesh|04/2005 |04/2005|12/2019 |03/2027|397.41|697.39|619.46|98.0
1785|400354|water resources-ap|polavaram irrigation project |andhra pradesh|01/2009 |11/2009|04/2022 |03/2026|10151.04|55548.9|25939.1|84.0
1787|605155|water resources-br|punpun barrage project |bihar|04/2007 |04/2007|12/2019 |03/2026|571.07|658.12|447.68|44.0
1788|605156|water resources-ct|kelo irrigation project |chhattisgarh|04/2008 |04/2008|12/2019 |06/2026|459.97|727.04|616.93|72.0
1789|400369|department of water resources, river development & gr|kudali irrigation project |chhattisgarh|04/2009 |12/2009|12/2025 |03/2026|382.29|382.29|239.03|86.0
1790|400382|narmada and water resources, water supply and kalpsar department-gj|sardar sarovar cadwm project |gujarat|04/2017 |04/2017|12/2019 |03/2026|5021.76|6670.31|4956.98|90.0
1791|400392|narmada and water resources, water supply and kalpsar department-gj|sardar sarovar project |gujarat|04/1996 |04/1996|12/2019 |03/2026|20718.17|33412.5|31860.86|93.0
1792|400416|department of water resources-jh|subernarekha multipurpose project, jharkhand |jharkhand|04/2011 |01/2012|12/2019 |03/2026|3807.77|9579.58|5888.13|70.0
1793|400424|water resources-ka|upper tunga irrigation project |karnataka|04/2014 |04/2014|12/2019 |03/2026|770.16|1606.07|1515.6|99.0
1794|400425|water resource-mp|omkareshwar cadwm project |madhya pradesh|04/2017 |04/2017|12/2019 |03/2026|648.09|648.09|206.06|49.0
1795|400426|water resources-mp|bargi diversion project phase - iv [km. 154 to km 197] |madhya pradesh|04/2008 |01/2009|12/2019 |03/2026|751.03|893.35|783.1|75.0
1796|703585|water resources-mp|bargi diversion project phase - iii [km. 104 to km 154] |madhya pradesh|04/2007 |04/2007|12/2019 |03/2026|1229.15|1399.7|2068.79|80.0
1797|703586|department of water resources-mh - ii|gosikhurd cadwm project |maharashtra|04/2017 |04/2017|12/2019 |06/2026|743.73|743.73|410.42|52.0
1798|605292|department of water resources-mh - ii|urmodi irrigation project |maharashtra|04/2017 |04/2018|06/2022 |12/2026|580.79|895.81|713.46|76.0
1799|701599|department of water resources-mh - ii|sulwade-jamphal-kanoli lift irrigation scheme |maharashtra|04/2017 |02/2019|06/2023 |06/2027|2407.67|2407.67|2619.61|80.0
1800|701600|department of water resources-mh - ii|purna barrage-2 [ner dhamana] medium irrigation project |maharashtra|04/2017 |04/2018|06/2020 |06/2026|848.07|888.43|690.49|69.0
1801|615338|department of water resources-mh - ii|jigaon irrigation project |maharashtra|04/2017 |04/2018|06/2028 |06/2028|7222.95|7222.95|9390.82|91.0
1802|613785|department of water resources-mh|bodwad parisar sinchan yojna |maharashtra|05/2002 |01/2017|07/2027 |07/2027|1923.81|1923.81|1770.13|49.0
1803|613786|department of water resources-mh - ii|waghur project |maharashtra|04/1996 |04/1996|12/2019 |03/2026|1058.99|1758.51|1557.73|89.0
1804|613787|department of water resources-mh - ii|gosikhurd project |maharashtra|04/2008 |04/2008|12/2019 |06/2028|7196.47|12770.1|13966.19|72.0
1805|613793|department of water resources-mh - ii|aruna medium irrigation project |maharashtra|04/2009 |01/2010|12/2019 |12/2025|210.45|1472.14|1705.83|97.0
1806|613794|department of water resources-mh - ii|lower pedhi project |maharashtra|04/2008 |04/2008|12/2019 |06/2026|255.97|1480.7|1324.98|65.0
1807|613798|department of water resources-mh - ii|nardave medium irrigation project |maharashtra|04/2009 |04/2009|12/2019 |06/2026|211.46|781.85|626.06|72.0
1809|613799|department of water resources, river development & gr|north koel reservoir project |multi-states (bihar, jharkhand)|08/2017 |01/2021|03/2021 |03/2026|1622.27|2430.76|172.97|38.0
1810|613800|water resources-or|integrated anandpur barrage project |odisha|04/1997 |01/1998|12/2019 |06/2026|567.03|2990.05|2755.98|62.0
1811|613801|irrigation and cad-tg|kanupur irrigation project |odisha|04/2003 |01/2004|12/2019 |06/2026|989.43|2301.28|2804.16|79.0
1812|613802|department of water resources-pb|relining of rajasthan feeder and sirhind feeder canal |punjab|02/2016 |04/2018|06/2021 |06/2026|1441.26|2462.16|2148.33|85.0
1813|613803|department of water resources-pb|shahpur kandi dam project |punjab|02/2010 |04/2018|06/2022 |10/2025|2285.81|2715.7|2184.72|88.0
1814|613804|irrigation and cad-tg|sri ram sagar project stage - ii |telangana|04/2005 |04/2005|12/2019 |03/2026|736.13|949.87|940.7|96.0
1815|613808|irrigation and cad-tg|indiramma flood flow canal project |telangana|04/2005 |01/2006|12/2019 |12/2026|1331.3|5940.09|4491.08|92.0
1816|709791|irrigation and cad-tg|j. chokka rao devadula lift irrigation scheme |telangana|04/2006 |04/2006|12/2019 |12/2025|8200.71|14730.0|4664.8|87.0
1817|900808|irrigation and cad-tg|rajiv bhima lift irrigation scheme |telangana|04/2007 |01/2008|12/2019 |03/2026|1402.0|2509.66|1839.76|100.0
1818|900874|irrigation & water resources-up|saryu nahar cadwm project |uttar pradesh|04/2017 |04/2017|12/2019 |03/2026|1672.7|1672.7|22.24|1.0
1819|606013|department of water resources, river development & gr|morna [gureghar] irrigation project |uttar pradesh|04/2007 |12/2007|12/2025 |12/2025|219.9|219.9|115.2|31.0
1820|606112|irrigation & water resources-up|madhya ganga canal phase-ii |uttar pradesh|04/2008 |04/2008|12/2019 |12/2025|1060.67|4417.21|4575.74|82.0
1821|704495|irrigation-uk|jamrani dam multipurpose project |uttarakhand|10/2023 |11/2023|06/2029 |06/2029|2584.1|2584.1|991.09|21.0
