1,construction of new green field airport at hollongi itanagar arunachal pradesh (aai) (n04000092),2-2019,8/2022 (jul-2025) {7/2025},645.63 (732.00) {732.00},694.26,99.89
2,subansiri lower h.e.p (8x250 mw) (nhpc) (nhpc) (180100221),9-2003,9/2010 (n.a.) {5/2026},6,285.33 (n.a.) {26,075.54},24,484.77,96.6
3,dibang multipurpose project 2880 mw arunachal pradesh (nhpc) (n18000362),2-2023,2/2032 (n.a.) {2/2032},31,876.39 (n.a.) {31,876.39},3,380.24,15.81
4,hunli to hayuliang pkg-1 (nhidcl) (n24002222),2-2024,2/2028 (n.a.) {2/2028},1,262.43 (n.a.) {1,262.43},12.12,2.76
5,hunli to ithun bridge section (nhidcl) (n24002223),2-2024,1/2027 (n.a.) {1/2027},275.50 (n.a.) {275.50},7.61,7.88
6,pango to jorging road pkg-1 (nhidcl) (n24002224),1-2024,7/2027 (n.a.) {7/2027},898.19 (n.a.) {898.19},16.01,4.25
7,two laning of joram koloriang road (nh 713) on epc basis from design km. 138+000 to km. 154+036 [ex (nhidcl) (n24000683),2-2017,11/2023 (mar-2024) {12/2024},180.57 (244.10) {180.57},160.46,96.62
8,construction of 2-lane road with paved shoulders from km16.00 of roing-hunli section to km 21.500 of (nhidcl) (n24000946),3-2017,3/2022 (jun-2025) {12/2025},1,718.59 (1,718.59) {1,718.59},742.36,73.84
9,two-laning of hayuliang? hawai bypass road on epc basis from design km. 51.825 to km. 63.131 existi (nhidcl) (n24000979),1-2017,5/2023 (may-2023) {3/2025},256.66 (n.a.) {256.66},0.00,63.59
10,construction of 2-laning with hard shoulders of arrowa-khupa- hayuliang section of nh-113 from ch.68. (nhidcl) (n24001244),8-2020,4/2022 (apr-2025) {4/2025},301.06 (n.a.) {301.06},205.71,100
11,construction of 2 lane road of potin to pangin section of nh 13 from km 163.59 to km 206.66 (package (morth) (n24001297),3-2019,3/2027 (n.a.) {3/2027},450.65 (n.a.) {450.65},398.18,95.84
12,4 laning of itanagar to bandardewa section of nh-415 from km 40+430 to km 51+735 (package b) on epc (morth) (n24001375),6-2020,3/2027 (n.a.) {3/2027},496.47 (n.a.) {496.47},194.62,44.56
13,joram ? koloriang road from existing km 50.050 to km 70.00 (pkg-3) (nhidcl) (n24001390),8-2020,4/2022 (aug-2024) {9/2024},228.71 (n.a.) {228.71},98.86,99.52
14,joram ? koloriang road from existing km122.600 to km138.00 (pkg-7) (nhidcl) (n24001393),8-2020,4/2022 (feb-2024) {7/2025},184.88 (n.a.) {184.88},99.32,97.42
15,construction of new integrated terminal building at lgbi airport guwahati (aai) (n04000083),12-2016,3/2021 (sep-2025) {9/2025},1,142.00 (n.a.) {2,333.00},1,948.45,89.66
16,tikak extension ocp - 0.2 mty (cil) (n06000290),7-2022,11/2030 (n.a.) {11/2030},159.77 (n.a.) {159.77},81.45,0
17,tirap ocp (cil) (n06000291),11-2022,11/2027 (n.a.) {11/2027},289.46 (n.a.) {289.46},105.59,0
18,all india institute of medical science at guwahati, assam (hites) (n21000027),5-2017,5/2021 (apr-2023) {6/2025},875.00 (873.92) {860.00},796.74,99.62
19,power recovery turbine in pfccu (nrl) (n16000510),3-2023,7/2025 (n.a.) {7/2025},293.50 (n.a.) {293.50},97.22,92
20,dcu revamp project (nrl) (n16000511),8-2021,3/2025 (n.a.) {10/2025},370.00 (n.a.) {370.00},255.51,55
21,pipeline network project rudrasagar (ongc) (n16000528),1-2023,4/2026 (n.a.) {4/2026},344.99 (n.a.) {344.99},208.56,46.3
22,borholla ggs life extension project (ongc) (n16000532),9-2023,5/2026 (n.a.) {5/2026},198.70 (n.a.) {198.70},99.52,27.3
23,development of surface facilities for production and evacuation of crude oil and natural gas from na (oil) (n16000331),1-2018,2/2020 (jun-2025) {12/2025},543.91 (726.93) {726.93},491.56,93.98
24,numaligarh refinery expansion project 6 mmtpa refinary (nrl) (n16000379),1-2019,10/2024 (n.a.) {12/2025},12,366.00 (n.a.) {18,968.00},16,357.82,74.92
25,numaligarh refinery expansion project coit and pipelines (nrl) (n16000394),1-2019,10/2024 (n.a.) {9/2025},10,228.00 (n.a.) {9,058.00},9,579.31,85.1
26,expansion of guwahati refinery from 1 to 1.2 mmtpa along with installation of catalytic reforming un (iocl) (n16000414),5-2021,10/2023 (may-2026) {5/2026},412.00 (595.20) {595.20},396.15,83.4
27,revamping of facilities at existing guwahati terminal, assam (iocl) (n16000441),3-2022,7/2026 (sep-2026) {9/2026},277.00 (n.a.) {277.00},181.63,67.67
28,upgradation of facilities of numaligarh-siliguri product pipeline (nspl) for transportation of addit (oil) (n16000449),6-2021,12/2024 (jul-2025) {10/2025},860.00 (n.a.) {860.00},535.46,97.5
29,project to construct a field gas gathering station at baghjan area for collection,processing (oil) (n16000450),12-2020,7/2024 (jun-2025) {12/2025},430.76 (n.a.) {430.76},320.71,83.94
30,capacity expansion of digboi refinery from 0.65 to 1.0 mmtpa (iocl) (n16000457),6-2022,10/2025 (n.a.) {3/2026},768.00 (n.a.) {768.00},101.15,34.6
31,construction of lpg facilities at kamardanga, assam (hpcl) (n16000484),3-2023,7/2027 (jul-2027) {7/2027},156.36 (156.36) {156.36},44.33,35.4
32,setting up of new rail fed pol facility at kamardanga, assam (hpcl) (n16000494),3-2023,7/2027 (jul-2027) {7/2027},384.04 (n.a.) {384.04},97.54,44
33,bongaigaon-goalpara-guwahati (176 km) (nfr) (n22000388),4-2015,3/2026 (n.a.) {3/2027},4,059.65 (n.a.) {4,962.40},3,668.09,92.31
34,daboka kathkati package-5 (nhidcl) (n24001366),3-2021,1/2023 (n.a.) {11/2024},288.85 (n.a.) {288.85},247.78,100
35,tulungia-jogighopa-paikan road pkg- 7 (nhidcl) (n24001368),3-2021,1/2024 (n.a.) {10/2025},286.72 (n.a.) {286.72},159.30,82.9
36,construction of 2-lane major bridge including approachesover brahmaputra between majuli on north ban (morth) (n24001408),2-2021,7/2025 (n.a.) {7/2025},925.47 (1,019.17) {925.47},192.50,30.65
37,4-l dhubri phulbari bridge with approach road (nhidcl) (n24001326),11-2020,9/2028 (n.a.) {9/2028},4,997.04 (n.a.) {4,997.04},2,464.49,62.82
38,2-laning from yaingangpokpi to finch corner (pkg-i) (nhidcl) (n24001331),3-2020,6/2022 (may-2025) {12/2025},261.13 (n.a.) {261.13},70.08,57.5
39,2-laning from yaingangpokpi to finch corner (pkg-ii) (nhidcl) (n24001332),3-2020,6/2022 (apr-2025) {12/2025},217.50 (n.a.) {217.50},89.21,68.03
40,2-laning of churachandpur tuivai section of nh-102b (pkg- ib) (nhidcl) (n24001269),3-2020,3/2022 (jun-2025) {8/2025},216.49 (241.52) {216.49},114.38,87.02
41,4-laning of hapachara - tulungia section (nhidcl) (n24001246),3-2020,12/2022 (n.a.) {6/2024},220.20 (n.a.) {220.20},217.31,97.76
42,4 laning of jorhat to jhanji section from km. 453.00 to km. 491.08 (design km 403.200 to km 454.240) (nhidcl) (n24000319),6-2015,8/2023 (n.a.) {7/2025},437.39 (n.a.) {437.39},586.89,97.43
43,four laning of jhanjhi jn to demow section from km. 491.050 to km. 535.250(design km 490.800 to km 5 (nhidcl) (n24000320),6-2015,3/2024 (n.a.) {10/2025},463.49 (n.a.) {463.49},517.62,78.19
44,4 laning from jamuguri to biswanath chariali from km 182 to km 208 of nh- 52 (nhidcl) (n24000431),1-1991,6/2019 (jun-2019) {7/2025},520.01 (n.a.) {520.01},306.13,98.42
45,4 laning from rangagara to kaliabhor tinali from km 297.00 to km 315.315 of nh-37 on epc basis. (nhidcl) (n24000438),12-2015,12/2018 (jul-2021) {12/2025},289.99 (n.a.) {289.99},233.23,88.03
46,4 laning of nh-37 section between demow to end of moran bypass (from km. 534.800 to km. 561.700) o (nhidcl) (n24000582),1-2016,1/2016 (n.a.) {7/2025},294.17 (n.a.) {294.17},396.49,98.4
47,4 laning of nh 37 section between end of moran bypass to bogibeel junction near lapetketa (km. 561 (nhidcl) (n24000583),1-2016,12/2021 (n.a.) {7/2025},252.00 (n.a.) {330.30},242.97,95.42
48,silchar- churaibari pkg-5 (nhidcl) (n24002243),2-2024,10/2027 (n.a.) {10/2027},1,258.13 (n.a.) {1,258.13},0.00,0
49,bilasipura- guwahati road pkg-1 (nhidcl) (n24002225),2-2024,8/2027 (n.a.) {8/2027},1,081.15 (n.a.) {1,081.15},33.93,2.76
50,silchar-jiribam pkg-1 (nhidcl) (n24002226),1-2024,1/2028 (n.a.) {1/2028},957.95 (n.a.) {957.95},0.00,21.98
51,bilasipura- guwahati road pkg-2 (nhidcl) (n24002229),11-2023,6/2027 (n.a.) {6/2027},1,338.61 (n.a.) {1,338.61},0.50,0
52,badarpur ? churaibari pkg-6 (nhidcl) (n24002230),3-2024,3/2027 (n.a.) {3/2027},870.00 (n.a.) {870.00},0.00,5.86
53,karimgani - sutarkandi section on silchar-churaibari pkg-7 (nhidcl) (n24002231),2-2024,2/2027 (n.a.) {2/2027},791.79 (n.a.) {791.79},0.00,1.02
54,construction of 4 lane gauripur bypass on nh-17 in the state of assam (morth) (n24002237),3-2024,10/2026 (n.a.) {10/2026},421.15 (n.a.) {421.15},0.00,0
55,construction of 2 lane barpeta bypass from km 77+900(baradi) to km 86+150( deurikuchi) (length=8.25k (morth) (n24002238),3-2023,8/2026 (n.a.) {8/2026},173.65 (n.a.) {173.65},0.00,0
56,bilasipura-guwahati road pkg-8 (nhidcl) (n24002021),3-2023,12/2026 (n.a.) {12/2026},1,457.59 (n.a.) {1,457.59},551.88,47.5
57,bilasipura-guwahati road pkg-9 (nhidcl) (n24002022),3-2023,6/2026 (n.a.) {6/2026},1,000.27 (n.a.) {1,000.27},308.11,29.01
58,bilasipura-guwahati road pkg-10 (nhidcl) (n24002023),3-2023,6/2026 (n.a.) {6/2026},1,264.90 (n.a.) {1,264.90},425.17,27.99
59,daboka bypass of daboka - parokhaowa pkg -1 (nhidcl) (n24002024),1-2023,11/2025 (n.a.) {11/2025},516.88 (n.a.) {516.88},242.92,75.51
60,2 lane with paved shoulder from km 16+900 (bogapani) to km 27+150 (golai gaon) on existing dibrugarh (nhidcl) (n24002025),1-2023,12/2025 (n.a.) {12/2026},356.65 (n.a.) {356.65},134.02,18.15
61,development of external trunk connectivity and internal infrastructure works at multi model logistic (nhidcl) (n24002030),2-2020,3/2022 (n.a.) {9/2024},592.06 (n.a.) {592.06},308.87,100
62,silchar vairengte sairang road pkg- 1 (nhidcl) (n24002127),2-2023,7/2026 (n.a.) {7/2026},1,256.90 (n.a.) {1,256.90},539.19,40.36
63,silchar vairengte sairang road pkg- 2 (nhidcl) (n24002128),3-2023,8/2026 (n.a.) {8/2026},1,716.21 (n.a.) {1,716.21},989.94,64.56
64,four lanning of badarpur bypass from design chainage km 27+300 at crossing with nh-6 (nhidcl) (n24002129),2-2023,8/2026 (n.a.) {8/2026},574.26 (n.a.) {574.26},297.70,54.97
65,tamenglong- mahur road pkg-7 (nhidcl) (n24002130),12-2023,3/2026 (n.a.) {3/2026},846.82 (n.a.) {846.82},407.11,68.95
66,construction of 4-lane panchgram bypass from design chainage km 15+500 on nh-37 (old nh-53) at kalin (nhidcl) (n24002154),3-2023,2/2027 (n.a.) {2/2027},728.97 (n.a.) {728.97},290.90,43.16
67,widening/improvement to 4-lane with paved shoulder from km 55+000 (nagabang gamsuk) to km 82+514 (oy (nhidcl) (n24002155),3-2023,3/2027 (n.a.) {3/2027},665.47 (n.a.) {665.47},213.67,50.88
68,jogighopa bridge (nhidcl) (n24001434),8-2021,11/2024 (n.a.) {12/2026},746.76 (n.a.) {746.76},344.27,67.85
69,daboka kathkati package-6 (nhidcl) (n24001450),9-2021,7/2024 (n.a.) {5/2025},625.64 (n.a.) {625.64},556.44,100
70,daboka kathkati package-7 (nhidcl) (n24001537),11-2021,7/2024 (n.a.) {7/2025},204.10 (n.a.) {204.10},143.66,96.8
71,four laning of srirampur-dhubri pkg- 2 (nhidcl) (n24001544),3-2022,1/2025 (n.a.) {6/2025},909.02 (n.a.) {909.02},532.44,100
72,6l standalone flyovers at raha, demow, borghat, kathiatali junctions and rob at jagiroad on stretche (nhai) (n24001545),8-2022,12/2022 (sep-2024) {6/2024},175.00 (n.a.) {175.00},209.02,100
73,balance work of 4l of narimbanglo?jatinga junction- harangajo road section from km 0.000 to km 49.23 (nhai) (n24001547),3-2022,1/2026 (n.a.) {1/2026},1,909.98 (n.a.) {1,909.98},683.00,78.92
74,6l standalone flyovers at bongaigaon, chapaguri, pathsala, simlaguri chowk and baihata bypass juncti (nhai) (n24001548),3-2022,6/2024 (n.a.) {5/2025},457.72 (n.a.) {457.72},366.34,100
75,srirampur - dhubri pkg-1 (nhidcl) (n24001831),3-2022,2/2025 (n.a.) {11/2026},613.89 (n.a.) {613.89},110.76,35.77
76,dibrugarh-lahoal-chabua bypass package-3 (nhidcl) (n24001832),1-2023,5/2025 (n.a.) {11/2025},458.59 (n.a.) {458.59},205.87,66.12
77,construction of mangaldoi bypass (nh-15) starting at ch 26+400 and terminating at ch 41+505 under ra (morth) (n24001840),3-2022,4/2025 (n.a.) {3/2026},535.03 (n.a.) {535.03},102.23,34.54
78,widening and upgradation to two lanes with paved shoulders road from tamenglong to mahur (nh-137) i (nhidcl) (n24001969),3-2023,8/2025 (n.a.) {8/2025},904.04 (n.a.) {904.04},409.15,68.26
79,widening and upgradation to two lanes with paved shoulders road from tamenglong to mahur (nh-137) in (nhidcl) (n24001970),3-2023,8/2025 (n.a.) {8/2025},860.37 (n.a.) {860.37},417.17,68.6
80,widening and upgradation to two lanes with paved shoulders road from tamenglong to mahur (nh-137) in (nhidcl) (n24001971),3-2023,8/2025 (n.a.) {8/2025},890.33 (n.a.) {890.33},467.83,65.56
81,widening/improvement to 4-lane with paved shoulder from km 0+800 (kandulijan gaon) to km 27+701 (si (nhidcl) (n24001972),3-2023,4/2026 (n.a.) {4/2026},609.16 (n.a.) {609.16},323.24,98.48
82,widening/improvement to 4-lane with paved shoulder from km 27+701 (simen chapori) to km 55+000 (nag (nhidcl) (n24001973),3-2023,2/2026 (n.a.) {2/2026},562.05 (n.a.) {562.05},303.89,99.06
83,construction of new integrated terminal building, control tower cum technical block, apron, link tax (aai) (n04000100),11-2021,7/2024 (dec-2025) {12/2025},499.00 (n.a.) {499.00},154.47,40.82
84,jiribam to imphal (tupui)(nl)(nefr) (nfr) (220100288),4-2003,12/2026 (mar-2028) {3/2028},14,322.79 (12,274.06) {22,234.60},15,485.02,69.2
85,construction of 2-laning with hard shoulder road of ukhrul - toloi - tadubi section of nh-102a from (nhidcl) (n24001974),9-2021,1/2025 (aug-2025) {8/2025},315.56 (n.a.) {315.56},137.81,88.74
86,imphal - khongsang pkg-5 (nhidcl) (n24001538),12-2021,5/2024 (jan-2026) {3/2026},410.68 (n.a.) {410.68},152.34,70.11
87,imphal - khongsang pkg-6 (nhidcl) (n24001539),12-2021,2/2025 (sep-2025) {12/2025},504.76 (n.a.) {504.76},190.26,78.25
88,akash bridge - jessami section pkg-2 (nhidcl) (n24001540),3-2022,2/2025 (feb-2025) {3/2025},152.11 (n.a.) {152.11},73.48,100
89,maram - peren pkg-3 (nhidcl) (n24001439),8-2021,5/2023 (oct-2024) {2/2025},467.41 (n.a.) {467.41},264.83,100
90,construction of 2-laning with hard shoulder road of ukhrul - toloi - tadubi section of nh-102a from (nhidcl) (n24001473),9-2021,2/2024 (mar-2025) {7/2025},310.76 (n.a.) {310.76},129.15,96.77
91,imphal - khongsang pkg-4 (nhidcl) (n24001453),8-2021,12/2023 (jul-2025) {12/2025},579.63 (n.a.) {579.63},180.72,72.5
92,tamenglong - mahur pkg-5 (nhidcl) (n24001436),8-2021,5/2023 (jan-2025) {1/2026},477.86 (n.a.) {477.86},246.09,84.87
93,tamenglong - mahur pkg-6 (nhidcl) (n24001437),9-2021,5/2023 (nov-2024) {12/2025},311.18 (n.a.) {311.18},190.96,83.78
94,ukhrul toloi tadubi pkg-2 (nhidcl) (n24002131),3-2023,2/2026 (mar-2026) {3/2026},578.98 (n.a.) {578.98},153.92,71.25
95,lmphal to jiribam pkg-7 (nhidcl) (n24002028),1-2023,12/2025 (dec-2025) {3/2026},760.16 (n.a.) {760.16},157.48,62.92
96,choithar to marrem khullen section imphal- ukhrul - jessami pkg-5 (nhidcl) (n24002242),3-2023,3/2027 (n.a.) {3/2027},564.05 (n.a.) {564.05},0.00,0
97,imphal-kohima road pkg-5a (nhidcl) (n24002232),9-2020,8/2026 (n.a.) {8/2026},228.97 (n.a.) {228.97},0.00,10.13
98,jessami to laynen bridge ukhrul - jessami pkg-7 (nhidcl) (n24002227),3-2023,6/2026 (n.a.) {6/2026},164.89 (n.a.) {164.89},3.83,9.78
99,marrem khullen to jessami section imphal- ukhrul - jessami pkg-6 (design chainage km 95.700 to km 14 (nhidcl) (n24002202),3-2023,12/2026 (n.a.) {12/2026},554.66 (n.a.) {554.66},17.79,15
100,imphal-kohima road pkg-4b (nhidcl) (n24002203),9-2020,6/2026 (n.a.) {6/2026},268.98 (n.a.) {268.98},13.14,18.04
101,imphal - khongsang - jiribam pkg-2 (nhidcl) (n24002244),3-2021,3/2026 (n.a.) {3/2026},195.14 (n.a.) {195.14},4.42,11.53
102,2-laning of churachandpur tuivai section of nh-102b (pkg- 2a) (nhidcl) (n24001270),3-2020,6/2022 (jun-2025) {9/2025},292.24 (n.a.) {292.24},130.66,90.69
103,2-laning of churachandpur tuivai section of nh-102b (pkg- 2b) (nhidcl) (n24001271),6-2020,8/2022 (jun-2025) {10/2025},365.53 (n.a.) {365.53},156.31,77.69
104,improvement/upgradation of existing 2-lane to 4-lane divided highway from taphou kuki to daili secti (nhidcl) (n24001274),8-2020,4/2022 (jun-2025) {12/2025},379.39 (n.a.) {379.39},218.03,70.94
105,mariam - peren pkg-1a (nhidcl) (n24001349),2-2021,12/2022 (mar-2025) {12/2025},226.32 (n.a.) {226.32},105.78,74.48
106,mariam - peren (pkg 1b) (nhidcl) (n24001350),2-2021,12/2022 (jan-2025) {9/2025},188.36 (n.a.) {188.36},126.71,99.02
107,tamenglong - mahur pkg-3 (nhidcl) (n24001354),3-2021,12/2022 (sep-2024) {11/2025},234.08 (n.a.) {234.08},139.45,92.82
108,senapati- imphal pkg-5b (nhidcl) (n24001400),3-2021,1/2023 (may-2025) {10/2025},211.70 (n.a.) {211.70},83.79,71.06
109,imphal - khongsang pkg-3 (nhidcl) (n24001401),7-2021,3/2023 (mar-2025) {10/2025},467.00 (n.a.) {467.00},193.81,79.81
110,tamenglong - mahur pkg-1 (nhidcl) (n24001402),7-2021,3/2023 (jan-2025) {1/2025},185.80 (n.a.) {185.80},117.78,100
111,tamenglong - mahur pkg-2 (nhidcl) (n24001403),7-2021,3/2023 (jan-2025) {12/2025},483.87 (n.a.) {483.87},278.89,92.94
112,tamenglong - mahur pkg-4 (nhidcl) (n24001404),7-2021,3/2023 (feb-2025) {3/2025},198.77 (n.a.) {198.77},127.86,100
113,churachanpur tuivai pkg-3 (nhidcl) (n24001405),7-2021,10/2023 (mar-2025) {12/2025},673.27 (n.a.) {673.27},382.37,80.28
114,construction and development of natinal institute of technology meghalaya permanent campus at sohra (rites of higher) (n42000001),9-2013,9/2014 (jul-2025) {7/2025},484.32 (429.70) {494.52},270.55,84
115,improvement/widening to 2-lane with paved shoulder from (design km 45.760 to km 63.530) between shil (nhidcl) (n24001334),11-2020,12/2023 (n.a.) {4/2026},445.51 (n.a.) {445.51},214.34,30.3
116,improvement/widening to 2-lane with paved shoulder / 4-laning from (design km 63.530 to km 71.520) b (nhidcl) (n24001335),11-2020,12/2023 (n.a.) {11/2026},284.21 (n.a.) {284.21},107.86,24
117,improvement/widening to 2-l with paved shoulder from (design km 0.00 to km 10.670) / 4-laning from ( (nhidcl) (n24001313),11-2020,12/2023 (oct-2025) {10/2025},351.12 (n.a.) {351.12},299.22,63
118,improvement/widening to 2-lane with paved shoulder from (design km 10.670 to km 37.550) between shil (nhidcl) (n24001314),11-2020,12/2023 (n.a.) {8/2026},525.68 (n.a.) {525.68},434.50,32
119,widening to 2-lane with geometric improvements of tura dalu road under jica funding from km 85.000 t (nhidcl) (n24000771),4-2017,9/2021 (jun-2025) {6/2025},553.51 (610.09) {553.51},438.16,88.07
120,dainadubi-darugiri pkg-1b (nhidcl) (n24002233),3-2023,3/2027 (n.a.) {3/2027},705.83 (n.a.) {705.83},0.32,2.13
121,improvement and widening two lannig with paved shoulder of national highway 127b from km 31.500 (goe (morth) (n24002239),12-2023,5/2027 (n.a.) {5/2027},504.00 (n.a.) {504.00},0.00,0
122,construction of 2-lane with paved shoulder of shillong western bypass starting from nh-06 near ladum (nhidcl) (n24002156),3-2023,9/2026 (n.a.) {9/2026},620.30 (n.a.) {620.30},222.26,30
123,shillong western bypass package-2 (nhidcl) (n24002157),3-2023,9/2026 (n.a.) {9/2026},686.00 (n.a.) {686.00},293.36,25.52
124,construction of 2-lane with paved shoulders of shillong western bypass starting from nh-06 near ladu (nhidcl) (n24002158),3-2023,9/2026 (n.a.) {9/2026},562.48 (n.a.) {562.48},297.91,25.27
125,rehabititation and up gradation of nongstoin-rambrai-kyrshai road up to meghalaya-assam border from (nhidcl) (n24001474),9-2021,5/2024 (may-2026) {5/2026},359.86 (n.a.) {359.86},233.26,60.81
126,rehabilitation and upgradation of nongstoin to wahkaji section of project road km 0.000 to km 43.06 (morth) (n24001441),8-2020,2/2022 (n.a.) {7/2025},302.88 (n.a.) {302.88},228.68,96
127,ranikor- maheshkhola- baghmara pkg-2 (nhidcl) (n24001541),11-2021,6/2024 (dec-2024) {5/2025},283.50 (n.a.) {283.50},257.26,100
128,bhairabi sairong, nl, nefr (nfr) (n22000100),4-2008,3/2025 (n.a.) {6/2025},6,527.45 (5,021.45) {8,071.30},8,066.76,97
129,up-gradation to 2-lane with paved shoulders of ngopa - pawlrang section of nh 102b of aizawl - impha (nhidcl) (n24001975),9-2021,2/2025 (n.a.) {12/2025},523.78 (n.a.) {523.78},379.40,95.31
130,keifang - tuvai pkg-3 (nhidcl) (n24002027),12-2021,2/2025 (n.a.) {12/2025},500.88 (n.a.) {500.88},279.44,75.4
131,zorinpui- hmawngbu-longmasu (nh- 502a) (nhidcl) (n24002204),2-2023,12/2026 (n.a.) {12/2026},781.85 (n.a.) {781.85},33.77,3
132,widening and up-gradation to 2-lane with paved shoulder configuration and geometric improvements fro (nhidcl) (n24000857),4-2017,4/2023 (n.a.) {4/2025},519.09 (n.a.) {785.65},670.91,97.51
133,widening and up-gradation to 2-lane with paved shoulder configuration and geometric improvements fro (nhidcl) (n24000858),4-2017,7/2023 (n.a.) {5/2024},640.07 (n.a.) {1,286.35},1,195.84,98.9
134,widening and up-gradation to 2-lane with paved shoulder configuration and geometric improvements fro (nhidcl) (n24000861),4-2017,4/2023 (n.a.) {4/2025},473.18 (n.a.) {688.25},541.04,95
135,widening and up-gradation to 2-lane with paved shoulder configuration and geometric improvements fro (nhidcl) (n24000862),4-2017,4/2023 (n.a.) {4/2025},537.82 (n.a.) {789.05},779.37,99.88
136,widening and up-gradation to 2-lane with paved shoulder configuration and geometric improvements fro (nhidcl) (n24000863),4-2017,6/2023 (n.a.) {5/2025},518.53 (n.a.) {906.76},849.68,97.9
137,widening and up-gradation to 2-lane with paved shoulder configuration and geometric improvements fro (nhidcl) (n24000864),4-2017,4/2024 (n.a.) {5/2025},404.29 (n.a.) {750.32},666.58,100
138,widening and up-gradation to 2-lane with paved shoulder configuration and geometric improvements fro (nhidcl) (n24000865),4-2017,9/2023 (n.a.) {5/2025},428.11 (n.a.) {746.39},613.69,99.82
139,construction of two lane with paved shoulder of selling-dulte section of nh-06 (pkg-i) (nhidcl) (n24001278),3-2020,7/2022 (n.a.) {6/2024},206.88 (n.a.) {219.33},265.38,100
140,construction of two lane with paved shoulder of selling-dulte section of nh-06 (pkg-iii) (nhidcl) (n24001281),3-2020,7/2022 (n.a.) {10/2024},292.24 (n.a.) {331.17},294.78,94.4
141,dulte- kwalkulh - champai pkg.2 (nhidcl) (n24001356),3-2021,12/2022 (apr-2024) {4/2024},233.25 (n.a.) {233.25},172.09,100
142,tlabung - lunglei pkg-a (nhidcl) (n24001358),3-2021,12/2022 (n.a.) {3/2026},698.44 (n.a.) {698.45},502.24,63.7
143,tlabung - lunglei pkg-b (nhidcl) (n24001359),3-2021,1/2023 (n.a.) {3/2026},740.58 (n.a.) {740.58},373.89,61
144,augmentation of dimapur depot, dimapur (iocl) (n16000529),8-2023,11/2027 (n.a.) {11/2027},227.62 (n.a.) {227.62},6.62,19
145,new line from dimapur to zubza(kohima) national project (nefr) (nfr) (n22000124),4-2006,3/2026 (n.a.) {12/2029},6,663.20 (6,663.20) {6,663.20},4,942.71,74
146,peren-dimapur section pkg-2 (nhidcl) (n24001406),7-2021,3/2023 (sep-2025) {9/2025},258.52 (n.a.) {258.52},89.46,81.4
147,2 laning of kohima - jessami section (package ii) (nhidcl) (n24001282),3-2020,6/2022 (n.a.) {1/2026},355.79 (n.a.) {355.79},119.20,65.06
148,2 laning of kohima - jessami section (package v) (nhidcl) (n24001287),4-2020,12/2021 (nov-2025) {11/2025},330.80 (n.a.) {330.80},171.89,92.44
149,construction of 2-lane with paved shoulder of kohima-bypass road from design km 0.00 to km 10.500 [d (nhidcl) (n24001288),8-2020,4/2022 (nov-2026) {11/2026},232.29 (350.88) {232.29},79.69,17.31
150,construction of 2-lane with paved shoulder of kohima-bypass road from design km10.500 to 21.00km [d (nhidcl) (n24001255),9-2020,10/2022 (sep-2024) {6/2026},277.44 (n.a.) {277.44},169.46,67.91
151,construction of 2-lane with paved shoulder of kohima-bypass road from design km21.0 to km32.0 [desig (nhidcl) (n24001257),8-2020,10/2022 (jun-2025) {12/2025},159.85 (342.29) {159.85},108.15,33.55
152,construction of 2-lane with paved shoulder of kohima-bypass road from dsign km32.0 to km43.454 [des (nhidcl) (n24001258),8-2020,4/2022 (apr-2023) {8/2025},202.36 (n.a.) {202.36},75.39,32.67
153,four laning of existing dimapur kohima road from design km 152.490 to km 166.700 (existing km 156.00 (nhidcl) (n24000688),3-2016,8/2022 (sep-2025) {9/2025},429.52 (794.74) {794.74},321.40,92.46
154,(i) construction of four/six laning from km 132.375 to km 158.058 (total new alignment length of 20. (nhidcl) (n24000752),2-2017,9/2020 (feb-2023) {4/2025},387.00 (688.12) {688.12},392.01,100
155,(ii) construction of dimapur bypass (assam portion) of 4/6 lane pavement on epc basis from existing (nhidcl) (n24000753),3-2018,11/2022 (aug-2024) {4/2025},500.09 (698.81) {698.81},393.53,100
156,construction of two lane with hard shoulders of merangkong-tamlu- mon road from existing km 20.456 to (nhidcl) (n24000763),3-2018,12/2021 (aug-2022) {8/2025},215.79 (n.a.) {215.79},132.93,80.38
157,construction of two lane with hard shoulders of merangkong-tamlu- mon road from existing km 60.345 to (nhidcl) (n24000765),3-2018,9/2018 (jun-2023) {9/2025},323.98 (n.a.) {323.98},119.94,60.11
158,widening to 2 lane with hard shoulder of akegwo-avangkhu section of nh-202k for package-i (design ch (nhidcl) (n24001976),12-2022,2/2026 (n.a.) {2/2026},430.24 (n.a.) {430.24},100.51,58.57
159,widening to 2 lane with hard shoulder of akegwo-avangkhu section of nh-202k for package-ii (design c (nhidcl) (n24001977),12-2022,2/2026 (n.a.) {2/2026},442.54 (n.a.) {442.54},50.60,28.05
160,widening to 2 lane with hard shoulder of akegwo-avangkhu section of nh-202k for package-iii (design (nhidcl) (n24001978),12-2022,2/2026 (n.a.) {2/2026},497.18 (n.a.) {497.18},168.20,66.03
161,widening of existing single lane road to intermediate lane road from mokokchung to chare via dikhu i (morth) (n24001855),2-2021,6/2025 (sep-2025) {9/2025},192.93 (n.a.) {192.93},112.09,93.38
162,peren-dimapur pkg-3 (nhidcl) (n24001912),2-2021,6/2025 (n.a.) {12/2025},177.77 (199.02) {199.02},46.94,63.33
163,merangkong-tamlu-mon (mtm) pkg-5 (nhidcl) (n24001438),7-2021,12/2023 (n.a.) {9/2025},161.73 (n.a.) {161.73},65.19,73.34
164,widening of existing single lane / intermediate lane road to 2 lane from km 101 to km 125 of nh 61 i (morth) (n24001465),6-2020,9/2024 (jun-2026) {6/2026},252.19 (n.a.) {252.19},14.33,20.27
165,widening to existing single lane /intermediate lane to 2 lane from km185.00 to km 220.00 of nh-61 (n (morth) (n24001466),3-2021,7/2024 (dec-2025) {12/2025},297.24 (n.a.) {297.24},150.10,80.31
166,widening to existing singre/intermediate rane to 2 lane from km 135 to km 147 and from km 156.00 to (morth) (n24001467),3-2021,2/2024 (mar-2025) {3/2025},226.44 (n.a.) {226.44},140.24,100
167,pakyong airport- widening of basic strip at western side of runway chainage 80m to 920m i/c slope st (aai) (n04000110),11-2023,6/2026 (n.a.) {6/2026},323.26 (n.a.) {323.26},29.68,12.5
168,construction of sikkim university campus phase-i, package -ii at yangang south sikkim (sikkim universi) (n44000002),8-2020,1/2025 (n.a.) {1/2025},314.06 (n.a.) {303.55},157.24,80
169,teesta vi he project (nhpc) (n18000325),3-2019,3/2024 (n.a.) {12/2027},5,748.04 (n.a.) {5,748.04},4,424.21,68.17
170,rangit iv he project (nhpc) (n18000326),3-2021,5/2024 (n.a.) {12/2025},938.29 (n.a.) {1,828.11},1,524.17,89.45
171,sevok rangpo, nefr (nfr) (n22000102),4-2008,5/2015 (dec-2027) {12/2027},7,876.92 (11,963.43) {11,963.43},8,743.57,79.5
172,construction of 2-lane with paved shoulder gangtok bypass road from ranipool to burtuk (l=23.316km) (morth) (n24001442),10-2021,5/2024 (mar-2026) {3/2026},385.15 (n.a.) {385.15},175.16,83.3
173,construction of 2-lane with paved shoulder including geometric improvement from km 0.000 to km 16.00 (nhidcl) (n24000767),3-2017,4/2022 (may-2022) {12/2023},375.80 (n.a.) {375.80},288.56,96.55
174,constuction/upgradation of existing highway to 2 lane with paved shoulder from km 0.00 to km 13.00 n (nhidcl) (n24001251),3-2019,4/2022 (n.a.) {10/2025},402.94 (n.a.) {402.94},247.12,76.54
175,constuction/upgradation of existing highway to 2 lane with paved shoulder from km 13.00 to km 25.600 (nhidcl) (n24001252),8-2020,4/2023 (nov-2024) {10/2025},295.97 (n.a.) {295.97},249.97,95.71
176,construction and upgradation ofexistingroad to 2-lane with paved shoulder including geometric improv (nhidcl) (n24001261),8-2020,4/2023 (n.a.) {10/2025},311.00 (n.a.) {273.78},257.86,95.12
177,construction and upgradation ofexistingroad to 2-lane with paved shoulder including geometric improv (nhidcl) (n24001262),7-2020,4/2023 (aug-2024) {10/2025},345.38 (395.59) {395.59},362.61,89.81
178,rishi border- rolep- menla pkg- 3b (nhidcl) (n24001362),12-2020,2/2024 (dec-2025) {12/2025},410.60 (379.30) {379.30},238.13,74.82
179,construction and upgradation of existing road to 2-lane with paved shoulder from km27.200 (end of ro (nhidcl) (n24001336),8-2020,4/2023 (oct-2024) {3/2026},230.45 (244.91) {244.91},206.95,82.8
180,construction and upgradation of existing road to 2-lane with paved shoulder from new rolep bridge at (nhidcl) (n24001337),10-2020,11/2023 (jul-2025) {3/2026},493.42 (478.79) {478.79},308.18,59.49
181,construction of 2-lane with paved shoulder of new green field alignment from chochenpheri at km 52.0 (nhidcl) (n24001338),10-2020,12/2023 (jun-2025) {12/2026},816.79 (786.60) {786.60},332.24,45.9
182,rehabilitation and upgradation of existing road to 2-lane with paved shoulder including geometric im (nhidcl) (n24001327),8-2020,5/2022 (oct-2023) {12/2025},292.80 (n.a.) {292.80},202.92,61.41
183,construction of 2-lane road with paved shoulder (greenfield alignment) of existing stretch between l (nhidcl) (n24001322),9-2020,5/2022 (oct-2023) {12/2025},183.31 (439.56) {439.56},355.31,51.85
184,construction of 2-lane specification road with paved shoulder as realignment (greenfield alignment) (nhidcl) (n24001325),9-2020,5/2023 (aug-2024) {12/2025},262.84 (414.20) {414.20},221.86,49.2
185,grass root rail fed depot at sekerkote, agartala as resitement of existing dharmanagar depot (iocl) (n16000495),6-2022,8/2025 (sep-2025) {9/2025},656.00 (n.a.) {656.00},427.77,83.17
186,manu-simlung ( pkg 4) (nhidcl) (n24001363),3-2021,12/2022 (n.a.) {12/2025},354.79 (n.a.) {354.79},34.08,0
187,rehabilitation and upgradation of road from km 0.00 to km 18.600 of kumarghat-kailashahar section (nhidcl) (n24001263),6-2020,1/2022 (feb-2024) {12/2024},277.50 (302.02) {302.02},262.91,99.94
188,2-laning from jolaibari - belonia (nhidcl) (n24001317),6-2020,1/2022 (n.a.) {4/2025},201.99 (n.a.) {287.47},148.22,100
189,kailashahar to khowai pkg-4 (nhidcl) (n24001309),11-2020,6/2022 (oct-2023) {11/2024},159.13 (171.50) {171.50},84.33,100
190,2 laning from manu-simlung pkg-2 (nhidcl) (n24001542),2-2022,1/2025 (may-2025) {5/2025},456.88 (n.a.) {456.88},122.67,50.18
191,improvement and widening to 2-lane with earthen paved shoulder from udaipur to srimantapur (nhidcl) (n24001914),5-2023,11/2024 (n.a.) {12/2025},195.95 (n.a.) {195.95},46.46,45.42
192,champak nagar to khayerpur section (design km 242+500 to km 261+610) (nhidcl) (n24002205),12-2023,9/2026 (n.a.) {9/2026},920.66 (n.a.) {920.66},81.54,24.56
193,khowai ?teliamura-amarpur-harina- sabroom section pkg-4 (nhidcl) (n24002228),1-2024,12/2026 (n.a.) {12/2026},726.90 (n.a.) {726.90},7.36,3.85
194,4 lane with paved shoulder agartala bypass (western side) connecting nh- 8 (nhidcl) (n24002132),3-2023,3/2027 (n.a.) {3/2027},2,026.05 (n.a.) {2,026.05},26.34,8.82
195,rehabilitation and up-gradation of road from design km 25.250 to km 36.460 (total lengh: 11.210 km) (nhidcl) (n24002159),2-2020,3/2026 (n.a.) {3/2026},174.43 (n.a.) {174.43},9.54,16.61
196,improvement and widening to 2-lane with paved shoulder of road from km 101.300 to km 127.319 (total (nhidcl) (n24002160),1-2024,7/2026 (n.a.) {7/2026},431.78 (n.a.) {431.78},52.82,34.61
197,khowai ?teliamura-amarpur-harina- sabroom package-2 (nhidcl) (n24002161),1-2024,9/2026 (n.a.) {9/2026},657.21 (n.a.) {657.21},95.71,32.85
198,khowai ?teliamura-amarpur-harina- sabroom package-3 (nhidcl) (n24002162),1-2024,9/2026 (n.a.) {9/2026},670.90 (n.a.) {670.90},3.81,3.05
1,construction of new integrated terminal building at vsi airport, portblair (aai) (n04000073),10-2013,9/2018 (jun-2023) {6/2023},417.23 (707.73) {707.73},698.80,100.00
2,ludhiana kila raipur (19 kms) with freight line at gill station on ldh-jhl section (nr) (n22000584),3-2019,3/2025 (aug-2025) {3/2026},235.72 (n.a.) {235.72},59.78,55.00
3,major bridge over middle strait creek (nhidcl) (n24002207),12-2024,2/2026 (n.a.) {2/2026},371.80 (207.99) {207.99},0.00,5.23
4,package-3a (nhidcl) (n24002208),2-2018,9/2025 (mar-2024) {9/2025},207.54 (154.01) {154.01},16.21,39.27
5,package-3b (nhidcl) (n24002209),2-2018,11/2025 (n.a.) {11/2025},183.47 (n.a.) {183.47},18.36,34.01
6,2 lane with hard sholder , rehabilitation and up gradation of section from km 242.0 to km 298.0 of n (nhidcl) (n24000745),3-2017,12/2019 (mar-2023) {6/2025},409.85 (n.a.) {409.85},214.23,95.23
7,rehabilitation and up gradation of section from km 206.00 to km 242.00 (nimbutala to austin creek) o (nhidcl) (n24000749),3-2018,9/2020 (nov-2022) {7/2025},234.27 (n.a.) {234.27},126.50,83.00
8,rehabilitation and up gradation to 2 lane with paved shoulder configuration from existing km. 122.00 (morth) (n24000820),11-2017,11/2019 (n.a.) {11/2019},237.80 (n.a.) {238.00},222.13,98.23
9,reconstruction with geometric improvement of existing 2 lane/intermediate lane to 2lane with paved s (morth) (n24000821),11-2017,11/2019 (n.a.) {11/2019},257.34 (n.a.) {238.00},214.90,100.00
10,c/o of nitb and associated work at vijayawada airport (aai) (n04000091),4-2020,3/2023 (aug-2025) {8/2025},611.80 (n.a.) {611.80},449.66,75.25
11,rajahmundry airport: construction of new domestic terminal building and miscellaneous works includ (aai) (n04000103),12-2022,8/2025 (n.a.) {8/2025},347.15 (347.15) {347.15},76.86,46.00
12,kadappa airport- construction of new domestic terminal building and miscellaneous works including ma (aai) (n04000106),3-2023,1/2026 (mar-2026) {3/2026},265.91 (265.91) {265.91},39.54,29.00
13,construction of permanent campus for indian institute of technology tirupati at merlapaka village ye (cpwd education) (n42000005),2-2019,6/2020 (n.a.) {6/2020},655.34 (n.a.) {655.34},366.21,95.00
14,construction of permanent campus for iiser at jangalapalli village, yerpedu mandal, chittoor distric (cpwd education) (n42000007),9-2019,9/2022 (n.a.) {6/2024},588.72 (656.39) {656.39},630.55,100.00
15,kg-dwn-98-2 cluster ii development project (ongc) (n16000247),3-2016,6/2020 (mar-2025) {6/2025},34,012.00 (n.a.) {34,012.00},33,167.16,96.40
16,hp crude to olefins and aromatics technology demo unit at visakh refinery (hpcl) (n16000432),9-2021,6/2024 (mar-2026) {3/2026},160.00 (220.00) {220.00},75.86,59.40
17,cgd project at kurnool, guntur and prakasam districts (iocl) (n16000485),3-2022,3/2030 (n.a.) {3/2030},1,420.00 (n.a.) {1,420.00},153.86,6.20
18,multi-product pipeline from krishnapatnam coastal installation to the proposed installation at hyder (bpcl) (n16000499),9-2019,3/2025 (n.a.) {10/2025},1,932.00 (n.a.) {1,932.00},1,498.21,94.30
19,hp trijet unit in vr (hpcl) (n16000535),7-2024,7/2027 (n.a.) {7/2027},193.00 (n.a.) {193.00},0.43,23.00
20,construction of aviation fuel farm facilities at bhogapuram airport (hpcl) (n16000538),8-2024,3/2026 (n.a.) {3/2026},240.00 (n.a.) {240.00},22.34,42.80
21,visakha raipur pipeline project (hpcl) (n16000539),9-2024,9/2027 (n.a.) {9/2027},2,212.00 (n.a.) {2,212.00},8.32,6.03
22,transmission scheme for solar energy zone in ananthpuram (2500mw) and kurnool (1000mw) (pgcil) (n18000380),9-2023,3/2025 (n.a.) {9/2025},1,249.00 (n.a.) {1,249.00},761.69,67.50
23,augmentation of 1500mva 3rd 765/400kv transformation capacity at kurnool new substation (pgcil) (n18000395),5-2023,9/2025 (n.a.) {9/2025},164.00 (n.a.) {164.00},60.00,33.00
24,transmission system for integration of kurnool-iv rez phase-i (for 4.5 gw) (pgcil) (n18000413),3-2025,3/2027 (n.a.) {3/2027},5,000.00 (n.a.) {5,000.00},20.00,-
25,transmission system strengthening at kurnool- iii ps for integration of additional re generation pro (pgcil) (n18000416),3-2025,3/2027 (n.a.) {3/2027},2,886.00 (n.a.) {2,886.00},20.20,-
26,kotlpalli-narasapur (nl) (scr) (scr) (220100265),12-2001,3/2028 (n.a.) {3/2027},2,500.98 (n.a.) {2,500.98},1,141.44,18.00
27,nadikude-sri kalahasti (scr) (n22000286),4-2011,5/2027 (n.a.) {5/2027},2,312.00 (n.a.) {3,122.35},1,977.09,-
28,guntur-guntakal (scr) (n22000368),4-2016,12/2025 (n.a.) {12/2025},3,733.37 (n.a.) {3,887.48},3,606.85,-
29,vijayawada-gudur (rvnl) (n22000369),4-2015,11/2024 (n.a.) {12/2024},6,654.00 (n.a.) {6,238.67},5,883.89,-
30,kottavalsa - koraput doubling (ecor) (n22000377),4-2015,3/2022 (n.a.) {3/2022},2,499.71 (n.a.) {2,499.71},1,965.11,70.00
31,penukonda-dharmavaram, excl. dharmavaram (41.5 km) (swr) (n22000555),4-2019,3/2026 (n.a.) {12/2025},294.67 (307.66) {307.66},213.03,60.00
32,malugur-palasamudram (17.98 km) (pb#29/nr/2022-23) (swr) (n22000556),9-2022,12/2025 (n.a.) {12/2026},323.14 (342.41) {342.41},46.89,12.00
33,doubling between gooty- pendakallu (29.225) (scr) (n22000585),3-2023,3/2027 (n.a.) {3/2027},351.83 (n.a.) {351.83},0.00,-
34,vijayawada kazipet byepass line (scr) (n22000586),4-2016,12/2025 (n.a.) {12/2025},647.37 (n.a.) {226.72},261.07,-
35,renigunta wadi gooty - bypass (scr) (n22000587),4-2016,12/2025 (n.a.) {12/2025},302.00 (n.a.) {302.00},226.67,50.00
36,construction of 4 lane access controlled new greenfield highway section of nh 365bg from recharla vi (nhai) (n24001476),9-2021,9/2022 (sep-2024) {7/2025},517.05 (n.a.) {655.06},543.03,94.50
37,construction of 4 lane access controlled new greenfield highway section of nh-365bg (khammam-devarap (nhai) (n24001477),9-2021,9/2022 (sep-2024) {6/2025},622.00 (n.a.) {817.91},541.73,75.96
38,6l of chilkararupet bypass from km. 357.400 to km. 371.920 of nh-16 (nhai) (n24001817),2-2019,3/2023 (oct-2024) {10/2024},757.45 (n.a.) {757.45},711.37,99.61
39,6l of pondavakkam to kannigaipair from km 96.040 to km 116.100 of nh 716b (pkg-iv) (nhai) (n24001818),2-2021,1/2025 (n.a.) {1/2025},818.73 (n.a.) {1,105.00},564.03,25.32
40,6l of veera kaveri raja puram to pondavakkam from km 61.380 to km 96.040 of nh 716b (pkg-iii) (nhai) (n24001819),3-2021,1/2025 (n.a.) {1/2025},1,102.63 (n.a.) {1,303.00},1,171.71,97.26
41,6l of varadharajula to kumarajapet from km 0.000 to km 43.800 of nh-716b (pkg-i) (nhai) (n24001820),2-2021,12/2024 (n.a.) {12/2024},1,484.83 (n.a.) {1,768.00},1,544.65,93.29
42,bangalore chennai expressway (phase-ii pkg-iii) from km.127.000 to km 156.000 (bangarupalem to gudip (nhai) (n24001821),11-2020,10/2024 (n.a.) {10/2024},1,137.74 (n.a.) {1,289.00},1,256.44,97.43
43,bangalore chennai expressway (phase-ii pkg-i) from km.71.000 to km 96.000 (bethamangala in the state (nhai) (n24001822),12-2020,10/2024 (n.a.) {10/2024},1,075.27 (n.a.) {1,307.00},1,132.36,85.89
44,4l of madanapalle to pileru section from km 0.000 to km 55.900 of nh-71(package-i) - n/05060/01002/a (nhai) (n24001823),1-2022,1/2025 (jan-2023) {1/2025},1,852.12 (n.a.) {1,787.00},777.18,93.00
45,renigunta - poyya - naidupeta km 124.60 to km 183.4 of nh 71 - n/04027/06001/ap (nhai) (n24001824),3-2020,1/2024 (dec-2024) {12/2024},1,863.09 (n.a.) {2,238.00},1,227.61,98.76
46,6l kantakapalle ? sabbavaram section of nh-130cd road from km 445.100 to km 464.662 (pkg-4) (nhai) (n24001836),2-2021,10/2024 (n.a.) {3/2026},824.29 (n.a.) {924.00},521.51,76.13
47,6l jakkuva ? korlam section of nh-130cd road from km 396.800 to km 421.100 (pkg 2) (nhai) (n24001837),2-2021,3/2024 (jul-2024) {12/2025},663.60 (n.a.) {768.00},464.74,98.84
48,6l aluru - jakkuva section of nh- 130cd road from km 365.033 to km 396.800 (pkg. 1) (nhai) (n24001838),2-2021,3/2024 (n.a.) {12/2025},922.50 (n.a.) {1,128.68},534.51,84.38
49,6l access controlled greenfield highway from kodur 0.000 kms to vanavolu 24.300 kms of nh 544g packa (nhai) (n24001841),12-2022,9/2025 (n.a.) {2/2026},912.94 (n.a.) {912.94},238.84,59.65
50,6l access controlled greenfield highway from vanavolu 24.300 km. to vankarakunta 45.700 km. of nh 5 (nhai) (n24001842),12-2022,11/2025 (n.a.) {11/2025},750.81 (n.a.) {750.81},145.15,50.78
51,6l access controlled greenfield highway from vankarakunta 45.700 km. to odulapalle 72.000 km. of nh (nhai) (n24001843),12-2022,11/2025 (n.a.) {11/2025},992.89 (n.a.) {992.89},197.36,47.00
52,6l access controlled greenfield highway from odulapalle 72.000 km. to nallacheruvupalli 96.300 km. (nhai) (n24001844),12-2022,10/2025 (n.a.) {10/2025},1,058.90 (n.a.) {1,058.90},251.41,47.64
53,6l access controlled greenfield highway from nallacheruvu palli 96.300 km. to yerragudipadu 129.000 (nhai) (n24001845),2-2023,10/2025 (n.a.) {10/2025},1,253.24 (n.a.) {1,253.24},197.29,23.20
54,6l access controlled greenfield highway from yerragudipadu 129.000 km. to audireddipalle 160.000 km. (nhai) (n24001846),2-2023,10/2025 (n.a.) {10/2025},1,200.42 (n.a.) {1,200.42},98.82,8.90
55,6l access controlled greenfield highway from audireddipalle 160.000 km. to mallapalle 176.000 km. pa (nhai) (n24001847),1-2023,11/2025 (n.a.) {11/2025},956.14 (n.a.) {956.14},215.17,43.11
56,6l access controlled greenfield highway from mallapalle 176.000 km. to kavulakuntla 196.000 km. pack (nhai) (n24001848),2-2023,10/2025 (n.a.) {10/2025},909.02 (n.a.) {909.02},161.56,23.44
57,4l ps mydukur badvel from km 585.820 to km 630.960 section of nh 67 (nhai) (n24001849),5-2022,7/2025 (n.a.) {9/2025},1,063.72 (n.a.) {1,063.72},467.94,82.10
58,construction of 4-lane highway from samarlakota to achampeta junction (from km. 0.000 to km. 12.250 (nhai) (n24001856),5-2023,8/2025 (n.a.) {8/2025},648.75 (n.a.) {648.75},253.96,64.67
59,2l+ps from km. 0+000 to km. 32+000 (mudigubba to puttaparthi) of nh- 342 (morth) (n24001932),3-2022,9/2024 (n.a.) {6/2025},401.72 (n.a.) {401.72},190.74,80.00
60,nh440 rayachoty tovempalli 2lps (morth) (n24001934),12-2021,5/2024 (n.a.) {7/2025},439.82 (n.a.) {439.82},174.96,-
61,4 lane with paved shoulder from km 0.000 to km 51.119 of tadipatri to muddanur of nh67 (morth) (n24001935),3-2022,8/2025 (n.a.) {8/2025},724.17 (n.a.) {724.17},464.48,-
62,nh165 from km 0.000 to km 64.020 pamarru to akiveedu section to two lane with paved shoulders (morth) (n24001939),3-2020,9/2023 (n.a.) {12/2026},529.24 (n.a.) {529.24},353.88,62.70
63,2lps from km36.400 to km. 107.224 of nh167bg from duttalur to kavali section (morth) (n24001942),3-2021,7/2024 (n.a.) {6/2026},423.67 (n.a.) {423.67},222.39,83.59
64,nh167ad from macherla to dachepalli from km.0.000 to 43.659 to 2lps (morth) (n24001951),1-2022,1/2025 (n.a.) {1/2025},403.22 (n.a.) {403.22},296.69,98.82
65,nh 167 b kadapa nellore border to cspuram i.e. from km 58.635 to km 99.409 (morth) (n24001952),3-2022,8/2025 (n.a.) {8/2025},285.50 (n.a.) {285.50},204.29,95.00
66,nh-30-bhadrachalam to konta section 2lps (morth) (n24001953),12-2021,9/2024 (n.a.) {9/2025},388.71 (n.a.) {388.71},242.09,89.60
67,widening to 2lps of rampachodavaram - koyyuru section of nh516e from km.43.700 to km 113.820 (morth) (n24001954),3-2022,1/2025 (n.a.) {1/2025},568.12 (n.a.) {568.12},350.64,91.05
68,gudiwada town 2 lane rob and road improvement of nh165 in replacement of lc no 3espl3 at km 231.700 (morth) (n24001955),3-2022,5/2025 (n.a.) {5/2025},317.22 (n.a.) {317.22},190.90,80.00
69,2lps from gondiguda to araku bhallaguda km 27.480 to km 51.772 section of nh 516e (morth) (n24001956),8-2020,9/2023 (n.a.) {12/2024},296.66 (n.a.) {296.66},246.11,87.49
70,2lps of koyyuru to chaprathipalem section of nh 516e (morth) (n24001957),8-2020,7/2024 (n.a.) {7/2024},349.29 (n.a.) {349.29},216.90,-
71,2lps of chaprathipalem to lambasingi section of nh 516e (morth) (n24001958),8-2020,10/2024 (n.a.) {6/2025},311.22 (n.a.) {311.22},151.24,72.00
72,4 lane from km 56.400 to km 120.300 from b.kothapalli junction to gorantla of nh 716g (morth) (n24001959),3-2022,9/2025 (n.a.) {9/2025},839.98 (n.a.) {839.98},418.51,-
73,4l greenfield road connecting north and south industrial cluster of khandaleru creek near krishnapat (nhai) (n24001979),8-2022,9/2025 (n.a.) {9/2025},609.43 (n.a.) {609.43},25.24,56.70
74,4 laning of nh 544d from existing km 346.300 of nh 44 (design chainage km 0.000) to km 39.380 (desig (nhai) (n24001980),10-2022,7/2025 (n.a.) {7/2025},907.76 (n.a.) {907.76},388.70,84.29
75,construction of six laning of naidupeta junction - turpukanupur section from km.57+046 to km.91+927 (nhai) (n24001981),7-2022,10/2025 (n.a.) {10/2025},1,398.84 (n.a.) {1,398.84},58.68,19.10
76,4l ps from kurnool (existing km. 5.400 of nh-40/design km.0.000) to mandlem (existing km.38.000/desi (nhai) (n24001982),3-2023,10/2025 (n.a.) {10/2025},827.39 (n.a.) {827.39},333.88,99.65
77,4 laning from existing km 39.380 (design ch. 37.000) to km 74.450 (design ch. 69.000) of muchukota ? (nhai) (n24001983),10-2022,8/2025 (n.a.) {8/2025},972.63 (n.a.) {1,055.23},310.77,54.96
78,4l ps from mandlem (existing km. 38.000/design km.30.600) to atmakur (existing km.73.000/design km 6 (nhai) (n24001984),3-2023,10/2025 (n.a.) {10/2025},887.28 (n.a.) {887.28},297.95,89.20
79,bangalore chennai expressway (phase-ii pkg-ii) from km.96.000 to km 127.000 (baireddypalle to bangar (nhai) (n24001985),3-2021,6/2025 (n.a.) {6/2025},1,942.94 (2,171.00) {2,171.00},1,736.95,64.50
80,4l of pileru to kalur section from km 55.900 to km 92.800 and km 94.500 to km 95.717 (nhai) (n24001986),10-2023,4/2025 (n.a.) {4/2025},1,047.32 (n.a.) {1,047.32},301.20,93.00
81,construction of 1 nos rob, 2 nos vups, service roads, provision of lighting and construction of othe (nhai) (n24001987),6-2023,12/2024 (n.a.) {12/2024},152.05 (n.a.) {152.05},139.12,76.83
82,6l of chittoor to thatchur from kumarajapet to veera kaveri raja puram from km 43.800 to km 61.380 o (nhai) (n24001988),2-2021,10/2025 (n.a.) {10/2025},591.99 (703.00) {703.00},506.67,70.95
83,construction of 4 lane access controlled highway from chillakuru cross road to turpukanupur km 0+000 (nhai) (n24002033),7-2022,12/2025 (n.a.) {12/2025},909.47 (n.a.) {909.47},97.03,32.30
84,completion of balance works pending in bit and pieces (incomplete stretch at 7 locations) and listed (nhai) (n24002103),9-2022,1/2025 (n.a.) {6/2025},166.52 (n.a.) {166.52},60.34,98.00
85,6l access controlled greenfield highway from narayanmpet (ch. 203+500) to chandrasekharpuram (ch. 22 (nhai) (n24002122),2-2024,2/2026 (n.a.) {2/2026},813.66 (n.a.) {813.66},91.93,24.20
86,6l access controlled greenfield highway from chandrasekharapuram (ch. 228+000) to polavaram (ch. 260 (nhai) (n24002123),2-2024,2/2026 (n.a.) {2/2026},1,292.65 (n.a.) {1,292.65},135.27,18.96
87,6l access controlled greenfield highway from polavaram (ch. 260+000) to marripudi (ch. 285+500) of [ (nhai) (n24002124),2-2024,2/2026 (n.a.) {2/2026},747.29 (n.a.) {747.29},142.65,32.02
88,6l access controlled greenfield highway from marripudi (ch. 285+500) to somavarappadu (ch. 314+600) (nhai) (n24002125),2-2024,2/2026 (n.a.) {2/2026},976.40 (n.a.) {976.40},229.68,43.60
89,6l access controlled greenfield highway from somavarappadu (ch.314.600) to muppavaram (ch.343+240) o (nhai) (n24002126),2-2024,2/2026 (n.a.) {2/2026},1,103.89 (n.a.) {1,103.89},133.89,15.98
90,4-lane with paved shoulders from km 32/0 to km 79/650 (design chainage km 32+000 to km 78+760) putta (morth) (n24002139),3-2023,12/2025 (n.a.) {11/2025},1,318.57 (n.a.) {1,318.57},424.42,-
91,somayajulapalli ? dhone section of nh ? 340b from km.0/0 to 56/200 [design ch. km 0/00 to km 53/33] (morth) (n24002140),4-2023,12/2025 (n.a.) {12/2025},629.73 (n.a.) {629.73},369.43,-
92,2-lane with paved shoulder configuration of lambasingi to paderu section (km 205+000 to km 253+974) (morth) (n24002142),8-2023,11/2025 (n.a.) {11/2025},361.24 (n.a.) {361.24},63.54,-
93,bypass road to adoni town connecting nh-167 (hagari - jadcharla road) from km.62/700 to 71/400 in ku (morth) (n24002143),8-2023,2/2026 (n.a.) {2/2026},361.24 (n.a.) {361.24},109.65,56.00
94,vodarevu-chilakaluripet section (design chainage 0+00 to 47+000) of nh-167a (package-i) (morth) (n24002144),8-2023,2/2026 (n.a.) {2/2026},1,064.24 (n.a.) {1,064.24},584.25,-
95,tadipatri bypass (km 0+000 to km 6+285) of 4-lane on nh-67 in anantapuramu (morth) (n24002145),11-2023,3/2026 (n.a.) {3/2026},159.66 (n.a.) {159.66},60.51,63.50
96,kurnool/kadapa border- jammalamadugu section of nh- 167k i.e. design ch. km 248+010 to km 269+900 (morth) (n24002146),11-2023,11/2025 (n.a.) {11/2025},292.63 (n.a.) {292.63},81.57,-
97,dornala to kunta junction from design chainage km 244+000 to 267+990 section of nh-765 (package-2) (morth) (n24002147),12-2022,1/2024 (n.a.) {3/2026},244.83 (n.a.) {244.83},111.65,-
98,paderu bypass (km 0+000 to km 13+000) of 2- lane with paved shoulder on nh-516e (morth) (n24002148),3-2023,3/2024 (n.a.) {2/2026},244.43 (n.a.) {244.43},23.40,-
99,davualapally to mallapalem section {design ch. km 133+922 to km 154+216 (existing ch. km 133+922 to (morth) (n24002149),1-2024,2/2024 (n.a.) {2/2026},393.61 (n.a.) {393.61},135.13,-
100,development of six lane access controlled green field highway from kavulakuntla (km.196+000) to nara (nhai) (n24002215),2-2023,2/2027 (n.a.) {2/2027},1,092.18 (n.a.) {1,092.18},0.14,-
101,access controlled highway of 4 lane with paved shoulders from tn/ap border (design chainage km 61+51 (nhai) (n24002217),12-2024,12/2026 (n.a.) {12/2026},1,346.82 (n.a.) {1,346.82},37.35,8.20
102,construction of six laning of dedicated port road to krishnapatnam port (package-i) km 0+000 to km 1 (nhai) (n24000811),3-2018,12/2020 (dec-2022) {12/2024},314.43 (n.a.) {348.72},85.61,71.49
103,rehabilitation and upgradation of existing nh-167 from km 14.900 to km 70.00 (design ch.14.900 to 69 (morth) (n24000931),11-2016,5/2017 (n.a.) {11/2024},290.15 (n.a.) {236.16},205.03,90.00
104,rehabilitation and upgradation of new nh-544dd from design chainage km 56.00 to 102.20 of kalyandurg (morth) (n24000937),3-2018,8/2018 (n.a.) {11/2024},289.67 (290.00) {285.29},256.60,98.50
105,construction of timmapuram to gurjanapalle section from km 26.150 to 41.161 of nh- 214(nh216)(kakinad (morth) (n24000964),8-2016,1/2017 (n.a.) {5/2025},350.61 (n.a.) {411.18},390.28,98.20
106,construction of 2l+ps from pasarlapudi-dhindi (105/700 to 127.500 of nh-214) of nh-216 (morth) (n24000969),1-2017,9/2017 (n.a.) {6/2025},263.45 (n.a.) {263.45},265.51,85.00
107,6-laning of vijayawada bypass from gollapudi (design ch. 30+000) to chinnakakani (design ch. 47+881) (nhai) (n24001301),11-2019,1/2024 (n.a.) {7/2024},1,601.10 (n.a.) {1,601.10},1,445.67,92.34
108,rehabilitation and upgradation to 2-lane with paved shoulders configuration of paderu- gondiguda sect (morth) (n24001386),8-2020,3/2021 (n.a.) {6/2025},222.61 (n.a.) {222.61},183.91,95.00
109,polavaram irrigation project (ppa) (n30000002),2-2009,3/2020 (mar-2027) {12/2027},10,151.04 (n.a.) {55,548.87},23,775.68,76.00
110,construction of new green field airport at hollongi itanagar arunachal pradesh (aai) (n04000092),2-2019,8/2022 (jul-2025) {7/2025},645.63 (732.00) {732.00},694.26,99.89
111,subansiri lower h.e.p (8x250 mw) (nhpc) (nhpc) (180100221),9-2003,9/2010 (n.a.) {5/2026},6,285.33 (n.a.) {26,075.54},24,484.77,96.60
112,dibang multipurpose project 2880 mw arunachal pradesh (nhpc) (n18000362),2-2023,2/2032 (n.a.) {2/2032},31,876.39 (n.a.) {31,876.39},3,380.24,15.81
113,hunli to hayuliang pkg-1 (nhidcl) (n24002222),2-2024,2/2028 (n.a.) {2/2028},1,262.43 (n.a.) {1,262.43},12.12,2.76
114,hunli to ithun bridge section (nhidcl) (n24002223),2-2024,1/2027 (n.a.) {1/2027},275.50 (n.a.) {275.50},7.61,7.88
115,pango to jorging road pkg-1 (nhidcl) (n24002224),1-2024,7/2027 (n.a.) {7/2027},898.19 (n.a.) {898.19},16.01,4.25
116,two laning of joram koloriang road (nh 713) on epc basis from design km. 138+000 to km. 154+036 [ex (nhidcl) (n24000683),2-2017,11/2023 (mar-2024) {12/2024},180.57 (244.10) {180.57},160.46,96.62
117,construction of 2-lane road with paved shoulders from km16.00 of roing-hunli section to km 21.500 of (nhidcl) (n24000946),3-2017,3/2022 (jun-2025) {12/2025},1,718.59 (1,718.59) {1,718.59},742.36,73.84
118,two-laning of hayuliang? hawai bypass road on epc basis from design km. 51.825 to km. 63.131 existi (nhidcl) (n24000979),1-2017,5/2023 (may-2023) {3/2025},256.66 (n.a.) {256.66},0.00,63.59
119,construction of 2-laning with hard shoulders of arrowa- khupa-hayuliang section of nh- 113 from ch.68. (nhidcl) (n24001244),8-2020,4/2022 (apr-2025) {4/2025},301.06 (n.a.) {301.06},205.71,100.00
120,construction of 2 lane road of potin to pangin section of nh 13 from km 163.59 to km 206.66 (package (morth) (n24001297),3-2019,3/2027 (n.a.) {3/2027},450.65 (n.a.) {450.65},398.18,95.84
121,4 laning of itanagar to bandardewa section of nh-415 from km 40+430 to km 51+735 (package b) on epc (morth) (n24001375),6-2020,3/2027 (n.a.) {3/2027},496.47 (n.a.) {496.47},194.62,44.56
122,joram ? koloriang road from existing km 50.050 to km 70.00 (pkg- 3) (nhidcl) (n24001390),8-2020,4/2022 (aug-2024) {9/2024},228.71 (n.a.) {228.71},98.86,99.52
123,joram ? koloriang road from existing km122.600 to km138.00 (pkg-7) (nhidcl) (n24001393),8-2020,4/2022 (feb-2024) {7/2025},184.88 (n.a.) {184.88},99.32,97.42
124,construction of new integrated terminal building at lgbi airport guwahati (aai) (n04000083),12-2016,3/2021 (sep-2025) {9/2025},1,142.00 (n.a.) {2,333.00},1,948.45,89.66
125,tikak extension ocp - 0.2 mty (cil) (n06000290),7-2022,11/2030 (n.a.) {11/2030},159.77 (n.a.) {159.77},81.45,-
126,tirap ocp (cil) (n06000291),11-2022,11/2027 (n.a.) {11/2027},289.46 (n.a.) {289.46},105.59,-
127,all india institute of medical science at guwahati, assam (hites) (n21000027),5-2017,5/2021 (apr-2023) {6/2025},875.00 (873.92) {860.00},796.74,99.62
128,development of surface facilities for production and evacuation of crude oil and natural gas from na (oil) (n16000331),1-2018,2/2020 (jun-2025) {12/2025},543.91 (726.93) {726.93},491.56,93.98
129,numaligarh refinery expansion project 6 mmtpa refinary (nrl) (n16000379),1-2019,10/2024 (n.a.) {12/2025},12,366.00 (n.a.) {18,968.00},16,357.82,74.92
130,numaligarh refinery expansion project coit and pipelines (nrl) (n16000394),1-2019,10/2024 (n.a.) {9/2025},10,228.00 (n.a.) {9,058.00},9,579.31,85.10
131,expansion of guwahati refinery from 1 to 1.2 mmtpa along with installation of catalytic reforming un (iocl) (n16000414),5-2021,10/2023 (may-2026) {5/2026},412.00 (595.20) {595.20},396.15,83.40
132,revamping of facilities at existing guwahati terminal, assam (iocl) (n16000441),3-2022,7/2026 (sep-2026) {9/2026},277.00 (n.a.) {277.00},181.63,67.67
133,upgradation of facilities of numaligarh-siliguri product pipeline (nspl) for transportation of addit (oil) (n16000449),6-2021,12/2024 (jul-2025) {10/2025},860.00 (n.a.) {860.00},535.46,97.50
134,project to construct a field gas gathering station at baghjan area for collection,processing (oil) (n16000450),12-2020,7/2024 (jun-2025) {12/2025},430.76 (n.a.) {430.76},320.71,83.94
135,capacity expansion of digboi refinery from 0.65 to 1.0 mmtpa (iocl) (n16000457),6-2022,10/2025 (n.a.) {3/2026},768.00 (n.a.) {768.00},101.15,34.60
136,construction of lpg facilities at kamardanga, assam (hpcl) (n16000484),3-2023,7/2027 (jul-2027) {7/2027},156.36 (156.36) {156.36},44.33,35.40
137,setting up of new rail fed pol facility at kamardanga, assam (hpcl) (n16000494),3-2023,7/2027 (jul-2027) {7/2027},384.04 (n.a.) {384.04},97.54,44.00
138,power recovery turbine in pfccu (nrl) (n16000510),3-2023,7/2025 (n.a.) {7/2025},293.50 (n.a.) {293.50},97.22,92.00
139,dcu revamp project (nrl) (n16000511),8-2021,3/2025 (n.a.) {10/2025},370.00 (n.a.) {370.00},255.51,55.00
140,pipeline network project rudrasagar (ongc) (n16000528),1-2023,4/2026 (n.a.) {4/2026},344.99 (n.a.) {344.99},208.56,46.30
141,borholla ggs life extension project (ongc) (n16000532),9-2023,5/2026 (n.a.) {5/2026},198.70 (n.a.) {198.70},99.52,27.30
142,bongaigaon-goalpara-guwahati (176 km) (nfr) (n22000388),4-2015,3/2026 (n.a.) {3/2027},4,059.65 (n.a.) {4,962.40},3,668.09,92.31
143,jogighopa bridge (nhidcl) (n24001434),8-2021,11/2024 (n.a.) {12/2026},746.76 (n.a.) {746.76},344.27,67.85
144,daboka kathkati package-6 (nhidcl) (n24001450),9-2021,7/2024 (n.a.) {5/2025},625.64 (n.a.) {625.64},556.44,100.00
145,daboka kathkati package-7 (nhidcl) (n24001537),11-2021,7/2024 (n.a.) {7/2025},204.10 (n.a.) {204.10},143.66,96.80
146,four laning of srirampur-dhubri pkg-2 (nhidcl) (n24001544),3-2022,1/2025 (n.a.) {6/2025},909.02 (n.a.) {909.02},532.44,100.00
147,6l standalone flyovers at raha, demow, borghat, kathiatali junctions and rob at jagiroad on stretche (nhai) (n24001545),8-2022,12/2022 (sep-2024) {6/2024},175.00 (n.a.) {175.00},209.02,100.00
148,balance work of 4l of narimbanglo?jatinga junction- harangajo road section from km 0.000 to km 49.23 (nhai) (n24001547),3-2022,1/2026 (n.a.) {1/2026},1,909.98 (n.a.) {1,909.98},683.00,78.92
149,6l standalone flyovers at bongaigaon, chapaguri, pathsala, simlaguri chowk and baihata bypass juncti (nhai) (n24001548),3-2022,6/2024 (n.a.) {5/2025},457.72 (n.a.) {457.72},366.34,100.00
150,srirampur - dhubri pkg-1 (nhidcl) (n24001831),3-2022,2/2025 (n.a.) {11/2026},613.89 (n.a.) {613.89},110.76,35.77
151,dibrugarh-lahoal-chabua bypass package-3 (nhidcl) (n24001832),1-2023,5/2025 (n.a.) {11/2025},458.59 (n.a.) {458.59},205.87,66.12
152,construction of mangaldoi bypass (nh-15) starting at ch 26+400 and terminating at ch 41+505 under ra (morth) (n24001840),3-2022,4/2025 (n.a.) {3/2026},535.03 (n.a.) {535.03},102.23,34.54
153,widening and upgradation to two lanes with paved shoulders road from tamenglong to mahur (nh-137) i (nhidcl) (n24001969),3-2023,8/2025 (n.a.) {8/2025},904.04 (n.a.) {904.04},409.15,68.26
154,widening and upgradation to two lanes with paved shoulders road from tamenglong to mahur (nh-137) in (nhidcl) (n24001970),3-2023,8/2025 (n.a.) {8/2025},860.37 (n.a.) {860.37},417.17,68.60
155,widening and upgradation to two lanes with paved shoulders road from tamenglong to mahur (nh-137) in (nhidcl) (n24001971),3-2023,8/2025 (n.a.) {8/2025},890.33 (n.a.) {890.33},467.83,65.56
156,widening/improvement to 4-lane with paved shoulder from km 0+800 (kandulijan gaon) to km 27+701 (si (nhidcl) (n24001972),3-2023,4/2026 (n.a.) {4/2026},609.16 (n.a.) {609.16},323.24,98.48
157,widening/improvement to 4-lane with paved shoulder from km 27+701 (simen chapori) to km 55+000 (nag (nhidcl) (n24001973),3-2023,2/2026 (n.a.) {2/2026},562.05 (n.a.) {562.05},303.89,99.06
158,bilasipura-guwahati road pkg-8 (nhidcl) (n24002021),3-2023,12/2026 (n.a.) {12/2026},1,457.59 (n.a.) {1,457.59},551.88,47.50
159,bilasipura-guwahati road pkg-9 (nhidcl) (n24002022),3-2023,6/2026 (n.a.) {6/2026},1,000.27 (n.a.) {1,000.27},308.11,29.01
160,bilasipura-guwahati road pkg-10 (nhidcl) (n24002023),3-2023,6/2026 (n.a.) {6/2026},1,264.90 (n.a.) {1,264.90},425.17,27.99
161,daboka bypass of daboka - parokhaowa pkg -1 (nhidcl) (n24002024),1-2023,11/2025 (n.a.) {11/2025},516.88 (n.a.) {516.88},242.92,75.51
162,2 lane with paved shoulder from km 16+900 (bogapani) to km 27+150 (golai gaon) on existing dibrugarh (nhidcl) (n24002025),1-2023,12/2025 (n.a.) {12/2026},356.65 (n.a.) {356.65},134.02,18.15
163,development of external trunk connectivity and internal infrastructure works at multi model logistic (nhidcl) (n24002030),2-2020,3/2022 (n.a.) {9/2024},592.06 (n.a.) {592.06},308.87,100.00
164,silchar vairengte sairang road pkg-1 (nhidcl) (n24002127),2-2023,7/2026 (n.a.) {7/2026},1,256.90 (n.a.) {1,256.90},539.19,40.36
165,silchar vairengte sairang road pkg-2 (nhidcl) (n24002128),3-2023,8/2026 (n.a.) {8/2026},1,716.21 (n.a.) {1,716.21},989.94,64.56
166,four lanning of badarpur bypass from design chainage km 27+300 at crossing with nh-6 (nhidcl) (n24002129),2-2023,8/2026 (n.a.) {8/2026},574.26 (n.a.) {574.26},297.70,54.97
167,tamenglong- mahur road pkg-7 (nhidcl) (n24002130),12-2023,3/2026 (n.a.) {3/2026},846.82 (n.a.) {846.82},407.11,68.95
168,construction of 4-lane panchgram bypass from design chainage km 15+500 on nh-37 (old nh-53) at kalin (nhidcl) (n24002154),3-2023,2/2027 (n.a.) {2/2027},728.97 (n.a.) {728.97},290.90,43.16
169,widening/improvement to 4-lane with paved shoulder from km 55+000 (nagabang gamsuk) to km 82+514 (oy (nhidcl) (n24002155),3-2023,3/2027 (n.a.) {3/2027},665.47 (n.a.) {665.47},213.67,50.88
170,bilasipura- guwahati road pkg-1 (nhidcl) (n24002225),2-2024,8/2027 (n.a.) {8/2027},1,081.15 (n.a.) {1,081.15},33.93,2.76
171,silchar-jiribam pkg-1 (nhidcl) (n24002226),1-2024,1/2028 (n.a.) {1/2028},957.95 (n.a.) {957.95},0.00,21.98
172,bilasipura- guwahati road pkg-2 (nhidcl) (n24002229),11-2023,6/2027 (n.a.) {6/2027},1,338.61 (n.a.) {1,338.61},0.50,-
173,badarpur ? churaibari pkg-6 (nhidcl) (n24002230),3-2024,3/2027 (n.a.) {3/2027},870.00 (n.a.) {870.00},0.00,5.86
174,karimgani - sutarkandi section on silchar-churaibari pkg-7 (nhidcl) (n24002231),2-2024,2/2027 (n.a.) {2/2027},791.79 (n.a.) {791.79},0.00,1.02
175,construction of 4 lane gauripur bypass on nh-17 in the state of assam (morth) (n24002237),3-2024,10/2026 (n.a.) {10/2026},421.15 (n.a.) {421.15},0.00,-
176,construction of 2 lane barpeta bypass from km 77+900(baradi) to km 86+150( deurikuchi) (length=8.25k (morth) (n24002238),3-2023,8/2026 (n.a.) {8/2026},173.65 (n.a.) {173.65},0.00,-
177,silchar- churaibari pkg-5 (nhidcl) (n24002243),2-2024,10/2027 (n.a.) {10/2027},1,258.13 (n.a.) {1,258.13},0.00,-
178,4 laning of jorhat to jhanji section from km. 453.00 to km. 491.08 (design km 403.200 to km 454.240) (nhidcl) (n24000319),6-2015,8/2023 (n.a.) {7/2025},437.39 (n.a.) {437.39},586.89,97.43
179,four laning of jhanjhi jn to demow section from km. 491.050 to km. 535.250(design km 490.800 to km 5 (nhidcl) (n24000320),6-2015,3/2024 (n.a.) {10/2025},463.49 (n.a.) {463.49},517.62,78.19
180,4 laning from jamuguri to biswanath chariali from km 182 to km 208 of nh-52 (nhidcl) (n24000431),1-1991,6/2019 (jun-2019) {7/2025},520.01 (n.a.) {520.01},306.13,98.42
181,4 laning from rangagara to kaliabhor tinali from km 297.00 to km 315.315 of nh-37 on epc basis. (nhidcl) (n24000438),12-2015,12/2018 (jul-2021) {12/2025},289.99 (n.a.) {289.99},233.23,88.03
182,4 laning of nh-37 section between demow to end of moran bypass (from km. 534.800 to km. 561.700) o (nhidcl) (n24000582),1-2016,1/2016 (n.a.) {7/2025},294.17 (n.a.) {294.17},396.49,98.40
183,4 laning of nh 37 section between end of moran bypass to bogibeel junction near lapetketa (km. 561 (nhidcl) (n24000583),1-2016,12/2021 (n.a.) {7/2025},252.00 (n.a.) {330.30},242.97,95.42
184,4-laning of hapachara - tulungia section (nhidcl) (n24001246),3-2020,12/2022 (n.a.) {6/2024},220.20 (n.a.) {220.20},217.31,97.76
185,2-laning of churachandpur tuivai section of nh-102b (pkg- ib) (nhidcl) (n24001269),3-2020,3/2022 (jun-2025) {8/2025},216.49 (241.52) {216.49},114.38,87.02
186,4-l dhubri phulbari bridge with approach road (nhidcl) (n24001326),11-2020,9/2028 (n.a.) {9/2028},4,997.04 (n.a.) {4,997.04},2,464.49,62.82
187,2-laning from yaingangpokpi to finch corner (pkg-i) (nhidcl) (n24001331),3-2020,6/2022 (may-2025) {12/2025},261.13 (n.a.) {261.13},70.08,57.50
188,2-laning from yaingangpokpi to finch corner (pkg-ii) (nhidcl) (n24001332),3-2020,6/2022 (apr-2025) {12/2025},217.50 (n.a.) {217.50},89.21,68.03
189,daboka kathkati package-5 (nhidcl) (n24001366),3-2021,1/2023 (n.a.) {11/2024},288.85 (n.a.) {288.85},247.78,100.00
190,tulungia-jogighopa-paikan road pkg-7 (nhidcl) (n24001368),3-2021,1/2024 (n.a.) {10/2025},286.72 (n.a.) {286.72},159.30,82.90
191,construction of 2-lane major bridge including approachesover brahmaputra between majuli on north ban (morth) (n24001408),2-2021,7/2025 (n.a.) {7/2025},925.47 (1,019.17) {925.47},192.50,30.65
192,construction of new dornestic terminal building and other structures, phase i and ii (aai) (n04000082),5-2018,10/2022 (nov-2025) {11/2025},1,216.90 (n.a.) {1,216.90},1,029.05,93.14
193,darbhanga:development of new civil enclave at darbhanga, bihar. sh- construction of new terminal bui (aai) (n04000112),7-2024,7/2026 (n.a.) {7/2026},911.66 (n.a.) {911.66},113.58,20.75
194,construction of academic and residential complex under phase-ii for the campus of iit patna (cpwd education) (n28000100),2-2016,6/2017 (n.a.) {1/2024},496.18 (496.00) {460.00},390.15,100.00
195,permanent campus for iim bodh gaya (cpwd education) (n42000009),9-2018,9/2020 (n.a.) {3/2025},375.00 (n.a.) {375.00},342.18,100.00
196,barauni refinery capacity expansion from 6.0 to 9.0 mmtpa (iocl) (n16000386),1-2020,4/2023 (aug-2026) {8/2026},14,810.00 (18,113.00) {18,113.00},11,055.42,89.00
197,cgd project at khagaria, saharsa and madhepura (iocl) (n16000423),6-2019,12/2029 (mar-2030) {3/2030},163.00 (n.a.) {163.00},96.08,40.10
198,installation of bitumen manufacturing unit along with allied facilities at barauni (iocl) (n16000453),1-2022,4/2025 (n.a.) {5/2026},389.00 (n.a.) {389.00},38.25,35.40
199,city gas distribution projects at gopalganj siwan west champaran east champaran and deoria districts (bpcl) (n16000523),12-2022,6/2030 (n.a.) {6/2030},3,919.00 (n.a.) {3,919.00},382.99,13.60
200,city gas distribution projects at darbhanga, madhubani, supaul, sitamarhi and sheohar districts (bpcl) (n16000524),12-2022,3/2030 (n.a.) {3/2030},3,638.00 (n.a.) {3,638.00},390.34,20.80
201,barh stpp(3x660mw) ntpc (ntpc) (180100242),2-2005,10/2011 (jul-2023) {3/2025},8,692.97 (21,312.11) {21,312.11},22,561.37,95.00
202,buxar thermal power plant (1320 mw) (sjvn) (n18000194),3-2019,1/2024 (n.a.) {10/2025},10,439.09 (n.a.) {14,390.09},11,845.16,91.56
203,eastern region expansion scheme: 43 [eres: 43] (pgcil) (n18000421),5-2025,5/2026 (n.a.) {5/2026},343.00 (n.a.) {343.00},0.00,-
204,eastern region expansion scheme: 44 [eres: 44] (pgcil) (n18000422),5-2025,5/2026 (n.a.) {5/2026},409.00 (n.a.) {409.00},0.00,-
205,khagaria-kusheshwar asthan (nl) (ecr) (ecr) (220100257),4-1997,12/2024 (n.a.) {3/2027},614.45 (614.45) {614.45},483.57,52.00
206,hajipur-sugauli via vaishali (nl), ecr (ecr) (220100303),4-2003,12/2014 (n.a.) {12/2026},2,066.78 (2,087.36) {2,087.36},2,454.59,73.00
207,new b.g. line from araria to galgalia (thakurgung), nefr (nfr) (n22000087),9-2006,12/2024 (n.a.) {6/2025},2,650.00 (2,132.03) {4,351.54},4,074.75,92.00
208,sakri-hasanpur road (nl) (ecr) (n22000171),4-1999,(n.a.) {3/2027},325.00 (735.20) {735.20},604.94,78.00
209,araria-supaul (nl) (ecr) (n22000177),4-2008,3/2024 (n.a.) {5/2025},1,605.17 (1,605.17) {1,605.17},1,749.92,65.00
210,jaynagar-bijalpura including extension bijalpura- bardibas(nepal) gc (ecr) (n22000181),4-2009,3/2022 (n.a.) {3/2026},819.00 (548.00) {783.83},566.62,75.00
211,samastipur-darbangha (ecr) (n22000329),5-2015,3/2025 (n.a.) {10/2025},519.33 (519.33) {519.33},651.94,80.00
212,kiul - gaya doubling project (ecr) (n22000349),12-2015,9/2024 (n.a.) {2/2025},2,462.11 (1,200.20) {1,771.07},1,896.91,99.00
213,rampur dumra - tal - rajendrapul doubling including ganga bridge (ecr) (n22000350),12-2015,12/2024 (n.a.) {12/2025},2,373.64 (1,491.47) {1,600.00},1,776.70,77.00
214,sagauli valmikinagar doubling 109.7 km (ecr) (n22000472),4-2016,12/2024 (n.a.) {6/2025},1,215.54 (1,215.54) {1,215.54},1,595.74,91.00
215,muzaffarpur sagauli doubling 100.60 km (ecr) (n22000473),4-2016,6/2024 (n.a.) {5/2025},1,586.22 (1,185.73) {1,300.00},1,487.54,96.00
216,fatuha-islampur incl. mm for extension of new line form biharsharif-barbigha, daniyawan- biharsharif, (ecr) (n22000476),4-1991,3/2023 (n.a.) {5/2025},1,473.30 (803.09) {2,722.16},2,794.05,90.00
217,barauni- bachwara 3rd and 4th line (ecr) (n22000524),7-2022,7/2027 (n.a.) {12/2025},486.00 (n.a.) {486.00},135.31,33.00
218,jhajha - batia (umbrella work pb#23/2018-19/nr) (ecr) (n22000526),2-2019,6/2028 (n.a.) {12/2026},496.47 (n.a.) {496.47},22.55,-
219,sonenagar bye pass line from chiralapothu to bagha bishunpur (ecr) (n22000528),10-2022,10/2027 (n.a.) {12/2026},234.00 (223.69) {223.69},22.57,-
220,katihar-kumedpur and katihar- mukuria (64.5 km) (umbrella work pb#57/2019-20/nr) (nfr) (n22000570),8-2022,8/2027 (n.a.) {8/2026},745.00 (n.a.) {1,500.00},356.14,35.00
221,4l greenfield alignment from kalyanapur to tal dashraha of nh-119d (pkg-iii) (nhai) (n24001697),2-2023,2/2025 (n.a.) {12/2025},1,358.00 (n.a.) {1,358.00},228.72,22.00
222,four laning of munger to mirzachauki (nh-80) section from near rasulpur to mirzachauki (design ch (nhai) (n24001698),8-2022,8/2024 (dec-2025) {12/2025},1,198.02 (n.a.) {1,198.02},43.77,-
223,construction of 4 lane elevated section and at- grade improvements at begusarai town section of nh-3 (nhai) (n24001699),3-2022,12/2024 (dec-2025) {12/2025},312.58 (n.a.) {312.58},205.99,85.88
224,six lanning of aurangabad to bihar/jharkhand border section of nh-19 (old nh-2) from km. 209.827 to (nhai) (n24001700),12-2021,3/2024 (dec-2024) {12/2024},552.55 (553.00) {553.00},378.25,86.60
225,four laning of munger to mirzachauki (nh-80) section from start of existing bhagalpur bypass to rasu (nhai) (n24001701),4-2022,4/2024 (sep-2025) {9/2025},1,769.50 (n.a.) {1,769.50},69.23,-
226,construction of 4 lane elevated highway and at-grade improvements at gopalganj town from design ch: (nhai) (n24001702),12-2021,9/2024 (n.a.) {6/2025},184.90 (185.00) {185.00},166.56,99.78
227,6 l of aurangabad to bihar- jharkhand border (chordaha) section from km. 180.000 to km. 209.827 of n (nhai) (n24001703),2-2022,5/2025 (n.a.) {5/2025},786.81 (787.00) {787.00},0.00,8.30
228,four laning of munger to mirzachauki (nh-80) section from kharia village junction to start of existi (nhai) (n24001704),3-2021,3/2024 (sep-2025) {9/2025},1,020.84 (n.a.) {1,020.84},163.19,-
229,four laning of munger to mirzachauki (nh-80) section from munger to kharia village junction design c (nhai) (n24001705),3-2022,3/2024 (dec-2025) {12/2025},1,485.66 (n.a.) {1,485.66},35.16,-
230,bakhtiyarpur rajauli pkg-ii from km 54.405 to km 101.630 nh20 (nhai) (n24001709),9-2020,4/2023 (dec-2024) {12/2024},897.45 (n.a.) {1,090.00},1,037.63,97.85
231,four laning of pararia to mohania section of nh 319 (old nh 30) from km. 54+530 (design chainage) to (nhai) (n24001712),8-2020,7/2023 (may-2025) {5/2025},690.00 (n.a.) {690.00},770.73,98.90
232,balance work of two laning with paved shoulder of piprakothi?motihari- raxaul section of nh-28a fro (nhai) (n24001715),12-2018,10/2020 (n.a.) {1/2024},333.60 (466.59) {461.41},460.38,100.00
233,improvement to two lane with paved shoulders of nh 122b from km 29.730 to km 72.348 in state of bih (morth) (n24001870),2-2022,11/2024 (n.a.) {11/2025},624.43 (n.a.) {624.43},292.16,88.00
234,widening and strenthening from km 70.15 to km 121.025 of nh-80 (morth) (n24001875),3-2021,1/2025 (n.a.) {7/2025},477.54 (n.a.) {477.54},360.27,94.50
235,widening and strenthening from km132.895 to km 190.15 nh-80 (morth) (n24001876),3-2021,3/2024 (n.a.) {9/2025},566.15 (n.a.) {566.15},258.29,58.60
236,construction of new 4-lane bridge (parallel to existing vikramashila setu)from km 8+920 to km 13+375 (morth) (n24001877),7-2020,5/2027 (n.a.) {5/2027},1,110.23 (n.a.) {1,110.23},478.96,42.90
237,improvement to two lane with paved shoulders of nh-319a from km 0 to km 45 in state of bihar under (morth) (n24001878),2-2022,12/2024 (n.a.) {7/2025},427.29 (n.a.) {427.29},210.22,80.00
238,construction of proposed 4_lane revelgunj bypass nh-19 in the state of bihar on epc mode connecting (morth) (n24001879),3-2022,7/2025 (n.a.) {10/2025},295.24 (n.a.) {295.24},93.14,63.05
239,construction of 6- lane bridge and its approaches across river ganga as part of patna ring road (nh- (nhai) (n24002062),3-2023,9/2027 (n.a.) {9/2028},3,012.27 (n.a.) {3,012.27},303.67,10.83
240,balance work - wb-10 (gandak bridge) km 402.00 to km 440.00 (devanpur - kotwa) (nhai) (n24002063),12-2021,1/2024 (n.a.) {3/2026},210.05 (n.a.) {210.05},104.35,69.00
241,permanent rectification of 3 nos. of black spots in project highway nh-27 of u.p border - dewapur - (nhai) (n24002064),12-2022,12/2025 (n.a.) {12/2025},381.80 (n.a.) {381.80},119.56,52.00
242,4l greenfield alignment of amas to shivrampur from 0.000 km. to 55.002 km. of nh 119 d (pkg-i) (nhai) (n24002065),2-2022,3/2025 (n.a.) {3/2025},1,390.92 (n.a.) {1,390.92},17.54,22.56
243,4l greenfield alignment of shivrampur to ramnagar from km. 55.002 to km. 109.300 of nh 119 d (pkg-i (nhai) (n24002066),2-2022,7/2025 (n.a.) {7/2025},1,494.31 (n.a.) {1,494.31},38.28,4.59
244,improvement of 2 lane with paved shoulder of stretch from bikramganj dawath melayabagh nawanagr -dum (morth) (n24002133),3-2021,3/2025 (n.a.) {8/2025},178.63 (n.a.) {178.63},124.52,96.00
245,construction of 4 lane rob and its approaches at the level of crossing (l c no. 29-b) of km 29 (ekan (morth) (n24002193),3-2023,7/2026 (n.a.) {7/2026},201.08 (n.a.) {201.08},25.42,28.00
246,construction of 6-lane elevated / extra dose cable bridge on river ganga parallel to and western sid (morth) (n24002194),1-2024,11/2027 (n.a.) {11/2027},3,064.45 (n.a.) {3,064.45},142.38,5.19
247,estimate for improvement to two lane with paved shoulder from ramnagar to roseda from (km 3.500 to 4 (morth) (n24002195),1-2022,4/2026 (n.a.) {4/2026},495.16 (n.a.) {495.16},134.57,11.50
248,construction of bhabhua bypass from ch. 10+800(design ch. 10+800) to ch. 19+860 (design ch. 18+150) (morth) (n24002196),2-2022,3/2026 (n.a.) {7/2026},179.86 (n.a.) {179.86},26.15,-
249,improvement to two lane with paved shoulder from junction of nh-22 near hajipur to junction of nh-12 (morth) (n24002197),2-2024,2/2026 (n.a.) {2/2026},226.15 (n.a.) {226.15},14.44,20.00
250,improvement to two lane with paved shoulders of bh/wbborder-amdabad-manihari section from design km (morth) (n24002198),1-2022,3/2026 (n.a.) {3/2026},353.27 (n.a.) {353.27},29.82,2.50
251,permanent rectification of 4 nos. of blackspots on nh 27 of kotwa mehsi muzaffarpur section from (nhai) (n24002220),12-2022,11/2026 (n.a.) {11/2026},410.75 (n.a.) {410.75},50.64,26.20
252,4l of greenfield alignment from km. 47.000 to km. 89.210 of balbhadarpur to bela nawda section of nh (nhai) (n24002221),2-2022,3/2026 (n.a.) {3/2026},2,185.75 (n.a.) {2,185.75},595.71,12.84
253,patna-muzzaffarpur (nhai) (n24000165),8-2010,2/2013 (n.a.) {6/2025},671.30 (n.a.) {671.30},1,830.13,98.87
254,4-lanning of chapra-hajipur (nhai) (n24000187),1-2011,7/2013 (jan-2026) {1/2026},575.00 (n.a.) {575.00},573.48,89.81
255,rehabilitation and upgrading to 2 lanes/2 lane with paved shoulders configuration of birpur - bihpur (morth) (n24000382),1-2014,10/2019 (aug-2025) {8/2025},675.00 (n.a.) {780.77},764.76,97.50
256,four of simaria - khagaria section of nh-31 (nhai) (n24000480),12-2015,4/2019 (mar-2025) {11/2025},1,041.10 (567.00) {639.58},553.73,97.68
257,four laning of bakhtiyarpur - mokama section of nh-31 (nhai) (n24000507),12-2015,12/2019 (n.a.) {8/2025},1,167.45 (n.a.) {1,182.94},775.79,99.43
258,rehabilitation and upgrading to 2 lanes/2 lane with paved shoulders (km 40 to km 219.945) of nh-104 (morth) (n24000531),2-2016,11/2018 (n.a.) {8/2025},319.68 (n.a.) {503.28},453.00,98.80
259,construction of rehabilitation and upgrading to 2 lanes/2 lane(for lot-i-km 40.00 to km 65.400 and k (morth) (n24000576),2-2016,5/2016 (n.a.) {8/2025},178.85 (n.a.) {278.54},232.61,98.35
260,procurement, and construction of rehabilitation and upgrading to 2 lanes/2 lane(for lot-iii-km 156.5 (morth) (n24000578),2-2016,5/2016 (n.a.) {8/2025},553.30 (n.a.) {706.39},712.38,98.00
261,four laning of gaya-hisua- rajgiri-nalanda-biharsharif section (km0.00 to 92.935) on nh-82 in bihar (morth) (n24000579),1-2014,10/2016 (n.a.) {8/2025},1,408.85 (n.a.) {2,138.16},1,739.19,97.00
262,two-lanning with paved shoulder of mahshkunt-saharsa- purnea section from existing km.89.020 (design (nhai) (n24000665),3-2017,3/2020 (dec-2025) {12/2025},672.89 (893.92) {893.92},714.74,86.71
263,six lanning of aunta- simaria(ganga bridge with approach roads) section of nh- 31 (nhai) (n24000696),8-2017,2/2022 (oct-2024) {8/2025},950.64 (1,161.00) {1,168.33},1,156.29,99.56
264,construction of new link (nh- 133b) from km 0/00 (km 200/87 of sahibanj bypass) in jharkhand to km 15 (nhai) (n24000714),12-2017,10/2024 (dec-2026) {12/2026},2,598.00 (n.a.) {1,978.01},1,427.02,77.90
265,rehabilitation and upgradation of two laning of maheshkhunt - saharsa - purnea section pkg - i (nhai) (n24000723),1-2018,12/2021 (aug-2025) {12/2025},573.70 (644.50) {726.99},509.99,82.51
266,development of newly declared nh-527c from majhauli to charout section to 2 lane with paved shoulder (nhai) (n24000813),3-2018,11/2021 (dec-2024) {8/2025},496.20 (470.18) {470.18},399.41,98.50
267,construction of a new 4 lane major bridge across river kosi at phulaut including rhabilitation and (morth) (n24000943),9-2018,6/2024 (n.a.) {5/2026},1,478.40 (n.a.) {1,478.40},972.42,75.15
268,construction of a new 4 lane bridge parallel to existing mg setu with its approaches from km 0.00 (morth) (n24001201),2-2019,9/2024 (n.a.) {9/2026},2,926.42 (n.a.) {2,926.42},1,354.63,59.29
269,balance work of 4- laning of patna-gaya-dobhi section (km. 0.00 to km. 127.217) of nh-83 in the stat (nhai) (n24001303),10-2013,12/2020 (dec-2024) {12/2024},649.90 (n.a.) {750.00},711.53,98.30
270,balance work of 4- laning of patna-gaya-dobhi section (km. 39.00 to km. 83.00) of nh-83 in the state (nhai) (n24001304),10-2013,11/2020 (dec-2024) {12/2024},446.97 (598.48) {740.50},638.80,96.30
271,balance work of 4- l aning of patna-gaya-dobhi section (km.83.00 to km. 127.217) of nh-83 in the sta (nhai) (n24001305),10-2013,11/2020 (dec-2024) {12/2024},464.09 (605.53) {765.12},698.25,97.30
272,construction of 2 lane bridge across river kosi with approach road from bheja to bakaur section of n (nhai) (n24001371),10-2019,8/2023 (apr-2026) {4/2026},1,101.99 (n.a.) {1,101.99},890.20,78.48
273,patna metro rail corporation limited (patna metro rai) (n28000148),2-2019,6/2024 (n.a.) {6/2024},13,365.77 (n.a.) {13,925.50},3,318.85,45.31
274,sewer network sps and stp begusarai (buidco) (n30000026),3-2018,7/2021 (dec-2019) {4/2025},230.06 (n.a.) {230.06},261.47,97.00
275,i and d and stp works for bhagalpur (buidco) (n30000027),10-2017,9/2020 (nov-2020) {9/2025},254.13 (413.29) {413.29},126.67,90.00
276,sewer networks sps and stp hajipur (buidco) (n30000035),3-2018,8/2021 (mar-2018) {9/2025},305.19 (n.a.) {305.19},346.46,95.00
277,sewer networks, sps and stp, munger (buidco) (n30000036),3-2018,10/2021 (mar-2018) {6/2024},294.02 (350.79) {522.85},428.70,100.00
278,saidpur sewer network patna (buidco) (n30000039),4-2015,1/2021 (n.a.) {6/2022},268.63 (n.a.) {493.85},491.13,100.00
279,sewerage system with sewer network patna karmalichak (buidco) (n30000044),3-2017,5/2021 (mar-2017) {2/2023},277.42 (253.98) {277.42},355.31,100.00
280,sewerage system and stp for kankarbag zone patna (buidco) (n30000050),8-2017,6/2022 (n.a.) {12/2025},578.89 (453.83) {578.89},165.88,53.00
281,sewerage system and stp for digha zone, patna (buidco) (n30000051),8-2017,6/2022 (n.a.) {12/2025},824.00 (734.09) {824.00},385.33,55.00
282,gevra expansion ocp (secl) (35-70) mty (secl) (060100093),6-2010,3/2023 (mar-2026) {3/2026},11,816.40 (n.a.) {11,816.40},6,617.04,77.20
283,pelma ocp(15.00mty) (secl) (n06000045),10-2022,3/2023 (n.a.) {3/2033},1,624.59 (n.a.) {1,725.04},15.53,17.00
284,chhal oc seam -iii (6.00 mty) (secl) (n06000104),12-2013,3/2022 (jun-2025) {6/2025},610.63 (n.a.) {610.63},576.48,85.00
285,amera oc rce (secl) (n06000123),2-2015,3/2018 (mar-2026) {3/2026},335.97 (n.a.) {335.97},87.47,42.00
286,amgaon opencast project rce (secl) (n06000135),7-2015,3/2020 (mar-2026) {3/2026},316.10 (n.a.) {316.10},188.33,71.00
287,mahamaya opencast project (secl) (n06000164),5-2018,3/2026 (n.a.) {3/2026},410.26 (n.a.) {410.26},180.94,38.00
288,jhiria west opencast project (secl) (n06000166),1-2024,3/2029 (n.a.) {3/2029},366.94 (n.a.) {366.94},33.67,41.00
289,baroud oc expansion (3-10 mty) (secl) (n06000197),8-2020,3/2029 (n.a.) {3/2029},2,309.80 (n.a.) {2,309.80},916.35,47.00
290,jampali ocp rce (secl) (n06000198),5-2020,3/2024 (mar-2025) {6/2025},278.64 (n.a.) {278.64},210.90,82.00
291,porda chimtapani ocp (10 mty) (secl) (n06000199),12-2020,3/2029 (n.a.) {3/2029},2,310.12 (n.a.) {2,310.12},83.30,10.00
292,dipka oc expansion 40 mty (secl) (n06000200),12-2020,3/2029 (n.a.) {3/2029},5,241.40 (n.a.) {5,241.40},2,821.87,37.30
293,jagannathpur oc rce (3.0 mty) (secl) (n06000232),7-2016,3/2020 (mar-2026) {3/2026},459.49 (n.a.) {459.49},264.00,92.00
294,katkona ro ug project (1.74 mty) (secl) (n06000274),1-2023,3/2029 (n.a.) {3/2029},329.22 (n.a.) {329.22},60.38,2.00
295,c/o permanent campus of iit bhilai at kuthelabhata, durg chhattisgarh, stage i phase i. (cpwd education) (n28000141),3-2020,7/2022 (feb-2024) {3/2024},808.62 (879.22) {808.62},640.70,100.00
296,western region expansion scheme xxv (pgcil) (n18000350),2-2023,11/2023 (n.a.) {8/2025},385.84 (n.a.) {385.84},370.41,95.00
297,lara super thermal power project, stage-ii (2x800 mw) (ntpc) (n18000381),8-2023,6/2028 (n.a.) {6/2028},15,530.00 (n.a.) {15,530.00},2,124.99,6.50
298,kirandul - jagdalpur doubling (ecor) (n22000318),12-2012,3/2020 (n.a.) {3/2024},1,588.70 (n.a.) {1,553.11},1,534.73,94.90
299,jharsuguda-bilaspur 4th line (secr) (n22000484),4-2015,10/2024 (dec-2023) {12/2025},2,140.34 (2,135.34) {2,135.34},2,306.80,88.00
300,kharsia dharamjaigarh with spur line east corridor-phase i (ircon) (n22000489),4-2013,9/2018 (n.a.) {3/2026},3,055.00 (n.a.) {3,438.39},3,117.24,93.00
301,gauge conversion of raipur(kendri)- dhamtari and abhanpur-rajim branch (67.20 km) (secr) (n22000572),7-2011,10/2024 (n.a.) {6/2025},1,171.30 (n.a.) {1,171.30},617.69,82.00
302,nipania-bhatapra (14.4 km) 4th line (pb#72/nr/2022-23) (secr) (n22000573),9-2022,12/2026 (n.a.) {12/2026},170.49 (n.a.) {170.49},0.13,2.00
303,4th line - bhatapara-hathband (8.8 km) (pb#72/nr/2022-23) (secr) (n22000574),12-2022,12/2026 (n.a.) {12/2026},177.03 (n.a.) {177.03},14.52,2.00
304,4th line - bhilai-bhilai nagar (8.8 km) (pb#72/nr/2022-23) (secr) (n22000575),9-2022,9/2026 (n.a.) {9/2026},169.06 (n.a.) {177.34},1.72,2.00
305,4th line - dadhapara-belha (9.2 km) (pb#72/nr/2022-23) (secr) (n22000576),9-2022,9/2026 (n.a.) {9/2026},169.06 (n.a.) {169.06},17.96,30.00
306,4th line - rajnandgaon- dongarhgarh (31.2 km) (pb#72/nr/2022-23) (secr) (n22000577),9-2022,9/2026 (n.a.) {9/2026},328.34 (n.a.) {328.34},38.80,20.00
307,3rd and 4th line - saragbundia and madwarani (secr) (n22000579),9-2022,9/2026 (n.a.) {9/2026},167.64 (n.a.) {167.64},0.00,-
308,doubling of boridand - ambikapur ( surajpur) (secr) (n22000580),6-2022,6/2030 (n.a.) {3/2027},1,376.20 (1,242.94) {1,242.94},217.79,12.00
309,dallirajhara - rowghat (95 km) {part of dallirajhara-jagdalpur (235 km)} (rvnl) (n22000602),3-2008,6/2025 (n.a.) {6/2025},1,627.56 (n.a.) {1,627.56},1,349.09,-
310,chirimiri-nagpur halt (secr) (n22000616),10-2018,6/2030 (n.a.) {6/2030},241.00 (n.a.) {241.00},0.00,-
311,development of six lane sargi- basanwahi of nh 130 cd from km.42+800 to 99+500 under raipur visakhapa (nhai) (n24001588),12-2021,1/2025 (n.a.) {12/2025},1,470.73 (n.a.) {1,470.73},700.39,83.00
312,development of six lane jhanki sargi of nh 130 cd from km.0+000 to 42+800 under raipur visakhapattna (nhai) (n24001593),11-2021,9/2024 (n.a.) {4/2026},1,368.19 (n.a.) {1,368.19},928.78,96.50
313,4 lane of bilaspur to urga project (km 0.00 to km 70.2) of nh- 130a (nhai) (n24001611),4-2020,3/2024 (n.a.) {12/2025},1,855.59 (2,523.86) {2,523.86},730.18,94.27
314,up gradation of nh 930 sherpar to kohka from km 67.880 to km 114.860 to two lane with paved shoulder (morth) (n24001917),3-2020,5/2024 (n.a.) {6/2025},278.97 (n.a.) {278.97},206.61,87.00
315,up gradation of nh 130c abhanpur to paund from nk km 0.000 to km. 40.380 to two lane with paved shou (morth) (n24001919),12-2020,9/2023 (feb-2025) {6/2025},193.16 (n.a.) {193.16},103.83,81.00
316,upgradation of nh 130a mungeli to pondi from nh km. 51.600 to km. 77.870 km. 80.970 to 96.970 to 2 (morth) (n24001920),3-2021,9/2024 (n.a.) {5/2025},218.57 (n.a.) {218.57},136.26,89.00
317,development of six lane basanwahi-marangpuri of nh 130 cd from km.99+500 to 124+661 under raipur vis (nhai) (n24002017),3-2022,10/2025 (n.a.) {9/2026},1,307.16 (n.a.) {1,307.16},252.68,36.23
318,construction of 6 lane durg raipur arang bypass pkg 1 section of nh 53 from ch 0.000 to ch 44.50 (nhai) (n24002045),6-2022,7/2025 (n.a.) {7/2025},1,828.00 (n.a.) {1,828.00},575.00,47.51
319,construction of 6 lane durg raipur arang bypass pkg 2 section of nh 53 from ch 44+500 to ch.92+230 i (nhai) (n24002046),6-2022,5/2025 (n.a.) {5/2025},1,958.94 (1,959.00) {1,958.94},725.20,40.88
320,rehabilitation and upgradation of nh 43 kanker to bedma section km. 130 to 180 (morth) (n24001217),1-2016,8/2016 (n.a.) {6/2025},497.14 (572.66) {572.66},385.27,60.00
321,rehabilitation and upgradation of nh 78 from km 373.505 to 469.300 ambikapur to pathalgaon section (morth) (n24001221),1-2016,10/2016 (n.a.) {3/2025},624.98 (n.a.) {731.50},620.67,100.00
322,rehabilitation and upgradation of nh 78 from km 469.000 to 531.000 patthalgaon to kunkuri (morth) (n24001222),3-2016,7/2016 (n.a.) {12/2025},452.94 (n.a.) {435.61},322.59,70.00
323,construction of 4 nos grade separator between km. 281.000 to km 307.600 km. 286.400 kumhari km. 299. (morth) (n24001227),3-2018,1/2019 (n.a.) {5/2025},349.03 (n.a.) {349.03},316.52,98.00
324,upgradation and widening of bilaspur to mungeli section nh- 130a (morth) (n24001228),11-2017,5/2019 (n.a.) {5/2025},188.80 (n.a.) {188.80},136.81,97.00
325,nmdc slurry pipe line project - phase-1 (nmdc) (n12000124),11-2015,6/2023 (jul-2024) {12/2025},2,907.00 (5,427.06) {5,427.06},2,955.56,80.70
326,screening plant-iii at kirandul (nmdc) (n12000127),3-2021,8/2024 (n.a.) {1/2026},2,092.97 (2,718.84) {2,718.84},1,503.52,71.31
327,construction of residential towers at biom kirandul complex (nmdc) (n12000130),7-2021,11/2024 (n.a.) {12/2025},282.44 (349.75) {349.75},238.99,81.86
328,replacement of converter vessels, trunnion rings, support system and installation of secondary emiss (sail) (n12000131),10-2023,6/2026 (n.a.) {6/2026},471.83 (n.a.) {471.83},109.38,31.06
329,rebuilding of coke oven battery no.7 and 8 of bhilai steel plant (sail) (n12000134),11-2023,10/2025 (n.a.) {10/2025},884.10 (n.a.) {884.10},411.94,72.24
330,replacement of hot leveller-1 of plate mill at bhilai steel plant (sail) (n12000137),7-2024,7/2026 (n.a.) {7/2026},198.62 (n.a.) {198.62},0.00,6.76
331,construction729 quarters (type ii-180 type iii-364 type iv-112 type v- 68 type-vi-5 shops communi (cpwd) (n28000149),5-2019,9/2020 (oct-2024) {10/2024},299.97 (299.97) {299.97},272.05,93.00
332,construction of combined operational offices for dgca, bcas, aaib, aera and aai at safdarjung airpor (aai) (n04000076),11-2016,4/2020 (apr-2024) {4/2024},303.80 (374.98) {351.21},344.93,100.00
333,india international convention and expo centre (iicc for dpiit) (n40000002),11-2017,12/2019 (n.a.) {4/2024},4,773.00 (n.a.) {5,401.00},4,969.89,100.00
334,c/o residential complex building for central board of indirect taxes and customs at sector-9, dwarka (npcc) (n07000001),7-2018,4/2022 (n.a.) {4/2022},228.50 (n.a.) {220.27},176.28,85.00
335,establishment of central armed police force institute of medical sciences(capfims) at new delhi (cpwd for mha) (n28000071),10-2013,10/2019 (n.a.) {9/2024},1,219.21 (2,091.53) {2,091.53},1,947.12,100.00
336,construction of headquarter building of crpf at lodhi road new delhi (cpwd for mha) (n45000002),6-2019,7/2022 (n.a.) {9/2025},277.35 (n.a.) {277.35},111.00,66.00
337,anand vihar-tilak bridge 3rd and 4th line (nr) (n22000281),4-2012,3/2023 (n.a.) {12/2027},586.36 (n.a.) {699.00},178.54,45.00
338,six lane access controlled of delhi saharanpur highway from akshardham nh 9 junction to delhi up bor (nhai) (n24001771),6-2020,12/2024 (n.a.) {12/2024},1,479.22 (n.a.) {1,479.22},1,491.26,99.00
339,6l access controlled highway from dnd maharani bagh jn. with jaitpur pushta road of nh 148na from (nhai) (n24001773),5-2020,7/2024 (n.a.) {9/2025},1,467.44 (n.a.) {1,942.89},1,214.36,91.58
340,development of 6l uer-ii (package-i) (nh-1 near bakoli till karala kanjhawala road) from km. (-)0.70 (nhai) (n24001777),7-2020,10/2023 (n.a.) {6/2025},2,171.80 (n.a.) {2,171.80},958.13,99.99
341,dwarka expressway from km - 0.600 to km 5.300 - pkg-i (shivmurti chowk-rub near dwarka sector 21) (nhai) (n24001779),3-2018,9/2022 (n.a.) {9/2025},2,507.00 (n.a.) {3,030.73},1,155.70,95.05
342,8l of dwarka expressway pkg-ii (rub near dwarka sector 21- dl/hr border) from 5.300 km.to 9.500 km. o (nhai) (n24001781),1-2018,10/2021 (n.a.) {8/2025},2,067.67 (n.a.) {2,160.00},1,496.49,99.40
343,development of 6l uer ii [package - ii] (karala kanjhawala road till nangloi - najafgarh road) from (nhai) (n24001825),7-2020,10/2023 (n.a.) {8/2025},1,894.96 (n.a.) {1,894.96},741.88,98.25
344,setting up physical infrastructure for the national institute of communication finance(nicf) at ghit (cpwd for teleco) (n28000115),10-2014,3/2018 (n.a.) {10/2025},248.20 (n.a.) {248.20},236.97,98.00
345,delhi mrts phase-iii (dmrc) (n28000056),9-2011,3/2016 (aug-2021) {8/2021},38,585.00 (43,095.35) {40,180.91},40,685.45,100.00
346,redevelopment of gpra colony at nauroji nagar (nbcc) (n28000105),7-2016,(n.a.) {},2,694.00 (n.a.) {2,694.00},2,247.61,98.00
347,redevelopment of general pool residential colony at sriniwaspuri new delhi phase-i (cpwd) (n28000128),10-2016,7/2021 (n.a.) {6/2024},1,180.00 (n.a.) {1,100.80},36.69,2.00
348,redevelopment of gpra at kasturba nagar phase i (cpwd) (n28000129),10-2016,3/2022 (n.a.) {6/2024},1,128.00 (n.a.) {1,128.00},740.35,68.00
349,delhi metro phase iv three priority corridors (dmrc) (n28000135),7-2019,3/2025 (n.a.) {3/2026},24,948.65 (n.a.) {24,948.65},16,369.75,67.19
350,construction of 184 multi storied flats for hon'ble mps at bks marg, new delhi (cpwd) (n28000153),1-2022,11/2024 (aug-2025) {8/2025},646.52 (n.a.) {646.52},506.00,94.00
351,redevelopment of gpra at netaji nagar new delhi package 2 (nbcc) (n28000156),10-2016,3/2024 (aug-2025) {3/2025},1,536.72 (n.a.) {1,536.72},507.85,91.50
352,construction of 564 mld 124 mgd waste water treatment plant with effluent standards of bod ? 10mg/l (djb) (n30000014),3-2017,12/2022 (n.a.) {3/2025},665.78 (n.a.) {665.78},782.51,100.00
353,extension of existing integrated terminal building and allied works at goa airport. (aai) (n04000095),11-2017,9/2021 (aug-2025) {8/2025},255.69 (255.69) {255.69},125.92,86.75
354,construction of permanent campus for national institute of technology goa at cuncolim, goa. (cpwd education) (n42000002),5-2019,8/2021 (n.a.) {12/2024},303.90 (n.a.) {390.40},360.00,99.30
355,construction of six lane elevated corridor from km. 508.000 to km. 513.150 including approaches on n (morth) (n24002181),4-2023,4/2026 (n.a.) {4/2026},641.46 (n.a.) {641.46},0.00,-
356,c/o new greenfield airport at hissar, rajkot, gujarat (aai) (n04000088),1-2018,8/2022 (dec-2024) {12/2024},1,405.00 (n.a.) {1,405.00},1,304.63,100.00
357,extension of terminal building, ptt, apron and car park at surat airport. (aai) (n04000093),8-2018,2/2021 (mar-2025) {3/2025},353.25 (n.a.) {353.25},348.78,100.00
358,development of new greenfield airport at dholera, ahmedabad (gujarat). phase-1. (aai) (n04000099),6-2022,12/2025 (n.a.) {12/2025},1,305.00 (1,143.95) {1,143.95},648.65,61.00
359,50 mw wind power project part of 150 mw seci hybrid (nlc) (n06000292),7-2022,6/2025 (jan-2026) {1/2026},383.84 (n.a.) {383.84},303.50,41.00
360,redevelopment of santhal field (ongc) (n16000279),2-2017,3/2026 (n.a.) {3/2026},1,162.56 (n.a.) {1,162.56},1,156.90,94.10
361,acrylics or oxo-alcohol project at gujarat refinery (iocl) (n16000382),11-2019,5/2023 (mar-2024) {7/2025},5,251.00 (5,894.00) {5,894.00},4,689.83,99.70
362,petrochemical and lube integration project at gujarat refinery (iocl) (n16000409),9-2020,8/2024 (dec-2025) {12/2025},18,936.00 (n.a.) {18,936.00},11,161.74,82.50
363,augumentation of salaya mathura crude oil pipeline system (iocl) (n16000411),10-2020,8/2023 (jun-2025) {6/2025},1,614.00 (n.a.) {1,614.00},1,139.60,100.00
364,redevelopment of linch field (ongc) (n16000428),4-2021,3/2025 (n.a.) {7/2025},631.03 (860.04) {860.04},435.64,76.60
365,redevelopment of sobhasan complex (ongc) (n16000431),8-2021,2/2026 (n.a.) {2/2026},885.63 (1,286.67) {1,286.67},584.23,71.40
366,commercial polymer flooding project in bechraji field (ongc) (n16000444),1-2022,11/2024 (n.a.) {11/2025},621.40 (n.a.) {621.40},137.69,21.40
367,installation of new bitumen unit along with allied facilities at gujarat (iocl) (n16000454),1-2022,9/2024 (n.a.) {5/2026},328.00 (n.a.) {328.00},101.12,51.30
368,restoration of gas terminal, phase-i (part-a), hazira plant (ongc) (n16000477),5-2022,2/2025 (n.a.) {9/2025},249.43 (n.a.) {249.43},209.42,93.70
369,kalol redevelopment project (ongc) (n16000481),8-2022,3/2027 (n.a.) {3/2027},1,487.41 (n.a.) {1,487.41},952.00,60.00
370,old pipe line replacement (oprp) group-a (ongc) (n16000483),7-2021,7/2025 (n.a.) {7/2025},173.03 (n.a.) {169.84},143.32,86.50
371,revamping of sv stations, gas terminal and kribhco terminal (ongc) (n16000514),11-2022,8/2026 (n.a.) {8/2026},837.34 (n.a.) {837.34},187.10,46.70
372,gujarat 200 mw (guvnl tender) (ntpc) (n18000295),1-2021,7/2022 (mar-2026) {3/2026},842.27 (1,049.61) {1,049.61},779.79,66.00
373,bagodara solar power project (sjvn) (n18000297),5-2021,10/2022 (n.a.) {12/2025},339.35 (n.a.) {339.35},317.59,51.86
374,dayapar wind energy project 150mw (ntpc) (n18000319),11-2021,5/2023 (aug-2025) {8/2025},937.80 (n.a.) {937.80},803.82,100.00
375,dayapar wind energy project 200mw (ntpc) (n18000345),7-2022,3/2025 (jan-2026) {1/2026},1,316.02 (n.a.) {1,316.02},324.36,28.00
376,khawda 1255mw solar project (khawda solar park) (ntpc) (n18000346),9-2022,9/2024 (feb-2026) {2/2026},7,179.54 (7,235.79) {7,235.79},5,220.20,89.00
377,bhuj solar 300mw (tranche-iv wind solar hybrid) (ntpc) (n18000349),11-2022,3/2024 (mar-2026) {3/2026},1,442.60 (n.a.) {1,442.60},793.56,2.51
378,establishment of khavda pooling station 3 (kps3) in khavda re park (pgcil) (n18000357),3-2023,12/2024 (n.a.) {7/2025},922.30 (n.a.) {922.30},830.14,90.50
379,transmission network expansion in gujarat associated with integration of re projects from khavda pot (pgcil) (n18000358),3-2023,3/2025 (n.a.) {7/2025},815.12 (n.a.) {815.12},758.09,100.00
380,khavda-2, gujarat- establishment of khavda pooling station-2 (kps2) in khavda re park (pgcil) (n18000359),3-2023,12/2024 (n.a.) {8/2025},966.79 (n.a.) {966.79},870.10,93.60
381,khavda phase-ii-part b, gujarat- transmission scheme for evacuation of 4.5 gw re injection at khavda (pgcil) (n18000360),3-2023,3/2025 (n.a.) {9/2025},1,167.55 (n.a.) {1,167.55},957.39,90.00
382,khavda phase-ii-part c, gujarat- transmission scheme for evacuation of 4.5 gw re injection at khavda (pgcil) (n18000361),3-2023,3/2025 (n.a.) {9/2025},2,820.99 (n.a.) {2,820.99},2,418.00,82.60
383,khavda 1200mw (4x300mw) in khavda re park (ntpc) (n18000365),6-2023,12/2024 (jan-2026) {1/2026},6,283.81 (n.a.) {6,283.81},1,828.84,42.00
384,dayapar wind- iii (hybrid tranche- v) (ntpc) (n18000366),5-2023,1/2025 (mar-2026) {3/2026},1,095.01 (n.a.) {1,095.01},382.54,18.00
385,ts for evacuation of power from potential re zone in khavda area of gujarat under ph-iv part e3 (pgcil) (n18000383),7-2023,7/2025 (n.a.) {9/2025},334.00 (n.a.) {334.00},63.46,21.00
386,ts for evacuation of additional 7gw re power from khavda re park under phase-iii part b [vataman tra (pgcil) (n18000384),12-2023,12/2025 (n.a.) {6/2026},3,752.00 (n.a.) {3,752.00},1,463.23,20.00
387,ts for evacuation of power from 7gw rez in khavda area under phase-iv part e2 (pgcil) (n18000390),5-2024,5/2026 (n.a.) {2/2026},679.00 (n.a.) {679.00},67.90,16.80
388,augmentation of transformation capacity at jam khambhaliya ps [gis] [spv name powergrid jam khambhal (pgcil) (n18000398),10-2024,7/2026 (n.a.) {7/2026},329.00 (n.a.) {329.00},9.87,1.00
389,transmission system for evacuation of power from potential renewable energy zone in khavda area of g (pgcil) (n18000400),10-2024,10/2026 (n.a.) {10/2026},4,766.00 (n.a.) {4,766.00},333.62,5.10
390,provision of dynamic reactive compensation at khavda pooling station 1 [kps1] and khavda pooling sta (pgcil) (n18000402),11-2024,11/2026 (n.a.) {11/2026},501.00 (n.a.) {501.00},5.01,1.00
391,transmission system for evacuation of power from potential renewable energy zone in khavda area of g (pgcil) (n18000405),11-2024,5/2029 (n.a.) {5/2029},24,819.00 (n.a.) {24,819.00},1,240.30,1.00
392,600 mw solar power project under cpsu scheme (nhpc) (n18000406),4-2022,3/2026 (mar-2023) {11/2026},4,100.45 (n.a.) {4,100.45},11.05,5.00
393,augmentation of transformation capacity at kps2 and kps2 (pgcil) (n18000411),3-2025,3/2027 (n.a.) {3/2027},466.00 (n.a.) {466.00},6.52,-
394,augmentation of banaskantha (raghanesda) ps (gis) (pgcil) (n18000412),3-2025,3/2027 (n.a.) {3/2027},172.00 (n.a.) {172.00},1.72,-
395,miyagam-karjan-dabhoi-samlaya (gc) (wr) (n22000142),4-2011,3/2021 (oct-2026) {10/2026},844.10 (844.10) {844.10},605.51,41.00
396,anand godhra doubling project 79 kms (wr) (n22000504),4-2017,12/2024 (jun-2025) {6/2025},692.26 (692.26) {692.26},688.88,100.00
397,4th line between barejadi nandej (geratpur)- sanand (38.20 km) (ahmedabad bypass). (wr) (n22000532),2-2023,3/2027 (mar-2027) {3/2027},961.67 (961.67) {961.67},103.15,16.00
398,quadrupling between gandhidham - adipur with y connection at adipur for providing direct entry towar (wr) (n22000533),2-2023,12/2025 (dec-2025) {12/2025},152.44 (152.44) {152.44},19.54,63.00
399,rajkot-kanalus (111.20 km) (wr) (n22000535),10-2021,10/2026 (jun-2026) {6/2026},1,080.58 (1,080.58) {1,080.58},315.70,72.00
400,himmatnagar-khedbrahma (54.83 km) (wr) (n22000537),6-2022,8/2025 (jul-2025) {7/2025},354.99 (482.42) {482.42},322.59,96.00
401,petlad-bhadran (22.5 km) (wr) (n22000538),5-2022,5/2030 (dec-2025) {12/2025},202.50 (307.12) {307.12},81.76,8.00
402,nadiad-petlad (37.26 km) (wr) (n22000539),5-2022,6/2030 (n.a.) {12/2025},335.34 (461.91) {461.91},74.35,7.00
403,samlaya-timba road (53.53 km) (wr) (n22000540),2-2023,3/2030 (jul-2026) {7/2026},670.00 (670.17) {670.17},101.79,12.00
404,samni-jambusar (24.08 km) (wr) (n22000541),5-2022,3/2030 (dec-2025) {12/2025},216.72 (349.93) {349.93},86.46,25.00
405,vijapur-ambliyasan (41.53 km) (wr) (n22000547),5-2022,8/2025 (oct-2025) {10/2025},309.81 (415.38) {415.38},263.13,85.00
406,adraj moti-viajapur (39.75 km) (wr) (n22000548),5-2022,8/2025 (sep-2025) {9/2025},296.54 (n.a.) {296.54},178.95,80.00
407,new bg line between naliya- jakhau port (wr) (n22000550),2-2023,1/2028 (dec-2026) {12/2026},410.46 (410.46) {410.46},5.89,2.00
408,new bg line intersection (5 nos) between geratpur-sanand and botad-ahmedabad (16.51 km) (pb29/nr/20 (wr) (n22000551),10-2022,10/2027 (oct-2027) {10/2027},437.21 (n.a.) {437.21},43.26,9.00
409,taranga hill abu road via ambaji new line (nwr) (n22000592),7-2022,7/2030 (n.a.) {12/2026},2,798.16 (n.a.) {2,798.16},1,103.16,12.50
410,junagarh -visavadar (42.28) km (rvnl) (n22000600),6-2022,9/2028 (n.a.) {12/2026},493.00 (n.a.) {492.83},0.00,-
411,modasa- shamlaji new line ( mm of ahmedabad-himmatnagar- udaipur (299.2 km)) (wr) (n22000622),9-2012,3/2027 (mar-2026) {3/2026},261.68 (261.68) {261.68},202.70,58.00
412,construction of rob with approaches in lieu of l c no 165 of ahmedabad palanpur between railway stat (morth) (n24001427),6-2020,4/2023 (sep-2024) {9/2024},166.21 (n.a.) {166.21},97.12,93.00
413,construction of four lane expressway from start of sardar patel ring road to sindhrej village (ch. 0 (nhai) (n24001443),5-2020,3/2024 (jul-2025) {7/2025},690.30 (929.95) {929.95},841.74,94.22
414,construction of four lane expressway from start of sindhrej village (ch. 22.00 to ch. 48.52) section (nhai) (n24001444),5-2020,1/2024 (jul-2025) {7/2025},882.00 (1,229.37) {1,229.37},1,042.67,91.54
415,construction of four lane expressway from start of vejallka village to start of dsir zone of ahmedab (nhai) (n24001445),5-2020,7/2023 (jun-2025) {6/2025},691.52 (903.85) {903.85},893.47,99.45
416,construction of four lane expressway from start of dsir zone of ahmedabad district to adhelai villag (nhai) (n24001446),5-2020,12/2023 (jun-2025) {6/2025},894.00 (1,261.58) {1,261.58},1,166.51,97.28
417,delhi vadodara greenfield alignment section of nh 148n package 26 (nhai) (n24001515),9-2020,2/2024 (n.a.) {3/2026},1,542.02 (n.a.) {1,542.02},989.98,68.50
418,delhi vadodara greenfield alignment section of nh 148n package 27 (nhai) (n24001516),9-2020,2/2024 (aug-2025) {8/2025},1,185.69 (n.a.) {1,185.69},980.41,93.52
419,delhi vadodara greenfield alignment section of nh 148n package 30 (nhai) (n24001518),11-2019,9/2023 (n.a.) {8/2025},1,669.56 (n.a.) {1,669.56},1,094.58,98.12
420,delhi vadodara greenfield alignment section of nh 148n package 28 (nhai) (n24001519),9-2020,11/2023 (n.a.) {7/2025},1,198.55 (n.a.) {1,198.55},911.23,95.78
421,delhi vadodara greenfield alignment section of nh 148n package 31 (nhai) (n24001520),11-2019,5/2024 (n.a.) {8/2025},1,604.06 (n.a.) {1,604.06},1,245.52,95.73
422,up-gradation to 4-lane with paved shoulder of bhimasar junction of nh-41 to anjar bhuj upto airport (nhai) (n24001785),3-2022,6/2025 (n.a.) {6/2025},1,373.06 (1,085.00) {1,373.06},662.04,90.67
423,construction of eight lane access controlled expressway from km 103.400 to km 128.000 of vadodara mu (nhai) (n24001786),3-2021,3/2024 (n.a.) {3/2026},1,259.00 (2,652.24) {1,910.00},278.29,34.08
424,construction of eight lane expressway from km 190.000 to km 217.500 gandeva to ena section of vadoda (nhai) (n24001789),7-2020,8/2023 (n.a.) {7/2025},1,710.30 (2,665.08) {1,927.00},908.08,90.56
425,sanchore - santalpur from km 67.000- km 99.000 of nh-754k (aj- rgbs-package-3) (nhai) (n24001790),2-2020,8/2023 (dec-2024) {12/2024},752.30 (n.a.) {766.20},452.13,98.14
426,4l of bal works of talaja - mahuva from 54.990 km. to 100.450 km. of old nh-8e (package-ii) (nhai) (n24001792),3-2021,9/2022 (n.a.) {1/2025},536.03 (n.a.) {536.03},480.77,100.00
427,4l of bal works of mahuva to kagvadar from 100.450 km. to 140.470 km. of nh-8e (pkg- iii) (nhai) (n24001793),3-2021,9/2022 (n.a.) {5/2025},485.75 (n.a.) {485.75},393.88,99.57
428,sanchore - santalpur from km 99.000- km 130.073 of nh-754k (aj- rgbs-package-4) (nhai) (n24001794),2-2020,3/2023 (dec-2024) {12/2024},778.15 (n.a.) {785.67},547.22,99.70
429,4l kodinar - veraval (package vi) from km. 222.400 to km. 230.00 (kodinar bypass) of nh-8e (nh 51 ne (nhai) (n24001827),3-2022,3/2023 (n.a.) {4/2025},162.73 (n.a.) {162.73},131.79,100.00
430,upgradation and strengthening to 2 lane ps from km 95/500 to km 129/775 of nh 168 g idar bhiloda sa (morth) (n24002014),9-2022,12/2023 (dec-2025) {12/2025},237.28 (n.a.) {237.28},0.34,-
431,upgradation to 4l ps divided carriageway from patan (near rajpur) to gojariya from km 52.000 to km 1 (nhai) (n24002034),12-2021,3/2025 (n.a.) {3/2025},1,181.34 (1,181.00) {1,181.34},555.81,79.50
432,widening to 6l of existing 4l jetpur - gondal - rajkot section from km. 117.600 to km. 185.00 on nh- (nhai) (n24002035),9-2023,9/2025 (n.a.) {9/2025},2,070.44 (n.a.) {2,070.44},545.53,37.86
433,upgradation of dhoraji jamkandorna kalavad section of nh 927d from design chainage km 00 to km 58.11 (morth) (n24002117),10-2022,2/2024 (feb-2026) {2/2026},246.60 (291.00) {291.00},27.57,15.00
434,upgradation to two lane with paved shulder configuaration from km 00 to 47 of nh 351 mahuva to badha (morth) (n24002118),12-2022,2/2024 (aug-2025) {8/2025},173.06 (n.a.) {219.00},0.15,-
435,work of development and construction of elevated corridorfrom km 38/660 to km 42/690 (iscon junction (morth) (n24002182),3-2023,3/2026 (n.a.) {3/2026},530.20 (n.a.) {530.20},0.00,-
436,widening 2 lane to 4-lane from km 92/320 to km 115/320 (vav chokdi- satlasana to to vrundavan chokdi, (morth) (n24002183),3-2022,3/2026 (n.a.) {3/2026},151.13 (n.a.) {171.00},0.00,-
437,four laning of kagavadar - una section of nh-8e from km 139.915 to km 180.478 (package-iv) in the st (nhai) (n24000569),5-2016,9/2019 (may-2024) {6/2025},723.64 (n.a.) {723.64},562.31,97.00
438,4-lanning of kodinar to veraval section of nh-8e from km 221.610 to km 263.000 (nhai) (n24000592),7-2016,7/2020 (n.a.) {5/2025},829.97 (n.a.) {829.97},486.93,96.98
439,six lanning from km. 401.200 to 494.410 of nh-8 on hybrid annuity mode under nhdp-v(pkg vi)reg. (nhai) (n24000649),1-2017,12/2020 (oct-2025) {10/2025},1,251.11 (1,527.75) {1,527.75},685.73,91.08
440,construction of eight lane vadodara kim expressway from km 254.430 to km 279.000 (kim to ankleshwar (nhai) (n24000834),3-2018,10/2021 (may-2025) {7/2025},1,161.39 (1,738.03) {1,404.00},684.22,83.00
441,construction of missing links (single lane) in lakhpat gaduli hajipir odma khavda dholavira mauvana (morth) (n24000925),10-2018,11/2020 (sep-2024) {9/2024},400.76 (394.44) {394.44},287.04,87.00
442,ahmedabad metro rail project phase 1 (amr) (n28000122),11-2014,12/2018 (n.a.) {8/2025},10,773.00 (n.a.) {12,924.55},12,486.28,99.90
443,ahmedabad metro rail project phase ii (amr) (n28000137),3-2019,3/2024 (n.a.) {12/2025},5,384.17 (n.a.) {5,384.17},4,135.88,87.68
444,surat metro rail project (amr) (n28000138),3-2019,3/2024 (n.a.) {6/2026},12,020.32 (n.a.) {12,020.32},7,043.17,67.49
445,all india institute of medical sciences at manethi, haryana. (hites) (n21000032),3-2019,3/2023 (mar-2026) {3/2026},1,294.34 (1,294.34) {1,294.34},307.21,26.14
446,c/o separate family accommodation (phase-i) on epc basis for ssb at faridabad (haryana)" (cpwd for mha) (n28000147),1-2020,10/2023 (mar-2025) {8/2025},166.98 (170.23) {170.23},150.98,97.50
447,r and d campus ii at faridabad (iocl) (n16000375),6-2019,12/2022 (jul-2025) {3/2026},2,281.94 (3,219.94) {3,219.94},1,744.23,63.10
448,capacity expansion of panipat refinery from 15 to 25 mmtpa (iocl) (n16000412),2-2021,9/2024 (dec-2025) {12/2025},34,627.00 (38,231.00) {38,231.00},21,454.90,87.60
449,poly butadiene rubber plant at panipat (iocl) (n16000458),3-2022,3/2025 (jun-2026) {6/2026},1,459.00 (2,948.62) {2,948.62},930.86,68.30
450,implementation of lilo of both circuits of 400kv vidhyachal ps to sasan d/c line at hindalco switchy (pgcil) (n18000420),2-2025,12/2026 (n.a.) {12/2026},370.00 (n.a.) {370.00},0.00,-
451,doubling between bhiwani-dobh bahali (nwr) (n22000604),2-2023,2/2028 (mar-2026) {3/2026},471.06 (n.a.) {471.06},121.18,55.00
452,doubling between rewari- kathuwas (27.73 km) (nwr) (n22000606),2-2023,6/2027 (may-2026) {5/2026},352.41 (n.a.) {352.41},179.38,53.00
453,4-laning of gohana-sonipat (pkg- 2) section from km 40.601 to km 78.837 (length = 38.236km) of nh-352 (nhai) (n24001535),7-2020,7/2022 (may-2024) {8/2025},899.00 (1,882.46) {1,882.46},1,123.98,97.86
454,construction of four lane greenfield project of delhi- amritsar-katra expressway (phase-i pkg-iii) f (nhai) (n24001633),12-2020,12/2023 (mar-2024) {7/2025},1,430.88 (1,813.91) {1,813.91},1,190.27,99.90
455,construction of four lane greenfield project of delhi- amritsar-katra expressway (phase-i pkg-iv) fro (nhai) (n24001634),1-2021,12/2023 (mar-2024) {7/2025},1,306.95 (1,564.14) {1,564.14},949.76,99.97
456,4 laning of jagadhri tajewala road section of nh 907 (old nh 73a) under nh(o) (pkg 1) in the state o (nhai) (n24001635),3-2022,2/2025 (n.a.) {2/2025},1,269.50 (n.a.) {1,269.50},176.00,53.00
457,4- laning of rohtak-jind section from km. 307+000 to km. 347+800 of nh-71 and connecting link from k (nhai) (n24001673),3-2020,3/2023 (nov-2024) {7/2025},510.97 (n.a.) {510.97},529.00,97.30
458,construction of gurgaon - pataudi - rewari section of nh- 352w (design length 46.11 km) as feeder rou (nhai) (n24001774),12-2020,11/2023 (n.a.) {6/2024},1,524.03 (n.a.) {1,524.03},1,105.10,67.61
459,construction of proposed rewari bypass (design length 14.4 km) nh-11 as a feeder route in the state (nhai) (n24001775),2-2020,1/2023 (dec-2024) {12/2024},808.31 (n.a.) {958.00},930.44,100.00
460,upgradation of existing 4 lane ismailabad-ambala section (km. 0+000 to km 42+500) (part of ambala-ko (nhai) (n24002037),1-2023,12/2025 (n.a.) {3/2026},609.32 (609.00) {609.00},204.06,52.50
461,construction of 6-lane greenfield karnal ring road starting from nh-44 near village shamgarh (design (nhai) (n24002038),11-2022,8/2025 (n.a.) {8/2025},1,691.45 (1,998.00) {1,998.00},649.71,58.76
462,construction of 6-lane greenfield ambala ring road starting from junction with shamli-ambala section (nhai) (n24002039),2-2023,10/2025 (n.a.) {10/2025},1,088.64 (1,178.00) {1,178.00},425.85,53.55
463,development of six-lane access controlled highway from ranipur barsi (saharanpur district) to adhoya (nhai) (n24002040),4-2022,5/2025 (n.a.) {5/2028},1,554.21 (n.a.) {1,554.21},522.92,54.00
464,development of six-lane access controlled highway from adhoya musalmana (ambala district) to sadopur (nhai) (n24002041),4-2022,5/2025 (n.a.) {5/2025},1,491.71 (n.a.) {1,491.71},706.26,49.70
465,construction of 4-laning of bhiwani hansi road section of nh 148b (design length 42.934 km) under bh (nhai) (n24002042),11-2022,12/2025 (n.a.) {12/2025},1,322.13 (n.a.) {1,322.13},393.46,93.01
466,construction of 4-lane greenfield jalbehra - shahbad section of nh ? 152g from km 0+000 to km 22+850 (nhai) (n24002043),3-2022,6/2025 (n.a.) {10/2025},927.22 (1,173.66) {1,173.66},504.21,83.50
467,4l ambala - kalaamb from km. - 0.800 to km. 33.015 of old nh-72 (nhai) (n24002044),6-2023,6/2025 (n.a.) {6/2025},629.16 (n.a.) {629.16},154.00,98.90
468,construction of greenfield connectivity to jewar international airport from dnd faridabad ballabhgar (nhai) (n24002048),7-2022,6/2025 (n.a.) {3/2026},2,414.67 (2,898.00) {2,898.00},1,232.13,49.10
469,establishment of permanent campus phase 1 of iim sirmaur (cpwd education) (n42000008),9-2018,6/2022 (dec-2024) {8/2025},392.51 (n.a.) {446.43},316.16,91.50
470,construction of permanent campuses of central university of himachal pradesh at dehra and dharamshal (cpwd) (n42000011),3-2021,11/2024 (jul-2025) {7/2025},512.37 (300.45) {300.45},169.63,74.00
471,luhri hydroelectric project (stage1) (sjvn) (n18000279),11-2020,1/2026 (n.a.) {12/2028},1,810.56 (n.a.) {3,584.53},1,732.67,51.32
472,dhaulasidh hydroelectric project (66 mw) (sjvn) (n18000291),10-2020,11/2025 (n.a.) {3/2027},687.97 (n.a.) {1,511.87},891.77,67.61
473,sunni dam hydro electric project (sjvn) (n18000344),1-2023,4/2028 (n.a.) {12/2028},2,614.51 (n.a.) {4,540.71},948.35,29.41
474,bhanupali-bilaspur beri nl (rvnl) (n22000273),4-2008,12/2026 (n.a.) {3/2025},13,370.29 (n.a.) {6,753.42},5,369.57,-
475,rehabilitation and upgradation to 2-lane configuration of ashyari-shri kyari section (km 50.000 to k (morth) (n24001422),2-2021,9/2021 (n.a.) {7/2024},345.89 (n.a.) {345.89},178.19,95.08
476,rehabilitation and upgradation to 2-lane configuration of hamirpur-karnohal section (km 141.000 to k (morth) (n24001447),8-2020,12/2024 (n.a.) {12/2024},371.93 (n.a.) {371.93},154.04,81.00
477,rehabilitation and upgradation to 2-lane configuration of kalwahan-mandi section (km 208.950 to km 2 (morth) (n24001470),8-2020,4/2025 (n.a.) {4/2025},314.32 (n.a.) {314.32},49.26,51.00
478,rehabilitation and upgrading from 2 l to 4 l from bhangbar(near ranital) to kangra bypass section of (nhai) (n24001808),3-2021,12/2024 (dec-2024) {12/2024},1,322.95 (1,442.47) {1,442.47},888.73,96.61
479,conversion of partially excavated escape tunnel to unidirectional two lane tunnel (including constru (nhai) (n24001809),5-2022,3/2024 (dec-2024) {12/2024},469.95 (n.a.) {280.00},302.91,98.57
480,4l sunder nagar bypass from km173.900 to km 179.600 of nh-21 in the state of hp (nhai) (n24001810),2-2022,6/2024 (n.a.) {6/2024},190.60 (n.a.) {163.00},103.48,100.00
481,4l of mo - sihuni from km. 42.00 to km. 51.00 of old nh-20 (new nh-154) (package-ib) (nhai) (n24001811),4-2021,6/2024 (n.a.) {5/2025},583.93 (770.00) {770.00},173.60,100.00
482,4l of hp/punjab bo4l of hp/punjab border - mo from km. 11.00 to km. 42.00 of old nh-20 (new nh-154) (nhai) (n24001812),3-2021,5/2024 (n.a.) {12/2025},1,002.11 (1,361.79) {1,361.76},190.30,46.68
483,4l of end of pinjore bypass - baddi - nalagarh section (km. 4.200 to km. 35.370) of nh21a (nhai) (n24001813),7-2021,9/2024 (n.a.) {9/2024},1,692.05 (n.a.) {1,692.05},942.14,21.60
484,improvement/construction of existing class-5 road to nh intermediate lane specification with hard sh (bro) (n24001915),3-2021,6/2026 (n.a.) {6/2026},230.54 (n.a.) {230.54},20.16,28.00
485,improvement/construction of existing class 5 road to nh intermediate lane specification with hard sh (bro) (n24001916),3-2021,5/2026 (n.a.) {5/2026},314.67 (n.a.) {314.67},76.05,47.00
486,pkg name: 4l of kathlighat to shakral village from km 128.835 to km 146.300 of nh- 5 (shimla bypass (nhai) (n24002049),3-2022,4/2026 (n.a.) {4/2026},1,703.48 (2,278.00) {2,278.00},651.98,14.50
487,rehabilitation and upgradation to 4l configuration and strengthening of sihuni to rajol from km 51.0 (nhai) (n24002050),2-2022,9/2025 (n.a.) {9/2025},696.65 (698.46) {698.46},391.62,67.73
488,construction of new 2 lane with paved shoulder of hamirpur bypass (package iva) of nh-88 (new nh-103 (nhai) (n24002051),7-2022,10/2025 (n.a.) {10/2025},739.39 (n.a.) {739.39},347.45,81.53
489,rehabilitation and up-gradation of existing road to 2l ps from end of hamirpur bypass (near chilbaha (nhai) (n24002052),2-2022,4/2025 (n.a.) {4/2025},1,146.19 (n.a.) {1,146.19},940.81,71.23
490,rehabilitation and up-gradation to 4l configuration and strengthening of thanpuri to paror section f (nhai) (n24002192),6-2022,12/2025 (n.a.) {12/2025},815.69 (815.69) {815.69},400.63,33.56
491,four lanning of nerchowk- pandoh bypass section of nh- 21(package-i km 190.000 to km 221.305) under nh (nhai) (n24000613),9-2016,7/2020 (n.a.) {3/2025},1,273.71 (n.a.) {1,478.61},1,450.53,97.43
492,four laning of solan-kaithlighat section of nh-22 (now nh-5) from km 106.139 to km 129.050, on epc m (nhai) (n24000852),3-2018,5/2021 (dec-2024) {12/2024},478.74 (n.a.) {1,514.46},1,349.59,83.00
493,rehabilitation and upgradation to 2-lane/2-lane with paved shoulders/4-lane configuration of paonta (morth) (n24001381),8-2020,4/2021 (n.a.) {4/2021},272.98 (n.a.) {272.98},140.69,100.00
494,rehabilitation and upgradation to 2-lane configuration of hewna-ashyari section (km 25.000 to km 50. (morth) (n24001382),8-2020,3/2021 (n.a.) {7/2024},242.80 (n.a.) {242.80},100.95,94.76
495,rehabilitation and upgradation to intermediate lane configuration of shri kyari- gumma section (km 75 (morth) (n24001383),8-2020,4/2021 (n.a.) {4/2021},349.20 (n.a.) {349.20},239.34,100.00
496,jammu - construction of new civil enclave (aai) (n04000107),7-2022,6/2026 (n.a.) {6/2026},861.37 (n.a.) {861.37},154.30,30.25
497,construction of permanent campus of iim jammu (phase 1) (cpwd education) (n28000130),3-2019,7/2022 (jan-2025) {1/2025},424.93 (n.a.) {500.91},448.15,96.00
498,construction of permanent campus iit jammu (phase 1c) (cpwd education) (n28000131),1-2018,4/2023 (apr-2025) {4/2025},676.00 (1,144.68) {1,144.68},54.75,100.00
499,c/o aiims at awantipora (kashmir) jammu and kashmir (cpwd for health) (n28000150),3-2019,9/2025 (n.a.) {11/2025},1,828.00 (n.a.) {1,577.00},1,302.38,64.50
500,construction of aiims at jammu vijaypur, samba jammu and kashmir (cpwd for health) (n21000029),3-2019,9/2023 (may-2025) {5/2025},1,404.00 (1,642.00) {1,642.00},1,461.68,100.00
501,setting up a common user petroleum terminal at jammu for re-sitement of existing depots of psu omcs (bpcl) (n16000500),4-2021,3/2025 (n.a.) {3/2025},676.89 (n.a.) {676.89},503.55,76.00
502,cgd project at jammu districts (iocl) (n16000527),3-2022,3/2032 (sep-2034) {9/2034},538.00 (n.a.) {538.00},4.09,0.60
503,pakal dul hydro electric project (1000 mw) (cvpppl) (n18000172),10-2014,4/2020 (jul-2025) {12/2026},8,112.12 (n.a.) {12,727.76},6,692.58,70.00
504,kiru hydro electric project (cvpppl) (n18000278),3-2019,8/2024 (n.a.) {12/2026},4,287.59 (n.a.) {5,409.00},2,713.25,63.87
505,ratle he project (nhpc) (n18000324),2-2021,2/2026 (n.a.) {8/2028},5,281.94 (n.a.) {5,281.94},1,011.56,23.57
506,kwar he project (cvpppl) (n18000363),5-2022,11/2026 (n.a.) {3/2028},4,526.12 (n.a.) {4,526.12},1,159.97,22.15
507,transmission scheme for evacuation of power from ratle hep (850 mw) and kiru (624 mw): part b (pgcil) (n18000417),3-2025,3/2027 (n.a.) {3/2027},219.00 (n.a.) {219.00},0.00,-
508,balance works of four laning from ramban km 151.00 to banihal km 187.00 of nh-1a (now nh-44) with va (nhai) (n24001472),9-2021,12/2023 (jun-2024) {6/2024},811.19 (n.a.) {811.19},848.72,99.00
509,construction of four lane ringroad bypass srinagar city (nhai) (n24001511),3-2021,2/2024 (oct-2025) {10/2025},2,919.96 (n.a.) {2,919.96},2,334.99,70.00
510,four laning of jammu-akhnoor pkg-1 (nhidcl) (n24001543),7-2022,1/2025 (n.a.) {10/2025},245.34 (n.a.) {245.34},57.20,40.95
511,delhi-amritsar-katra expressway (phase-ii pkg-xvi) existing jakh (vijaypur)-kunjwani section of nh-4 (nhai) (n24001550),9-2021,9/2024 (dec-2025) {12/2025},1,821.72 (1,917.32) {1,917.32},1,005.37,83.71
512,delhi-amritsar-katra expressway (phase-ii pkg-xiv) from junction with pathankot- gurdaspur road (nh-5 (nhai) (n24001551),10-2021,9/2024 (dec-2025) {12/2025},3,044.02 (3,044.02) {3,044.02},1,589.44,70.21
513,delhi-amritsar-katra expressway (phase-ii pkg-xv) [junction with hiranagar road near village gurha b (nhai) (n24001552),10-2021,9/2024 (feb-2026) {2/2026},2,714.95 (2,714.95) {2,714.95},1,663.19,85.78
514,corridor efficiency improvement including removal of black spots in lakhanpur - samba section of nh- (nhai) (n24001619),8-2022,6/2024 (jun-2025) {6/2025},200.05 (200.05) {208.92},153.30,63.20
515,construction of tunnels/viaducts at identified sliding/slip zones at km 130.550 to km.130.750; km. (nhai) (n24001620),9-2021,10/2023 (dec-2025) {12/2025},442.14 (n.a.) {442.14},352.62,19.88
516,4l of km.165.092 to km.171.855 (north bound) and from km.166.895 to km.173.638 (south bound), excl. (nhai) (n24001621),7-2021,8/2024 (jul-2025) {7/2025},614.48 (n.a.) {614.48},187.59,7.00
517,4l twin tube tunnel including approaches from digdol to khuni nallah (north bound connecting with ex (nhai) (n24001622),7-2021,6/2024 (jul-2025) {7/2025},1,401.87 (n.a.) {1,401.87},751.11,-
518,banihal bypass (delinked from srinagar - banihal) from km. 187.00 to km. 189.350 (nhai) (n24001623),1-2020,1/2024 (feb-2025) {2/2025},336.01 (n.a.) {336.01},223.02,34.00
519,construction of emergency landing facility from km. 246.60 to km. 249.70 on srinagar - banihal secti (nhai) (n24001624),7-2019,10/2020 (apr-2023) {9/2024},157.05 (n.a.) {157.05},139.54,100.00
520,4l of twin tube tunnel configuration including approaches from marog to digdol (from km.154.210 to k (nhai) (n24001627),7-2021,2/2025 (may-2026) {5/2026},1,912.17 (n.a.) {1,912.17},148.88,-
521,jammu - akhnoor section of nh 144a pkg-3b (nhidcl) (n24001833),7-2022,3/2025 (n.a.) {8/2025},198.28 (n.a.) {198.28},85.49,71.09
522,rehabilitation and upgradation to 2 lane with paved shoulder from existing chainage km 102 to km 13 (bro) (n24001897),3-2021,7/2024 (mar-2025) {3/2024},642.24 (n.a.) {642.24},345.14,95.00
523,rehabilitation and upgradation to 2 lane with paved shoulder from existing chainage km 30.000 to k (bro) (n24001898),7-2020,11/2024 (n.a.) {11/2024},272.49 (n.a.) {272.49},133.66,87.24
524,rehabilitation and upgradation to 2 lane with paved shoulder from existing chainage km 134.95 to km (bro) (n24001899),2-2021,7/2024 (n.a.) {3/2025},395.25 (n.a.) {395.25},140.42,64.00
525,rehabilitation and upgradation to 2 lane with paved shoulder from existing chainage km 49.150 to km (bro) (n24001900),3-2020,8/2024 (n.a.) {3/2025},796.97 (n.a.) {796.97},323.85,79.00
526,rehabilitation and upgradation to 2 lane with paved shoulder from existing chainage km 64.535 to k (bro) (n24001901),3-2020,9/2023 (n.a.) {3/2025},152.93 (n.a.) {152.93},90.30,78.27
527,construction of twin tube tunnels on jammu kashmir ring road (nh-244a) between design ch. 50+600 to (nhai) (n24001926),3-2023,6/2025 (n.a.) {3/2026},939.86 (n.a.) {939.86},475.07,69.93
528,construction of 4 lane with paved shoulder from (design ch. 14+200 to 24+400), (design ch. 35+300 to (bro) (n24001998),6-2022,8/2025 (n.a.) {8/2025},832.46 (n.a.) {823.46},227.50,46.00
529,2l nh-1 from km 8.660 to km 33.775 (sumbal to wayul) to 4l dual carriageway nh standard as part of s (nhai) (n24002059),9-2022,6/2026 (jun-2026) {12/2026},1,183.60 (n.a.) {1,183.60},197.13,16.63
530,delhi amritsar katra expressway (phase-ii pkg xviii) development and upgradation of four lane access (nhai) (n24002060),3-2023,11/2025 (n.a.) {3/2026},1,107.00 (n.a.) {975.38},338.91,38.81
531,4/6l access control expressway from design chainage km 515.000 to 528.300 (kunjwani to sidhra sectio (nhai) (n24002061),8-2022,6/2025 (n.a.) {2/2026},2,474.47 (n.a.) {2,894.74},923.64,40.17
532,rehabilitation and upgradation to 2 lane with paved shoulder from design chainage km 162.800 to km (bro) (n24002119),10-2022,1/2026 (n.a.) {1/2026},562.45 (n.a.) {562.45},99.06,25.00
533,construction of 4 lane with paved shoulder (pattan bypass) greenfield bypass from existing ch. km 24 (bro) (n24002179),3-2023,7/2026 (n.a.) {7/2026},980.21 (n.a.) {980.21},300.02,8.00
534,rehabilitation and upgradation to 2 lane with paved shoulder from existing chainage km 166.100 to km (bro) (n24002180),9-2021,7/2026 (n.a.) {7/2026},734.64 (n.a.) {734.64},19.60,8.00
535,construction of 2 lane with paved shoulders (baramulla bypass) greenfield bypass from existing ch. k (bro) (n24002185),3-2023,9/2026 (n.a.) {9/2026},992.43 (n.a.) {992.43},338.33,-
536,widening and strengthening of rafiabad-kupwara-chowkibal- tangdhar-chamkot (nh-701) road from design (bro) (n24002210),3-2024,5/2027 (n.a.) {5/2027},1,404.94 (n.a.) {1,404.94},0.00,-
537,four laning of udhambur - ramban section of nh-1a (nhai) (n24000488),12-2015,12/2018 (nov-2024) {11/2024},2,136.97 (2,644.00) {2,644.00},2,386.51,99.50
538,construction of stand alone ring road/ bypass around jammu city in the state of j and k on epc mode (nhai) (n24000717),12-2017,7/2021 (jul-2025) {7/2025},1,471.75 (1,471.75) {1,903.98},1,731.65,98.94
539,up-gradation to 4-lane with paved shoulder of jammu- akhnoor road section of nh-144a from ganesh viha (nhidcl) (n24000868),3-2018,7/2021 (aug-2023) {10/2025},253.44 (n.a.) {253.44},191.14,83.23
540,construction of (i) connecting road from z-morh tunnel to zojila tunnel and (ii) 14.150 km long bi-d (nhidcl) (n24001256),8-2020,9/2026 (n.a.) {9/2026},6,808.69 (n.a.) {6,808.69},3,013.84,49.92
541,up-gradation to 2-lane with paved shoulder from km 12.850 to km20.300 of 7.450km length on goha-khel (nhidcl) (n24001264),7-2020,4/2022 (oct-2024) {10/2026},228.39 (n.a.) {228.39},69.32,88.09
542,up-gradation to 2-lane with paved shoulder from km 20.300 to km 29.030 of 8.730 km length on goha-k (nhidcl) (n24001266),7-2020,4/2022 (nov-2023) {8/2025},210.79 (n.a.) {210.79},72.72,93.63
543,khellani-khanabal pkg-1 (nhidcl) (n24001323),3-2021,9/2022 (oct-2024) {11/2024},486.45 (n.a.) {486.45},126.73,96.84
544,khellani-khanabal pkg-3 (nhidcl) (n24001341),3-2021,12/2022 (oct-2024) {5/2025},398.51 (n.a.) {398.51},80.64,98.36
545,khellani-khanabal pkg-2 (nhidcl) (n24001394),7-2021,2/2023 (jun-2025) {6/2026},512.43 (n.a.) {512.43},71.65,51.75
546,khellani-khanabal pkg-4 (nhidcl) (n24001395),7-2021,8/2023 (dec-2025) {6/2026},859.67 (n.a.) {859.67},196.00,44.02
547,khellani-khanabal pkg-5 (nhidcl) (n24001396),7-2021,2/2023 (mar-2025) {8/2025},497.09 (n.a.) {497.09},178.73,90.01
548,goha-khellani pkg-3 (nhidcl) (n24001397),2-2021,3/2023 (feb-2025) {3/2025},431.28 (433.08) {431.28},372.31,100.00
549,rajrappa rce ocp ( 3.0 mty) (ccl) (n06000087),12-2009,3/2016 (n.a.) {3/2027},510.85 (n.a.) {510.85},488.57,75.00
550,muraidih ug turn-key project (bccl) (n06000096),2-2011,4/2014 (n.a.) {12/2026},339.88 (n.a.) {339.88},190.48,70.00
551,moonidih xv seam ug (bccl) (n06000098),8-2011,3/2019 (n.a.) {5/2026},1,230.27 (n.a.) {1,230.27},620.97,81.00
552,chitra east (rce) ocp (ecl) (n06000169),8-2018,3/2026 (mar-2026) {3/2026},513.98 (n.a.) {513.98},228.35,51.00
553,tetariakhar expansion ocp (ccl) (n06000186),11-2019,3/2023 (n.a.) {3/2027},243.52 (n.a.) {243.52},44.64,26.00
554,pachwara south coal block (nlc) (n06000193),7-2013,9/2028 (n.a.) {9/2028},2,242.92 (2,242.90) {2,242.90},1,151.23,54.00
555,patherdih 2.5 nlw coal washery (bccl) (n06000194),10-2015,4/2018 (n.a.) {3/2026},334.27 (n.a.) {334.27},135.86,47.00
556,revised project report magadh expansion ocp (ccl) (n06000216),8-2020,3/2028 (n.a.) {3/2028},7,254.37 (n.a.) {7,254.37},1,527.57,38.00
557,expansion project amrapali ocp (ccl) (n06000217),8-2020,3/2028 (n.a.) {3/2028},5,136.15 (n.a.) {5,136.15},1,092.17,43.00
558,uce of epr of north urimari ocp (ccl) (n06000218),7-2021,3/2029 (n.a.) {3/2029},778.80 (n.a.) {778.80},694.11,75.00
559,kotre basantpur pachmo ocp (ccl) (n06000237),8-2020,3/2032 (n.a.) {3/2032},625.40 (625.40) {625.40},441.24,41.00
560,chandragupt ocp (ccl) (n06000238),8-2020,3/2032 (n.a.) {3/2032},973.50 (n.a.) {973.50},440.56,12.40
561,sirka ocp (ccl) (n06000239),5-2020,3/2028 (n.a.) {3/2028},222.82 (n.a.) {222.82},139.31,51.00
562,jharkhand laiyo ocp (ccl) (n06000240),8-2020,3/2031 (n.a.) {3/2031},764.57 (n.a.) {764.57},145.80,28.00
563,epr tapin south ocp (ccl) (n06000241),11-2020,3/2028 (n.a.) {3/2028},230.41 (n.a.) {230.41},21.12,18.30
564,epr pundi ocp (ccl) (n06000242),11-2020,3/2027 (n.a.) {3/2027},713.35 (n.a.) {713.35},236.57,21.00
565,epr rohini karkata ocp (ccl) (n06000243),1-2021,3/2028 (n.a.) {3/2028},1,020.42 (n.a.) {1,020.42},83.44,18.00
566,expansion of konar ocp (ccl) (n06000245),1-2022,3/2032 (n.a.) {3/2032},799.34 (n.a.) {799.34},416.73,32.00
567,expansion of karo ocp (ccl) (n06000246),1-2022,3/2029 (n.a.) {3/2029},908.47 (n.a.) {908.47},217.68,21.00
568,expansion of ashok ocp (ccl) (n06000247),5-2021,3/2028 (n.a.) {3/2028},2,898.28 (n.a.) {2,898.28},176.50,20.00
569,amalgamated ntst kujama ocp 8.5 mty (bccl) (n06000273),1-2023,3/2030 (n.a.) {3/2030},4,011.85 (n.a.) {4,011.85},398.49,25.10
570,hura c oc (ecl) (n06000275),8-2022,3/2029 (n.a.) {3/2029},859.41 (n.a.) {859.41},448.72,62.00
571,chuperbhita- simlong ocp (ecl) (n06000280),12-2023,3/2037 (mar-2037) {3/2037},979.08 (n.a.) {979.08},0.00,0.01
572,block-e ocp (15 mty) (bccl) (n06000287),3-2024,3/2029 (n.a.) {3/2029},5,850.83 (n.a.) {5,850.83},5.96,2.00
573,jarangdih ocp (ccl) (n06000295),2-2020,3/2029 (n.a.) {3/2029},414.37 (n.a.) {414.37},85.60,-
574,2000 boys hostel(1000 double bedded room) at ism dhanbad (cpwd education) (n28000067),9-2012,3/2016 (n.a.) {3/2016},171.86 (n.a.) {171.86},174.48,99.00
575,development of jharia cbm block (phase-1) (ongc) (n16000445),11-2019,1/2024 (mar-2025) {6/2025},431.00 (n.a.) {431.00},204.31,58.00
576,laying of natural gas pipeline from hazaribagh to ranchi (iocl) (n16000480),3-2023,2/2026 (n.a.) {2/2026},202.07 (n.a.) {202.07},52.94,42.95
577,cgd project in bihar jharkhand (hpcl) (n16000497),6-2022,6/2030 (n.a.) {6/2030},1,377.00 (n.a.) {1,377.00},282.88,24.15
578,north karanpura stpp (3x660 mw) (ntpc) (n18000177),2-2014,6/2019 (oct-2022) {3/2025},16,242.90 (n.a.) {16,242.90},17,323.08,98.00
579,patratu stpp-i (3x800mw) (ntpc) (n18000275),11-2017,3/2023 (n.a.) {3/2026},17,112.00 (n.a.) {17,112.00},17,219.35,81.00
580,badam coal mining project (ntpc) (n18000367),2-2019,10/2024 (apr-2027) {4/2027},501.79 (784.39) {501.79},368.94,59.79
581,kerandari coal mining project (ntpc) (n18000370),9-2015,11/2019 (mar-2025) {3/2025},1,553.00 (2,896.64) {2,896.64},2,095.17,64.00
582,koderma-tilaiya (nl), ecr (ecr) (220100305),4-2002,3/2023 (n.a.) {12/2025},1,625.87 (1,625.87) {1,700.00},2,039.52,80.00
583,bondamunda ranchi doubling (ser) (n22000396),3-2016,6/2024 (n.a.) {6/2026},3,029.04 (3,029.04) {3,029.04},2,436.91,84.50
584,lodhma to piska link line by passing hatia/ranchi with y connection (17.2 km) (ser) (n22000508),4-2018,6/2026 (n.a.) {6/2026},501.52 (n.a.) {472.50},275.97,4.00
585,doubling of pradhankhunta jn - patherdih bazar-bhojudih (ecr) (n22000529),11-2022,11/2027 (n.a.) {3/2026},202.00 (349.22) {349.22},76.94,2.00
586,kharagpur-adityapur - 3rd line (132 km) (rvnl) (n22000595),12-2015,3/2025 (n.a.) {3/2025},3,249.98 (n.a.) {3,270.07},2,899.45,-
587,3rd line between dhanbad sonnagar (rvnl) (n22000599),11-2016,3/2026 (n.a.) {3/2026},8,975.00 (n.a.) {7,906.38},4,705.38,-
588,garhwa road - rail over rail (ecr) (n22000610),3-2017,6/2024 (n.a.) {2/2026},262.71 (n.a.) {262.71},227.86,70.00
589,gomoh - flyover for down trains (ecr) (n22000611),1-2018,3/2023 (n.a.) {3/2026},686.03 (n.a.) {487.73},419.46,45.00
590,hariharganj to parwa mode section from km 23.284 to km 57.049 of nh-98 (nhai) (n24001589),9-2020,3/2024 (dec-2024) {4/2025},755.26 (n.a.) {1,039.00},635.78,88.10
591,4l from km 196.87 (sankha) to km 219.6 (khajuri) on nh-75 [rehla / garhwa bypass] (nhai) (n24001590),9-2020,10/2023 (dec-2024) {1/2025},748.99 (n.a.) {903.00},831.75,100.00
592,elevated corridor in ranchi city from km 0.00 to km 3.260 of nh-75 including down ramp on nh-23 from (nhai) (n24001594),2-2022,1/2025 (mar-2025) {3/2025},534.73 (n.a.) {534.73},282.33,99.57
593,4l of palma to gumla section of nh23 from km. 26.00 to km. 89.170 on ham mode in the state of jharkh (nhai) (n24001595),8-2020,3/2024 (sep-2025) {9/2025},1,034.00 (1,879.55) {1,879.55},41.50,97.30
594,4l of mirza chauki to farkka section of nh80 from km 215.00 to km 260.00 on ham mode in the state of (nhai) (n24001596),11-2021,7/2023 (jun-2025) {12/2025},1,302.72 (1,504.80) {1,504.80},957.00,75.74
595,four laning with paved shoulder of section from km 53.600 (gola on nh-320) to km 81.446 (ormanjhi on (nhai) (n24001854),6-2023,6/2025 (n.a.) {6/2025},1,214.93 (1,324.95) {1,462.00},808.69,75.50
596,widening to 2-lane with paved shoulder from km 0.00 to 44.00 (kuru-ghaghra section) of nh- 143a inclu (morth) (n24001922),2-2020,8/2023 (n.a.) {12/2024},153.01 (n.a.) {153.01},83.63,96.23
597,widening and strengthening of existing paveemnt to two lane with paved shoulders from km 116.00 to k (morth) (n24001923),1-2022,7/2024 (n.a.) {12/2024},315.21 (n.a.) {315.21},117.26,80.00
598,widening and strengthening to two lane with paved shoulder/two lane+ paved shoulder with service roa (morth) (n24001924),3-2022,8/2025 (n.a.) {8/2025},514.22 (n.a.) {514.22},15.19,6.10
599,widening and strengthening/reconstruction to two lane with paved shoulder/ two lane with paved shoul (morth) (n24001925),3-2022,8/2025 (n.a.) {8/2025},423.18 (n.a.) {423.18},0.11,-
600,four laning of khajuri to wyndhamganj from km 219.600 to km 260.483 on nh-75 pkg sec-v on ham (nhai) (n24002053),4-2022,9/2025 (n.a.) {9/2025},1,232.00 (1,343.00) {1,400.00},606.60,81.76
601,four laning of bhogu to sankha from km 147.450 to km 196.870 on nh-75 pkg sec-iii (nhai) (n24002054),10-2022,11/2025 (n.a.) {11/2025},1,390.77 (1,391.00) {1,600.00},319.69,75.01
602,four laning of basukinath- deoghar section of nh-114a from km 85.081 to km 130.240 under nhdp phase-i (nhai) (n24002055),3-2023,12/2025 (n.a.) {12/2025},1,444.94 (n.a.) {1,444.94},0.00,-
603,bharatmala pariyojana of bokaro jaina more - gola section of nh-320 from km. 21.110 to km. 53.600 in (nhai) (n24002056),6-2020,6/2025 (n.a.) {6/2025},964.64 (n.a.) {964.64},458.58,61.20
604,four laning of mehgama hansdiha section of nh-33 from existing km 41.900 to 93.000 in the state of j (nhai) (n24002057),12-2022,5/2025 (n.a.) {5/2025},1,443.77 (n.a.) {1,443.77},0.00,-
605,six laning of bihar - jharkhand border (chordaha) to gorhar section (nhai) (n24000726),1-2018,11/2021 (may-2026) {5/2026},1,155.16 (n.a.) {950.49},657.82,73.00
606,widening to 2 lane with paved shoulders and geometric improvement of nh-114a from km 141 to km 184 i (morth) (n24001216),12-2016,9/2021 (n.a.) {12/2024},196.00 (n.a.) {196.00},164.21,90.10
607,new sinter plant at bokaro steel plant (sail) (n12000095),3-2015,10/2017 (nov-2026) {11/2026},1,034.01 (1,752.30) {1,752.30},882.41,51.75
608,revamping of old sub system of blast furnace 3 at bokaro steel plant (sail) (n12000129),9-2023,7/2025 (nov-2025) {11/2025},513.82 (n.a.) {513.82},195.71,67.00
609,rebuilding of coke oven battery no.6 of bokaro steel plant (sail) (n12000133),11-2023,11/2026 (n.a.) {11/2026},627.31 (n.a.) {627.31},84.56,35.00
610,replacement of remaining 04 nos. of battery cyclones with 04 nos. of esps in sinter plant-1 at bsl (sail) (n12000135),3-2024,6/2026 (n.a.) {6/2026},260.37 (n.a.) {260.37},44.22,18.00
611,replacement of existing grinders in crm-i & ii at bokaro steel plant (sail) (n12000142),1-2025,1/2027 (n.a.) {1/2027},211.94 (n.a.) {211.94},0.00,-
612,secondary emission control in converters of sms-ii at bokaro steel plant (sail) (n12000143),1-2025,10/2026 (n.a.) {10/2026},207.13 (n.a.) {207.13},0.00,5.00
613,belagavi airport- expansion of terminal building and associated works (aai) (n04000105),6-2023,2/2026 (n.a.) {2/2026},322.45 (n.a.) {322.45},104.38,43.00
614,hubbali airport - construction of new domestic terminal building and miscellaneous works (aai) (n04000108),6-2023,2/2026 (n.a.) {2/2026},320.47 (n.a.) {320.47},53.87,32.50
615,construction of permanent campus for indian institute of technology, dharwad (phase 1a) (cpwd education) (n42000006),7-2019,3/2022 (n.a.) {11/2025},851.00 (851.00) {930.36},918.06,-
616,additional infrastructure at iisc bangalore sh rcc monolithic for men women hostel (cpwd) (n42000010),8-2021,2/2024 (nov-2024) {11/2024},316.25 (n.a.) {316.25},281.32,91.00
617,construction of 80000mt lpg cavern at mangalore (hpcl) (n16000369),12-2018,12/2022 (aug-2025) {8/2025},854.00 (854.00) {854.00},717.44,99.70
618,revamping, augmentation of facilities at existing port terminal at mangalore (iocl) (n16000437),1-2022,7/2025 (dec-2025) {12/2025},463.00 (500.62) {500.62},244.46,71.10
619,power system upgradation project (mangalore refin) (n16000509),10-2023,2/2026 (n.a.) {2/2026},385.00 (n.a.) {385.00},129.72,59.70
620,demo plant for production of bio-atf (mangalore refin) (n16000536),3-2024,3/2027 (n.a.) {3/2027},364.00 (n.a.) {364.00},22.78,10.10
621,ts for intrgration of re zone (phase ii) in koppal ii (phase a and b) and gadag ii (phase a) in karn (pgcil) (n18000385),12-2023,12/2025 (n.a.) {12/2025},2,889.00 (n.a.) {2,889.00},1,011.29,36.70
622,ts for solar energy zone in bidar (2500mw), karnataka [bidar transmission ltd] (pgcil) (n18000388),2-2024,2/2026 (n.a.) {2/2026},2,148.00 (n.a.) {2,148.00},923.47,52.20
623,system strengthening at koppal- ii and gadag-ii for integration of re generation projects (pgcil) (n18000409),1-2025,1/2027 (n.a.) {1/2027},1,354.00 (n.a.) {1,354.00},16.25,-
624,augmentation of transformation capacity at bidar ps (pgcil) (n18000410),2-2025,2/2027 (n.a.) {2/2027},288.00 (n.a.) {288.00},4.03,-
625,transmission scheme for integration of davanagere / chitradurga and bellary rez in karnataka (pgcil) (n18000419),3-2025,3/2027 (n.a.) {3/2027},3,453.00 (n.a.) {3,453.00},20.70,-
626,tumkur-chitradurga-davengere nl (swr) (n22000256),4-2011,3/2019 (n.a.) {12/2027},1,876.00 (n.a.) {1,801.01},503.99,12.00
627,bagalkot-kudachi nl (swr) (n22000258),4-2010,3/2027 (n.a.) {12/2028},1,378.00 (1,378.00) {1,378.00},646.95,34.00
628,hospet-hubli-londa- vascodagama dl (rvnl) (n22000297),4-2010,3/2027 (n.a.) {12/2026},5,060.36 (n.a.) {3,692.60},3,505.49,-
629,gadag-wadi nl (swr) (n22000299),4-2013,3/2027 (n.a.) {3/2028},2,841.84 (n.a.) {2,841.84},1,352.94,29.00
630,marikuppam - kuppam (swr) (n22000308),4-2012,3/2016 (n.a.) {12/2027},279.54 (296.72) {296.72},121.12,14.00
631,kadur chikmagalur sakleshpur new line (93 km) (swr) (n22000486),3-1996,6/2025 (n.a.) {3/2026},825.31 (825.31) {825.31},692.24,83.00
632,baiyyappanahalli-hosur (48 km) (ncrtc) (n22000542),4-2019,3/2026 (n.a.) {3/2026},375.67 (n.a.) {375.67},0.00,-
633,yeshvanthpur-channasandra (21.7 km) (ncrtc) (n22000543),4-2019,3/2026 (n.a.) {3/2026},169.65 (n.a.) {169.65},71.75,-
634,belgaum-dharwad via kittur (73.10 km) (umbrella work pb#22/2019-20/nr) (swr) (n22000557),9-2020,12/2027 (n.a.) {3/2029},1,590.80 (927.42) {927.42},0.75,-
635,hassan (alur) - belur (32 km) (umbrella work pb#23/2018-19/nr) (swr) (n22000558),6-2019,4/2028 (n.a.) {3/2028},748.86 (748.85) {748.85},0.88,1.00
636,shimoga-shikaripura-ranebennur (umbrella work pb#23/2018-19/nr) (swr) (n22000559),9-2019,12/2027 (n.a.) {12/2028},1,453.73 (994.47) {994.47},87.33,7.00
637,bangalore-whitefield-bangalore city-krishnarajapuram quadrupling (swr) (n22000621),3-2018,6/2025 (n.a.) {2/2026},492.87 (492.87) {492.87},254.35,75.00
638,4l of addahole to bantwal cross section including flyover at kalladka town (nhai) (n24001425),3-2021,11/2021 (nov-2025) {11/2025},1,100.88 (1,687.31) {1,687.31},1,156.26,80.30
639,4l of addahole to bantwal cross section (nhai) (n24001426),3-2021,10/2021 (jul-2025) {7/2025},317.90 (572.01) {572.01},370.84,98.00
640,6l from sankeshwar bypass to mh knt border from km. 555.017 to km. 592.853 of nh-48 (pkg ii) (nhai) (n24001598),1-2022,4/2025 (may-2026) {5/2026},1,388.70 (1,388.70) {1,388.70},509.84,71.60
641,belakeri port to kumta - sirsi road from km 0.00 - km 4.265 of belekeri port road link rd. and km 4. (nhai) (n24001599),3-2018,12/2022 (dec-2022) {12/2025},440.16 (n.a.) {440.16},355.97,75.27
642,bangalore/tn border to hoskote (nhai) (n24001674),2-2023,2/2025 (sep-2025) {9/2025},1,240.60 (1,181.68) {1,181.68},952.87,83.25
643,6l of mh/kn border (nimbal village) to kn/ts border (singnodi village) from km. 26.000 to km. 97.000 (nhai) (n24001676),12-2022,6/2025 (mar-2026) {6/2025},2,718.46 (n.a.) {2,718.46},438.90,54.52
644,balance work of 2l ps from km 30.800 to 70.800 and 2l with rigid carriageway from 70.800 to km 84.12 (nhai) (n24001677),11-2022,5/2024 (apr-2025) {4/2025},226.76 (226.76) {226.76},86.76,71.95
645,6l from belgaum to sankeshwar bypass from km 515.000 to km 555.017 of nh 48 (nhai) (n24001679),10-2022,4/2025 (dec-2025) {12/2025},1,479.30 (1,479.30) {1,479.30},676.61,83.98
646,4l of sannur to bikarnakatte section from karkala to mangalore (nhai) (n24001680),3-2021,10/2024 (jun-2026) {6/2026},1,409.68 (1,808.12) {1,808.12},1,039.17,59.00
647,tumkur - nelamangala(6l) (nhai) (n24001681),8-2022,8/2025 (mar-2026) {3/2026},2,032.15 (2,032.15) {2,032.15},185.64,52.88
648,upgradation 2/4 lane nh connectivity under sagarmala scheme sh 2 haveri yekambi sh 69 yekambi kumta (nhai) (n24001682),11-2021,3/2024 (mar-2024) {12/2026},294.62 (309.90) {309.90},57.86,15.14
649,4l of channarayapatna bypass and hassan bypass with structures in devihalli -hassan section (nhai) (n24001684),9-2020,1/2023 (sep-2020) {5/2025},688.00 (602.09) {688.00},514.23,80.07
650,four laning of bettadahalli to srirampura section from km. 166+100 (design km. 170+415) to km. 217+0 (nhai) (n24001687),10-2021,10/2023 (dec-2025) {12/2025},1,331.77 (2,082.98) {2,082.98},483.94,77.06
651,balance work of contsruction of two/four lane with paved shoulder from km. 54.370 to km. 101.400 (bi (morth) (n24001936),3-2021,3/2023 (jul-2024) {7/2024},344.79 (n.a.) {344.79},10.00,90.00
652,balance work of rehabilitation and upgrading to 2lane/2lane with paved shoulder configuration and st (morth) (n24001937),2-2023,2/2024 (feb-2025) {2/2025},398.48 (n.a.) {398.48},5.00,50.00
653,construction of elevated corridor from km. 135.650 to 136.300 on 63, from km. 249 to km. 250.050 on (morth) (n24001938),6-2021,6/2024 (jun-2025) {6/2025},298.00 (n.a.) {298.00},10.70,52.00
654,widening to 2 lane with paved shoulders from design km 103.200 (existing km 103.200) to design km 11 (morth) (n24001940),1-2023,1/2026 (sep-2025) {9/2025},166.58 (n.a.) {166.58},3.54,-
655,widening to 4 lane from km. 133.00 to 158.04 (design chainage km. 130.88 to 155.145) (shirur cross t (morth) (n24001941),1-2023,1/2025 (jan-2025) {1/2025},350.69 (n.a.) {350.69},10.00,56.00
656,widening to two lane with paved shoulders from km. 33.13 to km. 40.23 and km. 52.00 to km. 71.00 (ex (morth) (n24001943),9-2022,3/2024 (jan-2025) {1/2025},172.98 (n.a.) {172.98},6.48,65.00
657,widening to intermediate/two lane to 2 lane with paved shoulder from existing chanages km 112.750 to (morth) (n24001944),1-2023,6/2024 (jul-2024) {7/2024},255.88 (n.a.) {255.88},60.99,78.24
658,widening to 2 lane with paved shoulders from km 116.800 to 149.070(design changes) on hosadurga hol (morth) (n24001945),8-2022,2/2024 (dec-2024) {12/2024},170.34 (n.a.) {170.34},4.25,72.00
659,widening to 2 lanes with paved shoulders from km 24.400 to 27.270, 40.500 to 41.900, 84.300 to 88.20 (morth) (n24001946),11-2022,11/2024 (nov-2024) {11/2024},218.93 (n.a.) {218.93},10.00,95.25
660,widening to existing 2 lane with paved shoulder to 4 lane with paved shoulder from design km 153.00 (morth) (n24001947),2-2023,2/2025 (feb-2025) {2/2025},177.94 (n.a.) {177.94},6.66,47.00
661,widening to 4 lane from km 51.60 to 76.20 (hebri to parkala) and from km 85.20 to 88.90 (karavali ju (morth) (n24001948),10-2022,10/2024 (dec-2024) {12/2024},355.72 (n.a.) {355.72},11.32,60.00
662,four laning of left over works of hospet bellary karnataka/ ap border from km.280.080 to km. 375.450 (nhai) (n24001989),3-2023,5/2025 (n.a.) {5/2025},830.28 (n.a.) {830.28},692.62,77.10
663,development of 6 lane access controlled greenfield highway from km. 97.000 to km. 162.500 maradgi s (nhai) (n24001993),12-2022,10/2025 (n.a.) {10/2025},1,589.00 (n.a.) {1,589.00},732.47,63.15
664,4/6l of bangalore - pune section of bypass connecting dharwad - hubli from km. 403.80 to km. 433.20 (nhai) (n24001994),5-2022,3/2023 (sep-2025) {9/2025},1,135.39 (n.a.) {1,135.39},396.27,70.68
665,balance work of construction of two/four lane with paved shoulder from km 422.000 to 523.600 ( chitr (morth) (n24002011),12-2021,6/2024 (dec-2024) {12/2024},516.96 (n.a.) {516.96},19.93,75.00
666,widening to two lane with paved shoulders from km 40.00 to km 75.00 (existing chainages) of mangalor (morth) (n24002012),3-2023,3/2025 (mar-2025) {3/2025},718.52 (n.a.) {718.52},24.81,23.00
667,construction of two lane with paved shoulder from km.0 to km. 80 on nh 548b (vijayapura- sankeswar se (morth) (n24002013),3-2021,2/2022 (oct-2024) {10/2024},766.64 (n.a.) {766.64},13.55,75.00
668,widening to 2 lane with paved shoulders from design km 103.200 (existing km 103.200) to design km 11 (morth) (n24002186),3-2024,9/2025 (n.a.) {9/2025},166.58 (n.a.) {166.58},3.62,-
669,construction of 2 lane with paved shoulder from km 55.6 to km 90.7 (existing chainages) of nh- 766c ( (morth) (n24002187),2-2024,2/2026 (n.a.) {2/2026},313.56 (n.a.) {313.56},53.65,-
670,widening to 2l+ps from km 71.00 to 104.00 (existing chainages) (sarjapur to pattadkallu) on bhanapur (morth) (n24002188),3-2024,3/2026 (n.a.) {3/2026},445.62 (n.a.) {445.62},33.24,-
671,widening to two lane with paved shoulders from km 0.00 (design chainage 0.00) to km 23.338 (design c (morth) (n24002189),9-2024,3/2026 (n.a.) {3/2026},196.05 (n.a.) {196.05},2.34,-
672,strengthening and widening to two lane with paved shoulders from km.106.00 to 153.00 of nh-218 bijap (morth) (n24000334),3-2015,11/2015 (aug-2024) {8/2024},165.67 (n.a.) {165.67},126.47,98.99
673,4-laning of goa/karnataka border-kundapur section (nhai) (n24000462),7-2012,8/2016 (jan-2020) {12/2025},1,655.01 (1,990.99) {1,990.99},1,824.10,97.80
674,widening to two lane with paved shoulder from km 544.200 to km 594.000 of nh-150a hosmane cross ? pa (morth) (n24001156),1-2017,9/2017 (may-2023) {5/2023},166.67 (n.a.) {264.34},192.08,100.00
675,improvements and reconstruction to two lane with paved shoulders from km 243.20 to km 290.20 of nh (morth) (n24001157),8-2016,2/2017 (jul-2024) {7/2024},175.50 (n.a.) {241.60},178.73,90.01
676,reconstruction to two lane with paved shoulders from ds. ch. 442+180 (ex. km 448.00) to ds. ch.485+2 (morth) (n24001158),3-2018,6/2019 (dec-2023) {12/2023},159.97 (n.a.) {242.61},113.15,100.00
677,widening to two lane with paved shoulders from km 20.150 to km 40.00 of bc road kottigehara section (morth) (n24001159),1-2018,7/2018 (n.a.) {3/2022},159.70 (n.a.) {159.70},142.88,100.00
678,widening to two lane with paved shoulder from km 194.900 to km 243.200 of nh-234 banavara- huliyar (morth) (n24001160),9-2017,10/2018 (apr-2022) {4/2022},191.60 (n.a.) {191.60},112.01,100.00
679,widening to two lane with paved shoulders from 24.600 to 70.063 of mudigere to kadur section of nh- (morth) (n24001161),12-2017,1/2019 (apr-2022) {4/2022},297.30 (n.a.) {318.28},277.27,100.00
680,improvement and reconstruction to two lane with paved shoulders from km 489.845 (new km.58.125) an (morth) (n24001162),3-2018,10/2018 (nov-2022) {11/2022},325.86 (n.a.) {386.41},356.76,100.00
681,widening to 2 lane with paved shoulders from km 0 to 54 of nh- 50 under epc mode in the state of karn (morth) (n24001164),10-2016,3/2017 (jul-2022) {7/2022},396.96 (n.a.) {396.96},329.58,100.00
682,widening to 2 lane with paved shoulders from km 34.00 to 70.900 of nh-150 under epc mode in the stat (morth) (n24001165),11-2016,3/2017 (oct-2021) {10/2021},314.90 (n.a.) {314.90},233.95,100.00
683,widening two lane with paved shoulders from from km.56.00 to 106.00 of nh-218 (218-knt-2014-15- 775) (morth) (n24001166),3-2015,1/2016 (n.a.) {7/2024},159.12 (n.a.) {159.12},127.72,98.00
684,estimate for widening two lane to four lane from from km.129.00 to 144.00 of nh-63 ankola-gooty sect (morth) (n24001168),5-2018,5/2018 (dec-2023) {12/2023},171.60 (n.a.) {171.60},129.72,100.00
685,widening to two lane with paved shoulder from km 4.40 to km 56.00 of nh-218 bijapura-hubli section u (morth) (n24001172),1-2017,8/2017 (n.a.) {6/2022},291.49 (n.a.) {291.49},238.77,100.00
686,construction of major bridge at km 180.865 across river krishna on nh-167 hagari ? jadercela section (morth) (n24001173),2-2017,5/2019 (n.a.) {10/2025},157.32 (188.00) {187.61},43.16,60.00
687,widening to 2-lane wih paved shoulder from km. 544.20 to 594.00 (hosamane cross to pandavapura) sect (morth) (n24001387),1-2017,9/2017 (may-2023) {5/2023},264.34 (n.a.) {264.34},201.07,100.00
688,construction of major bridge across sharavathi backwaters and approches between ambargodu and kalasa (morth) (n24001388),3-2019,12/2019 (nov-2024) {11/2024},423.15 (n.a.) {423.15},268.97,82.00
689,screening plant-ii, donimalai (nmdc) (n12000136),9-2023,8/2026 (n.a.) {8/2026},1,043.63 (n.a.) {1,043.63},201.25,21.50
690,bangalore metro rail project phase-2 (bmrcl) (n28000058),2-2014,2/2021 (n.a.) {3/2025},26,405.14 (n.a.) {26,405.14},20,936.29,-
691,bangalore metro rail project limited. phase. 2a and 2b (bmrcl) (n28000151),6-2021,6/2026 (n.a.) {6/2026},14,788.10 (n.a.) {14,788.10},2,424.04,-
692,calicut airport - development of additional resa on either end on runway 10-28 at calicut airport (aai) (n04000111),6-2023,9/2025 (n.a.) {9/2025},484.57 (323.98) {323.98},74.67,18.30
693,c/o permanent campus of iit palakkad phase ia at pudessery village,kanjikode west, district palakka (cpwd education) (n28000140),7-2019,3/2021 (n.a.) {11/2025},753.63 (n.a.) {753.63},411.86,67.00
694,replacement and extension of jetty pipelines at kochi refinery (bpcl) (n16000508),3-2023,3/2026 (n.a.) {3/2026},621.87 (n.a.) {621.87},180.09,82.50
695,setting up polypropylene unit at kochi refinery (bpcl) (n16000530),12-2023,10/2027 (n.a.) {10/2027},4,460.00 (n.a.) {4,460.00},240.70,11.10
696,trivandrum-kanyakumari doubling (sr) (n22000399),2-2015,3/2024 (n.a.) {12/2027},1,431.90 (n.a.) {3,785.45},3,184.42,42.10
697,ernakulam-kumbalam - patch doubling (7.71 km) (sr) (n22000619),12-2010,3/2028 (n.a.) {12/2026},600.82 (n.a.) {595.39},282.77,8.00
698,kumbalam-thuravur - patch doubling (15.59 km) (sr) (n22000620),12-2011,3/2027 (n.a.) {12/2026},812.85 (n.a.) {802.80},287.48,7.00
699,construction of 6 lane elevated corridor along with development of existing 4 lane road at ground le (nhai) (n24001648),8-2022,1/2026 (n.a.) {1/2026},2,429.52 (n.a.) {2,429.52},1,185.00,62.02
700,six laning of paravoor(design km. 417+000) to kottukulangara(design km. 454+500) section of new nh-6 (nhai) (n24001649),12-2021,2/2025 (feb-2025) {1/2026},3,273.61 (n.a.) {3,273.61},789.16,61.81
701,six laning of kadambattukonam to kazhakkoottam section of nh- 66(old nh-47) from km. 517+250 to km.54 (nhai) (n24001650),12-2021,1/2025 (apr-2026) {4/2026},3,635.64 (n.a.) {3,635.64},324.02,39.20
702,six laning of thuravoor (design km. 378+612) to paravoor (design km.417+000) section of new nh-66 (o (nhai) (n24001651),9-2021,9/2024 (mar-2026) {9/2024},2,878.97 (n.a.) {2,878.97},570.80,44.65
703,6l minor bridge (paloli palam) at km. 203.160 and major bridge (morad) at km. 204.895 and allied wor (nhai) (n24001652),3-2020,6/2022 (feb-2024) {6/2024},210.37 (216.94) {216.94},198.10,100.00
704,six laning from kodungallur to edapally section of nh ?66 (old nh-17) from design chainage 397+750 ( (nhai) (n24001653),11-2021,4/2025 (n.a.) {4/2025},3,565.82 (n.a.) {3,064.11},2,082.00,62.43
705,six laning of start of kollam bypass (km.486+000) kadambattukonam (km.517+250) section of new nh-66 (nhai) (n24001654),6-2021,3/2025 (feb-2026) {2/2026},2,641.37 (n.a.) {2,641.37},607.07,76.90
706,six laning from kappirikkad to thalikulam section of nh ? 66 (old nh-17) from design ch. 335+850 (ex (nhai) (n24001655),6-2021,2/2025 (n.a.) {11/2025},3,606.00 (3,946.56) {3,946.56},3,120.31,73.35
707,six laning from thalikulam to kodungallur section of nh ? 66 (old nh-17) from design ch.369+015 (ex. (nhai) (n24001656),6-2021,3/2025 (n.a.) {12/2025},2,595.00 (n.a.) {4,009.57},3,071.01,66.73
708,six laning of kottukulangara (design km. 454+500) to start of kollam bypass (design km. 486+000) sec (nhai) (n24001657),6-2021,10/2024 (dec-2025) {12/2025},2,842.14 (n.a.) {2,842.14},477.69,71.30
709,six laning of ramanattukara junction to start of valanchery bypass section of nh-66 (old nh- 17) from (nhai) (n24001658),1-2021,7/2024 (mar-2025) {3/2025},4,265.42 (n.a.) {4,728.40},3,474.31,99.10
710,six laning from start of valanchery bypass to kappirikkad-section of nh-66(old nh-17) from design ch (nhai) (n24001659),2-2021,7/2024 (mar-2025) {3/2025},3,375.31 (3,824.07) {3,824.07},2,351.62,98.40
711,six laning of thaliparambha- muzhapilangad section from km 137.900 to km. 170.600 of nh-17 (new nh (nhai) (n24001660),8-2020,2/2024 (aug-2025) {3/2026},2,714.60 (3,557.65) {2,714.60},1,904.06,72.77
712,6l of azhiyur-vengalam from km. 189.200 to km. 230.400 of nh-66 (nhai) (n24001661),10-2020,4/2024 (may-2025) {3/2026},3,219.47 (3,898.46) {3,896.46},2,295.34,58.14
713,six laning of kt/kl border (thalappdy) to chengala section of nh17 (new nh-66) from ch. 17.200 to ch (nhai) (n24001662),5-2020,5/2024 (nov-2021) {7/2025},1,981.07 (2,651.79) {1,981.07},1,543.14,97.38
714,six laning of neeleshwaram to thaliparambha section from ch. 94+540 (existing km 96+450) to ch. 134+ (nhai) (n24001663),6-2020,4/2024 (oct-2021) {3/2026},3,041.65 (3,867.66) {3,041.65},2,406.52,82.75
715,six laning of chengala to neeleshwaram section of nh-17 (new nh-66) from ch. 56+200 (existing km 57+ (nhai) (n24001664),6-2020,4/2024 (oct-2021) {3/2026},1,746.45 (2,538.06) {1,746.45},1,262.19,79.25
716,widening/development of existing nh-85 from km 0.000 to km 124.636 section to 2l/@l+ps section in th (nhai) (n24002074),8-2022,6/2025 (n.a.) {6/2025},1,231.74 (n.a.) {1,231.74},486.00,49.70
717,6-laning of kozhikode bypass (calicut bypass) (i.e. vengalam jn. to ramanattukara jn.) section of nh (nhai) (n24000784),2-2018,2/2023 (dec-2024) {7/2025},1,424.77 (2,065.95) {2,065.95},902.09,95.50
718,widening to 2 lanes with paved shoulders from km.87/000 to 133/720 (nattukal to thanau jn. in palakk (morth) (n24001369),2-2017,8/2017 (mar-2022) {8/2024},294.28 (296.53) {296.53},286.80,98.00
719,widening to 2-lane with paved shoulders from km 119/017 to km 161/300 on nh 85 (old nh 49) (morth) (n24001370),2-2017,9/2017 (jan-2023) {8/2024},380.76 (372.87) {372.87},347.04,100.00
720,kochi metro rail project phase ii from jln stadium to infopark via kakkanad (kmrcl) (n28000158),7-2018,11/2026 (n.a.) {11/2026},1,957.05 (n.a.) {1,957.05},250.63,7.40
721,construction of terminal building and associated works at leh airport (aai) (n04000078),7-2018,9/2021 (oct-2025) {10/2025},480.33 (640.00) {640.00},416.49,65.92
722,construction of realignment between pandrass- pashkyun (total length 27.10 km) on road zozila-kargil (bro) (n24001999),11-2021,6/2025 (n.a.) {6/2025},426.14 (n.a.) {426.14},16.27,37.00
723,kargil-zanskr package-1 (nhidcl) (n24001343),3-2021,1/2023 (dec-2024) {11/2025},384.23 (n.a.) {384.23},162.54,60.40
724,kargil-zanskr package-2 (nhidcl) (n24001344),3-2021,1/2023 (feb-2025) {11/2025},404.89 (n.a.) {404.89},244.21,67.27
725,kargil-zanskr package-3 (nhidcl) (n24001345),8-2020,1/2023 (aug-2025) {8/2025},381.01 (n.a.) {381.01},230.28,76.11
726,kargil-zanskr package-8 (nhidcl) (n24001348),3-2021,1/2023 (aug-2025) {8/2025},398.37 (n.a.) {398.37},279.84,84.05
727,upgradation of jabalpur airport (aai) (n04000087),6-2016,6/2021 (jul-2024) {7/2024},412.24 (n.a.) {412.24},403.17,100.00
728,development of gwalior airport phase 01 (aai) (n04000098),10-2021,8/2023 (aug-2024) {8/2024},446.12 (455.00) {455.00},451.55,100.00
729,kanchan oc expansion (secl) (n06000125),12-2014,3/2021 (mar-2026) {3/2026},371.04 (n.a.) {371.04},137.63,47.00
730,amadand opencast expansion project (secl) (n06000148),3-2016,3/2021 (mar-2027) {3/2027},869.44 (n.a.) {869.44},272.09,75.00
731,gandhigram ug mine (wcl) (n06000183),8-2019,3/2026 (n.a.) {3/2026},414.16 (n.a.) {414.16},11.75,28.00
732,block-b expansion opencast project (ncl) (n06000184),7-2019,3/2023 (n.a.) {3/2027},998.71 (n.a.) {998.71},453.75,46.24
733,nigahi expansion ocp (15 to 25 mtpa) (ncl) (n06000196),11-2020,3/2025 (n.a.) {3/2028},1,729.68 (n.a.) {1,729.68},772.95,44.93
734,rampur batura oc (4.0 mty) (secl) (n06000233),7-2019,3/2026 (n.a.) {3/2026},1,248.93 (n.a.) {1,248.93},490.58,44.00
735,tawa iii ug mine (wcl) (n06000250),12-2021,3/2027 (n.a.) {3/2027},314.09 (n.a.) {324.25},0.56,9.00
736,amalgamated dhankasa jamunia ug (1.84 mty) (wcl) (n06000257),9-2022,3/2027 (n.a.) {3/2027},399.20 (n.a.) {497.01},64.13,42.00
737,vishnupuri ug to oc (wcl) (n06000260),11-2022,3/2029 (n.a.) {3/2029},220.62 (n.a.) {227.65},0.00,7.00
738,urdhan oc (wcl) (n06000265),1-2023,3/2031 (n.a.) {3/2031},206.88 (n.a.) {228.42},22.12,9.00
739,sharda ug (wcl) (n06000266),9-2023,3/2028 (n.a.) {3/2028},166.25 (n.a.) {200.16},1.69,11.00
740,ethylene cracker project at bina refinery including downstream petrochemical plants and expansion of (bpcl) (n16000518),5-2023,5/2028 (n.a.) {5/2028},43,367.00 (n.a.) {43,367.00},1,687.00,13.00
741,shajapur 325mw solar pv project (ntpc) (n18000348),6-2022,3/2024 (jun-2025) {6/2025},1,530.49 (n.a.) {1,578.34},1,219.41,100.00
742,ts for evacuation power rajasthan rez ph-iv (part-2:5.5gw) (jaisalmer/barmer complex): part- c (pgcil) (n18000392),8-2024,8/2026 (n.a.) {8/2026},2,708.00 (n.a.) {2,708.00},622.84,25.70
743,transmission system for evacuation of power from rajasthan rez ph-iv [part-2 5.5gw] [jaisalmer/barme (pgcil) (n18000399),10-2024,10/2026 (n.a.) {10/2026},3,674.00 (n.a.) {3,674.00},345.36,12.70
744,ramganjmundi-bhopal (nl),wcr (wcr) (220100314),4-2001,12/2025 (dec-2025) {6/2026},3,032.00 (3,032.46) {5,125.16},3,513.09,69.00
745,ratlam-mhow-khandwa-akola (gc) (wr) (n22000120),4-2008,2/2027 (feb-2027) {2/2027},5,677.88 (5,677.80) {6,203.51},4,314.25,80.00
746,katni - singrauli doubling project (wcr) (n22000351),12-2015,12/2026 (dec-2027) {12/2027},2,445.29 (2,445.30) {4,353.50},3,122.03,92.00
747,katni grade separator/bye pass (wcr) (n22000416),8-2016,9/2024 (jun-2025) {9/2024},1,247.64 (1,247.64) {2,300.00},1,453.81,89.00
748,anuppur-katni (secr) (n22000485),4-2015,12/2021 (dec-2023) {3/2025},1,860.94 (1,680.00) {2,311.02},1,955.51,100.00
749,nimach badi sadri new line project (wr) (n22000503),4-2017,3/2022 (dec-2026) {12/2026},495.18 (n.a.) {495.18},306.32,46.00
750,nimach-ratlam (133 km) (wr) (n22000536),10-2021,10/2027 (dec-2025) {12/2025},1,095.88 (1,095.88) {1,095.88},1,197.14,72.00
751,satna - rewa (50 km) (wcr) (n22000554),11-2015,3/2026 (n.a.) {3/2026},500.00 (40.00) {500.00},1.41,80.00
752,indore budni (indore jabalpur) (rvnl) (n22000601),9-2018,9/2030 (n.a.) {9/2030},7,474.01 (n.a.) {7,393.75},1,004.86,-
753,4lberkhedi to godpehra nh-44 (nhai) (n24001614),2-2022,11/2024 (n.a.) {12/2025},524.84 (n.a.) {524.84},2,455.45,60.00
754,4l of sagar - mohari from km.8 to km.50 (pkg-i) (nhai) (n24001615),3-2021,4/2024 (jun-2025) {6/2025},790.78 (n.a.) {790.78},2,141.21,77.02
755,katni bypass from km. 359.50 to km. 378.50 (nhai) (n24001618),9-2019,9/2022 (n.a.) {2/2025},194.40 (235.00) {235.00},208.32,98.84
756,4l of chandesara to khedakhajuriya from km. 0.000 to (-) 750 and km 0.000 to km 41.400 of nh-752d (nhai) (n24001759),1-2020,6/2024 (dec-2025) {12/2025},909.84 (n.a.) {909.84},503.76,99.00
757,indore - harda (pkg-iii) [nanasa to pidgaon section from km 95.000 to km 142.445] (nhai) (n24001762),10-2021,1/2024 (dec-2025) {12/2025},1,146.22 (n.a.) {1,146.22},663.10,91.40
758,indore - harda (pkg-i) [indore to raghav garh from km. 0.25 to km. 26.903] (nhai) (n24001766),1-2022,10/2024 (n.a.) {12/2025},1,011.29 (n.a.) {1,011.29},318.76,70.68
759,4l of indore - boregaon (pkg-iii) [balwara to dhangaon] from km. 42.260 to km. 82.660 of nh347bg and (nhai) (n24001767),1-2021,4/2024 (n.a.) {12/2025},1,001.69 (n.a.) {1,001.69},520.29,83.00
760,4l of obedullganj - budni section from km. 8.400 to km. 20.700 in ratanpani wildlife area of nh - 69 (nhai) (n24001770),2-2022,3/2024 (mar-2025) {7/2025},417.51 (n.a.) {417.51},312.94,100.00
761,2- lane with paved shoulders of hinotiya to mehulwa from design km 27+000 9of existing sh-19 km 26+5 (nhai) (n24001921),8-2021,9/2025 (n.a.) {9/2025},581.65 (592.03) {581.65},135.75,45.78
762,construction of mihona bypass, lahar bypass, daboh bypass and bhander bypass (total length 20.60 km) (morth) (n24001962),3-2022,12/2024 (n.a.) {3/2025},179.19 (n.a.) {179.19},47.91,96.00
763,upgradation of nasrullagani- rehti-budhni scction to 2-lane with paved shoulder from km 0+150 to km (morth) (n24001963),12-2021,10/2024 (n.a.) {9/2025},305.12 (n.a.) {305.12},71.47,34.46
764,upgradation and widening of jharkheda- berasia - dholkhedi from design km 0+000 to km 87+900 (design (morth) (n24001964),3-2022,5/2025 (n.a.) {5/2025},365.21 (n.a.) {365.21},112.27,64.00
765,rehabilitation and upgradation of kurwai?mungaoli?chanderi road section of nh-346, from design chain (morth) (n24001965),3-2022,2/2025 (n.a.) {12/2025},386.49 (n.a.) {386.49},77.42,48.77
766,4l greenfield rudhi to deshgaon (pkg v of betul- khandwa/deshgaon) - n/04015/06003/mp (nhai) (n24001967),11-2018,10/2025 (n.a.) {10/2025},521.21 (n.a.) {521.21},110.63,49.57
767,rehabilitation and upgradation to 2-lane with paved shoulder configuration of jirapur- susner-mp-rj b (morth) (n24002018),1-2022,3/2025 (n.a.) {3/2025},239.72 (232.22) {232.22},73.40,100.00
768,upgradation of dindori- sagartola-kabichabutra (mp-cg border) section of nh -45 from km 0+00(design) (morth) (n24002019),1-2022,9/2025 (n.a.) {9/2025},329.14 (319.09) {319.09},52.70,50.12
769,construction of kaithi-padaria kala bypass, patna-tamoli bypass, jaso bypass , nagod bypass (total l (morth) (n24002020),3-2022,10/2025 (n.a.) {10/2025},158.36 (158.00) {158.36},22.68,30.00
770,balance work of 4l of nauradehi sanctuary de-scoped stretch of hiran river to sindoor river from km. (nhai) (n24002067),1-2021,7/2023 (n.a.) {4/2025},178.18 (n.a.) {178.18},161.64,94.65
771,construction of 4-lane from barela to manegaon section of nh-30 from design ch. 2.900 to design ch. (nhai) (n24002068),12-2022,3/2025 (n.a.) {12/2025},652.33 (n.a.) {652.33},334.34,73.16
772,construction of additional 3 lane with paved shoulder (design length 8.87 km) as realignment of baka (nhai) (n24002069),7-2022,12/2024 (n.a.) {12/2024},209.29 (n.a.) {209.29},140.22,100.00
773,indore - edlabad (pkg-ii) [tejajinagar to balwara] (nhai) (n24002070),1-2022,1/2025 (n.a.) {1/2026},1,162.80 (n.a.) {1,162.80},537.71,80.50
774,construction of (i) 4-lane highway from vidisha to hinotiya from km. 0.000 to km. 27.000 (length=27 (nhai) (n24002077),9-2022,12/2025 (n.a.) {12/2025},1,000.63 (n.a.) {1,000.63},210.15,53.86
775,four laning of raghogarh (design ch.29.300/existing ch. 29.555) to nanasa (design ch.92.971/existing (nhai) (n24002166),3-2024,3/2026 (mar-2026) {3/2026},799.20 (n.a.) {799.20},306.28,35.10
776,balance works of 4 lane divided carriageway of missing link section of nh-39 (rewa bypass) from junc (nhai) (n24002200),4-2024,4/2026 (n.a.) {4/2026},355.36 (n.a.) {355.36},66.14,34.40
777,umariya to shahdol section of nh-78 in madya pradesh km 68/4 to 142/200 (morth) (n24000513),3-2015,8/2017 (dec-2023) {6/2025},511.83 (n.a.) {511.83},478.84,93.06
778,bhopal metro rail (mpmrcl) (n28000124),11-2018,2/2023 (jun-2028) {6/2028},6,941.40 (n.a.) {6,941.40},3,043.74,42.16
779,indore metro rail (mpmrcl) (n28000125),11-2018,2/2023 (dec-2028) {12/2028},7,500.80 (n.a.) {7,500.80},3,798.28,53.54
780,construction of new integrated terminal building, reconstruction of old terminal building, modificat (aai) (n04000079),3-2017,4/2021 (dec-2023) {12/2023},475.39 (n.a.) {533.56},533.14,100.00
781,extension of runway with blast pad, resa, taxiway, apron, gse area, isolation bay, new domestic term (aai) (n04000096),6-2017,12/2020 (apr-2024) {4/2024},255.68 (270.00) {270.00},267.86,100.00
782,amalgamated yekona-i yekona-ii (wcl) (n06000132),8-2015,3/2025 (n.a.) {3/2025},727.28 (n.a.) {727.28},530.02,86.00
783,ukni deep oc (wcl) (n06000179),1-2019,3/2021 (mar-2025) {3/2025},237.06 (n.a.) {318.14},163.86,91.00
784,ghonsa expansion deep oc (wcl) (n06000205),3-2021,3/2028 (n.a.) {3/2029},184.71 (n.a.) {241.72},9.25,6.00
785,sasti expansion oc (wcl) (n06000206),8-2020,3/2026 (n.a.) {3/2026},319.04 (n.a.) {371.59},68.64,24.00
786,dhuptala oc(sasti ug to oc) (wcl) (n06000209),10-2021,3/2028 (n.a.) {3/2028},711.00 (n.a.) {720.87},159.15,33.00
787,adasa ug to oc (1.50 mty) (wcl) (n06000219),11-2018,3/2024 (mar-2025) {3/2025},316.00 (n.a.) {333.43},208.20,78.00
788,dinesh (makardhokda-iii) oc (8.0 mty) (wcl) (n06000222),2-2020,3/2027 (n.a.) {3/2027},822.88 (n.a.) {1,184.33},578.89,48.00
789,amalgamated inder-kamptee deep oc (3.20 mty) (wcl) (n06000226),9-2018,3/2024 (mar-2025) {3/2025},235.90 (n.a.) {313.34},116.46,87.00
790,saoner ug mine i expansion (wcl) (n06000251),1-2022,3/2028 (n.a.) {3/2028},228.64 (n.a.) {253.51},118.34,27.00
791,singhori deep oc (wcl) (n06000252),5-2022,3/2029 (n.a.) {3/2029},335.75 (n.a.) {421.84},22.01,16.00
792,makardhokda i expansion oc (wcl) (n06000253),6-2022,3/2026 (n.a.) {3/2026},361.87 (n.a.) {497.06},33.90,12.00
793,bhatadi expansion oc (wcl) (n06000254),5-2022,3/2028 (n.a.) {3/2028},580.60 (n.a.) {729.86},61.33,17.00
794,new majari ug to oc (3.0 mty) (wcl) (n06000255),9-2022,3/2027 (n.a.) {3/2027},402.27 (n.a.) {496.38},47.99,27.00
795,bhanegaon oc (1.15mty) (wcl) (n06000256),9-2022,3/2028 (n.a.) {3/2028},405.20 (n.a.) {494.60},10.21,7.00
796,gokul expansion oc (wcl) (n06000264),4-2021,3/2026 (n.a.) {3/2026},309.58 (n.a.) {456.95},3.65,7.00
797,kolgaon expansion (deep) oc (wcl) (n06000267),9-2023,3/2027 (n.a.) {3/2027},198.71 (n.a.) {206.19},0.55,5.00
798,amalgamated gauri pauni expansion oc (wcl) (n06000271),3-2024,3/2030 (n.a.) {3/2030},1,225.21 (n.a.) {1,428.25},52.83,17.00
799,gauri central ocm (wcl) (n06000278),6-2024,3/2030 (n.a.) {3/2030},973.07 (n.a.) {1,015.07},0.00,-
800,ballarpur northwest oc mine (wcl) (n06000282),12-2022,3/2029 (n.a.) {3/2029},360.18 (n.a.) {360.18},0.00,-
801,northern extension of mungoli nirguda deep oc (wcl) (n06000283),6-2024,3/2029 (n.a.) {3/2029},1,024.91 (n.a.) {1,184.44},0.00,-
802,amalgamated gondegaon - ghatrohan expansion ocm (wcl) (n06000284),9-2024,3/2029 (n.a.) {3/2029},668.54 (n.a.) {871.59},0.00,-
803,waghoda ug (wcl) (n06000293),1-2025,3/2030 (n.a.) {3/2030},379.30 (n.a.) {379.30},0.00,-
804,kolarpimpri expansion ocm (2.50 mty) (wcl) (n06000294),2-2025,3/2030 (n.a.) {3/2030},630.37 (n.a.) {630.37},0.00,-
805,construction of iitb research park at iit bombay, powai, mumbai (cpwd education) (n28000117),1-2018,7/2020 (nov-2023) {2/2024},223.37 (275.00) {230.00},141.16,100.00
806,500 bedded hospital including 50 superspeciality beds for esic at pune (cpwd) (n21000033),7-2022,9/2025 (n.a.) {9/2025},429.25 (n.a.) {429.25},99.08,-
807,life extension of wall platforms of mumbai high and heera fields (ongc) (n16000213),12-2015,4/2018 (dec-2023) {6/2025},3,190.69 (3,375.90) {3,375.90},3,051.26,89.50
808,setting up 500ktpa propane dehydrogenation integrated with polypropylene unit along with offsite and (gail) (n16000430),5-2019,4/2025 (oct-2025) {10/2025},8,797.00 (11,256.00) {11,256.00},6,694.98,84.50
809,debottlenecking and augmentation of cryogenic facilities at uran lpg import terminal (bpcl) (n16000442),4-2021,6/2024 (n.a.) {4/2025},1,164.69 (n.a.) {1,164.69},893.78,84.10
810,expansion of cryogenics group by setting up new manufacturing facility (iocl) (n16000446),9-2021,10/2023 (jun-2025) {6/2025},378.00 (n.a.) {378.00},142.31,90.60
811,construction of lube oil blending and filling plant at rasayani (bpcl) (n16000452),5-2022,3/2024 (n.a.) {9/2024},423.39 (n.a.) {423.39},268.34,76.00
812,atf pipeline from jawaharlal nehru port trust (jnpt) to navi mumbai international airport (nmia) (iocl) (n16000456),9-2022,8/2025 (n.a.) {3/2026},165.00 (n.a.) {165.00},79.17,69.80
813,daman upside development project (dudp) in tapti daman block (ongc) (n16000470),6-2022,10/2025 (n.a.) {2/2026},4,144.41 (6,406.90) {6,406.90},3,203.26,80.50
814,cgd project at beed, jalgaon and jalna districts (iocl) (n16000487),3-2022,3/2030 (n.a.) {9/2031},865.00 (n.a.) {865.00},66.06,2.80
815,andheri residential towers mumbai (iocl) (n16000503),6-2017,5/2025 (jun-2026) {6/2026},281.35 (389.67) {389.67},218.84,50.80
816,construction of additional tankages and allied facilities at jnpt terminal (iocl) (n16000504),4-2022,10/2024 (aug-2026) {8/2026},341.43 (436.14) {436.14},244.76,49.50
817,installation of independent de- aromatized solvents production facilities at mumbai refinery (bpcl) (n16000507),3-2023,7/2025 (n.a.) {7/2025},405.00 (n.a.) {405.00},189.80,81.50
818,part replacement pipeline project (prpp) (ongc) (n16000515),11-2022,5/2024 (dec-2024) {11/2025},1,219.48 (n.a.) {1,145.10},1,145.10,87.00
819,pol and lobs installations with receipt pipelines at rasayani (bpcl) (n16000519),5-2023,5/2026 (n.a.) {5/2026},2,585.00 (n.a.) {2,585.00},525.74,56.50
820,mhn tcpp pgc bgc project (mtpbp) (ongc) (n16000526),2-2024,5/2026 (n.a.) {5/2026},2,329.45 (n.a.) {2,354.23},672.00,45.90
821,prp-viii group b (nh and bs asset) (ongc) (n16000533),6-2024,5/2026 (n.a.) {2/2026},2,379.84 (n.a.) {2,379.84},1,646.11,57.80
822,hp tdae unit in mumbai refinery (hpcl) (n16000534),6-2024,4/2026 (n.a.) {4/2026},240.00 (n.a.) {240.00},27.90,33.60
823,integrated development of 4 contract areas under dsf2 (ongc) (n16000537),5-2023,4/2027 (n.a.) {4/2027},6,183.79 (n.a.) {6,183.79},0.00,12.60
824,lube modernization and bottom upgradation project (hpcl) (n16000540),12-2024,3/2028 (n.a.) {3/2028},4,679.00 (n.a.) {4,679.00},177.41,4.20
825,bikaner solar power project (sjvn) (n18000335),4-2022,5/2024 (n.a.) {9/2025},5,491.89 (532.00) {5,491.89},4,374.00,80.35
826,ts for evacuation of 7gw re injection at khavda ps under phase-iv part e4 (pgcil) (n18000377),11-2023,7/2025 (n.a.) {11/2025},224.00 (n.a.) {224.00},15.68,7.00
827,ahmednagar-parli vaijnath(nl) cr (cr) (220100181),2-1997,3/2026 (n.a.) {1/2026},2,539.00 (n.a.) {4,957.27},4,909.30,97.00
828,mumbai urban transport project phase-ii (mrtp) (n22000092),4-2008,3/2014 (n.a.) {3/2014},8,087.11 (n.a.) {918.53},7,349.29,-
829,wardha-nanded maharashtra (cr) (n22000231),4-2008,3/2027 (n.a.) {1/2026},3,445.48 (n.a.) {3,445.34},3,156.47,47.00
830,kalyan-kasara 3rd line (cr) (n22000233),4-2011,12/2025 (n.a.) {12/2026},792.89 (n.a.) {1,395.79},882.04,50.00
831,wardha-sewagram ngp 3rd line (cr) (n22000250),4-2012,12/2025 (n.a.) {2/2026},540.02 (n.a.) {540.02},737.54,80.00
832,wardha-balharshah - 3rd line (132 km) (cr) (n22000356),2-2015,12/2025 (n.a.) {3/2026},1,384.72 (n.a.) {1,384.72},1,590.45,67.00
833,itarsi-nagpur (bal.) - 3rd line (267 km) (cr) (n22000358),2-2015,3/2027 (n.a.) {3/2027},2,449.91 (n.a.) {2,449.91},1,761.99,50.00
834,pune-miraj-londa (467 km) (cr) (n22000359),2-2015,2/2025 (n.a.) {5/2025},3,627.47 (3,627.00) {7,037.24},4,742.07,84.00
835,daund - manmad (236 km) (cr) (n22000360),2-2016,12/2025 (n.a.) {1/2026},2,081.27 (n.a.) {2,081.27},2,768.50,88.00
836,manmad - jalgaon - 3rd line (160 km) (cr) (n22000361),2-2016,12/2024 (n.a.) {3/2026},1,035.16 (n.a.) {1,558.75},1,692.15,97.00
837,wardha - nagpur - 4th line (76 km) (cr) (n22000362),2-2016,12/2025 (n.a.) {2/2026},638.00 (n.a.) {637.95},968.65,80.00
838,rajnandgaon - nagpur - 3rd line (secr) (secr) (n22000420),9-2016,12/2024 (n.a.) {12/2026},3,544.92 (n.a.) {3,544.25},3,081.12,95.00
839,mumbai central virar vadodara ahmedabaad train protection system 500 rkm (wr) (n22000434),3-2010,10/2024 (n.a.) {3/2024},311.00 (n.a.) {311.36},0.00,-
840,wadsa-gadhchiroli new line (52.36 km) (secr) (n22000480),6-2018,3/2027 (n.a.) {12/2026},1,886.05 (n.a.) {1,880.61},807.87,25.00
841,pachora-jamner with extension upto malkapur ng to bg (cr) (n22000511),8-2022,8/2027 (n.a.) {3/2029},955.00 (n.a.) {2,089.25},117.54,-
842,solapur-tuljapur-osmanabad (umbrella work) (cr) (n22000513),1-2019,3/2028 (n.a.) {12/2027},904.92 (n.a.) {2,933.01},1,150.11,10.00
843,dhule (borvihir)-nardana (umbrella work) (cr) (n22000514),1-2019,12/2026 (n.a.) {3/2028},492.76 (n.a.) {1,158.99},234.48,5.00
844,kalyan-murbad via ulhasnagar (umbrella work) (cr) (n22000515),2-2023,3/2027 (n.a.) {3/2027},836.12 (n.a.) {836.12},9.29,-
845,baramati - lonand (cr) (n22000615),2-1999,3/2027 (n.a.) {3/2027},736.44 (n.a.) {1,843.90},712.06,50.00
846,mumbai urban transport project iiia (mrvc) (n22000627),4-2019,12/2027 (n.a.) {12/2027},33,690.00 (n.a.) {33,690.00},2,156.62,-
847,nagpur- nagbhir railway line gauge conversion project (mridc) (n22000629),10-2019,6/2024 (n.a.) {10/2025},1,400.00 (n.a.) {2,383.00},1,791.72,87.00
848,upgradation of adhalgaon- jamkhed section of nh-548 d from km 132/600 to km 195/375 to two lane with (morth) (n24001448),11-2021,2/2022 (n.a.) {2/2022},223.35 (n.a.) {223.35},209.36,87.88
849,repanpalli to sironcha (morth) (n24001468),3-2022,6/2022 (n.a.) {6/2024},282.07 (n.a.) {282.07},34.65,-
850,tunnel at khambataki ghat section and its approaches from existing km. 771.730 to existing km. 782.0 (nhai) (n24001486),2-2019,2/2022 (dec-2024) {8/2025},493.00 (n.a.) {493.00},409.36,77.64
851,dharampuri-lonand from km. 117.00 to 166.40 (pkg-iv) on mohol- alandi section (nhai) (n24001488),9-2021,9/2023 (dec-2024) {8/2025},618.45 (n.a.) {618.45},672.67,96.90
852,6l of kagal-satara section from km 658.000 to km 725.000 of nh-48 (pkg-ii) (nhai) (n24001493),12-2022,12/2024 (n.a.) {11/2025},1,749.86 (n.a.) {1,749.86},1,858.98,69.14
853,4l of ratnagiri - kolhapur section of nh-166 from km 0.000 to km 19.769 and km 31.000 to km 67.140 ( (nhai) (n24001495),11-2022,11/2024 (n.a.) {9/2025},930.00 (n.a.) {930.00},675.62,77.15
854,4l of baramati to indapur (pkg-ii) from km. 41.400 to km. 84.550 of nh- 965g (saint tukaram marg) (nhai) (n24001502),9-2021,9/2023 (jul-2025) {8/2025},624.45 (580.15) {580.15},420.42,0.50
855,4l of indapur to tondle (pkg-iii) from km.84.550 to km. 131.00 of nh- 965g (saint tukaram marg) (nhai) (n24001503),9-2021,9/2023 (jan-2025) {3/2025},667.66 (666.21) {666.21},610.63,3.00
856,vadodara mumbai expressway (phase ii - pkg xi) [km. 77.000 to km. 103.400] (ganjad - talsari) (nhai) (n24001504),5-2022,5/2024 (jun-2025) {6/2025},1,260.00 (n.a.) {1,260.00},665.73,99.00
857,vadodara mumbai expressway (phase ii - pkg xii) [km. 50.700 to km. 77.000] (masvan - ganjad) (nhai) (n24001505),3-2022,3/2024 (jun-2025) {6/2025},1,549.02 (n.a.) {1,549.02},699.00,87.24
858,vadodara mumbai expressway (phase ii - pkg xiii) [km. 26.582 to km. 50.700] (shirsad - masvan) (nhai) (n24001506),2-2022,2/2024 (jun-2025) {6/2025},2,747.00 (n.a.) {2,747.00},1,130.30,84.22
859,vadodara mumbai expressway (phase ii - pkg xiv) [km. 3.000 to km. 20.200 of spur] (shirsad - akloli) (nhai) (n24001507),11-2022,5/2024 (jun-2025) {6/2025},1,124.00 (n.a.) {1,124.00},483.84,75.15
860,vadodara mumbai expressway (phase ii - pkg xvi) [km. 43.000 to km. 69.800 of spur] (amne - bhoj) (nhai) (n24001508),11-2022,10/2024 (jun-2025) {6/2025},1,450.00 (n.a.) {1,450.00},718.65,86.02
861,vadodara mumbai expressway (phase ii - pkg xv) [km. 20.200 to km. 43.000 of spur] (akloli - amne) (nhai) (n24001521),11-2022,10/2024 (jul-2025) {7/2025},990.00 (n.a.) {990.00},406.91,77.38
862,6l of kagal-satara section from km 592.240 to km 658.000 of nh-48 (pkg-i) (nhai) (n24001546),1-2023,1/2025 (n.a.) {1/2025},1,025.20 (n.a.) {1,025.20},457.33,44.61
863,balance works of 4l panvel- indapur section of nh-66 (old nh- 17) from km 42.300 (kasu) to km 84.600 ( (nhai) (n24001607),10-2022,5/2024 (dec-2025) {12/2025},332.00 (n.a.) {332.00},283.14,74.75
864,vadodara mumbai expressway (phase ii - pkg xvii) [km. 69.800 to km. 79.783 of spur] (bhoj - morbe) (nhai) (n24001608),9-2021,7/2025 (n.a.) {7/2025},2,208.68 (n.a.) {2,208.68},565.20,76.26
865,balance work of 4 laning of panvel to indapur section of nh- 66(old nh- 17) from km 0.000 (panvel) to (nhai) (n24001609),1-2023,12/2023 (jun-2025) {9/2025},151.26 (n.a.) {151.26},153.77,89.80
866,4l of existing 2/4l stretch from lonand to dive ghat (km 166.400 to km 220.900 ) of mohol ? alandi s (nhai) (n24001610),1-2022,5/2024 (mar-2025) {8/2025},1,833.73 (n.a.) {1,833.73},554.81,96.94
867,four laning of aurangabad- paithan section of nh-752e on epc mode in the state of maharashtra . (nhai) (n24001795),10-2022,7/2024 (jun-2025) {12/2024},490.40 (n.a.) {289.00},275.78,96.00
868,4l of rajura-korpana-adilabad road upto m.s. border from km 32.910 to km 89.090 of nh-353b (nhai) (n24001796),3-2022,10/2024 (apr-2025) {4/2025},1,013.33 (1,013.33) {1,111.33},355.07,62.01
869,6l of wainganga bridge - bhandara (including bhandara bypass) section from km 485.000 to km 499.800 (nhai) (n24001797),10-2021,1/2024 (n.a.) {5/2025},815.77 (n.a.) {815.77},732.70,100.00
870,4l mitigation measure structures on ch/mh border to wainganga bridge section of nh- 53 (nhai) (n24001798),2-2021,11/2023 (n.a.) {5/2025},540.21 (n.a.) {540.21},457.12,100.00
871,4l of nagpur-katol section from km. 13.00 to km. 62.900 of nh-353j (nhai) (n24001799),2-2021,10/2023 (n.a.) {12/2025},1,166.96 (n.a.) {1,251.00},1,098.21,81.17
872,bal. works of fagne (km. 510.000) to maharashtra/gujarat border (km. 650.794) (nhai) (n24001804),12-2019,9/2022 (jun-2024) {12/2025},1,654.07 (n.a.) {980.00},887.38,97.66
873,4l of ratnagiri - kolhapur section from km 67.140 to km 112.340 of nh-166 (pkg ? ii) (nhai) (n24001834),5-2023,5/2025 (n.a.) {5/2025},839.00 (n.a.) {839.00},478.38,58.80
874,4l of ratnagiri - kolhapur section from km 112.340 to km 145.300 of nh-166 (pkg?iii) (nhai) (n24001835),5-2023,5/2025 (n.a.) {5/2025},986.00 (n.a.) {986.00},580.10,56.40
875,rehabilitation and up-gradation to 4 lane road with paved shoulder configuration of section from und (morth) (n24001880),3-2022,7/2025 (n.a.) {7/2025},778.18 (n.a.) {778.18},135.78,-
876,construction of new four lane bypass to parbhani city (parwa to asola) km 463/265 to km 481/180 (des (morth) (n24001882),3-2022,10/2024 (n.a.) {10/2024},496.64 (n.a.) {496.64},0.00,8.00
877,construction of 4 lane flyover at nagpur rto chowk to nagpur university campus from ch 2/250 to 5/10 (morth) (n24001883),3-2021,3/2024 (n.a.) {4/2024},478.83 (n.a.) {478.83},233.48,65.00
878,rehabilitation and upgradation of satana to mangrul (chandwad) section of nh752 g design ch: km 64.0 (morth) (n24001884),3-2023,5/2025 (n.a.) {5/2025},428.80 (n.a.) {428.80},54.11,30.69
879,rehabilitation and up-gradation of jintur- shirad shahapur section km 258.300 to km 306.300 [design (morth) (n24001885),2-2023,12/2024 (n.a.) {12/2024},414.81 (n.a.) {414.81},0.00,-
880,development/widening of talegaon ? chakan ? shikrapur ? nhavara section of nh 548dg (nhavara to chou (morth) (n24001886),10-2022,8/2024 (n.a.) {8/2024},304.68 (n.a.) {304.68},97.09,59.00
881,rehabilitation and upgradation of parli to sirsala section of nh- 361f (km 136+700 to 115+000) (lengt (morth) (n24001890),2-2023,12/2024 (n.a.) {12/2024},261.82 (n.a.) {261.82},70.59,46.00
882,balance work of rehabilitation and up-gradation to nh-166f from mahad junction (at km 123/400 on nh- (morth) (n24001891),7-2021,11/2023 (n.a.) {3/2024},256.54 (n.a.) {256.54},80.10,60.00
883,rehabilitation and upgradation of shirapur junction to shivaji chowk (design chainage km. 130+00 to (morth) (n24001892),2-2023,12/2024 (n.a.) {12/2024},245.61 (n.a.) {245.61},43.39,33.00
884,upgradatiobn and rehabilitation of section of nh 361 f from parli (00/000) to gangakhed (30/400) to (morth) (n24001896),11-2021,9/2023 (n.a.) {4/2024},224.44 (n.a.) {224.44},75.34,45.63
885,rehabilitation and up-gradation of sabalkhed to ashti section from km 37+900 to km 55+100 and chinch (morth) (n24001902),12-2022,9/2024 (n.a.) {9/2024},213.32 (n.a.) {213.32},20.00,34.00
886,rehabilitation and up-gradation of mudkhed to nanded section from km. 372+000 to km 388+400 of nh 16 (morth) (n24001903),8-2022,4/2025 (n.a.) {4/2025},206.54 (n.a.) {206.54},21.36,10.00
887,kopargaon to savali vihir section (morth) (n24001904),9-2022,7/2024 (n.a.) {7/2024},195.38 (n.a.) {195.38},29.59,19.76
888,up-gradation to 4 laning of daultabad t-point to maliwada [from design km.0.000 to km 4.000] and upg (morth) (n24001906),8-2022,3/2024 (n.a.) {3/2024},185.59 (n.a.) {185.59},63.56,48.00
889,construction of six lane flyover at katraj junction at km, 3/880 of nh 548-dd (vadgaon - katraj - ko (morth) (n24001907),6-2021,2/2024 (n.a.) {3/2024},169.15 (n.a.) {169.15},36.94,35.96
890,upgradation of exhisting 2 lane flexible pavement to 2 lane paved shoulders rigid pavement from desi (morth) (n24001908),12-2021,5/2024 (n.a.) {5/2024},167.97 (n.a.) {167.97},35.28,36.76
891,rehabilitation and upgradation of jamkhed to sautada section of nh548 d (from km 195.375 to km 208.7 (morth) (n24001910),9-2022,7/2024 (n.a.) {7/2024},157.62 (n.a.) {157.62},13.86,17.03
892,pangaon to dharmapuri and parali to injegaon 2l+ps (morth) (n24001911),3-2018,7/2024 (n.a.) {12/2023},152.03 (n.a.) {152.03},81.35,97.57
893,4l of indora chowk to pachpaoli and agrasen chowk - ashoka chowk (nhai) (n24002071),3-2023,6/2026 (n.a.) {6/2026},998.27 (n.a.) {998.27},348.48,48.34
894,improvement of existing alignment of pandharpur town part bypassed section from wakhari to lord vitt (nhai) (n24002072),7-2022,10/2025 (n.a.) {10/2025},150.21 (150.21) {150.21},33.70,6.00
895,rehabilitation/upgradation of existing highway to 2l+ps/4 lane of dhawali to rajoli from design km.1 (morth) (n24002169),3-2022,9/2025 (n.a.) {9/2025},316.44 (n.a.) {316.44},0.00,-
896,rehabilitation/ upgradation of existing highway to four lane standards in kurkheda town from (km.413 (morth) (n24002170),3-2022,5/2025 (n.a.) {5/2025},163.86 (n.a.) {163.86},0.00,-
897,rehabilitation and up-gradation for talere a?? gaganbawdaa?? kolhapur road (nh-166g) stretches start (morth) (n24002171),2-2023,4/2025 (n.a.) {4/2025},249.13 (n.a.) {249.13},0.00,-
898,up-gradation to 4 lane configuration for the work of peth naka to sangli road, nh- 166h, from km 0+00 (morth) (n24002172),2-2023,12/2025 (n.a.) {12/2025},856.82 (n.a.) {856.82},0.00,-
899,rehabilitation and up-gradation to 2 lane with paved shoulder configuration of mahud sangola road nh (morth) (n24002173),2-2023,4/2025 (n.a.) {4/2025},253.78 (n.a.) {253.78},0.00,-
900,up-gradation to four lane/ two lane with paved shoulders configuration of kalyan - murbad - malshej (morth) (n24002174),2-2023,8/2026 (n.a.) {8/2026},984.07 (n.a.) {984.07},0.00,-
901,construction of four-lane concrete road from police headquarter gondia city to rawanwadi village (bi (morth) (n24002175),2-2023,8/2025 (n.a.) {8/2025},328.11 (n.a.) {328.11},0.00,-
902,rehabilitation/up gradation of karanja ? kherda - murtizapur section to 4lane+paved shoulder standa (morth) (n24002176),3-2023,2/2026 (n.a.) {2/2026},594.44 (n.a.) {594.44},0.00,-
903,rehabilitation / upgradation to 4 lane with paved shoulder of existing section in sillod town with d (morth) (n24002177),3-2023,7/2025 (n.a.) {7/2025},153.79 (n.a.) {153.79},0.00,-
904,rehabilitation, upgradation and widening of existing highway to rigid pavement 2 lane with paved sho (morth) (n24002178),2-2023,7/2026 (n.a.) {7/2026},723.13 (n.a.) {723.13},0.00,-
905,construction of flyover at km.544.650 including rob ,service roads ,footpath for rcc drains on urban (nhai) (n24000442),12-2015,3/2019 (nov-2023) {7/2025},649.50 (n.a.) {649.50},623.82,94.10
906,nagpur ring road package-2 (nhai) (n24000560),3-2016,7/2019 (mar-2024) {6/2025},591.66 (n.a.) {591.66},632.92,100.00
907,4-lanning of nh17 and new no. nh66 from km 161/600 to 205/400 under hybrid annuity mode (morth) (n24000584),3-2016,(n.a.) {12/2023},1,142.62 (1,907.03) {1,142.62},1,056.08,95.17
908,4-lanning of nh17 and new no. nh66 from km 241/300 to 281/300 under hybrid annuity mode (morth) (n24000585),3-2016,(n.a.) {},1,101.58 (n.a.) {1,101.58},608.53,-
909,4-lanning of bodhre-dhule section(km 390.000 to 452.800) (nhai) (n24000656),3-2017,3/2020 (jul-2022) {12/2025},744.64 (n.a.) {1,007.00},467.65,97.69
910,construction of 8 laning of existing 4 lane vadape to thane from km 539.202 to km 563.000 section of (nhai) (n24000851),3-2018,7/2021 (n.a.) {12/2025},1,162.92 (1,182.87) {1,182.87},412.38,64.00
911,sarsam to kothari (morth) (n24001002),2-2016,7/2019 (n.a.) {12/2023},545.64 (n.a.) {545.64},232.64,93.68
912,digras darwah karanja (morth) (n24001013),1-2017,6/2019 (n.a.) {12/2023},391.06 (391.00) {391.06},287.60,92.76
913,dahegaon to kuhi (morth) (n24001017),1-2017,6/2019 (n.a.) {12/2023},228.89 (229.00) {228.89},154.82,99.00
914,wadi to asola (morth) (n24001022),1-2017,9/2019 (n.a.) {12/2023},363.82 (364.00) {363.82},154.65,93.15
915,vita to nagaj (morth) (n24001050),3-2018,12/2019 (n.a.) {12/2023},304.58 (305.00) {304.58},154.68,68.39
916,karad patan chiplun guhagar (morth) (n24001057),2-2017,6/2019 (n.a.) {6/2019},407.19 (407.00) {407.19},323.02,-
917,karwandi to rajuri (morth) (n24001058),3-2018,12/2019 (n.a.) {3/2024},276.95 (277.00) {276.95},160.94,92.06
918,palphata to phulambari (morth) (n24001060),3-2018,12/2019 (n.a.) {12/2023},227.19 (227.00) {227.19},141.92,95.00
919,nanded to jalkot (morth) (n24001069),12-2017,9/2019 (n.a.) {9/2019},456.93 (457.00) {456.93},278.22,95.00
920,pune raigarh district border to mangaon (morth) (n24001082),3-2018,12/2019 (n.a.) {12/2023},223.46 (n.a.) {223.46},123.46,100.00
921,satara to mhaswad (morth) (n24001092),1-2017,7/2019 (n.a.) {12/2023},653.46 (n.a.) {653.46},369.62,-
922,mhaswad to tembhurni (morth) (n24001099),1-2017,7/2019 (n.a.) {12/2023},488.60 (n.a.) {488.60},279.42,76.50
923,pen to khopoli (morth) (n24001106),3-2018,3/2018 (n.a.) {1/2024},301.39 (302.00) {301.39},170.12,82.07
924,pancharal to mandanghar (morth) (n24001107),7-2018,5/2020 (n.a.) {5/2020},381.08 (302.00) {381.08},45.66,-
925,nasratpur to barasgaon (morth) (n24001112),7-2016,9/2019 (n.a.) {9/2019},406.54 (407.00) {406.54},274.30,-
926,indapur to vadpale (morth) (n24001114),1-2017,12/2019 (n.a.) {3/2024},1,202.52 (1,656.94) {1,202.52},1,450.82,61.42
927,paithan to shirur (morth) (n24001122),3-2017,6/2019 (n.a.) {3/2024},341.80 (n.a.) {341.80},226.19,79.00
928,shirur to kharda (morth) (n24001123),2-2017,6/2019 (n.a.) {12/2023},381.77 (n.a.) {381.77},199.48,83.93
929,aurangabad to sillod (morth) (n24001124),2-2017,6/2019 (n.a.) {12/2023},456.32 (541.93) {456.32},355.54,94.07
930,sillod to fardapur (morth) (n24001125),2-2017,6/2019 (n.a.) {12/2023},337.46 (432.98) {337.46},335.30,91.56
931,bhogan khurd to kashedi (morth) (n24001132),9-2017,6/2021 (n.a.) {12/2023},743.21 (743.00) {743.21},911.64,88.69
932,kante to waked (morth) (n24001134),3-2016,11/2019 (n.a.) {12/2024},1,230.02 (1,230.00) {1,230.02},791.80,-
933,mumbai metro line 3 (colaba- bandra-seepz) (mmrcl) (n28000086),7-2013,3/2020 (jul-2025) {7/2025},23,136.00 (n.a.) {37,276.00},28,615.78,94.77
934,nagpur metro rail project phase ii (nmrcl) (n28000155),12-2022,12/2027 (n.a.) {12/2027},6,708.00 (n.a.) {6,708.00},895.38,23.82
935,pcmc nigdi project extension of corridor 1 of pune metro phase 1 (mmrc) (n28000157),10-2023,1/2027 (n.a.) {1/2027},910.18 (n.a.) {910.18},103.13,19.08
936,pune metro phase-1 extension from swargate to katraj (mmrc) (n28000160),9-2024,3/2029 (n.a.) {3/2029},2,954.53 (n.a.) {2,954.53},17.35,2.91
937,construction of new integrated terminal building, control tower cum technical block, apron, link tax (aai) (n04000100),11-2021,7/2024 (dec-2025) {12/2025},499.00 (n.a.) {499.00},154.47,40.82
938,jiribam to imphal (tupui)(nl)(nefr) (nfr) (220100288),4-2003,12/2026 (mar-2028) {3/2028},14,322.79 (12,274.06) {22,234.60},15,485.02,69.20
939,tamenglong - mahur pkg-5 (nhidcl) (n24001436),8-2021,5/2023 (jan-2025) {1/2026},477.86 (n.a.) {477.86},246.09,84.87
940,tamenglong - mahur pkg-6 (nhidcl) (n24001437),9-2021,5/2023 (nov-2024) {12/2025},311.18 (n.a.) {311.18},190.96,83.78
941,maram - peren pkg-3 (nhidcl) (n24001439),8-2021,5/2023 (oct-2024) {2/2025},467.41 (n.a.) {467.41},264.83,100.00
942,imphal - khongsang pkg-4 (nhidcl) (n24001453),8-2021,12/2023 (jul-2025) {12/2025},579.63 (n.a.) {579.63},180.72,72.50
943,construction of 2-laning with hard shoulder road of ukhrul - toloi - tadubi section of nh-102a from (nhidcl) (n24001473),9-2021,2/2024 (mar-2025) {7/2025},310.76 (n.a.) {310.76},129.15,96.77
944,imphal - khongsang pkg-5 (nhidcl) (n24001538),12-2021,5/2024 (jan-2026) {3/2026},410.68 (n.a.) {410.68},152.34,70.11
945,imphal - khongsang pkg-6 (nhidcl) (n24001539),12-2021,2/2025 (sep-2025) {12/2025},504.76 (n.a.) {504.76},190.26,78.25
946,akash bridge - jessami section pkg-2 (nhidcl) (n24001540),3-2022,2/2025 (feb-2025) {3/2025},152.11 (n.a.) {152.11},73.48,100.00
947,construction of 2-laning with hard shoulder road of ukhrul - toloi - tadubi section of nh-102a from (nhidcl) (n24001974),9-2021,1/2025 (aug-2025) {8/2025},315.56 (n.a.) {315.56},137.81,88.74
948,lmphal to jiribam pkg-7 (nhidcl) (n24002028),1-2023,12/2025 (dec-2025) {3/2026},760.16 (n.a.) {760.16},157.48,62.92
949,ukhrul toloi tadubi pkg-2 (nhidcl) (n24002131),3-2023,2/2026 (mar-2026) {3/2026},578.98 (n.a.) {578.98},153.92,71.25
950,marrem khullen to jessami section imphal- ukhrul - jessami pkg-6 (design chainage km 95.700 to km 14 (nhidcl) (n24002202),3-2023,12/2026 (n.a.) {12/2026},554.66 (n.a.) {554.66},17.79,15.00
951,imphal-kohima road pkg-4b (nhidcl) (n24002203),9-2020,6/2026 (n.a.) {6/2026},268.98 (n.a.) {268.98},13.14,18.04
952,jessami to laynen bridge ukhrul - jessami pkg-7 (nhidcl) (n24002227),3-2023,6/2026 (n.a.) {6/2026},164.89 (n.a.) {164.89},3.83,9.78
953,imphal-kohima road pkg-5a (nhidcl) (n24002232),9-2020,8/2026 (n.a.) {8/2026},228.97 (n.a.) {228.97},0.00,10.13
954,choithar to marrem khullen section imphal- ukhrul - jessami pkg-5 (nhidcl) (n24002242),3-2023,3/2027 (n.a.) {3/2027},564.05 (n.a.) {564.05},0.00,-
955,imphal - khongsang - jiribam pkg- 2 (nhidcl) (n24002244),3-2021,3/2026 (n.a.) {3/2026},195.14 (n.a.) {195.14},4.42,11.53
956,2-laning of churachandpur tuivai section of nh-102b (pkg- 2a) (nhidcl) (n24001270),3-2020,6/2022 (jun-2025) {9/2025},292.24 (n.a.) {292.24},130.66,90.69
957,2-laning of churachandpur tuivai section of nh-102b (pkg- 2b) (nhidcl) (n24001271),6-2020,8/2022 (jun-2025) {10/2025},365.53 (n.a.) {365.53},156.31,77.69
958,improvement/upgradation of existing 2-lane to 4-lane divided highway from taphou kuki to daili secti (nhidcl) (n24001274),8-2020,4/2022 (jun-2025) {12/2025},379.39 (n.a.) {379.39},218.03,70.94
959,mariam - peren pkg-1a (nhidcl) (n24001349),2-2021,12/2022 (mar-2025) {12/2025},226.32 (n.a.) {226.32},105.78,74.48
960,mariam - peren (pkg 1b) (nhidcl) (n24001350),2-2021,12/2022 (jan-2025) {9/2025},188.36 (n.a.) {188.36},126.71,99.02
961,tamenglong - mahur pkg-3 (nhidcl) (n24001354),3-2021,12/2022 (sep-2024) {11/2025},234.08 (n.a.) {234.08},139.45,92.82
962,senapati- imphal pkg-5b (nhidcl) (n24001400),3-2021,1/2023 (may-2025) {10/2025},211.70 (n.a.) {211.70},83.79,71.06
963,imphal - khongsang pkg-3 (nhidcl) (n24001401),7-2021,3/2023 (mar-2025) {10/2025},467.00 (n.a.) {467.00},193.81,79.81
964,tamenglong - mahur pkg-1 (nhidcl) (n24001402),7-2021,3/2023 (jan-2025) {1/2025},185.80 (n.a.) {185.80},117.78,100.00
965,tamenglong - mahur pkg-2 (nhidcl) (n24001403),7-2021,3/2023 (jan-2025) {12/2025},483.87 (n.a.) {483.87},278.89,92.94
966,tamenglong - mahur pkg-4 (nhidcl) (n24001404),7-2021,3/2023 (feb-2025) {3/2025},198.77 (n.a.) {198.77},127.86,100.00
967,churachanpur tuivai pkg-3 (nhidcl) (n24001405),7-2021,10/2023 (mar-2025) {12/2025},673.27 (n.a.) {673.27},382.37,80.28
968,construction and development of natinal institute of technology meghalaya permanent campus at sohra (rites of higher) (n42000001),9-2013,9/2014 (jul-2025) {7/2025},484.32 (429.70) {494.52},270.55,84.00
969,rehabilitation and upgradation of nongstoin to wahkaji section of project road km 0.000 to km 43.06 (morth) (n24001441),8-2020,2/2022 (n.a.) {7/2025},302.88 (n.a.) {302.88},228.68,96.00
970,rehabititation and up gradation of nongstoin-rambrai-kyrshai road up to meghalaya-assam border from (nhidcl) (n24001474),9-2021,5/2024 (may-2026) {5/2026},359.86 (n.a.) {359.86},233.26,60.81
971,ranikor- maheshkhola- baghmara pkg-2 (nhidcl) (n24001541),11-2021,6/2024 (dec-2024) {5/2025},283.50 (n.a.) {283.50},257.26,100.00
972,construction of 2-lane with paved shoulder of shillong western bypass starting from nh-06 near ladum (nhidcl) (n24002156),3-2023,9/2026 (n.a.) {9/2026},620.30 (n.a.) {620.30},222.26,30.00
973,shillong western bypass package-2 (nhidcl) (n24002157),3-2023,9/2026 (n.a.) {9/2026},686.00 (n.a.) {686.00},293.36,25.52
974,construction of 2-lane with paved shoulders of shillong western bypass starting from nh-06 near ladu (nhidcl) (n24002158),3-2023,9/2026 (n.a.) {9/2026},562.48 (n.a.) {562.48},297.91,25.27
975,dainadubi-darugiri pkg-1b (nhidcl) (n24002233),3-2023,3/2027 (n.a.) {3/2027},705.83 (n.a.) {705.83},0.32,2.13
976,improvement and widening two lannig with paved shoulder of national highway 127b from km 31.500 (goe (morth) (n24002239),12-2023,5/2027 (n.a.) {5/2027},504.00 (n.a.) {504.00},0.00,-
977,widening to 2-lane with geometric improvements of tura dalu road under jica funding from km 85.000 t (nhidcl) (n24000771),4-2017,9/2021 (jun-2025) {6/2025},553.51 (610.09) {553.51},438.16,88.07
978,improvement/widening to 2-l with paved shoulder from (design km 0.00 to km 10.670) / 4-laning from ( (nhidcl) (n24001313),11-2020,12/2023 (oct-2025) {10/2025},351.12 (n.a.) {351.12},299.22,63.00
979,improvement/widening to 2-lane with paved shoulder from (design km 10.670 to km 37.550) between shil (nhidcl) (n24001314),11-2020,12/2023 (n.a.) {8/2026},525.68 (n.a.) {525.68},434.50,32.00
980,improvement/widening to 2-lane with paved shoulder from (design km 45.760 to km 63.530) between shil (nhidcl) (n24001334),11-2020,12/2023 (n.a.) {4/2026},445.51 (n.a.) {445.51},214.34,30.30
981,improvement/widening to 2-lane with paved shoulder / 4-laning from (design km 63.530 to km 71.520) b (nhidcl) (n24001335),11-2020,12/2023 (n.a.) {11/2026},284.21 (n.a.) {284.21},107.86,24.00
982,bhairabi sairong, nl, nefr (nfr) (n22000100),4-2008,3/2025 (n.a.) {6/2025},6,527.45 (5,021.45) {8,071.30},8,066.76,97.00
983,up-gradation to 2-lane with paved shoulders of ngopa - pawlrang section of nh 102b of aizawl - impha (nhidcl) (n24001975),9-2021,2/2025 (n.a.) {12/2025},523.78 (n.a.) {523.78},379.40,95.31
984,keifang - tuvai pkg-3 (nhidcl) (n24002027),12-2021,2/2025 (n.a.) {12/2025},500.88 (n.a.) {500.88},279.44,75.40
985,zorinpui- hmawngbu-longmasu (nh-502a) (nhidcl) (n24002204),2-2023,12/2026 (n.a.) {12/2026},781.85 (n.a.) {781.85},33.77,3.00
986,widening and up-gradation to 2- lane with paved shoulder configuration and geometric improvements fro (nhidcl) (n24000857),4-2017,4/2023 (n.a.) {4/2025},519.09 (n.a.) {785.65},670.91,97.51
987,widening and up-gradation to 2- lane with paved shoulder configuration and geometric improvements fro (nhidcl) (n24000858),4-2017,7/2023 (n.a.) {5/2024},640.07 (n.a.) {1,286.35},1,195.84,98.90
988,widening and up-gradation to 2- lane with paved shoulder configuration and geometric improvements fro (nhidcl) (n24000861),4-2017,4/2023 (n.a.) {4/2025},473.18 (n.a.) {688.25},541.04,95.00
989,widening and up-gradation to 2- lane with paved shoulder configuration and geometric improvements fro (nhidcl) (n24000862),4-2017,4/2023 (n.a.) {4/2025},537.82 (n.a.) {789.05},779.37,99.88
990,widening and up-gradation to 2- lane with paved shoulder configuration and geometric improvements fro (nhidcl) (n24000863),4-2017,6/2023 (n.a.) {5/2025},518.53 (n.a.) {906.76},849.68,97.90
991,widening and up-gradation to 2- lane with paved shoulder configuration and geometric improvements fro (nhidcl) (n24000864),4-2017,4/2024 (n.a.) {5/2025},404.29 (n.a.) {750.32},666.58,100.00
992,widening and up-gradation to 2- lane with paved shoulder configuration and geometric improvements fro (nhidcl) (n24000865),4-2017,9/2023 (n.a.) {5/2025},428.11 (n.a.) {746.39},613.69,99.82
993,construction of two lane with paved shoulder of selling-dulte section of nh-06 (pkg-i) (nhidcl) (n24001278),3-2020,7/2022 (n.a.) {6/2024},206.88 (n.a.) {219.33},265.38,100.00
994,construction of two lane with paved shoulder of selling-dulte section of nh-06 (pkg-iii) (nhidcl) (n24001281),3-2020,7/2022 (n.a.) {10/2024},292.24 (n.a.) {331.17},294.78,94.40
995,dulte- kwalkulh - champai pkg.2 (nhidcl) (n24001356),3-2021,12/2022 (apr-2024) {4/2024},233.25 (n.a.) {233.25},172.09,100.00
996,tlabung - lunglei pkg-a (nhidcl) (n24001358),3-2021,12/2022 (n.a.) {3/2026},698.44 (n.a.) {698.45},502.24,63.70
997,tlabung - lunglei pkg-b (nhidcl) (n24001359),3-2021,1/2023 (n.a.) {3/2026},740.58 (n.a.) {740.58},373.89,61.00
998,niljai expansion (deep) oc (3.5 mty) (wcl) (n06000154),8-2016,3/2022 (mar-2025) {3/2025},319.76 (319.76) {319.76},183.67,98.00
999,bina kakri amalgamation ocp 14 mtpa (ncl) (n06000192),8-2020,3/2024 (n.a.) {3/2027},836.42 (n.a.) {836.42},778.71,89.08
1000,national industrial corridor project (dmic for dpiit) (n40000001),9-2011,3/2027 (mar-2032) {3/2032},20,084.00 (26,684.00) {26,684.00},11,262.06,50.99
1001,kochi-koottanad-bangalore- mangalore pipeline phase-ii (gail) (n16000285),6-2009,12/2012 (dec-2025) {12/2025},2,915.00 (5,909.00) {5,909.00},4,381.20,94.20
1002,srikakulam angul pipeline project (gail) (n16000388),9-2019,7/2022 (dec-2025) {12/2025},2,658.34 (n.a.) {2,658.34},2,179.10,94.60
1003,dhamra haldia pipeline project (gail) (n16000391),3-2020,11/2022 (dec-2025) {12/2025},1,030.65 (n.a.) {1,030.65},841.90,86.80
1004,mumbai nagpur jharsuguda pipeline project (gail) (n16000398),6-2020,5/2023 (sep-2025) {9/2025},7,844.25 (n.a.) {7,844.25},6,412.20,95.10
1005,north east gas grid (iggl) (n16000439),11-2020,3/2024 (jul-2025) {3/2027},9,265.00 (9,265.00) {9,265.00},6,270.19,84.51
1006,gurdaspur jammu pipeline (gail) (n16000531),7-2023,7/2026 (jul-2026) {7/2026},521.92 (521.92) {521.92},153.20,35.50
1007,comprehensive scheme for the strenghtening of the transmission and distribution system in a p (pgcil) (n18000249),12-2014,12/2018 (mar-2025) {3/2027},4,754.42 (9,129.32) {9,129.32},7,602.44,81.70
1008,north eastern region power system improvement project (nerpsip) for six (6) states (pgcil) (n18000250),12-2014,12/2018 (mar-2025) {9/2025},5,111.33 (6,700.00) {6,700.00},5,230.02,96.00
1009,ts for evacuation of power from pakaldul hep in chenab valley heps - lta system (pgcil) (n18000328),2-2022,4/2025 (n.a.) {8/2025},318.12 (n.a.) {318.12},254.50,98.00
1010,transmission system strengthening for srinagar-leh transmission system (pgcil) (n18000330),3-2022,12/2024 (n.a.) {9/2025},288.71 (n.a.) {288.71},199.53,48.00
1011,transmission system strengthening scheme for evacuation of power from solar energy zones in rajastha (pgcil) (n18000331),2-2022,9/2023 (n.a.) {8/2025},359.47 (n.a.) {359.47},327.28,90.00
1012,transmission system strengthening scheme for evacuation of power from solar energy zones in rajastha (pgcil) (n18000332),5-2022,11/2023 (n.a.) {9/2025},1,666.00 (2,218.00) {2,218.00},2,029.28,94.10
1013,transmission network expansion in gujarat to increase atc from ists: part b (pgcil) (n18000337),7-2022,6/2023 (n.a.) {9/2025},4,546.26 (n.a.) {4,546.26},4,091.67,93.00
1014,system strengthening scheme for eastern and north eastern region (pgcil) (n18000343),10-2022,10/2025 (n.a.) {6/2025},307.87 (n.a.) {307.87},298.87,100.00
1015,transmission system for kurnool wind energy zone solar energy zone (ap) part-a part b (pgcil) (n18000352),3-2023,11/2024 (n.a.) {9/2025},3,546.94 (n.a.) {3,546.94},2,837.55,94.00
1016,er wr transmission limited (pgcil) (n18000353),3-2023,3/2025 (n.a.) {6/2025},281.16 (n.a.) {281.16},281.15,100.00
1017,nangaldam-talwara(nl),nr (nr) (220100188),3-1981,12/2025 (jan-2027) {6/2027},2,018.00 (603.00) {2,017.96},1,629.74,75.00
1018,lalitpur-satna-rewa-singruli nl, (ncr) (wcr) (220100232),9-1998,3/2027 (n.a.) {3/2025},8,913.94 (63.57) {8,248.50},2,500.34,43.00
1019,chhapra-ballia up (ner) (n22000134),3-2013,2/2025 (n.a.) {12/2025},941.05 (954.00) {1,045.82},1,004.59,95.50
1020,chottaudepur-dhar(nl) (wr) (n22000138),4-2007,12/2026 (dec-2027) {12/2027},1,793.65 (1,793.63) {1,793.63},1,641.84,59.00
1021,dahod-indore via sardarpur, jhabua and dhar (nl) (wr) (n22000139),4-2007,2/2027 (feb-2027) {2/2027},1,942.00 (1,873.10) {2,873.11},3,119.79,59.00
1022,gwalior-seopurkala with extension to kota (gc) (ncr) (n22000148),4-2011,3/2025 (n.a.) {12/2024},2,912.96 (n.a.) {3,845.60},1,024.32,-
1023,dholpur-sirmuttra with extension to gangapurcity and mohari-tantpur and tanpur- bansi paharpur (ncr) (n22000158),4-2010,2/2019 (n.a.) {12/2026},746.83 (n.a.) {746.83},391.89,39.00
1024,new bg line from balurghat to hilly nfr (nfr) (n22000206),4-2010,3/2027 (n.a.) {3/2027},1,208.67 (n.a.) {1,181.57},425.12,8.00
1025,new bg line from jagbani to biratnagar (nfr) (n22000207),4-2010,3/2022 (dec-2026) {12/2026},401.65 (485.96) {485.96},361.33,86.00
1026,murkongselek-pasighat nl (nfr) (n22000208),4-2011,3/2025 (n.a.) {11/2025},435.06 (n.a.) {1,249.35},803.88,54.00
1027,pirpainti-jasidih (er) (n22000219),4-2013,3/2028 (mar-2028) {3/2028},2,555.03 (n.a.) {2,610.84},1,140.05,45.00
1028,kazipet-vijayawada 3rd line with electrification (scr) (n22000261),4-2012,2/2025 (n.a.) {3/2025},1,953.00 (n.a.) {1,952.68},1,936.28,-
1029,deoband (muzaffarnagar)- roorkee nl (nr) (n22000274),4-2007,3/2024 (n.a.) {3/2025},1,053.23 (n.a.) {1,053.00},592.53,99.00
1030,rayadurga-tumkur nl (swr) (n22000279),4-2007,9/2015 (n.a.) {2/2028},2,495.59 (2,495.86) {2,495.86},1,675.34,65.00
1031,hotgi-kudgi-gadag (swr) (n22000333),3-2015,12/2024 (n.a.) {2/2026},1,877.81 (1,877.81) {2,458.87},2,574.88,89.00
1032,kazipet-balhrsha (scr) (n22000367),4-2015,1/2025 (n.a.) {1/2025},2,594.59 (n.a.) {2,909.00},2,862.60,-
1033,mumbai ahmedabad high speed rail project (nhsrcl) (n22000463),12-2015,8/2027 (n.a.) {8/2027},108,000.00 (n.a.) {108,000.00},78,839.00,52.89
1034,western dedicated freight corridor (dfcc) (n22000464),11-2007,3/2022 (n.a.) {3/2020},51,101.00 (n.a.) {51,101.00},47,476.00,83.00
1035,chandigarh-baddi (nr) (n22000467),4-2007,6/2025 (dec-2026) {12/2026},1,540.13 (1,540.14) {1,540.14},956.13,30.00
1036,narayangarh to bhadrak 3rd line (155 km) (ser) (n22000506),3-2019,12/2024 (n.a.) {6/2026},2,400.00 (n.a.) {1,866.31},2,112.20,61.00
1037,4/6l of spur to haridwar (greenfield) from km. 0.000 to km. 49.000 (nhai) (n24001628),11-2021,2/2025 (aug-2025) {8/2025},2,155.95 (n.a.) {2,155.95},1,360.04,71.01
1038,6l with access control provision saharanpur bypass to ganeshpur section from 13.89 km to 41.820 km o (nhai) (n24001629),4-2022,11/2024 (jul-2025) {7/2025},796.65 (n.a.) {796.65},452.41,91.71
1039,varanasi-aurangabad km.786 to km.978.40 (nhai) (n24000182),9-2011,3/2014 (n.a.) {6/2025},2,848.00 (n.a.) {3,241.56},3,901.66,90.42
1040,jal marg vikas project (iwai) (n25000072),1-2018,3/2023 (dec-2025) {12/2025},5,369.18 (5,061.15) {5,061.15},3,472.54,69.48
1041,phase-i of consolidation of existing cdr data centers and nib-p3 data centers with state of the art (bsnl) (n26000114),3-2020,6/2021 (nov-2021) {12/2025},461.42 (461.42) {461.42},166.02,81.00
1042,super edge routers for bsnl internet protocol - multi protocol lebel switching (ipmpls) network and (bsnl) (n26000115),3-2023,3/2024 (jul-2024) {3/2025},239.60 (n.a.) {239.60},179.63,100.00
1043,mpls-ip based access and aggregation network (maan) in bsnl along with test and measuring equipment (bsnl) (n26000116),5-2023,8/2024 (nov-2024) {6/2025},645.13 (n.a.) {645.13},348.03,89.15
1044,plannin engineering supply installation testing commissioning integartion and annual maintenance of (bsnl) (n26000117),6-2023,6/2025 (n.a.) {6/2025},24,556.35 (24,544.55) {24,544.55},8,211.15,95.54
1045,optical transport network (otn) ph-4 in bsnl (bsnl) (n26000118),2-2024,8/2025 (n.a.) {8/2025},810.99 (n.a.) {810.99},635.37,100.00
1046,delhi ghaziabad meerut rrts corridor (ncrtc) (n28000134),3-2019,6/2025 (n.a.) {6/2025},30,274.00 (n.a.) {30,274.00},25,812.28,86.80
1047,augmentation of dimapur depot, dimapur (iocl) (n16000529),8-2023,11/2027 (n.a.) {11/2027},227.62 (n.a.) {227.62},6.62,19.00
1048,new line from dimapur to zubza(kohima) national project (nefr) (nfr) (n22000124),4-2006,3/2026 (n.a.) {12/2029},6,663.20 (6,663.20) {6,663.20},4,942.71,74.00
1049,merangkong-tamlu-mon (mtm) pkg-5 (nhidcl) (n24001438),7-2021,12/2023 (n.a.) {9/2025},161.73 (n.a.) {161.73},65.19,73.34
1050,widening of existing single lane / intermediate lane road to 2 lane from km 101 to km 125 of nh 61 i (morth) (n24001465),6-2020,9/2024 (jun-2026) {6/2026},252.19 (n.a.) {252.19},14.33,20.27
1051,widening to existing single lane /intermediate lane to 2 lane from km185.00 to km 220.00 of nh- 61 (n (morth) (n24001466),3-2021,7/2024 (dec-2025) {12/2025},297.24 (n.a.) {297.24},150.10,80.31
1052,widening to existing singre/intermediate rane to 2 lane from km 135 to km 147 and from km 156.00 to (morth) (n24001467),3-2021,2/2024 (mar-2025) {3/2025},226.44 (n.a.) {226.44},140.24,100.00
1053,widening of existing single lane road to intermediate lane road from mokokchung to chare via dikhu i (morth) (n24001855),2-2021,6/2025 (sep-2025) {9/2025},192.93 (n.a.) {192.93},112.09,93.38
1054,peren-dimapur pkg-3 (nhidcl) (n24001912),2-2021,6/2025 (n.a.) {12/2025},177.77 (199.02) {199.02},46.94,63.33
1055,widening to 2 lane with hard shoulder of akegwo-avangkhu section of nh-202k for package-i (design ch (nhidcl) (n24001976),12-2022,2/2026 (n.a.) {2/2026},430.24 (n.a.) {430.24},100.51,58.57
1056,widening to 2 lane with hard shoulder of akegwo-avangkhu section of nh-202k for package-ii (design c (nhidcl) (n24001977),12-2022,2/2026 (n.a.) {2/2026},442.54 (n.a.) {442.54},50.60,28.05
1057,widening to 2 lane with hard shoulder of akegwo-avangkhu section of nh-202k for package-iii (design (nhidcl) (n24001978),12-2022,2/2026 (n.a.) {2/2026},497.18 (n.a.) {497.18},168.20,66.03
1058,four laning of existing dimapur kohima road from design km 152.490 to km 166.700 (existing km 156.00 (nhidcl) (n24000688),3-2016,8/2022 (sep-2025) {9/2025},429.52 (794.74) {794.74},321.40,92.46
1059,(i) construction of four/six laning from km 132.375 to km 158.058 (total new alignment length of 20. (nhidcl) (n24000752),2-2017,9/2020 (feb-2023) {4/2025},387.00 (688.12) {688.12},392.01,100.00
1060,(ii) construction of dimapur bypass (assam portion) of 4/6 lane pavement on epc basis from existing (nhidcl) (n24000753),3-2018,11/2022 (aug-2024) {4/2025},500.09 (698.81) {698.81},393.53,100.00
1061,construction of two lane with hard shoulders of merangkong- tamlu-mon road from existing km 20.456 to (nhidcl) (n24000763),3-2018,12/2021 (aug-2022) {8/2025},215.79 (n.a.) {215.79},132.93,80.38
1062,construction of two lane with hard shoulders of merangkong- tamlu-mon road from existing km 60.345 to (nhidcl) (n24000765),3-2018,9/2018 (jun-2023) {9/2025},323.98 (n.a.) {323.98},119.94,60.11
1063,construction of 2-lane with paved shoulder of kohima- bypass road from design km10.500 to 21.00km [d (nhidcl) (n24001255),9-2020,10/2022 (sep-2024) {6/2026},277.44 (n.a.) {277.44},169.46,67.91
1064,construction of 2-lane with paved shoulder of kohima- bypass road from design km21.0 to km32.0 [desig (nhidcl) (n24001257),8-2020,10/2022 (jun-2025) {12/2025},159.85 (342.29) {159.85},108.15,33.55
1065,construction of 2-lane with paved shoulder of kohima- bypass road from dsign km32.0 to km43.454 [des (nhidcl) (n24001258),8-2020,4/2022 (apr-2023) {8/2025},202.36 (n.a.) {202.36},75.39,32.67
1066,2 laning of kohima - jessami section (package ii) (nhidcl) (n24001282),3-2020,6/2022 (n.a.) {1/2026},355.79 (n.a.) {355.79},119.20,65.06
1067,2 laning of kohima - jessami section (package v) (nhidcl) (n24001287),4-2020,12/2021 (nov-2025) {11/2025},330.80 (n.a.) {330.80},171.89,92.44
1068,construction of 2-lane with paved shoulder of kohima- bypass road from design km 0.00 to km 10.500 [d (nhidcl) (n24001288),8-2020,4/2022 (nov-2026) {11/2026},232.29 (350.88) {232.29},79.69,17.31
1069,peren-dimapur section pkg-2 (nhidcl) (n24001406),7-2021,3/2023 (sep-2025) {9/2025},258.52 (n.a.) {258.52},89.46,81.40
1070,basundhara (west) oc extn(7.00 mty) (mcl) (n06000112),5-2014,3/2019 (n.a.) {3/2028},479.15 (n.a.) {479.15},271.99,63.04
1071,siarmal ocp (40.00mty) (mcl) (n06000113),2-2021,3/2029 (n.a.) {3/2029},5,194.96 (n.a.) {5,194.96},3,454.71,53.63
1072,integrated lakhanpur-belpahar- lilari ocp (mcl) (n06000167),5-2018,3/2027 (n.a.) {3/2027},2,434.75 (n.a.) {2,434.75},1,765.96,61.49
1073,reorganisation of bharatpur ocp expansion (mcl) (n06000171),11-2018,3/2029 (n.a.) {3/2029},2,838.87 (n.a.) {2,838.87},1,837.17,47.35
1074,naini coal mine (sccl) (n06000203),3-2020,3/2024 (n.a.) {3/2027},494.30 (n.a.) {494.30},491.33,80.00
1075,gopalji-kaniha ocp (mcl) (n06000229),4-2022,3/2028 (n.a.) {3/2028},6,107.87 (n.a.) {6,107.87},1,703.67,17.73
1076,balaram expansion ocp (mcl) (n06000230),8-2020,3/2029 (n.a.) {3/2029},3,504.21 (n.a.) {3,504.21},1,026.96,52.44
1077,subhadra ocp (mcl) (n06000249),5-2021,3/2029 (mar-2029) {3/2029},1,693.81 (n.a.) {1,693.81},1,277.82,40.05
1078,nlc talabira thermal power project (phase-1: 3 x 800 mw) (nlc) (n06000270),1-2024,5/2029 (mar-2030) {3/2030},27,213.00 (n.a.) {27,213.00},1,928.60,1.55
1079,rpr of hingula expansion ocp (mcl) (n06000285),11-2022,3/2029 (n.a.) {3/2029},1,561.85 (n.a.) {1,561.85},49.85,23.57
1080,bhubaneswari expansion ocp (mcl) (n06000286),3-2024,3/2031 (n.a.) {3/2031},5,366.28 (n.a.) {5,366.28},9.08,9.59
1081,balabhadra ocp (mcl) (n06000288),4-2023,3/2030 (n.a.) {3/2030},978.44 (n.a.) {978.44},209.50,7.68
1082,integrated kulda garjanbahal ocp (mcl) (n06000289),4-2023,3/2030 (n.a.) {3/2030},3,563.50 (n.a.) {3,563.50},505.09,4.00
1083,indian institute of science education and research berhampur (cpwd education) (n28000126),1-2019,3/2022 (n.a.) {10/2025},790.79 (n.a.) {790.79},708.50,97.00
1084,5th stream alumina refinery expansion project (nalco) (n10000010),12-2014,4/2021 (jun-2026) {6/2026},4,103.00 (5,677.40) {5,677.40},3,831.39,74.52
1085,utkal d and e coal block (nalco) (n10000011),5-2016,1/2020 (nov-2023) {3/2024},534.00 (n.a.) {1,021.97},829.39,88.50
1086,conversion of flat bottom settlers and washers with a single train of hrds and dcws in streams 1 and (nalco) (n10000012),12-2015,11/2020 (sep-2025) {8/2027},355.00 (581.00) {581.00},163.55,12.60
1087,sourcing of bauxite arrangement for 5th stream alumina refinery from south block mining lease of pan (nalco) (n10000013),11-2017,4/2021 (may-2026) {5/2026},483.00 (483.00) {495.00},387.75,89.43
1088,pottangi bauxite mines (nalco) (n10000016),5-2018,12/2024 (n.a.) {5/2025},1,437.00 (n.a.) {1,381.00},650.05,51.10
1089,construction of red mud pond - ii at nalco damanjodi odisha (nalco) (n10000017),9-2019,3/2023 (may-2024) {5/2024},225.79 (n.a.) {270.66},5.00,100.00
1090,integrated para xylene (px) and purified terephthalic acid (pta) project at paradip refinery (iocl) (n16000396),7-2020,1/2024 (apr-2025) {4/2026},13,805.00 (n.a.) {13,805.00},7,704.73,90.00
1091,eastern region expansion scheme xxix (pgcil) (n18000351),3-2023,11/2025 (n.a.) {7/2025},524.04 (n.a.) {524.04},482.12,99.80
1092,talcher thermal power project stage iii(2x660 mw) (ntpc) (n18000364),8-2022,5/2027 (n.a.) {12/2027},11,844.00 (n.a.) {12,539.00},3,703.12,21.40
1093,khurda road-bolangir(nl)ecor (ecor) (220100284),4-1994,12/2026 (dec-2026) {12/2026},3,550.00 (3,791.66) {5,089.37},4,910.22,86.00
1094,talcher-bimalagarh(nl)(ecor) (ecor) (220100328),4-2005,3/2025 (n.a.) {3/2026},1,928.10 (n.a.) {1,928.07},1,757.75,40.00
1095,bhadrak - nergundi 3rd line (ecor) (n22000316),3-2013,11/2024 (jan-2026) {6/2026},1,284.39 (1,284.39) {1,284.39},1,297.80,80.00
1096,jagadalpur-koraput doubling (ecor) (n22000376),4-2015,3/2024 (n.a.) {3/2022},1,547.38 (n.a.) {1,547.38},1,304.60,93.70
1097,koraput - singapur road doubling (ecor) (n22000379),4-2015,12/2027 (mar-2026) {3/2026},2,362.00 (2,361.74) {2,361.74},1,816.25,80.00
1098,jarapada - budhapank with fly over at talcher road 3rd and 4th line (ecor) (n22000380),4-2015,3/2027 (n.a.) {8/2026},820.61 (n.a.) {810.02},580.59,-
1099,budhapank - salegaon via rajatgarh 3rd and 4th line. (ecor) (n22000381),4-2015,3/2026 (nov-2025) {11/2025},1,172.92 (n.a.) {2,022.75},1,971.33,80.00
1100,vizianagaram -samabalpur 3rd line (rvnl) (n22000409),1-1991,12/2026 (n.a.) {12/2026},4,803.16 (n.a.) {4,803.16},4,691.52,-
1101,jeypore malkangiri new line (ecor) (n22000516),2-2018,7/2033 (n.a.) {7/2033},2,344.00 (n.a.) {642.69},220.78,90.10
1102,jeypore nabarangpur newline (ecor) (n22000517),7-2017,7/2028 (dec-2029) {12/2029},748.00 (n.a.) {747.91},0.00,-
1103,talcher - angul new line with y connection at talcher (ecor) (n22000518),7-2018,12/2026 (n.a.) {12/2026},278.96 (495.00) {494.62},29.50,-
1104,kodingamali bauxite mines to singaram railway station (ecor) (n22000519),8-2022,8/2027 (n.a.) {8/2027},190.90 (n.a.) {190.90},10.00,-
1105,gandhamardan iron ore mines to goaldih station (ecor) (n22000520),9-2022,9/2027 (n.a.) {3/2028},189.93 (n.a.) {189.93},14.04,-
1106,brundamal-jharsuguda- flyover connection for joining dn line (ecor) (n22000521),12-2009,12/2026 (n.a.) {12/2026},296.51 (n.a.) {297.00},162.44,10.00
1107,baghuapal fly over (20 km) (ecor) (n22000522),8-2019,8/2027 (aug-2027) {8/2027},183.00 (257.97) {257.97},0.83,-
1108,rourkela-bondamunda a-cabin 5th line (10 km) (umbrella work pb#57/2019-20/nr) (ser) (n22000571),9-2022,9/2026 (n.a.) {2/2026},209.75 (n.a.) {244.99},82.27,30.00
1109,balance work of panikoili rimuli section of new nh-20 from km 0.00 to km. 163.000 (nhai) (n24001647),8-2020,3/2022 (n.a.) {7/2025},200.00 (154.73) {154.73},150.38,100.00
1110,6l greenfield kandili - aluru section of nh-130-cd road from km 342+500 to km 365+033 (package- od-8 (nhai) (n24001665),12-2021,10/2024 (n.a.) {12/2025},1,592.00 (1,592.00) {1,592.00},1,127.76,78.13
1111,6l greenfield baraja - kandili section of nh- 130-cd road from km 338+500 to km 342+500 (package- od (nhai) (n24001666),12-2021,9/2024 (n.a.) {8/2025},714.00 (714.00) {714.00},589.97,95.45
1112,6l greenfield kaliagura ? baunsaguar section of nh-130-cd road from km 249+000 to km 293+000 (packag (nhai) (n24001667),9-2021,5/2024 (n.a.) {12/2025},1,734.00 (1,734.00) {1,734.00},1,238.62,86.47
1113,6l of badakumari - karki section from km 179.000 to km 226.500 of nh-130-cd (package ? od-3) (nhai) (n24001668),3-2021,4/2024 (n.a.) {11/2025},1,249.00 (n.a.) {1,249.00},522.17,87.16
1114,6l of dhanara - hatibena section from km 124.611 to km 146.50 of nh- 130-cd (package ? od-1) (nhai) (n24001669),2-2021,3/2024 (n.a.) {7/2025},586.00 (n.a.) {586.00},241.77,92.98
1115,6l of karki ? kaliagura section from km 226.500 to km 249.000 of nh-130-cd (package ? od-4) (nhai) (n24001670),2-2021,3/2024 (n.a.) {7/2025},593.00 (n.a.) {593.00},282.15,94.55
1116,6l of hatibena - badakumari section from km 146.50 to km 179.00 of nh-130-cd (package ? od- 2) (nhai) (n24001671),2-2021,3/2024 (n.a.) {7/2025},925.00 (n.a.) {925.00},460.47,97.00
1117,6l greenfield baunsaguar - baraja section of nh-130-cd road from km 293+000 to km 338+500 (package ? (nhai) (n24001678),8-2021,6/2024 (n.a.) {12/2025},1,460.00 (1,460.00) {1,460.00},986.76,91.52
1118,construction of road from km 0/0 to 72/0 of nh-26 such as 4 lane from km 0/0 to 21/0 (bargarh to bar (morth) (n24001857),6-2020,12/2023 (aug-2025) {8/2025},414.24 (n.a.) {414.24},307.52,98.00
1119,widening and strengthening to 2l+ps including la of kandarpur- balikuda from km 277/500 to 318/970 of (morth) (n24001858),3-2022,6/2025 (n.a.) {12/2025},499.79 (n.a.) {499.79},285.58,48.20
1120,construction of bypass on nh-59 from km 336/350 to 349/910 (13.56 km) near berhampur town including (morth) (n24001859),3-2021,3/2024 (n.a.) {8/2025},196.94 (n.a.) {196.94},71.55,93.00
1121,construction of bypass to nayagarh town from km 235.469 to 252.482 of nh-57 including land acquisiti (morth) (n24001860),1-2022,4/2025 (n.a.) {8/2025},300.33 (n.a.) {300.33},203.81,70.00
1122,construction of bypass to khordha town from km 294/000 to 300/300 on nh-57 including la in the state (morth) (n24001861),2-2022,11/2024 (aug-2025) {8/2025},157.49 (n.a.) {157.49},72.57,54.00
1123,construction of bypass road to balangir town from km 72/400 (desing km 0/0) to km 79/800 (design km (morth) (n24001862),2-2022,10/2025 (nov-2025) {11/2025},238.78 (n.a.) {238.78},50.64,40.00
1124,construction of 5 hl bridges at km 379/000 (pangam), km 439/400 (potteru), km 444/237 (kongurukonda) (morth) (n24001863),3-2021,6/2024 (oct-2025) {5/2025},154.05 (n.a.) {154.05},47.47,30.00
1125,construction of four lane rob and its approaches in lieu of existing level crossing no. rv-71 at km (morth) (n24001864),11-2021,6/2025 (n.a.) {10/2025},154.49 (n.a.) {154.49},60.48,45.00
1126,construction of 4 lane rob with approaches in lieu of lc no. rv- 172 at km 176.00 of nh-201 (present (morth) (n24001865),12-2021,5/2025 (oct-2025) {10/2025},324.09 (n.a.) {324.09},111.45,35.00
1127,rehabilitation and up gradation from 4 to 8 laning of chandikhole paradip section of nh 53 from km. (nhai) (n24002078),12-2023,12/2025 (n.a.) {3/2026},711.00 (n.a.) {711.00},217.96,60.80
1128,rehabilitation and up gradation from 4 to 8 laning of chandikhole paradip section of nh 53 from km (nhai) (n24002079),12-2023,12/2025 (n.a.) {3/2026},742.25 (n.a.) {742.25},223.47,55.10
1129,rehabilitation and up gradation from 4 to 8 laning of chandikhole paradip section of nh 53 from km (nhai) (n24002080),12-2023,12/2025 (n.a.) {3/2026},762.75 (n.a.) {762.75},266.33,60.70
1130,3l major bridge over river brahmani at km. 401.250 (duburi chandikhole section) of nh 200 (new nh 5 (nhai) (n24002081),8-2022,1/2025 (n.a.) {12/2026},153.61 (n.a.) {153.61},22.77,34.49
1131,widening and strengthenlng to 2l+ps from km 0.000 to 40.000 (dhaugaon- podamari section) of nh 326 i (morth) (n24002135),3-2022,2/2026 (n.a.) {2/2026},186.52 (n.a.) {186.52},48.30,35.00
1132,widening and strengthening to 4l+ps/2l+ps from km 0.000 to 35.800 (kuakhia - mangalpur section) of n (morth) (n24002136),3-2022,2/2026 (n.a.) {2/2026},636.10 (n.a.) {636.10},264.98,36.53
1133,rehabilitation and up gradation from 4 to 8 laning of chandikhole ? paradip section of nh-53 (old nh (nhai) (n24002219),3-2024,10/2026 (n.a.) {10/2026},882.45 (n.a.) {882.45},82.62,14.10
1134,development of four lanning of angul-sambalpur section of national highway nh-42 (new nh- 55 in the s (nhai) (n24000619),9-2016,8/2019 (n.a.) {7/2025},2,510.04 (n.a.) {2,510.04},1,181.34,99.98
1135,rehabilitation and upgradation of cuttack angul section of nh- 42 (new nh-55) to 4 lane (km. 0+400 to (nhai) (n24000715),12-2017,7/2020 (n.a.) {7/2025},686.65 (565.00) {686.65},574.26,98.00
1136,rehabilitation and up-gradation of existing 2-lane to 4 lane of duburi (km 388.376) to chandikhole ( (nhai) (n24000733),1-2018,8/2022 (n.a.) {12/2025},633.68 (492.83) {633.68},560.38,86.00
1137,rehabilitation and up-gradation of existing 2-lane to four lane from talchar to end of kamakhyanag (nhai) (n24000734),1-2018,8/2021 (n.a.) {7/2025},614.48 (503.30) {757.12},664.48,99.00
1138,rehabilitation and upgradation of cuttack-angul section to 4 lane (km 60.20) to (km 112.0) pkg ii on (nhai) (n24000736),1-2018,9/2020 (n.a.) {7/2025},686.65 (504.09) {1,015.16},488.98,98.35
1139,rehabilitation and upgradation of six laning of bhadrak baleshwar section (km 136.50) to (km 199.141 (nhai) (n24000738),1-2018,9/2021 (n.a.) {12/2025},999.00 (1,152.70) {1,152.70},540.10,82.01
1140,rehabilitation and up-gradation to 4-laning of rajamunda- barkote section of nh-23 (new nh no. 143) ( (nhai) (n24000739),1-2018,6/2021 (jul-2025) {7/2025},503.88 (609.03) {609.03},536.89,98.50
1141,widening to 2lps from 0/0 to 119/0 of nh-157 in the state of odisha. (morth) (n24000912),8-2016,2/2017 (n.a.) {12/2025},287.70 (n.a.) {293.66},275.42,98.66
1142,widening to 2lps from 239/9 to 294/3 of nh-57 (nayagarh to khurda) in the state of odisha (morth) (n24000914),12-2016,8/2018 (n.a.) {9/2025},223.50 (n.a.) {223.50},220.50,100.00
1143,widening to 2lps from 269/30 to 328/20 of nh-49 in the state of odisha (morth) (n24000917),3-2018,8/2018 (n.a.) {4/2025},199.16 (n.a.) {199.16},158.73,100.00
1145,installation of 4th slab caster along with its auxiliaries and a new ladle furnace in sms-ii at rsp (sail) (n12000125),1-2022,5/2025 (aug-2025) {8/2025},970.18 (n.a.) {970.18},720.07,94.31
1146,construction of permanent campus of indian institute of management (iim) amritsar, punjab. (cpwd education) (n28000142),10-2019,5/2022 (n.a.) {8/2025},348.24 (n.a.) {348.24},245.37,91.20
1147,second generation ethanol biorefinery project, bathinda, punjab (hpcl) (n16000402),5-2020,2/2023 (sep-2024) {3/2026},1,421.46 (n.a.) {1,421.46},1,163.10,95.63
1148,bhatinda sangrur pipeline (hpcl) (n16000440),11-2021,5/2024 (feb-2025) {8/2025},367.00 (397.00) {397.00},334.26,91.90
1149,cgd project at pathankot district (iocl) (n16000488),3-2022,3/2030 (sep-2033) {9/2033},151.00 (n.a.) {151.00},8.73,2.00
1150,ludhiana mullanpur doubling (nr) (n22000589),9-2020,3/2025 (n.a.) {7/2025},235.00 (n.a.) {235.00},7.99,98.00
1151,ferozpur - patti (25.72 km) (nr) (n22000614),4-2017,3/2027 (n.a.) {3/2027},299.74 (n.a.) {781.00},0.00,-
1152,delhi-amritsar-katra expressway from junction with patiala-bathinda road (nh-7) near bhawanigarh to (nhai) (n24001415),12-2020,4/2024 (jul-2024) {7/2024},881.00 (n.a.) {881.00},960.36,92.34
1153,delhi-amritsar-katra expressway from junction with ludhiana-malerkotla road (sh-11) near bhogiwal vi (nhai) (n24001416),12-2020,1/2024 (mar-2025) {3/2025},989.66 (n.a.) {989.66},338.21,31.08
1154,delhi-amritsar-katra expressway from junction with ludhiana-moga road (nh-5) near mullanpur dakha to (nhai) (n24001417),12-2020,4/2024 (sep-2025) {9/2025},1,234.40 (n.a.) {1,234.40},853.68,61.88
1155,delhi-amritsar-katra expressway from ch.km 303+900 to km 319+400 of main expressway) and amritsar co (nhai) (n24001418),12-2020,4/2024 (sep-2025) {9/2025},1,094.46 (n.a.) {1,094.46},802.93,62.99
1156,delhi-amritsar-katra expressway (phase-i pkg-xi) from junction with jalandhar - kapurthala road (nh- (nhai) (n24001419),2-2021,4/2024 (nov-2024) {11/2024},1,269.96 (n.a.) {1,269.96},585.86,43.45
1157,delhi-amritsar-katra expressway (phase-i pkg-xii) from junction with amritsar-mehta- srihargobindpur- (nhai) (n24001420),2-2021,4/2024 (dec-2025) {12/2025},853.66 (n.a.) {853.66},177.27,20.65
1158,4/6l greenfield ludhiana rupnagar highway from junction with ne 05 villagr near to manewal (ludhiana (nhai) (n24001630),7-2021,2/2025 (n.a.) {2/2025},1,501.02 (n.a.) {1,501.02},282.00,75.00
1159,6l of it city chowk to kurali chandigarh road (nhai) (n24001631),3-2021,10/2024 (n.a.) {10/2024},1,525.31 (n.a.) {1,525.31},290.00,95.00
1160,construction of four lane greenfield project of delhi- amritsar-katra expressway (phase-i pkg-v) from (nhai) (n24001632),1-2021,5/2024 (jun-2025) {8/2025},1,741.86 (2,281.02) {2,281.02},1,294.40,96.50
1161,construction of four/six lane greenfield ludhiana ? rupnagar national highway no. nh-205k under bhar (nhai) (n24001636),5-2021,12/2024 (oct-2026) {10/2026},1,368.91 (1,368.91) {1,368.91},163.58,15.31
1162,development of 6 lane jalandhar bypass from kahlwan national highway 03 design km 0.00 ending at k (nhai) (n24001637),3-2021,1/2025 (n.a.) {1/2025},1,754.84 (n.a.) {1,754.84},1,145.02,40.01
1163,4l greenfield a. malout bypass from ch. km 44.500 to ch. km 35.500 on nh-07 and ch. km 0.000 to km 6 (nhai) (n24001638),11-2021,7/2024 (aug-2025) {8/2025},646.42 (646.42) {646.42},481.67,96.00
1164,four laning of moga to bajakhana lambwali section of 105b greenfield alignment from design chainage (nhai) (n24001639),5-2020,12/2024 (aug-2025) {8/2025},864.23 (864.23) {864.23},434.88,65.00
1165,6l amritsar bathinda greenfield section from village tiba on ne 5a to jn. with moga jalandhar road n (nhai) (n24001640),3-2021,11/2024 (n.a.) {11/2024},1,229.38 (n.a.) {1,229.38},762.83,48.58
1166,delhi amritsar katra expressway phase i spur iii from junction with amritsar jalandhar road nh3 near (nhai) (n24001641),3-2021,10/2024 (dec-2025) {12/2025},1,641.75 (n.a.) {1,641.75},188.55,26.01
1167,four laning of amritsar bypass from new tarn taran road to ajnala road from design km. 0.750 to desi (nhai) (n24001642),2-2021,8/2024 (dec-2025) {12/2025},1,474.77 (n.a.) {1,474.77},475.88,75.25
1168,4l of amritsar ghoman tanda una section from km 8.270 to km 54.000 of nh 503a package i (nhai) (n24001643),12-2020,6/2024 (jun-2025) {6/2025},857.91 (n.a.) {857.91},164.88,41.02
1169,amritsar airport junction ramdas from km. 100.835 to km. 139.813 pkg iv (nhai) (n24001644),12-2020,9/2023 (sep-2025) {9/2025},524.88 (416.58) {416.58},157.14,73.00
1170,up-gradation to two lane with paved shoulder configuration of nh-354 section arifkes- ferozepur-mukts (morth) (n24001960),3-2021,10/2023 (n.a.) {10/2025},263.19 (n.a.) {220.00},119.50,61.00
1171,work of widening/upgradation of 2-lane with paved shoulder of sri muktsar sahib to malout road from (morth) (n24001961),3-2022,10/2023 (n.a.) {7/2025},152.58 (n.a.) {152.58},97.00,85.00
1172,6l of jodhpur romana (bathinda) - mandi dabwali (punjab haryana border) section of nh-54 from km. 0. (nhai) (n24002075),12-2020,8/2025 (aug-2025) {8/2025},757.13 (757.00) {757.00},246.51,98.75
1173,6l amritsar-bathinda greenfield section from jn. with bhagta bhai ka-bhadaur road near dyalpura bhai (nhai) (n24002076),3-2021,10/2025 (jun-2026) {6/2026},2,029.17 (2,029.00) {2,029.00},84.23,47.00
1174,6l access controlled ludhiana- bathinda greenfield highway from jn. with amritsar-bathanda greenfield (nhai) (n24002091),6-2021,9/2025 (mar-2026) {3/2026},906.51 (906.51) {906.51},170.39,54.00
1175,6-lane amritsar-bathinda greenfield section of nh-754a from junction with moga jalandhar road (nh-70 (nhai) (n24002092),3-2021,10/2025 (n.a.) {10/2025},1,801.37 (n.a.) {1,801.37},1,075.64,51.20
1176,6l of ambala-chandigarh greenfield section from km. 0.000 to km. 25.000 with 4l spur to lalru from k (nhai) (n24002098),3-2022,10/2025 (n.a.) {10/2025},1,641.66 (n.a.) {1,641.66},100.00,55.00
1177,4l of existing beas ? baba bakala - dera baba nanak section from start of batala bypass till interse (nhai) (n24002100),10-2021,6/2025 (n.a.) {12/2025},1,003.38 (n.a.) {1,003.38},281.62,72.58
1178,4l of beas-mehta-batala-dera baba nanak from intersection with jalandhar-amritsar highway (nh-3) nea (nhai) (n24002101),8-2021,6/2025 (dec-2025) {12/2025},809.51 (n.a.) {809.51},220.73,53.54
1179,delhi-amritsar-katra expressway (phase-i spur-i) from jn. with kapurthala - sultanpur lodhi road (nh (nhai) (n24002102),1-2020,4/2026 (n.a.) {4/2027},2,165.23 (n.a.) {2,165.23},180.85,20.50
1180,widening and paved shoulder of tohana (in haryana) punjab/haryana border to moonak-jakhal-budhlada (morth) (n24000907),3-2018,8/2020 (n.a.) {6/2025},293.10 (n.a.) {315.00},318.24,100.00
1181,jalandhar-hoshiarpur section of nh-70 [new nh no. 3] from existing km 11.400 to km 49.200 (morth) (n24000909),10-2017,10/2019 (n.a.) {12/2025},1,069.59 (n.a.) {1,069.59},739.08,44.00
1182,rehabilitation and up gradation to 2 lane with paved shoulder of nh-703a from makhu (design ch 0 000 (morth) (n24000910),3-2018,11/2020 (n.a.) {6/2026},170.57 (n.a.) {150.00},135.00,79.00
1183,construction of new terminal building at jodhpur airport (aai) (n04000101),5-2022,11/2024 (oct-2025) {10/2025},480.00 (n.a.) {480.00},254.71,77.75
1184,udaipur airport- construction of new integrated passenger terminal building (aai) (n04000104),6-2023,3/2026 (n.a.) {3/2026},887.00 (n.a.) {887.00},312.40,44.61
1185,nlcil 300 mw solar power project (part of 510 mw cpsu scheme) (nlc) (n06000269),3-2023,9/2024 (n.a.) {11/2025},1,813.00 (n.a.) {1,813.00},746.26,66.00
1186,new mundra-panipat crude oil pipeline (iocl) (n16000435),12-2021,10/2024 (dec-2025) {12/2025},9,028.00 (n.a.) {9,028.00},6,734.76,82.30
1187,setting up of petrochemical evacuation marketing terminal (pemt) at barmer (hpcl) (n16000512),12-2023,12/2026 (n.a.) {12/2026},461.05 (n.a.) {461.05},98.70,47.50
1188,rajasthan refinery project (hpclrrl(jv)) (n16000513),10-2017,10/2022 (mar-2025) {12/2025},43,129.00 (72,937.00) {72,937.00},58,305.57,87.40
1189,cgd projects at fazilka (except area already authorized) ganganagar and hanumangarh districts (bpcl) (n16000520),12-2022,6/2030 (n.a.) {6/2030},3,207.00 (n.a.) {3,207.00},324.65,21.90
1190,bhadla-ii 500mw solar pv project (ntpc) (n18000347),6-2022,3/2024 (sep-2025) {9/2025},2,598.92 (n.a.) {2,598.92},1,815.27,60.00
1191,transmission system scheme for evacuation of power from rez rajasthan (8.1 gw) under phase-ii part (pgcil) (n18000356),3-2023,9/2024 (n.a.) {9/2025},1,433.28 (n.a.) {1,433.28},1,290.22,91.90
1192,300 mw solar power project under cpsu scheme (nhpc) (n18000368),5-2022,11/2023 (n.a.) {9/2025},1,677.12 (n.a.) {1,677.12},1,295.80,92.00
1193,ts for evacuation of power from rez in rajasthan (20gw) under phase-iii, part e1 (pgcil) (n18000373),8-2023,2/2025 (n.a.) {9/2025},688.74 (n.a.) {688.74},564.77,93.00
1194,ts for evacuation power from rez in rajasthan (20gw) under phase-iii part h (pgcil) (n18000374),10-2023,4/2025 (n.a.) {8/2025},2,211.00 (n.a.) {2,211.00},1,702.27,69.40
1195,ts for evacuation power from rez in rajasthan (20gw) under phase-iii part c1 (pgcil) (n18000375),10-2023,4/2025 (oct-2025) {10/2025},1,796.00 (n.a.) {1,796.00},1,149.44,77.30
1196,ts for evacuation power from rez in rajasthan (20gw) under phase-iii part b1 (pgcil) (n18000376),9-2023,4/2025 (n.a.) {9/2025},2,191.00 (n.a.) {2,191.00},1,511.45,75.70
1197,ts for evacuation power from rez in rajasthan (20gw) under phase-iii part j (pgcil) (n18000378),12-2022,3/2025 (apr-2026) {4/2026},331.00 (n.a.) {331.00},18.23,27.00
1198,ts for evacuation power from rez in rajasthan (20gw) under phase-iii part e2 (pgcil) (n18000379),11-2023,6/2025 (n.a.) {9/2025},428.00 (n.a.) {428.00},85.60,45.00
1199,ts for evacuation of power from rajasthan rez ph-iv (part-1) [bikaner complex] part a [bikaner iii n (pgcil) (n18000386),12-2023,12/2025 (n.a.) {12/2025},2,998.00 (n.a.) {2,998.00},1,439.18,47.10
1200,ts for evacuation of power from rajasthan rez ph-iv (part-1) [bikaner complex] part d [neemrana ii b (pgcil) (n18000387),12-2023,12/2025 (n.a.) {12/2025},2,056.00 (n.a.) {2,056.00},1,318.23,53.30
1201,ts for evacuation of power from rez in rajasthan (20gw) under ph-iii part d [sikar khetri transmissi (pgcil) (n18000389),2-2024,8/2025 (n.a.) {9/2025},2,000.00 (n.a.) {2,000.00},1,200.00,58.00
1202,ts for evacuation power from rajasthan rez ph-iv (part-2:5.5gw) part-b (jaisalmer/barmer complex) (pgcil) (n18000391),8-2024,8/2026 (n.a.) {8/2026},3,279.00 (n.a.) {3,279.00},491.85,18.60
1203,ts for evacuation power from rajasthan rez ph-iv (part-2:5.5gw) (jaisalmer/barmer complex) part- c (pgcil) (n18000393),8-2024,8/2026 (n.a.) {8/2026},2,227.00 (n.a.) {2,227.00},489.94,18.60
1204,ts for evacuation power from rajasthan rez ph-iv (part-2:5.5gw) (jaisalmer/barmer complex) part- e (pgcil) (n18000394),8-2024,8/2026 (n.a.) {8/2026},3,251.00 (n.a.) {3,251.00},650.20,16.20
1205,additional transmission system for evacuation of power from bhadla-iii ps as part of rajasthan rez p (pgcil) (n18000396),8-2024,2/2026 (n.a.) {2/2026},369.00 (n.a.) {369.00},10.30,3.80
1206,transmission system strengthening for interconnections of bhadla-iii and bikaner iii complex [spv na (pgcil) (n18000397),8-2024,8/2026 (n.a.) {8/2026},1,382.00 (n.a.) {1,382.00},27.60,1.00
1207,transmission system for evacuation of power from rajasthan rez ph -iv [part-2 5.5 gw] [jaisalmer/bar (pgcil) (n18000401),11-2024,11/2026 (n.a.) {11/2026},2,735.00 (n.a.) {2,735.00},27.35,3.80
1208,transmission system for evacuation of power from rajasthan rez ph-iv [part-3 (6gw)] [bikaner complex (pgcil) (n18000403),11-2024,11/2026 (n.a.) {11/2026},5,969.00 (n.a.) {5,969.00},101.47,-
1209,transmission system for evacuation of power from rajasthan rez ph-iv [part-3 (6 gw)] [bikaner comple (pgcil) (n18000404),11-2024,11/2026 (n.a.) {11/2026},5,357.00 (n.a.) {5,357.00},107.14,3.80
1210,rajasthan rez ph-v (part-1: 4 gw) [sirohi/nagaur] complex (pgcil) (n18000414),3-2025,3/2027 (n.a.) {3/2027},5,028.00 (n.a.) {5,028.00},20.12,-
1211,augmentation at fatehgarh-ii ps, fatehgarh-iv ps (section-ii) and barmer-i (pgcil) (n18000415),3-2025,12/2026 (n.a.) {12/2026},404.00 (n.a.) {428.00},4.04,-
1212,nokh solar pv project 735 mw (ntpc) (n18000418),3-2022,4/2024 (jul-2025) {7/2025},4,189.17 (4,378.17) {4,378.17},213.45,97.00
1213,agra fort-bandikui (ncr) (n22000553),6-2022,6/2027 (may-2026) {5/2026},1,389.81 (n.a.) {987.83},42.46,12.00
1214,gudha thathana mithri test track for rdso (nwr) (n22000593),4-2019,3/2025 (jun-2025) {6/2025},528.48 (n.a.) {500.85},357.48,98.00
1215,dedicated test track for rdso (phase ii) (nwr) (n22000594),11-2021,11/2026 (n.a.) {12/2025},466.42 (n.a.) {466.22},743.91,83.00
1216,doubling between churu- ratangarh (42.81 km) (nwr) (n22000605),2-2023,2/2028 (n.a.) {6/2025},422.60 (n.a.) {422.60},216.78,95.00
1217,sawaimadhopur - bypass line (6.98 km) (umbrella work pb#57/2019- 20/nr) (nwr) (n22000607),12-2022,6/2026 (may-2027) {5/2027},304.00 (239.54) {239.54},133.73,35.00
1218,gc of nathdwara - devgarh madariya (82.5km) (nwr) (n22000608),1-2023,6/2028 (dec-2026) {12/2026},968.92 (n.a.) {968.92},410.60,42.00
1219,2l+ps for work of nh-325 (balotra to sanderao via jalore) by construction of bypasses:(1) asotra- br (morth) (n24001527),12-2021,5/2024 (dec-2025) {12/2025},411.40 (n.a.) {411.40},219.61,72.00
1220,widening of pachpadra-bagundi section to 4 lane from km 73/60 to 95/70 of nh-25 on epc mode in the (morth) (n24001528),1-2022,12/2024 (aug-2025) {8/2025},194.88 (n.a.) {194.88},105.69,83.00
1221,44 lane divided carriageway of barmer bypass of nh-15 (new nh- 68) in the state of rajasthan on epc m (morth) (n24001529),12-2021,8/2024 (may-2025) {5/2025},451.66 (n.a.) {451.66},401.78,99.00
1222,upgradation to two lane paved shoulder of kothun-lalsot- karoli-dholpur road nh-23 (old nh-11b) in th (morth) (n24001530),12-2021,9/2024 (n.a.) {8/2025},150.11 (n.a.) {150.11},82.83,88.00
1223,4l greenfield spur from delhi- vadodara greenfield expressway near bandikui to jaipur (nhai) (n24001557),3-2022,11/2024 (aug-2025) {8/2025},1,636.15 (n.a.) {1,636.15},553.96,99.80
1224,4l of karwar (km. 281.980 of nh-62 nagaur road) to dangiyavas of jodhpur ring road (pkg-ii) (nhai) (n24001558),11-2021,8/2024 (jul-2025) {7/2025},736.75 (n.a.) {736.75},260.95,97.80
1225,2l ps sriganganagar to raisinghnagar (design chainage - 0.500 km to design chainage 101.000 km) (pack (nhai) (n24001559),9-2021,6/2024 (apr-2025) {4/2025},672.35 (n.a.) {672.35},328.24,99.50
1226,deogarh (near dhandhaniya)- rajasthan/gujarat border (phase-i) (aj/drgb-package-6) (nhai) (n24001563),10-2019,8/2023 (jul-2025) {7/2025},846.59 (n.a.) {846.59},167.92,99.25
1227,deogarh (near dhandhaniya)- rajasthan/gujarat border (phase-i) (aj/drgb-package-7) (nhai) (n24001564),10-2019,7/2023 (jul-2025) {7/2025},662.08 (n.a.) {662.08},128.28,96.50
1228,delhi-vadodara greenfield alignment (nh-148n) (pkg-10) (ch. 292.950 to ch. 319.400) [end of intercha (nhai) (n24001567),11-2019,10/2022 (aug-2025) {8/2025},1,272.97 (n.a.) {1,272.97},527.31,89.63
1229,delhi-vadodara greenfield alignment (nh-148n) (pkg-14) (ch. 388.420 to ch. 419.000) [junction with n (nhai) (n24001568),11-2019,5/2023 (jul-2025) {7/2025},1,119.35 (n.a.) {1,119.35},1,447.44,99.80
1230,delhi-vadodara greenfield alignment (nh-148n) (pkg-09) (ch. 247.310 to ch. 292.950) [junction with m (nhai) (n24001573),11-2019,12/2022 (jul-2025) {7/2025},1,658.06 (n.a.) {1,658.06},157.42,99.90
1231,delhi-vadodara greenfield alignment (nh-148n) (pkg-15) (ch. 419.000 to ch.427.300) [junction with nh (nhai) (n24001612),7-2020,1/2024 (dec-2025) {12/2025},1,788.69 (n.a.) {1,788.69},965.50,78.50
1232,construction of two lane with paved shoulder for fatehpur bypass, mandawa bypass and jhunjhunu bypas (morth) (n24001866),3-2022,8/2024 (n.a.) {6/2025},186.29 (n.a.) {186.29},142.69,90.00
1233,upgradation of two lane paved shoulder from shahpura to thanagazi of nh-248a on epc mode in the stat (morth) (n24001867),3-2022,7/2024 (n.a.) {8/2025},174.34 (n.a.) {174.34},118.08,90.00
1234,sagwara bypass and garhi- partapur bypass of nh-927a in the state of rajasthan. (morth) (n24001868),3-2022,8/2025 (n.a.) {8/2025},187.65 (n.a.) {187.65},117.57,90.00
1235,up-gradation to 2 lane with paved shoulder from charbhuja at design km 0.00 (existing km 150.00) to (morth) (n24001927),2-2022,9/2025 (n.a.) {9/2025},838.43 (n.a.) {838.43},455.87,99.00
1236,construction of 2 lane with paved shoulder northern bypass phase-ii of kota city from design chainag (morth) (n24001928),3-2022,4/2025 (n.a.) {12/2025},317.74 (n.a.) {317.74},136.23,13.00
1237,additional structures on 6lgurgaon-jaipur section of nh- 48 between km 42.700 to km 273.00 (nhai) (n24002058),8-2022,6/2024 (jul-2025) {7/2025},409.64 (n.a.) {409.64},240.90,81.65
1238,upgradation to 2 lane with paved shoulder of hanumangarh to kenchiyan of nh 54 on epc mode in the st (morth) (n24002167),3-2024,10/2026 (n.a.) {10/2026},334.64 (n.a.) {334.64},128.00,50.00
1239,upgradation to 2 lane with paved shoulder from neechli oden (nathdwara) at design km 88.800 to bhate (morth) (n24002168),3-2023,10/2026 (n.a.) {10/2026},606.61 (n.a.) {606.61},118.00,20.00
1240,construction/ up-gration of four/two lane with paved shoulder of nh68 from tanot- ramgarh bhadasar-ja (nhai) (n24000795),2-2018,4/2021 (jun-2025) {6/2025},741.86 (649.00) {649.00},663.37,99.99
1241,4l+ps of nh -58 from beawar- gomti (old ch km 58.245 to km. 108.600) pkg-i. (morth) (n24001411),12-2020,10/2023 (n.a.) {12/2025},379.23 (n.a.) {379.23},268.62,96.10
1242,pakyong airport- widening of basic strip at western side of runway chainage 80m to 920m i/c slope st (aai) (n04000110),11-2023,6/2026 (n.a.) {6/2026},323.26 (n.a.) {323.26},29.68,12.50
1243,construction of sikkim university campus phase-i, package -ii at yangang south sikkim (sikkim universi) (n44000002),8-2020,1/2025 (n.a.) {1/2025},314.06 (n.a.) {303.55},157.24,80.00
1244,teesta vi he project (nhpc) (n18000325),3-2019,3/2024 (n.a.) {12/2027},5,748.04 (n.a.) {5,748.04},4,424.21,68.17
1245,rangit iv he project (nhpc) (n18000326),3-2021,5/2024 (n.a.) {12/2025},938.29 (n.a.) {1,828.11},1,524.17,89.45
1246,sevok rangpo, nefr (nfr) (n22000102),4-2008,5/2015 (dec-2027) {12/2027},7,876.92 (11,963.43) {11,963.43},8,743.57,79.50
1247,construction of 2-lane with paved shoulder gangtok bypass road from ranipool to burtuk (l=23.316km) (morth) (n24001442),10-2021,5/2024 (mar-2026) {3/2026},385.15 (n.a.) {385.15},175.16,83.30
1248,construction of 2-lane with paved shoulder including geometric improvement from km 0.000 to km 16.00 (nhidcl) (n24000767),3-2017,4/2022 (may-2022) {12/2023},375.80 (n.a.) {375.80},288.56,96.55
1249,constuction/upgradation of existing highway to 2 lane with paved shoulder from km 0.00 to km 13.00 n (nhidcl) (n24001251),3-2019,4/2022 (n.a.) {10/2025},402.94 (n.a.) {402.94},247.12,76.54
1250,constuction/upgradation of existing highway to 2 lane with paved shoulder from km 13.00 to km 25.600 (nhidcl) (n24001252),8-2020,4/2023 (nov-2024) {10/2025},295.97 (n.a.) {295.97},249.97,95.71
1251,construction and upgradation ofexistingroad to 2-lane with paved shoulder including geometric improv (nhidcl) (n24001261),8-2020,4/2023 (n.a.) {10/2025},311.00 (n.a.) {273.78},257.86,95.12
1252,construction and upgradation ofexistingroad to 2-lane with paved shoulder including geometric improv (nhidcl) (n24001262),7-2020,4/2023 (aug-2024) {10/2025},345.38 (395.59) {395.59},362.61,89.81
1253,construction of 2-lane road with paved shoulder (greenfield alignment) of existing stretch between l (nhidcl) (n24001322),9-2020,5/2022 (oct-2023) {12/2025},183.31 (439.56) {439.56},355.31,51.85
1254,construction of 2-lane specification road with paved shoulder as realignment (greenfield alignment) (nhidcl) (n24001325),9-2020,5/2023 (aug-2024) {12/2025},262.84 (414.20) {414.20},221.86,49.20
1255,rehabilitation and upgradation of existing road to 2-lane with paved shoulder including geometric im (nhidcl) (n24001327),8-2020,5/2022 (oct-2023) {12/2025},292.80 (n.a.) {292.80},202.92,61.41
1256,construction and upgradation of existing road to 2-lane with paved shoulder from km27.200 (end of ro (nhidcl) (n24001336),8-2020,4/2023 (oct-2024) {3/2026},230.45 (244.91) {244.91},206.95,82.80
1257,construction and upgradation of existing road to 2-lane with paved shoulder from new rolep bridge at (nhidcl) (n24001337),10-2020,11/2023 (jul-2025) {3/2026},493.42 (478.79) {478.79},308.18,59.49
1258,construction of 2-lane with paved shoulder of new green field alignment from chochenpheri at km 52.0 (nhidcl) (n24001338),10-2020,12/2023 (jun-2025) {12/2026},816.79 (786.60) {786.60},332.24,45.90
1259,rishi border- rolep- menla pkg- 3b (nhidcl) (n24001362),12-2020,2/2024 (dec-2025) {12/2025},410.60 (379.30) {379.30},238.13,74.82
1260,modernization of chennai airport phase ii, chennai (aai) (n04000074),6-2018,2/2022 (jun-2026) {6/2026},2,467.00 (n.a.) {2,467.00},1,620.03,71.65
1261,development of tuticorin airport (aai) (n04000090),6-2019,3/2022 (apr-2025) {4/2025},380.87 (451.74) {451.74},362.06,100.00
1262,jawahar khani opencast (jk oc) mine (sccl) (n06000259),12-2021,3/2025 (n.a.) {3/2026},297.88 (n.a.) {297.88},46.37,20.00
1263,50 mw solar power project - neyveli mined out area (nlc) (n06000279),5-2023,6/2025 (nov-2025) {11/2025},218.03 (n.a.) {218.03},148.89,40.00
1264,construction of 726 nos residential quarters chennai (cpwd for financ) (n28000109),11-2017,11/2021 (n.a.) {11/2022},348.77 (n.a.) {348.77},223.39,100.00
1265,25.5 mw wind power project at kayathar in tamilnadu (nalco) (n10000014),9-2017,6/2019 (dec-2025) {12/2025},166.62 (163.17) {163.17},135.63,65.00
1266,irugur-devangonthi pol pipeline (bpcl) (n16000234),11-2012,2/2017 (oct-2025) {10/2025},678.00 (1,732.00) {1,732.00},642.76,64.10
1267,cbr 9 mmtpa project (cpcl) (n16000434),1-2021,6/2025 (n.a.) {6/2025},31,580.00 (31,580.00) {36,354.00},1,326.17,10.20
1268,grass root pol terminal at vallur, chennai (iocl) (n16000438),1-2022,7/2024 (jun-2025) {12/2025},827.00 (887.71) {887.71},580.94,85.90
1269,laying of pol pipelines in common corridor for proposed grass root terminal at vallur (chennai) (iocl) (n16000455),1-2022,7/2024 (may-2026) {5/2026},829.00 (n.a.) {829.00},259.48,60.16
1270,cgd project at dharmapuri and krishnagiri districts (iocl) (n16000486),3-2022,3/2030 (n.a.) {12/2030},501.00 (n.a.) {501.00},112.66,5.30
1271,cgd projects at the nilgiris and erode districts (bpcl) (n16000521),12-2022,3/2030 (n.a.) {3/2030},3,685.00 (n.a.) {3,685.00},213.89,11.20
1272,transmission system under ists for evacuation of power from kudankulam unit - 3 and 4 (2x1000 mw) (pgcil) (n18000408),1-2025,7/2028 (n.a.) {7/2028},548.00 (n.a.) {548.00},9.32,2.50
1273,extension of mrts from velachery to stn. thomas, mtp (mrtp) (n22000028),4-2006,7/2024 (aug-2025) {8/2025},734.01 (981.83) {981.83},640.43,98.00
1274,tidivanam-nagari (nl) (sr) (n22000085),9-2006,9/2016 (mar-2028) {3/2028},3,631.34 (3,631.34) {3,631.34},873.31,15.00
1275,chennai beach-chennai egmore (4.3 km) (umbrella work pb#57/2019- 20/nr) (sr) (n22000568),3-2022,3/2026 (feb-2025) {3/2025},359.60 (274.20) {310.00},305.93,95.00
1276,morappur-dharmapuri (sr) (n22000618),2-2019,3/2028 (mar-2028) {3/2028},358.95 (n.a.) {358.95},40.09,-
1277,nagapattinam thiruturaipundi (38km)- new line project (sr) (n22000626),7-2008,3/2026 (mar-2027) {3/2027},677.12 (n.a.) {668.44},146.95,20.00
1278,four laning of puducherry (km.29/000) to poondiyankuppam (km.67/000) section of nh-45a on ham under (nhai) (n24001429),3-2018,11/2021 (jul-2025) {7/2025},1,294.47 (1,588.40) {1,588.40},867.34,98.72
1279,four laning of sattanathapuram (km.123/800) to nagapattinam (km.179/555) section of nh-45a on ham un (nhai) (n24001431),3-2018,10/2020 (jan-2026) {1/2026},1,872.68 (2,899.77) {2,899.77},1,341.26,65.00
1280,construction of 4 lane with paved shoulders thiruvayaru bypass in between existing km.55/926 to 62/6 (morth) (n24001455),2-2022,8/2022 (n.a.) {3/2025},191.33 (207.97) {207.97},100.42,100.00
1281,4-laning of kamalapuram - oddanchatram section of nh-209 (nhai) (n24001601),1-2019,1/2023 (nov-2025) {11/2025},1,051.69 (n.a.) {1,051.69},589.46,81.87
1282,4-laning of madathukulam - pollachi section of nh-209 (new nh-83) (nhai) (n24001602),1-2019,12/2022 (nov-2025) {11/2025},1,409.38 (n.a.) {1,409.38},660.29,91.20
1283,4-laning of melur - pillayarpatti - karaikudi section of nh-338, nh- 36, nh-383 (nhai) (n24001605),6-2018,3/2022 (n.a.) {8/2025},1,103.86 (n.a.) {1,103.86},568.15,87.00
1284,4-laning of vadippatti - thamaraipatti section of nh-744a (madurai ring road) (nhai) (n24001606),12-2018,3/2022 (sep-2025) {9/2025},854.94 (n.a.) {854.94},400.13,80.30
1285,balance works of four lane from km 43+950 (thiruvallur bypass) to km 61+470 (veppampattu bypass) pas (nhai) (n24001692),1-2022,9/2024 (feb-2025) {8/2025},467.99 (n.a.) {468.00},113.05,84.34
1286,four laning of neraluru to thorapalli agraharam section of nh-844 (pkg-i) from km.0+000 to km.23+350 (nhai) (n24001693),9-2021,10/2024 (n.a.) {10/2024},1,751.18 (n.a.) {1,757.27},49.69,-
1287,four laning of thorapalli agraharam to jittandahalli section of nh-844 (pkg-ii) from km.23+350 to km (nhai) (n24001694),2-2019,12/2023 (dec-2024) {12/2024},1,243.57 (n.a.) {1,243.57},171.63,-
1288,four laning of jittandahalli to dharmapuri section of nh-844 (pkg-iii) from km.60+100 to km.94+460 (nhai) (n24001696),2-2019,8/2023 (dec-2024) {12/2024},1,291.37 (n.a.) {1,291.37},215.02,-
1289,thoppur mettur bhavani erode section of nh 544h for a length of 85 km (nhai) (n24001716),7-2022,8/2023 (dec-2024) {12/2024},186.50 (242.40) {242.40},34.33,100.00
1290,bangalore chennai expressway phase-iii package iii (arakkonam to kancheepuram) from km 204.500 to k (nhai) (n24001717),11-2020,8/2024 (n.a.) {3/2026},1,155.49 (1,525.10) {1,525.10},489.94,53.56
1291,bangalore chennai expressway phase-iii package ii (walajahpet to arakkonam) from km 180.000 to km 2 (nhai) (n24001718),12-2020,7/2024 (n.a.) {10/2025},843.48 (1,077.40) {1,068.60},434.49,91.26
1292,4l bangalore-chennai expressway from km. 230.000 to km. 261.705 of kanchepuram to sriperumbudur sect (nhai) (n24001719),2-2021,7/2024 (n.a.) {12/2025},2,948.31 (3,605.73) {3,605.73},820.23,78.11
1293,bangalore chennai expressway phase-iii ? package i (gudipala to walajajhpet) from km 156.000 to km 1 (nhai) (n24001720),10-2020,5/2024 (n.a.) {10/2025},1,023.91 (1,438.62) {1,438.62},635.04,86.22
1294,four laning of mamallapuram to mugaiyur section of nh332a from km 0.000 to km 31.000 (nhai) (n24001721),2-2019,5/2024 (aug-2025) {3/2026},1,008.99 (1,360.53) {1,360.53},324.81,50.33
1295,6l of maduravoyal to sriperumbudur section from km. 13.800 to km. 37.000 of nh-4 through state high (nhai) (n24001722),11-2021,2/2023 (n.a.) {12/2024},463.44 (463.07) {463.44},334.80,99.00
1296,karaipettai to walajapet from km 71.015 to 107.091 (nhai) (n24001723),10-2018,2/2021 (n.a.) {8/2025},707.90 (766.51) {766.51},542.69,91.00
1297,6l of sriperumbudur to karaipettai from km 37.000 to km 71.015 of nh 48 (nhai) (n24001725),1-2019,5/2021 (n.a.) {1/2025},819.89 (1,314.82) {922.85},419.84,57.32
1298,construction of bypass to gudiyatham town in km 23/100 ? 29/250 including la and shifting of nh-234 (morth) (n24001828),1-2022,11/2024 (n.a.) {5/2025},221.03 (243.95) {243.95},176.50,100.00
1299,four laning of ottanchatram to palani section from km 30/700 to km 55/000 of nh 209(new nh-83) inclu (morth) (n24001829),10-2022,11/2024 (n.a.) {5/2025},172.15 (n.a.) {172.15},163.82,100.00
1300,construction of strr (west side)-nh948a-balagondapalli (tamil nadu) to karnataka/tamil nadu border f (nhai) (n24001968),4-2022,5/2025 (n.a.) {5/2025},1,260.74 (n.a.) {1,260.74},487.46,44.95
1301,4l of thirumangalam to vadugapatti section from km 0.000 to km 36.000 of nh-744 (nhai) (n24002084),3-2022,2/2025 (n.a.) {9/2025},1,076.97 (n.a.) {1,076.97},540.46,87.42
1302,construction of new double tier 4 lane elevated corridor from chennai port to maduravoyal in chennai (nhai) (n24002107),3-2023,5/2026 (n.a.) {5/2026},1,382.00 (n.a.) {1,382.00},0.00,-
1303,construction of new double tier 4l elevated corridor from chennai port to maduravoyal in chennai dis (nhai) (n24002108),3-2023,5/2026 (n.a.) {5/2026},1,618.96 (n.a.) {1,618.96},0.00,-
1304,construction of new double tier 4l elevated corridor from chennai port to maduravoyal in chennai dis (nhai) (n24002109),3-2023,5/2026 (n.a.) {5/2026},1,301.37 (n.a.) {1,301.37},0.00,-
1305,construction of new double tier 4l elevated corridor from chennai port to maduravoyal in chennai dis (nhai) (n24002110),3-2023,5/2026 (n.a.) {5/2026},1,207.40 (n.a.) {1,207.40},0.00,-
1306,four laning of mugaiyur to marakkanam section of nh-332a from km 31.000 to km 62.000 (nhai) (n24002111),2-2019,12/2025 (may-2026) {5/2026},825.94 (1,116.13) {1,116.13},344.92,40.55
1307,six laning of tuticorin port road section of nh-7a (new nh- 138) from km 0.000 to km 6.140 [effective (nhai) (n24002112),3-2023,7/2024 (n.a.) {7/2025},200.30 (n.a.) {200.30},113.71,93.11
1308,4l of left-over works including additional structures from kerala/tamil nadu border to kanyakumari s (nhai) (n24002113),3-2023,8/2025 (n.a.) {8/2025},1,141.78 (n.a.) {1,141.78},466.20,47.86
1309,4l of vadugapatti to therkuvenganallur (rajapalyam) section from km 36.000 to km 71.600 of nh744 und (nhai) (n24002114),2-2022,4/2025 (n.a.) {10/2025},1,097.59 (n.a.) {1,317.06},705.17,97.80
1310,widening to 4l/4l+ps and strengthening in selected stretches from km 0/8 to 50/570 of nh 532 includ (morth) (n24002151),3-2022,1/2024 (n.a.) {7/2025},257.14 (294.70) {294.70},277.57,90.00
1311,widening from 2l+ps to 4l/4l+ps and improvements the selected strethces from km 26/5 - 81/2 inclu (morth) (n24002152),3-2023,11/2023 (n.a.) {11/2025},274.84 (n.a.) {274.84},265.83,100.00
1312,strengthening of 2l+ps from km 17/8 ? 18/2, construction of 2l+ps from km 18/2 to km 20/0 and constr (morth) (n24002153),3-2023,2/2024 (n.a.) {8/2025},169.68 (n.a.) {169.68},145.29,100.00
1313,construction of bypass to madurai - achambathu - viratipathu in km 6/850 - 10/382 of nh 49 extn. (ne (morth) (n24002165),3-2022,8/2026 (n.a.) {8/2026},238.97 (260.07) {260.07},118.00,50.00
1314,access controlled highway of 4 lane with paved shoulders from tiruvallur (design chainage km 17+56) (nhai) (n24002216),12-2024,12/2026 (n.a.) {12/2026},1,376.10 (n.a.) {1,376.10},39.00,8.74
1315,four lanning of cholopuram- thanjavur (nhai) (n24000697),8-2017,9/2020 (n.a.) {7/2025},1,176.37 (n.a.) {1,176.37},1,325.06,99.50
1316,4-lanning of sthiyathopu- cholopuram (nhai) (n24000708),9-2017,8/2020 (jul-2025) {7/2025},1,227.87 (n.a.) {1,227.87},1,436.16,99.50
1317,four laninig of chettikulam to natham section of nh-785 from chettikulum (km 7.300) to natham (km. 3 (nhai) (n24000826),3-2018,10/2022 (jul-2025) {7/2025},505.35 (n.a.) {837.69},376.61,99.75
1318,kakatiyakhani opencast iii project phase-1 (sccl) (n06000161),3-2017,3/2022 (n.a.) {3/2026},413.84 (n.a.) {413.84},397.54,85.00
1319,godavarikhani coal mine (sccl) (n06000202),7-2019,3/2023 (n.a.) {3/2026},438.98 (n.a.) {438.98},178.21,70.00
1320,venkatesh khani coal mine (sccl) (n06000204),10-2020,3/2023 (n.a.) {3/2027},484.51 (n.a.) {484.51},318.12,55.00
1321,rce of ramagundam opencast ii extension project (sccl) (n06000210),11-2015,3/2023 (n.a.) {3/2026},489.62 (n.a.) {489.62},405.54,70.00
1322,rce of indaram opencast project (sccl) (n06000211),8-2017,3/2021 (n.a.) {3/2025},349.28 (n.a.) {424.81},402.64,80.00
1323,rce of kalyanikhani opencast project (sccl) (n06000213),3-2016,3/2020 (n.a.) {3/2026},384.32 (n.a.) {384.32},265.53,75.00
1324,rce of kakathiyakhani oc - 2 project (sccl) (n06000214),8-2017,3/2020 (n.a.) {3/2026},442.42 (n.a.) {442.42},203.14,63.00
1325,goleti opencast mine (sccl) (n06000258),7-2021,3/2026 (n.a.) {3/2026},345.60 (n.a.) {345.60},72.09,20.00
1326,establishment of national animal resource facility for biomedical research at hyderabad (cpwd for health) (n28000098),10-2016,3/2020 (jan-2025) {1/2025},209.84 (281.05) {281.05},253.64,98.50
1327,comprehensive planning, designing, execution of all india institute of medical sciences at bibinagar (hites) (n21000031),12-2018,7/2024 (n.a.) {12/2025},1,110.55 (n.a.) {1,110.55},753.76,83.07
1328,manoharabad-kothpall new line(scr) (scr) (n22000032),4-2006,3/2027 (n.a.) {3/2025},1,160.00 (n.a.) {3,014.00},1,568.57,-
1329,khammam-devarapalle pkg i [4l access controlled (greenfield) from thallampadu village to somavaram (nhai) (n24001482),8-2022,10/2024 (aug-2022) {12/2025},772.11 (n.a.) {772.11},558.24,80.51
1330,khammam devarapalle pkg ii 4l access controlled (greenfield) from somavaram village to chintagudem v (nhai) (n24001483),2-2022,9/2024 (feb-2022) {9/2025},637.11 (n.a.) {637.11},415.98,85.40
1331,khammam-devarapalle pkg iii [4l access controlled (greenfield) from chintagudem village to recherla (nhai) (n24001484),9-2022,2/2024 (sep-2022) {9/2025},804.69 (n.a.) {804.69},514.29,91.20
1332,4l of kodad (design km 0.00/existing km 185.00 of nh-65) to khammam (design km 31.800/existing km 29 (nhai) (n24001522),1-2021,1/2024 (jan-2021) {7/2025},1,307.95 (n.a.) {1,307.95},727.42,99.98
1333,6 laning of existing 4-lane stretch from kalkallu at km.454+000 to gundla pochampally at km.471+000, (nhai) (n24001555),3-2022,1/2025 (n.a.) {1/2025},955.49 (n.a.) {955.49},233.46,35.96
1334,6l of existing 4l from gundlapochampally to bowenpally from km 471.300 to km 481.331 of nh-44 (nhai) (n24001556),12-2021,7/2024 (n.a.) {7/2024},521.53 (n.a.) {521.53},250.70,49.63
1335,6l access controlled greenfield highway of julekal village to dinnedevarapadu village from km 242.20 (nhai) (n24001625),1-2022,1/2025 (n.a.) {7/2025},1,227.57 (n.a.) {1,227.57},288.58,45.65
1336,6l access controlled greenfield highway of nandinne village to julekal village from km 202.900 to km (nhai) (n24001626),2-2022,1/2025 (n.a.) {1/2025},972.06 (n.a.) {972.06},408.48,70.26
1337,widening and strengthening of existing 2 lane with paved shoulder to 4 lane with paved shoulder fro (morth) (n24002000),3-2021,7/2024 (n.a.) {7/2024},317.19 (n.a.) {317.19},178.64,72.00
1338,widening to 2 lane with paved shoulders of medak - siddipet section from km 0/0 to km 69/978 of nh- (morth) (n24002001),1-2022,1/2025 (n.a.) {1/2025},882.18 (n.a.) {882.18},376.66,73.14
1339,widening and improvement of existing carriage way to 2 lane with paved shoulders from km. 86/160 to (morth) (n24002002),1-2022,12/2024 (n.a.) {12/2024},423.48 (n.a.) {423.48},166.39,71.65
1340,rehabilitation and up-gradation of valigonda to thorrur section to two lane with paved shoulders fro (morth) (n24002003),1-2022,12/2024 (n.a.) {12/2024},549.28 (n.a.) {549.28},257.89,74.75
1341,rehabilitation and upgradation of lb-nagar to malkapur section to 6-lane main carriageway with servi (morth) (n24002004),3-2021,7/2024 (n.a.) {7/2024},545.11 (n.a.) {545.11},198.03,76.64
1342,widening to two lane with paved shoulders of 'bodhan basar bhainsa ' section from km 38/900 to 95/3 (morth) (n24002005),3-2022,3/2025 (n.a.) {3/2025},644.45 (n.a.) {644.45},221.65,93.60
1343,onstruction of 4-lane flyover at amberpet-x road, hyderabad on nh-202 in the state of telangana (morth) (n24002006),10-2017,6/2023 (n.a.) {6/2023},186.71 (n.a.) {186.71},149.64,92.10
1344,widening to two lane with paved shoulders from km 0/000 to km 79/300 of kalwakurthy - kollapur secti (morth) (n24002007),3-2022,7/2025 (n.a.) {7/2025},886.69 (n.a.) {886.69},252.22,67.94
1345,widening to 2 lane with paved shoulders of siddipet- elkathurthy section from km 69/978 to km 133/6 (morth) (n24002008),1-2022,12/2024 (n.a.) {12/2024},578.85 (n.a.) {578.85},292.69,82.05
1346,widening and strengthening to 2/4 lane with paved shoulders of mahabubnagar ? chincholi section from (morth) (n24002009),1-2022,1/2025 (n.a.) {7/2025},703.68 (n.a.) {703.68},210.72,76.45
1347,widening and strengthening to 4 lane / 2-lane with paved shoulders of mahabubnagar- chincholi section (morth) (n24002010),3-2022,3/2024 (n.a.) {10/2025},631.49 (n.a.) {631.49},75.33,28.98
1348,improvement of geometrics of thondupally to kothur from km 22.300 to km 34.14 of nh-44-rcw (nhai) (n24002082),2-2022,9/2024 (n.a.) {1/2026},541.58 (n.a.) {541.58},34.98,-
1349,four laning of karimnagar- warangal section of nh-563 from design ch.48.860 km near sh-1 ch.170.400 k (nhai) (n24002083),3-2022,7/2025 (n.a.) {7/2025},2,146.86 (2,413.00) {2,414.46},999.54,72.35
1350,construction of 4-lane access controlled greenfield highway section on nh-163g (khammam- vijayawada) (nhai) (n24002190),3-2023,8/2026 (n.a.) {8/2026},983.00 (n.a.) {983.00},0.00,8.50
1351,construction of 4-lane access controlled greenfield highway section on nh-163g (khammam - vijayawada (nhai) (n24002236),3-2023,3/2025 (n.a.) {3/2027},832.62 (n.a.) {832.62},0.00,-
1352,rehabilitation and upgradation of nh -565 from km 1.00 to 86.057 (nakrekal to nagarjunsagar dam sect (morth) (n24000245),1-2014,3/2016 (sep-2019) {9/2019},270.00 (n.a.) {270.00},0.00,72.15
1353,rehabilitation and upgradation of nh-221 from km 121/0 to 165/00 (of vijayawada-jagdalpur rudrampur (morth) (n24000247),10-2014,2/2017 (n.a.) {2/2017},295.47 (n.a.) {295.47},224.42,82.76
1354,epc- corridor approach works - nh (o): widening existing 2 lane to 2 lane with paved shoulders in km (morth) (n24000248),3-2015,1/2017 (n.a.) {1/2017},153.21 (n.a.) {153.21},100.96,93.20
1355,wideining to two/four lane with paved shoulders from existing km 182.120 to km 227.600 of nh-167 on (morth) (n24000980),10-2016,2/2019 (n.a.) {2/2019},298.32 (n.a.) {298.32},178.47,-
1356,wideining to two/four lane with paved shoulders from existing km 180.60 to km 223.00 of nh-63 on niz (morth) (n24000981),10-2016,3/2019 (n.a.) {3/2019},248.83 (n.a.) {248.83},173.79,-
1357,widening to two lane with paved shoulders from km 40/410 to km 84/037of thirumalagiri to suryapet se (morth) (n24000982),1-2017,5/2019 (n.a.) {5/2019},244.54 (n.a.) {244.54},174.35,99.96
1358,widening to two lane with paved shoulders from km 0/970 to km 40/410 of janagaon-thirumalagiri of nh (morth) (n24000983),1-2017,10/2019 (n.a.) {10/2019},196.52 (n.a.) {196.52},125.53,92.74
1359,widening to two lane with paved shoulders from km 15.525 to km 62.880 of jadcherla-kalwakurthy secti (morth) (n24000984),1-2017,12/2019 (n.a.) {12/2019},283.00 (n.a.) {283.00},259.15,99.32
1360,widening to two lane with paved shoulders from km 67.00 to 114.425 of kalwakurthy- mallepally section (morth) (n24000986),1-2017,5/2019 (n.a.) {5/2019},300.00 (n.a.) {300.00},239.93,99.09
1361,6 laning from km 9.90 to km 19.948 (aramgarh-samshabad section) of hyderabad-samshabad section of nh (morth) (n24000987),1-2018,5/2020 (n.a.) {5/2020},283.15 (n.a.) {283.15},270.01,92.62
1362,widening and strengthening of existing 2-lane to 2-lane with paved shoulders from km.159/0 to 165/4 (morth) (n24000988),1-2018,12/2019 (n.a.) {12/2019},230.03 (n.a.) {230.03},231.31,100.00
1363,widening and strengthening of existing carriageway in 2 lane with paved shoulders from km.25/0 to 59 (morth) (n24000989),2-2018,6/2020 (n.a.) {6/2020},206.13 (n.a.) {206.13},190.94,98.56
1364,rehabilitation and upgradation of nh-167 from design km.113.900 to 154.479 (mallepally - haliya sect (morth) (n24000990),2-2018,11/2019 (n.a.) {11/2019},294.13 (n.a.) {294.13},198.75,90.10
1365,rehabilitation and upgradation of nh-167 from design km.187.723 to 234.434 (miryalaguda to kodad sec (morth) (n24000993),3-2018,9/2020 (n.a.) {9/2020},322.81 (n.a.) {322.81},315.23,98.14
1366,construction of six lane elevated corridor from km.7.950 (uppal) to km.14.200 of nh-163 to de-conges (morth) (n24000994),3-2018,7/2020 (n.a.) {2/2026},626.76 (n.a.) {626.76},272.64,46.00
1367,rehabilitation and up-gradation to two lane with paved shoulders from km 0/0 to 72/6 of nh-365 (nakr (morth) (n24000996),1-2017,10/2019 (n.a.) {10/2019},605.08 (n.a.) {605.08},413.37,99.90
1368,rehabilitation and up gradation from km. 121/0 to 154/0 of nakarekal ? mallampally section of nh-365 (morth) (n24000997),3-2018,7/2019 (n.a.) {7/2019},192.67 (n.a.) {192.67},176.37,96.00
1369,widening and strengthening/ reconstruction of existing pavement to four alne with paved shoulders fr (morth) (n24000998),1-2019,(n.a.) {},193.19 (n.a.) {249.72},222.58,100.00
1370,grass root rail fed depot at sekerkote, agartala as resitement of existing dharmanagar depot (iocl) (n16000495),6-2022,8/2025 (sep-2025) {9/2025},656.00 (n.a.) {656.00},427.77,83.17
1371,2 laning from manu-simlung pkg-2 (nhidcl) (n24001542),2-2022,1/2025 (may-2025) {5/2025},456.88 (n.a.) {456.88},122.67,50.18
1372,improvement and widening to 2- lane with earthen paved shoulder from udaipur to srimantapur (nhidcl) (n24001914),5-2023,11/2024 (n.a.) {12/2025},195.95 (n.a.) {195.95},46.46,45.42
1373,4 lane with paved shoulder agartala bypass (western side) connecting nh-8 (nhidcl) (n24002132),3-2023,3/2027 (n.a.) {3/2027},2,026.05 (n.a.) {2,026.05},26.34,8.82
1374,rehabilitation and up-gradation of road from design km 25.250 to km 36.460 (total lengh: 11.210 km) (nhidcl) (n24002159),2-2020,3/2026 (n.a.) {3/2026},174.43 (n.a.) {174.43},9.54,16.61
1375,improvement and widening to 2- lane with paved shoulder of road from km 101.300 to km 127.319 (total (nhidcl) (n24002160),1-2024,7/2026 (n.a.) {7/2026},431.78 (n.a.) {431.78},52.82,34.61
1376,khowai ?teliamura-amarpur- harina-sabroom package-2 (nhidcl) (n24002161),1-2024,9/2026 (n.a.) {9/2026},657.21 (n.a.) {657.21},95.71,32.85
1377,khowai ?teliamura-amarpur- harina-sabroom package-3 (nhidcl) (n24002162),1-2024,9/2026 (n.a.) {9/2026},670.90 (n.a.) {670.90},3.81,3.05
1378,champak nagar to khayerpur section (design km 242+500 to km 261+610) (nhidcl) (n24002205),12-2023,9/2026 (n.a.) {9/2026},920.66 (n.a.) {920.66},81.54,24.56
1379,khowai ?teliamura-amarpur- harina-sabroom section pkg-4 (nhidcl) (n24002228),1-2024,12/2026 (n.a.) {12/2026},726.90 (n.a.) {726.90},7.36,3.85
1380,rehabilitation and upgradation of road from km 0.00 to km 18.600 of kumarghat-kailashahar section (nhidcl) (n24001263),6-2020,1/2022 (feb-2024) {12/2024},277.50 (302.02) {302.02},262.91,99.94
1381,kailashahar to khowai pkg-4 (nhidcl) (n24001309),11-2020,6/2022 (oct-2023) {11/2024},159.13 (171.50) {171.50},84.33,100.00
1382,2-laning from jolaibari - belonia (nhidcl) (n24001317),6-2020,1/2022 (n.a.) {4/2025},201.99 (n.a.) {287.47},148.22,100.00
1383,manu-simlung ( pkg 4) (nhidcl) (n24001363),3-2021,12/2022 (n.a.) {12/2025},354.79 (n.a.) {354.79},34.08,-
1384,ccs international airport , lucknow (aai) (n04000077),6-2018,9/2021 (oct-2026) {10/2026},1,383.00 (1,938.00) {3,291.81},2,652.63,80.58
1385,development of ayodhya airport phase-01 (aai) (n04000094),3-2021,12/2022 (jul-2025) {7/2025},242.14 (328.00) {358.00},344.58,99.90
1386,prayagraj airport - construction of new terminal building, second link taxi track, apron expansion, (aai) (n04000102),5-2023,11/2024 (jul-2025) {7/2025},185.75 (274.38) {274.38},206.39,97.25
1387,agra: development of new civil enclave at agra airport. (aai) (n04000113),6-2024,7/2026 (n.a.) {7/2026},579.00 (n.a.) {579.00},72.23,13.00
1388,varanasi: development of lal bahadur shastri international airport, varanasi. (aai) (n04000114),7-2024,7/2027 (n.a.) {7/2027},2,869.65 (n.a.) {2,869.65},283.00,14.51
1389,neyveli uttar pradesh power project limited 1980 mw (nlc) (n06000152),7-2016,11/2021 (oct-2025) {10/2025},17,237.00 (21,780.94) {21,780.94},19,949.00,91.39
1390,khadia expansion ocp (ncl) (n06000208),6-2021,3/2025 (n.a.) {3/2027},491.67 (n.a.) {491.67},202.24,40.86
1391,60 kta polypropylene project (gail) (n16000429),3-2019,4/2024 (apr-2024) {7/2025},910.56 (1,299.02) {1,299.02},974.00,96.90
1392,augmentation of facilities at mathura bitumen plant (iocl) (n16000505),4-2022,4/2025 (dec-2026) {12/2026},260.12 (n.a.) {260.12},1.07,25.00
1393,grass-root terminal at mirzapur uttar pradesh (iocl) (n16000506),9-2022,6/2026 (n.a.) {11/2026},980.45 (n.a.) {980.45},206.85,50.75
1394,city gas distribution projects at lakhimpur kheri , sitapur, bahraich, shravasti,balrampur, (bpcl) (n16000525),12-2022,6/2030 (n.a.) {6/2030},16,654.00 (n.a.) {16,654.00},550.36,9.70
1395,khurja super thermal power project (thdcil) (n18000272),3-2019,9/2023 (n.a.) {8/2025},11,089.42 (13,276.16) {13,276.16},12,580.53,96.00
1396,singrauli super thermal power project, stage-iii (2x800 mw) (ntpc) (n18000382),3-2024,2/2030 (n.a.) {2/2030},17,195.31 (n.a.) {17,195.31},1,569.79,0.50
1397,transmission system for evacuation of power from rajasthan rez ph-iv (part-4: 3.5 gw): part a (pgcil) (n18000407),12-2024,12/2026 (n.a.) {12/2026},5,846.00 (n.a.) {5,846.00},198.76,2.10
1398,transmission system for strengthening to facilitate evacuation of power from bhadla/bikaner complex (pgcil) (n18000423),12-2024,6/2026 (n.a.) {6/2026},213.00 (n.a.) {213.00},0.00,-
1399,burhwal - gonda - 3rd running line. (ner) (n22000468),4-2016,3/2025 (n.a.) {9/2025},1,015.59 (n.a.) {1,450.00},1,277.57,52.00
1400,shahganj-bhatni-phephna-indara, mau-shahganj (excl. mau-indara) patch doubling. (ner) (n22000470),4-2016,12/2024 (n.a.) {8/2025},1,177.96 (n.a.) {2,145.00},2,050.16,85.00
1401,jhansi manikpur and khairar bhimsen doubling (ncr) (n22000495),3-2018,3/2026 (n.a.) {3/2027},4,329.53 (n.a.) {4,329.53},2,125.66,50.00
1402,jhansi bina doubling (ncr) (n22000496),9-2016,3/2022 (n.a.) {4/2026},2,002.00 (n.a.) {2,001.00},1,745.48,90.00
1403,mathura-jhansi-3rd line (273.80 km) (rvnl) (n22000501),6-2016,12/2024 (n.a.) {12/2024},5,323.39 (n.a.) {5,190.26},5,046.07,-
1404,surface triangle line between bhadura station and new crossing stn karma doubling (ecr) (n22000525),10-2022,10/2027 (n.a.) {10/2027},199.96 (n.a.) {199.96},55.09,-
1405,mughalsarai - allahabad - 3rd line (ncr) (n22000544),8-2019,12/2026 (n.a.) {12/2026},2,649.44 (n.a.) {2,390.00},83.10,55.00
1406,aligarh-harduaganj flyover (22 km) (ncr) (n22000545),4-2020,6/2026 (n.a.) {6/2026},1,456.89 (1,244.13) {1,456.89},10.14,8.20
1407,lalitpur - birari with flyover at lalitpur (ncr) (n22000546),3-2017,12/2024 (n.a.) {11/2025},356.09 (n.a.) {356.00},213.97,65.00
1408,aligarh-daud khan - 3rd line 6.9 km and construction of flyover at daud khan (ncr) (n22000562),4-2019,12/2025 (n.a.) {12/2025},451.99 (779.49) {779.49},122.08,44.00
1409,allahabad-bamhrauli - 4th line (10 km) with fly-over at subedarganj (ncr) (n22000563),4-2019,3/2026 (n.a.) {3/2026},494.11 (n.a.) {494.11},42.61,42.00
1410,bhandai - flyover for etawah bound down trains (ncr) (n22000564),4-2019,12/2025 (n.a.) {3/2026},187.21 (n.a.) {250.17},1.29,8.00
1411,sahjanwa - dohrighat (ner) (n22000565),8-2019,3/2029 (n.a.) {12/2027},371.77 (n.a.) {1,319.75},577.85,5.00
1412,bahraich - nanpara -nepalganj (56.15 km) (ner) (n22000566),7-2020,12/2024 (n.a.) {8/2025},950.00 (n.a.) {500.00},424.74,25.00
1413,bahraich sravasti balrampur (tulsipur) (ner) (n22000569),10-2018,10/2030 (n.a.) {3/2028},4,939.78 (n.a.) {4,939.78},1,334.98,7.50
1414,janghai pratapgarh amethi doubling (nr) (n22000583),11-2017,3/2025 (n.a.) {12/2025},721.72 (n.a.) {1,100.00},58.98,70.00
1415,barabanki malhaur 3rd and 4th line (32.84 km) (nr) (n22000590),1-2019,3/2025 (jan-2026) {1/2026},323.85 (n.a.) {407.00},18.91,59.00
1416,doubling between jaunpur jn- zaffarabad (6.28 km) (nr) (n22000591),3-2023,12/2026 (n.a.) {12/2026},177.33 (n.a.) {177.33},0.89,10.00
1417,janghai-phaphamau - doubling with electrification (46.79 km) (rvnl) (n22000596),11-2018,3/2025 (n.a.) {3/2025},357.48 (n.a.) {409.38},362.09,-
1418,bhatni - aunrihar with electrification (125 km) (excl indara - mau (116.95 km)) (rvnl) (n22000598),5-2018,12/2024 (n.a.) {2/2025},2,529.46 (n.a.) {2,529.46},1,636.33,-
1419,mathura - vrindavan (11 km) (ncr) (n22000612),8-2022,6/2025 (n.a.) {6/2025},402.88 (n.a.) {402.88},0.00,-
1420,domingarh - gorakhpur - gorakhpur cantt - kusumhi - 3rd running line (21.15 km) (ner) (n22000613),11-2016,2/2025 (n.a.) {7/2025},351.03 (n.a.) {500.37},494.01,86.50
1421,construction of 6 lane bridge on ganga on nh-96 and its approaches in phaphamau allahabad on epc mod (morth) (n24001421),7-2018,2/2024 (n.a.) {8/2025},1,948.25 (n.a.) {1,948.25},1,146.61,79.00
1422,construction of four-lane elevated viaduct from km.4+634 to km.6+345 on nh-24a including retaining w (morth) (n24001424),3-2021,9/2023 (n.a.) {1/2025},185.09 (269.81) {269.81},266.35,100.00
1423,rehabilitation and upgradation to 2 lane with ps of radhaita to pilibhit section of 46.130 km (morth) (n24001456),4-2020,2/2024 (n.a.) {1/2025},199.39 (212.96) {199.39},200.01,100.00
1424,rehabilitation and upgradation to 2 lane with ps of miranpur katra to radhaita section of nh- 730c f (morth) (n24001457),4-2020,7/2024 (n.a.) {9/2025},172.50 (169.56) {172.50},106.06,76.00
1425,2-lane with ps of bewar to near karri village section of nh-92 from km.0.00 to 30.00 under gnhcp (morth) (n24001461),4-2020,3/2024 (n.a.) {8/2025},236.47 (n.a.) {236.47},145.95,88.00
1426,2-lane with ps of near karri village to etawah section of nh- 92 from km.30.000 to 57.346 under gnhcp (morth) (n24001462),4-2020,7/2024 (n.a.) {8/2025},211.09 (n.a.) {211.09},147.58,96.00
1427,projects- rehabilitation and upgradation of nh-731a from km 0.00 to km.35.00 (morth) (n24001464),3-2021,8/2023 (n.a.) {8/2025},264.86 (n.a.) {264.86},129.12,84.00
1428,improvement and upgradation to two lane with paved shoulder configuration from existing km 55.00 to (morth) (n24001469),11-2021,5/2024 (n.a.) {7/2025},307.11 (n.a.) {307.11},199.38,91.00
1429,r/u to 2-lane with ps of bewar to allahganj section of nh-730c from km.0.00 to 52.770 under gnhcp (morth) (n24001471),4-2020,11/2024 (n.a.) {7/2025},325.24 (340.16) {325.24},284.35,98.00
1430,widening and upgradation to four lane configuration from km.34.900 (bhadohi) to km.73.134 (jaunpur) (morth) (n24001479),3-2021,5/2024 (n.a.) {8/2025},395.62 (392.03) {395.62},281.93,76.00
1431,widening and strengthening from km 0.00 to km 15.089 of nh- 334a (purkaji-laksar-haridwar road) to tw (morth) (n24001480),10-2021,4/2024 (n.a.) {3/2025},227.06 (n.a.) {227.06},141.89,100.00
1432,6l access-controlled highway from (ganeshpur) to(near mohand) of ganeshpur ? dehradun section from k (nhai) (n24001523),3-2021,10/2023 (jul-2025) {7/2025},836.24 (n.a.) {836.24},792.55,98.85
1433,6l of access-controlled highway from mohand to daat kali tunnel of ganeshpur ? dehradun section from (nhai) (n24001524),3-2021,10/2023 (jul-2025) {7/2025},990.28 (n.a.) {990.28},997.62,98.89
1434,widening and strengthening of section from bharthana chowk to kodarkoot (km. 0.00 to km. 40.00) of (morth) (n24001587),3-2020,9/2024 (n.a.) {8/2025},262.37 (343.77) {343.77},278.92,85.00
1435,4l spur of shamli-muzzafarnagar connecting nh-709ad (panipat- shamli-muzaffarnagar) and nh-58 (meerut (nhai) (n24001726),1-2023,8/2024 (n.a.) {8/2024},391.26 (n.a.) {391.26},14.12,80.30
1436,improvement and up-gradation of existing road to 2/4l ps from km 40.000 to 88.750, start of khutar b (nhai) (n24001727),3-2022,2/2025 (n.a.) {9/2025},762.62 (n.a.) {838.68},571.23,95.50
1437,4l spur of panipat - shamli connecting nh-709ad (panipat ? shamli ? muzaffarnagar) and nh- 709a (karn (nhai) (n24001729),8-2022,4/2024 (n.a.) {7/2025},326.79 (n.a.) {329.79},113.42,98.50
1438,4l from gaju village at km 32.982 to devinagar bypass (end) at km 208.000 of nh 530b (pkg 1c) (nhai) (n24001730),12-2021,1/2025 (n.a.) {3/2025},1,384.79 (n.a.) {1,384.79},657.94,97.98
1439,6l greenfield kanpur - lucknow (expressway) pkg ii from km. 28.500 to km. 73.744 (nhai) (n24001731),12-2021,5/2025 (may-2025) {9/2025},2,470.64 (n.a.) {2,335.00},691.28,94.68
1440,improvement and up-gradation of existing road to 4l ps from km 229.070 to 260.800, end of hardoi dis (nhai) (n24001732),12-2021,10/2024 (n.a.) {9/2025},540.97 (n.a.) {540.97},314.76,94.76
1441,6l access controlled greenfield highway of junction of epe (vill.-mavikalan) to vill.- lohadda from k (nhai) (n24001733),3-2022,8/2024 (n.a.) {7/2025},1,602.48 (n.a.) {1,602.48},454.77,94.00
1442,6l access control greenfield highway of vill-lohadda to vill- karaunda mahajan from km. 27.000 to km. (nhai) (n24001734),3-2022,8/2024 (n.a.) {7/2025},1,335.45 (n.a.) {1,335.45},480.89,85.02
1443,6l access control greenfield highway of vill-khyawari to vill- latifpur at saharanpur bypass from km (nhai) (n24001735),3-2022,8/2024 (n.a.) {7/2025},1,428.19 (n.a.) {1,428.19},544.15,89.50
1444,6l access control greenfield highway of vill-karaunda mahajan to vill-khyawari from km. 56.500 to k (nhai) (n24001736),1-2022,8/2024 (n.a.) {7/2025},1,159.96 (n.a.) {1,159.96},515.80,98.69
1445,4lps of muzaffarnagar to miranpur section of nh-709ad, pkg-iii (nhai) (n24001737),11-2021,4/2024 (n.a.) {4/2024},923.15 (n.a.) {923.15},455.61,100.00
1446,2lps of bijnor to kotawali section of nh-709ad, pkg-iv (nhai) (n24001738),9-2021,10/2023 (dec-2024) {12/2024},300.79 (n.a.) {300.79},122.56,80.61
1447,rehabilitation and upgradation from 2 lane to 4 lane of nh stretch under bharatmala pariyojana for u (nhai) (n24001739),10-2019,11/2023 (dec-2024) {12/2024},1,779.83 (n.a.) {2,200.00},1,066.00,100.00
1448,4l of shamli byapss- saharanpur from km 92.2 to km 155.025 section of nh-709b, pkg-ii (nhai) (n24001744),5-2019,11/2022 (n.a.) {7/2025},779.17 (n.a.) {779.17},71.39,98.50
1449,kanpur lucknow expressway pkg- 1 construction of 6-lane to eight lane of kanpur lucknow expressway (n (nhai) (n24001745),12-2021,7/2025 (jul-2025) {7/2025},1,972.10 (n.a.) {1,936.00},504.87,67.00
1450,2-lane existing rampur bypass of rampur to be developed to 4- lane on epc mode in the state of uttar (nhai) (n24001746),3-2021,4/2024 (jul-2025) {7/2025},364.47 (n.a.) {364.47},209.19,92.98
1451,4 laning of najibabad bypass of nh-119 from km. 105.423 to km. 118.373 (excluding 2.45 km. of nh-74 (nhai) (n24001753),2-2022,6/2024 (jun-2025) {6/2025},570.98 (570.98) {570.98},424.98,97.49
1452,spur of meerut-garh- mukteshwar section(nh-709a) connecting nh-119 and nh-58 bypassing meerut town (nhai) (n24001754),1-2022,10/2024 (n.a.) {10/2024},953.79 (n.a.) {953.79},384.66,71.02
1453,4-laning of meerut najibabad section from km. 11.500 to km 39.250 and km 86.590 to km. 112.545.in th (nhai) (n24001755),10-2019,3/2023 (dec-2024) {12/2024},1,936.68 (n.a.) {2,458.03},1,380.90,100.00
1454,4 lane connector from delhi meerut expressway km 50.000 to km 8.520 of nh 235 in the state of uttar (nhai) (n24001772),8-2021,3/2024 (dec-2024) {12/2024},1,147.26 (n.a.) {1,147.26},172.34,60.00
1455,varanasi ring road (pkg-ii) connecting sandaha village (km 11.70 / nh-29) with revasa village (km 81 (nhai) (n24001826),2-2019,2/2022 (jun-2025) {12/2025},927.77 (n.a.) {1,603.00},1,202.77,91.25
1456,six lane access controlled of delhi saharanpur highway from delhi up border to epe junction ch.14.75 (nhai) (n24001830),6-2020,11/2023 (dec-2024) {12/2024},2,002.79 (n.a.) {2,002.79},1,989.85,99.00
1457,4l from mathura bypass (start) at existing km. 154.20 of nh-44 to gaju village at km 32.982 of nh-53 (nhai) (n24001851),1-2022,3/2025 (n.a.) {3/2025},1,738.20 (n.a.) {1,738.20},742.13,65.00
1458,6l of agra bypass (northern) connecting km. 174.500 of nh-2 (new nh-19) to km. 141.000 of yamuna exp (nhai) (n24001852),10-2021,2/2025 (n.a.) {2/2025},957.62 (n.a.) {957.62},832.80,86.00
1459,construction of left out portion of agra inner ring road connecting village deori to nh- 44 village b (nhai) (n24001853),10-2021,9/2024 (mar-2025) {3/2025},772.05 (n.a.) {772.05},593.39,67.50
1460,construction of 4-lane green field highway from km. 35.000 to km. 49.155 of nh-731a with paved shoul (morth) (n24001929),1-2022,10/2025 (n.a.) {10/2025},697.66 (n.a.) {697.66},318.82,98.00
1461,balance works of 4-lanning of rampur-kathgodam section of nh-87 (new nh no. 09) from km. 0.000 (km 1 (nhai) (n24001992),8-2022,2/2024 (jul-2025) {7/2025},199.31 (244.26) {244.26},190.10,97.62
1462,construction of two lane with paved shoulder highway from design ch.0.000 to ch.49.2oo of nh- 731b on (morth) (n24001996),3-2022,11/2025 (n.a.) {11/2025},640.18 (602.76) {602.76},487.39,81.00
1463,construction of shohratgarh bypass on nh-730 under epc mode in the state of uttar pradesh (morth) (n24001997),10-2022,5/2025 (n.a.) {2/2026},189.31 (n.a.) {189.31},59.91,22.00
1464,improvement and upgradation to two lane with paved shoulder configuration from existing km 90.00 to (morth) (n24002015),11-2021,6/2025 (n.a.) {8/2025},403.36 (328.49) {403.36},150.57,73.00
1465,construction of pratapgarh bypass (extension) connecting nh-31 to nh-330 (morth) (n24002016),10-2022,6/2025 (n.a.) {8/2025},225.17 (n.a.) {225.17},96.56,55.00
1466,widening to four lane with paved shoulder from design km.49.200 to km.89.285 of nh-731b on epc mode (morth) (n24002029),3-2022,1/2026 (n.a.) {1/2026},917.91 (956.30) {917.91},615.53,47.00
1467,construction of two lane with paved shoulder from existing km.0.000 to km.55.610 (design km. 0.000 t (morth) (n24002031),12-2021,2/2026 (n.a.) {2/2026},840.93 (773.58) {840.93},524.04,44.00
1468,construction of 4-lane highway with paved shoulders from km 49.155 to km 74.700 of nh-731a on hybrid (morth) (n24002032),1-2022,1/2026 (n.a.) {1/2026},1,156.72 (n.a.) {1,156.72},407.20,70.00
1469,development of six-lane access controlled highway from gogwan jalalpur (shamli district) to ranipur (nhai) (n24002036),4-2022,5/2025 (n.a.) {5/2025},1,843.59 (n.a.) {1,843.59},843.87,50.20
1470,garhmukteshwar (km. 83.200 of nh-24) to meerut (km. 9.860 of nh- 235) including connector to nh- 119 (nhai) (n24002073),10-2019,10/2023 (n.a.) {6/2025},2,068.99 (2,171.00) {2,171.00},209.60,53.08
1471,construction of four lane highway form ghazipur ballia up bihar state border (greenfield) section of (nhai) (n24002086),10-2022,7/2025 (n.a.) {7/2025},1,706.47 (n.a.) {1,706.47},719.13,77.25
1472,construction of four lane highway from ghazipur ballia up bihar state border (greenfield) section of (nhai) (n24002087),10-2022,10/2025 (n.a.) {10/2025},1,493.14 (n.a.) {1,493.14},93.30,66.00
1473,construction of four lane highway from ghazipur ballia up bihar state border (greenfield) section of (nhai) (n24002088),10-2022,8/2025 (n.a.) {8/2025},1,493.50 (n.a.) {1,493.50},492.86,58.00
1474,construction of four lane highway from ghazipur ballia up bihar state border greenfield section of n (nhai) (n24002089),10-2022,6/2025 (n.a.) {6/2025},617.87 (n.a.) {617.88},106.20,72.00
1475,construction of four-lane ?western side spur of rampur- rudrapur section connecting nh-24 to nh-87 by (nhai) (n24002090),3-2021,11/2024 (dec-2025) {12/2025},646.27 (n.a.) {646.27},110.65,52.09
1476,improvement , up-gradation of nh-734 section of moradabad - thakurdwara - kashipur: ?package-i: mora (nhai) (n24002093),10-2022,9/2025 (n.a.) {2/2026},1,841.92 (n.a.) {1,841.92},449.98,54.40
1477,improvement and up-gradation of existing road to 4l ps from km 123.650 to 175.080, from start of sha (nhai) (n24002094),9-2022,11/2025 (n.a.) {11/2025},1,212.26 (n.a.) {1,212.26},361.81,34.19
1478,four laning of sonauli gorakhpur section of nh 29e (new nh 24) from design ch. 0.000 to design ch. 7 (nhai) (n24002095),12-2021,3/2025 (n.a.) {3/2025},2,555.50 (n.a.) {2,555.50},966.89,63.57
1479,construction of 4 lane green field northern east side gorakhpur bypass (26.616 kms) starting from nh (nhai) (n24002096),2-2023,1/2026 (n.a.) {1/2026},1,973.98 (n.a.) {1,973.98},736.14,48.50
1480,strengthening of existing 4l ayodhya bypass section from design km.121.600 to km. 144.020 of nh 28 ( (nhai) (n24002097),2-2023,9/2025 (n.a.) {8/2025},526.45 (n.a.) {526.45},228.37,83.00
1481,construction of ring road around kanpur from km.000 to km. 23.325 (chachendi sachendi i to maharajpu (nhai) (n24002104),1-2023,6/2026 (n.a.) {6/2026},1,754.00 (n.a.) {1,754.00},350.78,35.20
1482,construction of new 4 lane prayagraj southern bypass (phase-i) from design km 43+200 (at mahuwari vi (nhai) (n24002105),8-2023,6/2026 (n.a.) {6/2026},1,378.36 (n.a.) {739.00},213.86,30.89
1483,construction of new 4 lane prayagraj southern bypass from design km 50.860 (nababa urf nibi kala upa (nhai) (n24002106),8-2023,3/2025 (n.a.) {10/2025},993.77 (n.a.) {349.48},372.98,92.98
1484,construction of mariahu bypass with four lane paved shoulder configuration (km.53.540 to km.59.200) (morth) (n24002115),3-2023,8/2025 (n.a.) {2/2026},438.24 (362.39) {438.24},211.72,39.00
1485,rehabilitation and upgradation from km 51.600 to km 75.700 of nh- 321g (nuhkhas to etah section) to t (morth) (n24002116),1-2022,8/2025 (n.a.) {8/2025},343.54 (n.a.) {343.54},75.96,42.00
1486,construction of jasra bypass with four lane paved shoulder configuration from km. 379.670 on nh-76 ( (morth) (n24002120),2-2023,9/2025 (n.a.) {9/2025},274.06 (n.a.) {274.06},135.53,88.00
1487,improvement and up-gradation to two lane with paved shoulder configuration from existing km. 420.00 (morth) (n24002121),1-2022,9/2025 (n.a.) {2/2026},509.65 (n.a.) {509.65},188.84,34.00
1488,rehabilitation and up-gradation from km. 0.000 to km. 40.390 of nh- 730s (maharajganj ? nichloul ? th (morth) (n24002134),3-2023,12/2025 (n.a.) {12/2025},809.25 (n.a.) {809.25},279.77,35.00
1489,construction of four lane highway with paved shoulder from km.74.700 to km.112.950 of nh- 731a (i/c y (morth) (n24002138),3-2022,6/2026 (n.a.) {6/2026},1,141.67 (n.a.) {1,141.67},423.37,50.00
1490,construction of balrampur bypass with 2l flexible pavement configuration from km.223.000 of nh-330 t (morth) (n24002150),12-2022,2/2026 (n.a.) {2/2026},515.69 (n.a.) {515.69},187.80,37.00
1491,widening to 4l rigid pavement configuration from km 90.00 to km 100.800 of nh-96 (km 42.o to km 53.3 (morth) (n24002199),12-2022,11/2026 (n.a.) {11/2026},309.63 (n.a.) {309.63},13.52,15.00
1492,improvement and up-gradation to two lane with paved shoulder/four lane configuration from existing k (morth) (n24002201),1-2022,5/2027 (n.a.) {5/2027},974.19 (n.a.) {974.19},616.12,14.00
1493,rehabilitation and upgradation to four lane road from km 70.500 to km 78.600 of nh-92 under epc mode (morth) (n24002211),1-2022,1/2027 (n.a.) {1/2027},296.02 (n.a.) {296.02},27.96,-
1494,widening and strengthening from design km. 67.280 to km. 88.622 of nh-727a (salempur- mairwa road) to (morth) (n24002212),3-2023,7/2026 (n.a.) {7/2026},371.89 (n.a.) {371.89},151.99,45.00
1495,rehabilitation and up-gradation to 2l+ps from km. 0.0 to km. 7.80 and km. 35.400 to km. 52.345 (desi (morth) (n24002213),3-2023,7/2026 (n.a.) {7/2026},701.02 (n.a.) {701.02},270.54,22.00
1496,construction of amethi bypass (part-ii) at km.30.050 of nh-931 under epc mode in the state of uttar (morth) (n24002214),12-2022,2/2027 (n.a.) {2/2027},283.86 (n.a.) {283.86},58.92,7.00
1497,widening to 4l from km.108.50 to 139.00 of nh-135a pkg-ii (jaunpur to akbarpur section) on ham in th (morth) (n24002234),3-2023,3/2027 (n.a.) {3/2027},1,511.57 (n.a.) {1,511.57},154.69,12.00
1498,construction of raebareli ring road (phase-2) with four lane configuration for raebareli city in the (morth) (n24002235),3-2022,5/2027 (n.a.) {5/2027},1,273.72 (n.a.) {1,273.72},330.15,-
1499,improvement and up-gradation of nh-227b (84 kosi parikrama marg) package ?i, from km 228.920 (jagarn (morth) (n24002240),3-2022,11/2026 (n.a.) {11/2026},912.50 (n.a.) {912.50},388.50,1.00
1500,improvement and up-gradation of nh-227b (84 kosi parikrama marg) package ?iii, from km.47.800 (gosai (morth) (n24002241),3-2022,11/2026 (n.a.) {11/2026},587.97 (n.a.) {587.97},107.68,3.00
1501,construction of basti ring road (phase-i) with 4l configuration for basti city in the state of uttar (morth) (n24002245),12-2022,6/2027 (n.a.) {6/2027},1,138.72 (n.a.) {1,138.72},263.70,-
1502,construction of ring road for raebareli city (phase -i) on eastern side of nh 24b (morth) (n24000331),12-2019,4/2022 (n.a.) {7/2025},282.41 (n.a.) {319.96},276.35,88.00
1503,4-lanning of haridwar-nagina section of nh 74 from (km 204.300 of nh 58) to km 73.00 (nhai) (n24000564),3-2016,7/2020 (jul-2025) {7/2025},1,408.00 (1,659.12) {1,659.12},1,336.33,91.39
1504,six laning of hapur bypass to moradabad section including hapur bypass from km 50.000 (design chaina (nhai) (n24000798),3-2018,11/2021 (n.a.) {6/2025},2,140.93 (n.a.) {2,140.93},2,081.52,100.00
1505,two / four laning of raebareli - jagdishpur section of nh-330a from km. 0.000 to km. 47.800 (design (nhai) (n24001306),10-2020,3/2023 (n.a.) {8/2025},724.60 (n.a.) {724.60},569.96,96.00
1506,kanpur metro rail project (lmrcl) (n28000144),5-2019,3/2024 (n.a.) {3/2027},11,076.48 (n.a.) {11,076.48},8,839.21,72.60
1507,agra metro rail project (lmrcl) (n28000145),5-2019,3/2024 (n.a.) {6/2027},8,379.62 (n.a.) {8,379.62},5,116.00,54.70
1508,interception and diversion works and stp at muzaffarnagar uttar pradesh (upjalnigam) (n30000021),1-2019,12/2021 (jan-2020) {3/2025},231.79 (234.03) {234.03},141.79,100.00
1509,sewerage scheme interception and diversion with stp works at meerut uttar pradesh (upjalnigam) (n30000024),2-2019,6/2022 (n.a.) {12/2025},681.78 (n.a.) {690.71},13.34,27.00
1510,construction of domestic passenger terminal building at dehradun airport, dehradun (aai) (n04000085),7-2018,9/2020 (sep-2024) {9/2024},456.86 (500.00) {500.00},483.96,100.00
1511,tehri pumped storage plant(1000mw) (thdcil) (n18000010),7-2006,7/2010 (jun-2022) {9/2025},1,657.00 (4,825.60) {8,182.00},8,046.19,98.30
1512,tapovan-vishnugad hep (4x130mw) (ntpc) (n18000014),11-2006,3/2013 (dec-2021) {4/2029},2,978.48 (n.a.) {10,907.00},7,007.93,72.40
1513,vishnugad pipalkoti hydro electric project (thdcil) (n18000042),8-2008,6/2013 (n.a.) {3/2027},2,491.58 (3,860.35) {6,823.72},4,918.46,71.00
1514,lata-tapovan hydro electric power project 3x57 mw (ntpc) (n18000142),7-2012,8/2017 (n.a.) {8/2017},1,527.00 (n.a.) {1,527.00},149.93,-
1515,rishikesh - karnaprayag new line (rvnl) (n22000406),4-2011,12/2025 (n.a.) {3/2025},38,953.15 (n.a.) {24,659.00},18,820.04,-
1516,6l access-controlled highway of daat kali tunnel - dehradun of ganeshpur ? dehradun section from km. (nhai) (n24001525),3-2021,3/2024 (may-2025) {5/2025},169.08 (n.a.) {169.08},105.77,99.99
1517,upgradation and 4l of haridwar bypass from km 0.000 (km 188.100 of nh-58) to km. 15.100 (km 5.100 of (nhai) (n24001526),8-2021,10/2024 (aug-2025) {8/2025},1,377.79 (1,384.11) {1,377.79},684.93,58.41
1518,4l medinipur to ballupur from km. 458.65 to km. 487.65 of nh- 07(pkg-2) (nhai) (n24001553),3-2022,2/2025 (nov-2025) {11/2025},1,092.90 (1,092.90) {1,092.90},463.92,89.25
1519,4l poanta saheb?mednipur from km. 435.65 to km. 458.65 of nh- 07(pkg-1) (nhai) (n24001990),6-2022,5/2025 (oct-2025) {10/2025},524.54 (683.26) {683.26},91.94,74.78
1520,access road/bridge connectivity from nh-09 at km.40 near jagbuda bridge (india) to boundary pillar (nhai) (n24001991),5-2022,9/2024 (nov-2026) {11/2026},314.31 (n.a.) {314.31},178.52,71.79
1521,construction for mitigation measures km 368.00-uttarakhand- to km 433.00 on nh-07-pkg-1 (nhidcl) (n24002163),12-2023,12/2025 (n.a.) {12/2025},216.88 (n.a.) {216.88},82.19,75.80
1522,construction for mitigation measures km 450.00-uttarakhand- to km 468.00 on nh-07-pkg-3 (nhidcl) (n24002164),12-2023,12/2025 (n.a.) {12/2025},250.33 (n.a.) {250.33},46.63,48.50
1523,construction for mitigation measures pkg-2 (nhidcl) (n24002206),12-2023,6/2026 (n.a.) {6/2026},259.64 (n.a.) {259.64},18.62,20.23
1524,4-laning of kashipur-sitarganj section (amr) (n24000465),11-2012,8/2016 (n.a.) {8/2016},605.84 (n.a.) {605.84},0.00,-
1525,2 lane with paved shoulder from km 399.00 to km 430.00 of karanparyag to chamoli under chardham pari (nhidcl) (n24000742),3-2018,11/2020 (n.a.) {3/2024},403.36 (n.a.) {403.36},340.32,100.00
1526,2 lane with paved shoulder from km 430.00 to km 468.00 of chamoli to paini under chardham pariyojna (nhidcl) (n24000743),3-2018,11/2020 (n.a.) {3/2024},417.24 (n.a.) {417.24},344.20,100.00
1527,reconstruction with geometric improvement of existing 2 lane/intermediate lane to 2lane with paved s (morth) (n24000772),12-2017,12/2019 (n.a.) {12/2019},257.34 (n.a.) {257.34},232.69,100.00
1528,reconstruction with geometric improvement of existing 2 lane/intermediate lane to 2lane with paved s (morth) (n24000773),12-2017,12/2019 (n.a.) {12/2019},200.34 (n.a.) {200.34},227.98,100.00
1529,widening of existing single lane road to two lane with paved shoulders configuration from km. 235.00 (morth) (n24000774),12-2017,12/2019 (n.a.) {12/2019},248.22 (n.a.) {248.22},236.80,100.00
1530,reconstruction with geometric improvement of existing 2 lane/intermediate lane to 2lane with paved s (morth) (n24000775),6-2017,6/2019 (n.a.) {6/2019},282.08 (n.a.) {282.08},234.97,100.00
1531,reconstruction with geometic improvement of existing two lane to 2- lane with paved shoulders config (morth) (n24000776),11-2017,11/2019 (n.a.) {11/2019},232.81 (n.a.) {232.81},201.58,100.00
1532,reconstruction with geometic improvement of single lane to 2- lane with paved shoulder configuration (morth) (n24000777),11-2017,11/2019 (n.a.) {11/2019},283.51 (n.a.) {283.51},278.51,100.00
1533,reconstruction with geometric improvement of existing single/intermediate lane to 2lane with paved s (morth) (n24000778),11-2017,11/2019 (n.a.) {11/2019},266.52 (n.a.) {266.52},250.34,100.00
1534,reconstruction with geometric improvement of existing single/intermediate lane to 2 lane with ear (morth) (n24000779),2-2018,2/2020 (n.a.) {2/2020},418.88 (n.a.) {418.88},339.71,94.00
1535,rehabilitation and up gradation of 2 lane/ 2 lane with paved shoulder from existing km. 172.900 to k (morth) (n24000780),2-2018,(n.a.) {},293.68 (n.a.) {293.68},244.25,100.00
1536,construction of kund bypass from existing km 33+130 to km 41+260 (existing length: 8.130 km); design (morth) (n24000781),5-2018,5/2020 (n.a.) {5/2020},248.00 (n.a.) {248.00},120.50,67.00
1537,rehabilitation and upgradation of 2 lane with paved shoulder from existing km. 195.175 to km. 220.00 (morth) (n24000782),3-2018,(n.a.) {},460.73 (n.a.) {461.00},0.00,-
1538,construction of 4.5 km long silkyara tunnel between km 25.40 to 50.25 km (tunnel work) (nhidcl) (n24000855),3-2018,7/2022 (n.a.) {9/2026},1,383.78 (n.a.) {1,383.78},714.33,64.27
1539,reconstruction with geometric improvment of existing intermediate lane to 2 lane with paved shoulder (morth) (n24001130),8-2016,12/2017 (n.a.) {12/2017},234.88 (n.a.) {234.88},237.19,100.00
1540,construction of atc tower and technical block at nscbi airport kolkata (aai) (n04000080),1-2016,3/2020 (dec-2023) {12/2023},458.00 (n.a.) {458.00},251.64,100.00
1541,airside capacity enhancement of nsbi airport, kolkata (aai) (n04000081),1-2019,11/2021 (may-2023) {5/2023},389.71 (397.00) {397.00},396.61,100.00
1542,nscbi airport kolkata: re- construction of rigid positions of secondary runway, 'k' and 'a' taxiway (aai) (n04000109),4-2023,10/2025 (n.a.) {10/2025},328.30 (n.a.) {328.30},91.70,42.50
1543,bagdogra airport: development of new civil enclave at bagdogra airport. sub-head : construction of n (aai) (n04000115),8-2024,3/2027 (n.a.) {3/2027},1,549.00 (n.a.) {1,549.00},239.75,9.62
1544,raniganj master plan (ecl) (n06000163),8-2009,8/2019 (n.a.) {8/2019},2,661.73 (n.a.) {5,146.48},787.60,42.00
1545,siduli mine (oc and ug) (ecl) (n06000165),5-2018,3/2027 (n.a.) {3/2027},535.18 (n.a.) {535.17},5.00,14.00
1546,nakrakonda kumardih b ocp (ecl) (n06000170),8-2018,3/2029 (n.a.) {3/2029},502.68 (n.a.) {502.67},71.07,25.51
1547,shyamsundarpur ug including sapi unit (ecl) (n06000191),4-2020,3/2026 (mar-2026) {3/2026},483.65 (n.a.) {483.65},55.53,12.09
1548,2.0 mtpa bhojudih nlw washery (bccl) (n06000195),12-2015,9/2020 (n.a.) {7/2025},384.57 (n.a.) {384.57},351.16,97.00
1549,sonepur bazari expansion oc (ecl) (n06000220),7-2021,3/2029 (n.a.) {3/2029},5,365.88 (5,366.00) {5,365.88},562.41,17.38
1550,expansion pr of jhanjra ug (5.00 mty) (ecl) (n06000223),4-2020,3/2029 (n.a.) {3/2029},1,210.12 (n.a.) {1,210.12},495.37,40.00
1551,mohanpur expansion oc phase ii (ecl) (n06000236),11-2020,3/2026 (n.a.) {3/2026},888.99 (n.a.) {888.99},89.54,30.25
1552,bonjemehari expansion ocp (ecl) (n06000244),8-2021,3/2026 (mar-2026) {3/2026},570.12 (n.a.) {570.11},81.58,16.00
1553,itapara oc (ecl) (n06000272),12-2023,3/2030 (n.a.) {3/2030},929.10 (n.a.) {929.10},65.03,6.80
1554,uce of tilaboni ug (ecl) (n06000276),1-2023,3/2029 (n.a.) {3/2029},749.07 (n.a.) {749.07},52.09,10.30
1555,uce of parasea belbaid reorganisation ug (ecl) (n06000277),1-2023,3/2029 (mar-2028) {3/2028},389.10 (n.a.) {389.10},131.42,16.41
1556,parascole jambad ocp (ecl) (n06000281),11-2024,3/2037 (n.a.) {3/2037},1,193.55 (n.a.) {1,193.55},6.04,0.01
1557,construction of two nos girls hostels and one no boys hostel of 500 capacity each g plus 8 storeyed (cpwd education) (n28000146),3-2020,6/2020 (n.a.) {3/2024},193.83 (n.a.) {193.83},187.65,99.00
1558,construction of basementg floor10 stories building for the state of the art, dg, gsi at sector-v, sa (cpwd) (n10000015),4-2019,4/2022 (n.a.) {8/2026},255.37 (n.a.) {255.37},74.13,40.00
1559,durgapur-haldia pipeline project (gail) (n16000275),3-2017,12/2020 (dec-2025) {12/2025},1,740.00 (2,433.15) {2,433.15},2,193.80,90.00
1560,haldia panagarh pipeline project (hpcl) (n16000478),11-2022,11/2025 (n.a.) {11/2025},1,010.00 (n.a.) {1,010.00},573.18,80.09
1561,cgd project at east mednipore, west mednipore and jhargram districts (iocl) (n16000491),3-2022,3/2030 (n.a.) {6/2031},609.00 (n.a.) {609.00},56.00,2.10
1562,cgd project in west bengal 11th round (hpcl) (n16000498),6-2022,6/2030 (n.a.) {6/2030},2,628.00 (n.a.) {2,628.00},320.83,24.10
1563,city gas distribution projects at alipurduar and cooch behar (bpcl) (n16000522),12-2022,3/2030 (n.a.) {3/2030},1,017.00 (n.a.) {1,017.00},168.34,31.90
1564,rammam-iii hepp (3x40 mw) (ntpc) (n18000178),9-2014,9/2019 (dec-2024) {3/2029},1,381.84 (n.a.) {1,803.00},1,302.76,43.68
1565,tarakeswar - bishnupur new bg line (nl), er (er) (220100272),4-2000,3/2019 (feb-2026) {2/2026},1,188.91 (n.a.) {2,582.49},1,283.98,75.00
1566,new work for construction of metro railway from noapara- barasai via bimanbander (mtp) (komrcl) (n22000108),4-2010,8/2026 (n.a.) {3/2016},4,829.60 (n.a.) {2,397.72},197.20,17.00
1567,new work for construction of metro railway from baranagar to barrackpore and dakshineshwar (mtp) (rvnl) (n22000109),4-2010,12/2026 (n.a.) {12/2025},2,298.42 (n.a.) {2,733.86},392.98,-
1568,new work for construction of metro railway from nscb airport to new garia via rajarhat (mtp) (rvnl) (n22000110),4-2010,12/2025 (n.a.) {3/2026},8,964.35 (n.a.) {8,964.35},7,387.40,-
1569,new work for construction of metro railway from joka to binoy badal dinesh bagh. (rvnl) (n22000111),4-2010,12/2026 (n.a.) {12/2026},4,834.54 (n.a.) {4,834.54},3,918.86,-
1570,purulia to kotshila doubling (39.1 km) (ser) (n22000510),4-2018,12/2024 (n.a.) {3/2025},393.83 (n.a.) {393.83},319.21,100.00
1571,nahati - ranaghat 3rd line (mm of kalinarayanpur - krishnanagar) (er) (n22000624),7-2015,3/2025 (n.a.) {3/2026},1,000.00 (n.a.) {283.54},171.63,44.00
1572,east west metro corridor kolkata (komrcl) (n22000628),2-2009,9/2016 (n.a.) {9/2016},4,874.58 (8,575.00) {10,442.41},0.00,-
1573,kalipahari - bakhtarnagar 5th line (17.61 km) (er) (n22000630),4-2024,6/2027 (n.a.) {6/2027},350.46 (n.a.) {350.46},0.00,-
1574,sitarampur bye - pass line (6.59 km) (er) (n22000631),2-2023,3/2027 (n.a.) {3/2027},461.64 (n.a.) {461.64},26.87,-
1575,murarai - barharwa 3rd line (48.90 km) (er) (n22000632),5-2025,5/2028 (n.a.) {5/2028},935.19 (n.a.) {935.19},0.00,-
1576,six lane of palsit to dankuni section from 588.870 to km. 652.700 (nhai) (n24001747),3-2020,9/2024 (n.a.) {9/2024},2,193.23 (2,314.00) {2,314.00},2,085.00,97.04
1577,six laning of national corridor nh19 from panagarh to palsit in the state of west bengal under bhara (nhai) (n24001748),3-2021,9/2024 (n.a.) {12/2025},2,200.93 (n.a.) {2,622.05},2,622.05,97.60
1578,four laning of puruliya bypass section of nh 32 in the state of west bengal on epc mode (nhai) (n24001749),8-2021,8/2023 (n.a.) {9/2025},557.55 (n.a.) {567.31},473.26,91.41
1579,construction of new 4 lane bridge over river ganga at downstream of farakka barrage including approa (nhai) (n24001750),8-2018,12/2021 (n.a.) {8/2025},622.04 (n.a.) {622.04},579.31,91.64
1580,development to 4/6-lanning of nh- 31 (new nh-10) with both side service roads from km 569.258 to km 5 (morth) (n24001850),3-2022,9/2025 (sep-2025) {9/2025},995.04 (995.04) {995.04},422.06,51.21
1581,construction or 4 lane raniganj bypass of length 5 261 km on nh 60 new nh 14 from km 273 00 of nh (morth) (n24002184),3-2023,3/2026 (mar-2026) {3/2026},410.83 (n.a.) {410.83},164.34,37.50
1582,construction of rob and its approaches in lieu of level crossing no 10 b t at km 307 050 of nh 60 b (morth) (n24002191),3-2016,8/2025 (n.a.) {8/2025},155.87 (n.a.) {155.87},21.68,10.61
1583,4 laning of nh-31d from ghoshpukur - salsalabari ( km 0.00 to km . 83.785) (nhai) (n24000463),12-2015,6/2018 (may-2024) {8/2023},1,083.00 (1,414.01) {1,414.01},1,080.05,100.00
1584,six-laning of barwa adda- panagarh (nhai) (n24000515),4-2014,9/2016 (n.a.) {5/2025},1,665.00 (n.a.) {4,980.13},4,980.13,100.00
1585,rehabilitation and up gradation of existing road to 2-lane with paved shoulder configuration in puru (nhai) (n24000788),3-2018,9/2022 (dec-2022) {12/2025},841.57 (708.30) {708.30},12,485.63,96.49
1586,construction of new road at the missing link portion of nh-81 along the approved alignment between h (morth) (n24000874),3-2016,11/2018 (dec-2023) {9/2025},271.17 (291.20) {291.20},199.72,82.56
1587,upgradation of nh-81 with a minimum of 2-lane with paved shoulder configuration starting from km 19. (morth) (n24000880),2-2018,9/2020 (jan-2024) {2/2025},426.18 (426.18) {426.18},364.92,100.00
1588,rebuilding of coke oven battery no.4 of durgapur steel plant (sail) (n12000132),11-2023,12/2026 (n.a.) {12/2026},916.78 (n.a.) {916.78},110.08,10.98
1589,installation of new bar mill at durgapur steel plant (sail) (n12000138),9-2024,6/2027 (n.a.) {6/2027},2,115.44 (n.a.) {2,115.44},100.12,19.97
1590,up-gradation of blast furnace no. 3 at durgapur steel plant (sail) (n12000139),9-2024,6/2026 (n.a.) {6/2026},758.09 (n.a.) {758.09},35.34,2.50
1591,revamping of air pollution control systems of sp-1 at durgapur steel plant (sail) (n12000140),11-2024,5/2026 (n.a.) {5/2026},196.40 (n.a.) {196.40},0.19,1.00
1592,third ladle furnace in secondary refinery unit at iisco steel plant (sail) (n12000141),11-2024,7/2026 (n.a.) {7/2026},227.96 (n.a.) {227.96},2.61,29.00
1593,interception and diversion with stp at maheshtala (kmda) (n30000032),5-2018,2/2022 (n.a.) {8/2025},198.43 (224.69) {286.97},77.79,98.00
1594,interception diversion treatment works at tollys nullah adi ganga (kmda) (n30000034),8-2017,9/2022 (jan-2023) {12/2026},307.12 (n.a.) {653.67},0.00,-
1595,interception and diversion with stp at hughly-chinsurah (kmda) (n30000042),5-2018,2/2022 (sep-2020) {3/2025},160.00 (154.73) {154.73},93.32,92.00
